key,fare_amount
2015-01-27 13:08:24.0000002,11.342588
2015-01-27 13:08:24.0000003,11.342659
2011-10-08 11:53:44.0000002,11.341404
2012-12-01 21:12:12.0000002,11.342337
2012-12-01 21:12:12.0000003,11.344716
2012-12-01 21:12:12.0000005,11.343213
2011-10-06 12:10:20.0000001,11.34162
2011-10-06 12:10:20.0000003,11.355938
2011-10-06 12:10:20.0000002,11.343665
2014-02-18 15:22:20.0000002,11.341738
2014-02-18 15:22:20.0000003,11.342585
2014-02-18 15:22:20.0000001,11.344322
2010-03-29 20:20:32.0000002,11.341476
2010-03-29 20:20:32.0000001,11.342138
2011-10-06 03:59:12.0000002,11.342713
2011-10-06 03:59:12.0000001,11.344527
2012-07-15 16:45:04.0000006,11.341182
2012-07-15 16:45:04.0000002,11.342732
2012-07-15 16:45:04.0000003,11.3415165
2012-07-15 16:45:04.0000004,11.341271
2014-10-29 02:09:56.0000001,11.342122
2014-06-14 13:39:00.00000010,11.342342
2014-06-14 13:39:00.00000060,11.341881
2014-06-14 13:39:00.00000087,11.342295
2014-06-14 13:39:00.00000050,11.344989
2014-06-14 13:39:00.0000003,11.341753
2014-06-14 13:39:00.000000158,11.350914
2014-06-14 13:39:00.00000015,11.347524
2014-06-14 13:39:00.00000073,11.341769
2014-06-14 13:39:00.00000077,11.344236
2014-06-14 13:39:00.000000145,11.342989
2014-06-14 13:39:00.00000079,11.341795
2014-06-14 13:39:00.000000121,11.341719
2014-06-14 13:39:00.00000021,11.342971
2014-06-14 13:39:00.0000005,11.342401
2014-06-14 13:39:00.000000165,11.34206
2014-06-14 13:39:00.000000184,11.341769
2014-06-14 13:39:00.00000059,11.341663
2014-06-14 13:39:00.00000070,11.342064
2014-06-14 13:39:00.00000068,11.341472
2014-06-14 13:39:00.000000133,11.3458805
2014-06-14 13:39:00.000000128,11.342766
2014-06-14 13:39:00.000000136,11.34532
2014-06-14 13:39:00.00000017,11.34262
2014-06-14 13:39:00.000000111,11.341382
2014-06-14 13:39:00.000000115,11.343114
2014-06-14 13:39:00.000000168,11.341587
2014-06-14 13:39:00.00000031,11.341823
2014-06-14 13:39:00.000000116,11.341702
2014-06-14 13:39:00.00000051,11.341458
2014-06-14 13:39:00.000000193,11.34307
2014-06-14 13:39:00.000000132,11.343332
2014-06-14 13:39:00.000000167,11.345241
2014-06-14 13:39:00.00000044,11.3417425
2014-06-14 13:39:00.000000138,11.341904
2014-06-14 13:39:00.00000066,11.344325
2014-06-14 13:39:00.00000063,11.343495
2014-06-14 13:39:00.000000154,11.342666
2014-06-14 13:39:00.00000097,11.343615
2014-06-14 13:39:00.00000067,11.343664
2014-06-14 13:39:00.000000179,11.341922
2014-06-14 13:39:00.00000092,11.342789
2014-06-14 13:39:00.00000029,11.341509
2014-06-14 13:39:00.000000177,11.341554
2014-06-14 13:39:00.000000192,11.34204
2014-06-14 13:39:00.000000181,11.341914
2014-06-14 13:39:00.000000120,11.342837
2014-06-14 13:39:00.0000008,11.341672
2014-06-14 13:39:00.000000103,11.341361
2014-06-14 13:39:00.00000049,11.344809
2014-06-14 13:39:00.000000108,11.34183
2014-06-14 13:39:00.00000072,11.341415
2014-06-14 13:39:00.000000182,11.342992
2014-06-14 13:39:00.00000061,11.341926
2014-06-14 13:39:00.00000093,11.342693
2014-06-14 13:39:00.000000170,11.343005
2014-06-14 13:39:00.000000147,11.352126
2014-06-14 13:39:00.000000140,11.341193
2014-06-14 13:39:00.000000159,11.341289
2014-06-14 13:39:00.00000012,11.341518
2014-06-14 13:39:00.00000025,11.341741
2014-06-14 13:39:00.000000156,11.3417225
2014-06-14 13:39:00.000000152,11.342036
2014-06-14 13:39:00.000000129,11.34269
2014-06-14 13:39:00.000000119,11.345145
2014-06-14 13:39:00.000000118,11.341852
2014-06-14 13:39:00.00000076,11.341293
2014-06-14 13:39:00.000000135,11.341947
2014-06-14 13:39:00.00000023,11.344552
2014-06-14 13:39:00.00000082,11.342733
2014-06-14 13:39:00.000000125,11.342813
2014-06-14 13:39:00.00000075,11.342369
2014-06-14 13:39:00.000000124,11.341829
2014-06-14 13:39:00.000000172,11.341815
2014-06-14 13:39:00.00000024,11.343868
2014-06-14 13:39:00.000000169,11.343974
2014-06-14 13:39:00.00000052,11.343043
2014-06-14 13:39:00.000000161,11.343707
2014-06-14 13:39:00.00000038,11.341942
2014-06-14 13:39:00.00000035,11.34281
2014-06-14 13:39:00.00000053,11.34292
2014-06-14 13:39:00.000000183,11.341832
2014-06-14 13:39:00.000000131,11.355425
2014-06-14 13:39:00.000000180,11.341843
2014-06-14 13:39:00.000000130,11.340992
2014-06-14 13:39:00.00000032,11.341376
2014-06-14 13:39:00.000000148,11.343107
2014-06-14 13:39:00.0000007,11.342688
2014-06-14 13:39:00.00000095,11.343107
2014-06-14 13:39:00.000000144,11.347613
2014-06-14 13:39:00.000000141,11.348597
2014-06-14 13:39:00.000000162,11.345305
2014-06-14 13:39:00.00000018,11.342914
2014-06-14 13:39:00.00000054,11.342626
2014-06-14 13:39:00.00000040,11.341779
2014-06-14 13:39:00.00000096,11.3421955
2014-06-14 13:39:00.00000055,11.346749
2014-06-14 13:39:00.000000109,11.342992
2014-06-14 13:39:00.000000151,11.34196
2014-06-14 13:39:00.00000016,11.342804
2014-06-14 13:39:00.00000062,11.342797
2014-06-14 13:39:00.000000191,11.340974
2014-06-14 13:39:00.00000034,11.342403
2014-06-14 13:39:00.000000160,11.341666
2014-06-14 13:39:00.00000013,11.341919
2014-06-14 13:39:00.000000188,11.341398
2014-06-14 13:39:00.00000086,11.342078
2014-06-14 13:39:00.000000185,11.343155
2014-06-14 13:39:00.00000074,11.342143
2014-06-14 13:39:00.00000022,11.344944
2014-06-14 13:39:00.00000036,11.34164
2014-06-14 13:39:00.000000126,11.341203
2014-06-14 13:39:00.000000190,11.342018
2014-06-14 13:39:00.00000042,11.34187
2014-06-14 13:39:00.000000178,11.34193
2014-06-14 13:39:00.000000163,11.341381
2014-06-14 13:39:00.00000020,11.343319
2014-06-14 13:39:00.00000098,11.341631
2014-06-14 13:39:00.000000114,11.345959
2014-06-14 13:39:00.00000045,11.342303
2014-06-14 13:39:00.00000094,11.341401
2014-06-14 13:39:00.000000146,11.342517
2014-06-14 13:39:00.00000033,11.342359
2014-06-14 13:39:00.000000143,11.341551
2014-06-14 13:39:00.000000107,11.3417635
2014-06-14 13:39:00.00000048,11.342593
2014-06-14 13:39:00.00000043,11.342844
2014-06-14 13:39:00.000000123,11.342589
2014-06-14 13:39:00.000000134,11.342394
2014-06-14 13:39:00.000000142,11.341654
2014-06-14 13:39:00.000000122,11.343023
2014-06-14 13:39:00.000000176,11.342532
2011-12-12 09:42:12.0000004,11.341809
2011-12-12 09:42:12.0000002,11.341495
2011-12-12 09:42:12.0000001,11.343741
2011-12-12 09:42:12.0000003,11.342329
2011-12-12 09:42:12.0000005,11.342332
2013-06-27 00:20:40.0000001,11.346472
2013-06-27 00:20:40.0000003,11.343338
2009-02-20 13:34:16.0000001,11.342704
2009-02-20 13:34:16.0000002,11.344096
2009-02-20 13:34:16.0000003,11.341957
2010-08-22 21:14:08.0000001,11.347842
2010-08-22 21:14:08.0000005,11.345485
2010-08-22 21:14:08.0000003,11.34143
2010-08-22 21:14:08.0000002,11.342874
2012-08-06 08:58:08.0000002,11.341176
2012-08-06 08:58:08.0000001,11.345166
2013-11-04 08:34:12.0000003,11.341644
2013-11-04 08:34:12.0000001,11.342732
2013-11-04 08:34:12.0000002,11.342638
2011-06-24 20:34:48.0000002,11.342686
2011-06-24 20:34:48.0000001,11.347033
2011-03-28 20:38:36.0000003,11.342067
2011-03-28 20:38:36.0000004,11.34117
2011-03-28 20:38:36.0000002,11.342803
2011-08-14 20:36:28.0000004,11.342007
2011-08-14 20:36:28.0000001,11.342342
2011-08-14 20:36:28.0000003,11.347023
2011-08-14 20:36:28.0000002,11.342425
2015-02-21 15:52:44.0000004,11.345182
2015-02-21 15:52:44.0000003,11.342391
2015-02-21 15:52:44.0000002,11.344664
2015-02-21 15:52:44.0000001,11.342451
2013-01-29 11:29:52.0000001,11.342691
2014-09-12 19:03:48.0000001,11.342482
2013-11-09 18:52:40.0000004,11.342198
2013-11-09 18:52:40.0000002,11.343287
2013-04-25 16:10:04.0000001,11.35502
2013-04-25 16:10:04.0000002,11.3419285
2013-09-07 14:37:52.0000001,11.342359
2013-09-07 14:37:52.0000002,11.342365
2013-09-07 14:37:52.0000003,11.34161
2011-05-21 13:16:20.0000004,11.341812
2011-05-21 13:16:20.0000001,11.341872
2011-05-21 13:16:20.0000003,11.342853
2011-11-25 16:36:24.0000002,11.341935
2011-11-25 16:36:24.0000001,11.343638
2015-01-31 20:54:04.0000001,11.341624
2010-11-01 23:31:28.0000002,11.342429
2010-11-01 23:31:28.0000001,11.343117
2010-11-01 23:31:28.0000003,11.343317
2011-03-24 15:57:04.0000003,11.341182
2011-03-24 15:57:04.0000001,11.342247
2010-05-10 10:37:04.0000005,11.341834
2010-05-10 10:37:04.0000002,11.341574
2010-05-10 10:37:04.0000003,11.342667
2010-05-10 10:37:04.0000006,11.342971
2012-06-09 16:53:44.0000002,11.342278
2012-08-22 22:39:20.0000003,11.345806
2012-08-22 22:39:20.0000001,11.341784
2012-12-23 02:29:16.0000001,11.344469
2012-06-30 15:55:12.0000004,11.343786
2012-06-30 15:55:12.0000002,11.342163
2012-06-30 15:55:12.0000003,11.343803
2012-06-30 15:55:12.0000001,11.341995
2011-10-02 23:36:00.00000056,11.344593
2011-10-02 23:36:00.00000086,11.345046
2011-10-02 23:36:00.00000081,11.344802
2011-10-02 23:36:00.0000009,11.341281
2011-10-02 23:36:00.00000041,11.344095
2011-10-02 23:36:00.00000091,11.341305
2011-10-02 23:36:00.0000008,11.344293
2011-10-02 23:36:00.00000015,11.348519
2011-10-02 23:36:00.00000014,11.343458
2011-10-02 23:36:00.00000047,11.342206
2011-10-02 23:36:00.00000076,11.342226
2011-10-02 23:36:00.00000011,11.34267
2011-10-02 23:36:00.00000075,11.341823
2011-10-02 23:36:00.00000035,11.342144
2011-10-02 23:36:00.00000099,11.341799
2011-10-02 23:36:00.00000062,11.343048
2011-10-02 23:36:00.00000085,11.342682
2011-10-02 23:36:00.00000043,11.347369
2011-10-02 23:36:00.00000071,11.343585
2011-10-02 23:36:00.00000023,11.342092
2011-10-02 23:36:00.00000092,11.341746
2011-10-02 23:36:00.00000037,11.343175
2011-10-02 23:36:00.00000083,11.342927
2011-10-02 23:36:00.00000054,11.343993
2011-10-02 23:36:00.00000073,11.343553
2011-10-02 23:36:00.0000005,11.342351
2011-10-02 23:36:00.00000095,11.3417425
2011-10-02 23:36:00.00000088,11.342127
2011-10-02 23:36:00.00000030,11.342886
2011-10-02 23:36:00.0000007,11.344739
2011-10-02 23:36:00.00000013,11.343429
2011-10-02 23:36:00.00000065,11.347822
2011-10-02 23:36:00.00000089,11.356497
2011-10-02 23:36:00.00000096,11.34272
2011-10-02 23:36:00.00000039,11.342929
2011-10-02 23:36:00.00000038,11.34708
2011-10-02 23:36:00.00000067,11.346672
2011-10-02 23:36:00.00000077,11.343189
2011-10-02 23:36:00.00000020,11.345888
2011-10-02 23:36:00.00000063,11.346215
2011-10-02 23:36:00.00000012,11.342728
2011-10-02 23:36:00.00000058,11.34528
2011-10-02 23:36:00.00000026,11.343203
2011-10-02 23:36:00.00000074,11.346823
2011-10-02 23:36:00.00000059,11.343113
2011-10-02 23:36:00.00000090,11.344336
2011-10-02 23:36:00.0000004,11.350433
2011-10-02 23:36:00.0000003,11.344518
2011-10-02 23:36:00.00000021,11.345745
2011-10-02 23:36:00.00000097,11.342395
2011-10-02 23:36:00.00000036,11.3453
2011-10-02 23:36:00.00000024,11.346884
2011-10-02 23:36:00.00000082,11.354861
2011-10-02 23:36:00.000000100,11.343015
2011-10-02 23:36:00.00000040,11.341185
2011-10-02 23:36:00.00000022,11.341475
2013-03-21 12:47:28.0000006,11.343275
2013-03-21 12:47:28.0000008,11.342713
2013-03-21 12:47:28.0000003,11.343359
2013-03-21 12:47:28.0000005,11.341934
2013-03-21 12:47:28.0000002,11.34197
2013-06-07 03:02:56.0000002,11.345152
2013-06-07 03:02:56.0000001,11.3422
2010-09-05 22:31:32.0000002,11.340974
2013-07-12 23:33:24.0000001,11.3426
2009-12-03 02:32:08.0000001,11.346755
2009-10-15 03:50:36.0000001,11.341839
2011-09-25 22:36:32.0000002,11.347095
2011-09-25 22:36:32.0000001,11.343445
2015-06-08 20:02:56.0000001,11.34276
2014-07-16 08:03:32.0000002,11.342912
2014-07-16 08:03:32.0000001,11.343655
2011-12-15 13:14:32.0000002,11.342618
2011-12-15 13:14:32.0000001,11.341611
2011-10-11 22:13:48.0000002,11.345182
2011-10-11 22:13:48.0000005,11.342983
2011-10-11 22:13:48.0000003,11.342467
2013-09-14 16:53:20.0000001,11.342725
2013-09-14 16:53:20.0000002,11.342848
2014-02-06 09:09:56.0000004,11.341642
2014-02-06 09:09:56.0000003,11.341713
2014-02-06 09:09:56.0000001,11.341505
2009-06-10 16:55:00.00000081,11.349129
2009-06-10 16:55:00.00000029,11.341504
2009-06-10 16:55:00.000000109,11.342484
2009-06-10 16:55:00.00000098,11.354656
2009-06-10 16:55:00.00000054,11.343441
2009-06-10 16:55:00.00000021,11.349895
2009-06-10 16:55:00.00000012,11.342257
2009-06-10 16:55:00.00000033,11.341116
2009-06-10 16:55:00.00000024,11.342888
2009-06-10 16:55:00.00000099,11.343191
2009-06-10 16:55:00.0000009,11.342072
2009-06-10 16:55:00.000000158,11.341166
2009-06-10 16:55:00.000000141,11.341406
2009-06-10 16:55:00.00000093,11.342192
2009-06-10 16:55:00.000000161,11.343068
2009-06-10 16:55:00.00000088,11.341602
2009-06-10 16:55:00.0000003,11.34244
2009-06-10 16:55:00.00000018,11.3416195
2009-06-10 16:55:00.00000047,11.342202
2009-06-10 16:55:00.000000154,11.342984
2009-06-10 16:55:00.000000131,11.340974
2009-06-10 16:55:00.00000046,11.34383
2009-06-10 16:55:00.0000004,11.341846
2009-06-10 16:55:00.000000107,11.341072
2009-06-10 16:55:00.000000114,11.342272
2009-06-10 16:55:00.000000117,11.342521
2009-06-10 16:55:00.000000162,11.343125
2009-06-10 16:55:00.00000049,11.343598
2009-06-10 16:55:00.00000069,11.3426485
2009-06-10 16:55:00.000000111,11.342383
2009-06-10 16:55:00.00000083,11.341499
2009-06-10 16:55:00.000000166,11.35153
2009-06-10 16:55:00.000000135,11.342959
2009-06-10 16:55:00.00000044,11.347894
2009-06-10 16:55:00.00000085,11.342253
2009-06-10 16:55:00.000000115,11.341759
2009-06-10 16:55:00.000000108,11.341911
2009-06-10 16:55:00.00000034,11.341951
2009-06-10 16:55:00.00000060,11.344262
2009-06-10 16:55:00.000000120,11.3418045
2009-06-10 16:55:00.000000174,11.347459
2009-06-10 16:55:00.0000007,11.342231
2009-06-10 16:55:00.000000159,11.342557
2009-06-10 16:55:00.000000171,11.345418
2009-06-10 16:55:00.000000145,11.343316
2009-06-10 16:55:00.00000074,11.342363
2009-06-10 16:55:00.000000138,11.343557
2009-06-10 16:55:00.00000048,11.34169
2009-06-10 16:55:00.000000101,11.341607
2009-06-10 16:55:00.000000153,11.341579
2009-06-10 16:55:00.0000002,11.341181
2009-06-10 16:55:00.00000037,11.342605
2009-06-10 16:55:00.000000151,11.34284
2009-06-10 16:55:00.000000127,11.346687
2009-06-10 16:55:00.000000144,11.340977
2009-06-10 16:55:00.000000165,11.344023
2009-06-10 16:55:00.0000008,11.341506
2009-06-10 16:55:00.000000122,11.342425
2009-06-10 16:55:00.00000055,11.347056
2009-06-10 16:55:00.00000079,11.341568
2009-06-10 16:55:00.00000016,11.345265
2009-06-10 16:55:00.000000160,11.346148
2009-06-10 16:55:00.000000139,11.341272
2009-06-10 16:55:00.00000075,11.341713
2009-06-10 16:55:00.00000017,11.342067
2009-06-10 16:55:00.00000070,11.341727
2009-06-10 16:55:00.000000118,11.343548
2009-06-10 16:55:00.00000066,11.343536
2009-06-10 16:55:00.000000164,11.34182
2009-06-10 16:55:00.000000100,11.343215
2009-06-10 16:55:00.00000082,11.342615
2009-06-10 16:55:00.00000090,11.344049
2009-06-10 16:55:00.000000125,11.343697
2009-06-10 16:55:00.000000149,11.342044
2009-06-10 16:55:00.00000068,11.343696
2009-06-10 16:55:00.00000039,11.34162
2009-06-10 16:55:00.000000124,11.341446
2009-06-10 16:55:00.00000053,11.341425
2009-06-10 16:55:00.00000045,11.342323
2009-06-10 16:55:00.000000102,11.34185
2009-06-10 16:55:00.000000140,11.341988
2009-06-10 16:55:00.000000148,11.342152
2009-06-10 16:55:00.000000147,11.341749
2009-06-10 16:55:00.00000097,11.34215
2009-06-10 16:55:00.00000094,11.342237
2009-06-10 16:55:00.00000078,11.342627
2009-06-10 16:55:00.00000035,11.341827
2009-06-10 16:55:00.00000072,11.342367
2009-06-10 16:55:00.00000031,11.3417
2009-06-10 16:55:00.00000056,11.34213
2009-06-10 16:55:00.000000128,11.345864
2009-06-10 16:55:00.00000057,11.341915
2009-06-10 16:55:00.00000030,11.342389
2009-06-10 16:55:00.00000043,11.343293
2009-06-10 16:55:00.000000146,11.342504
2009-06-10 16:55:00.00000010,11.3422785
2009-06-10 16:55:00.00000067,11.343103
2009-06-10 16:55:00.000000119,11.341727
2009-06-10 16:55:00.00000076,11.345081
2009-06-10 16:55:00.00000025,11.342172
2009-06-10 16:55:00.00000071,11.345795
2009-06-10 16:55:00.000000143,11.342585
2013-06-26 11:19:36.0000002,11.341382
2014-09-05 10:02:48.0000004,11.341349
2014-09-05 10:02:48.0000002,11.342134
2014-09-05 10:02:48.0000001,11.347507
2014-09-05 10:02:48.0000003,11.342273
2012-09-19 12:31:40.0000001,11.342467
2012-09-19 12:31:40.0000002,11.341847
2009-03-22 04:31:40.0000002,11.346437
2009-08-27 02:31:44.0000001,11.347584
2009-05-02 20:11:32.0000001,11.343407
2009-05-02 20:11:32.0000004,11.34286
2011-02-20 02:31:16.0000002,11.3425255
2011-02-20 02:31:16.0000001,11.347646
2011-06-24 12:03:00.00000010,11.341729
2011-06-24 12:03:00.00000067,11.343892
2011-06-24 12:03:00.00000071,11.343723
2011-06-24 12:03:00.000000100,11.341819
2011-06-24 12:03:00.000000145,11.340974
2011-06-24 12:03:00.000000152,11.342528
2011-06-24 12:03:00.00000026,11.343967
2011-06-24 12:03:00.000000199,11.341466
2011-06-24 12:03:00.000000195,11.341787
2011-06-24 12:03:00.000000119,11.341652
2011-06-24 12:03:00.00000086,11.340975
2011-06-24 12:03:00.00000012,11.342227
2011-06-24 12:03:00.00000097,11.345464
2011-06-24 12:03:00.00000058,11.341432
2011-06-24 12:03:00.000000176,11.341278
2011-06-24 12:03:00.000000139,11.341256
2011-06-24 12:03:00.00000048,11.342211
2011-06-24 12:03:00.000000159,11.342014
2011-06-24 12:03:00.00000079,11.341911
2011-06-24 12:03:00.000000138,11.342288
2011-06-24 12:03:00.000000135,11.343537
2011-06-24 12:03:00.000000173,11.340974
2011-06-24 12:03:00.000000162,11.34368
2011-06-24 12:03:00.00000018,11.3429165
2011-06-24 12:03:00.000000136,11.34179
2011-06-24 12:03:00.000000185,11.342343
2011-06-24 12:03:00.00000069,11.341927
2011-06-24 12:03:00.000000105,11.342123
2011-06-24 12:03:00.000000180,11.341809
2011-06-24 12:03:00.00000053,11.34295
2011-06-24 12:03:00.000000142,11.342121
2011-06-24 12:03:00.000000188,11.342993
2011-06-24 12:03:00.00000089,11.341225
2011-06-24 12:03:00.000000109,11.342098
2011-06-24 12:03:00.00000074,11.3419895
2011-06-24 12:03:00.000000113,11.343121
2011-06-24 12:03:00.00000044,11.341611
2011-06-24 12:03:00.000000183,11.341629
2011-06-24 12:03:00.00000047,11.340974
2011-06-24 12:03:00.0000006,11.342708
2011-06-24 12:03:00.0000005,11.342629
2011-06-24 12:03:00.000000200,11.342812
2011-06-24 12:03:00.000000127,11.342524
2011-06-24 12:03:00.000000120,11.343398
2011-06-24 12:03:00.000000133,11.341619
2011-06-24 12:03:00.00000073,11.341816
2011-06-24 12:03:00.000000101,11.341467
2011-06-24 12:03:00.000000187,11.343109
2011-06-24 12:03:00.000000122,11.342646
2011-06-24 12:03:00.000000175,11.342
2011-06-24 12:03:00.000000154,11.343313
2011-06-24 12:03:00.000000197,11.342535
2011-06-24 12:03:00.00000017,11.342526
2011-06-24 12:03:00.000000186,11.343023
2011-06-24 12:03:00.00000020,11.342697
2011-06-24 12:03:00.00000035,11.343331
2011-06-24 12:03:00.000000193,11.342535
2011-06-24 12:03:00.000000201,11.342211
2011-06-24 12:03:00.00000054,11.3462305
2011-06-24 12:03:00.00000075,11.342218
2011-06-24 12:03:00.000000114,11.34257
2011-06-24 12:03:00.00000062,11.346561
2011-06-24 12:03:00.00000055,11.348838
2011-06-24 12:03:00.00000025,11.341836
2011-06-24 12:03:00.00000022,11.341835
2011-06-24 12:03:00.000000144,11.34452
2011-06-24 12:03:00.000000177,11.341689
2011-06-24 12:03:00.000000124,11.341817
2011-06-24 12:03:00.00000094,11.341446
2011-06-24 12:03:00.00000041,11.341894
2011-06-24 12:03:00.000000141,11.341849
2011-06-24 12:03:00.00000092,11.342458
2011-06-24 12:03:00.000000189,11.346156
2011-06-24 12:03:00.000000171,11.343593
2011-06-24 12:03:00.000000157,11.341934
2011-06-24 12:03:00.000000179,11.342433
2011-06-24 12:03:00.000000107,11.343482
2011-06-24 12:03:00.00000095,11.345161
2011-06-24 12:03:00.00000076,11.340975
2011-06-24 12:03:00.000000156,11.342387
2011-06-24 12:03:00.000000111,11.347794
2011-06-24 12:03:00.000000116,11.34247
2011-06-24 12:03:00.00000033,11.3429785
2011-06-24 12:03:00.00000082,11.341247
2011-06-24 12:03:00.00000078,11.341941
2011-06-24 12:03:00.00000051,11.340975
2011-06-24 12:03:00.000000143,11.34332
2011-06-24 12:03:00.000000126,11.344168
2011-06-24 12:03:00.00000088,11.34282
2011-06-24 12:03:00.000000191,11.345792
2011-06-24 12:03:00.00000063,11.344186
2011-06-24 12:03:00.00000045,11.344992
2011-06-24 12:03:00.00000060,11.342138
2011-06-24 12:03:00.00000040,11.347915
2011-06-24 12:03:00.00000057,11.34266
2011-06-24 12:03:00.00000013,11.341602
2011-06-24 12:03:00.00000068,11.348415
2011-06-24 12:03:00.000000165,11.341336
2011-06-24 12:03:00.00000056,11.3416
2011-06-24 12:03:00.000000150,11.342323
2011-06-24 12:03:00.00000052,11.341526
2011-06-24 12:03:00.00000085,11.3546295
2011-06-24 12:03:00.000000190,11.342047
2011-06-24 12:03:00.00000072,11.34203
2011-06-24 12:03:00.000000137,11.341493
2011-06-24 12:03:00.000000102,11.341852
2011-06-24 12:03:00.000000106,11.342259
2011-06-24 12:03:00.000000118,11.341146
2011-06-24 12:03:00.00000046,11.344016
2011-06-24 12:03:00.000000110,11.343664
2011-06-24 12:03:00.000000181,11.34161
2011-06-24 12:03:00.000000194,11.34164
2011-06-24 12:03:00.00000061,11.340981
2011-06-24 12:03:00.0000001,11.34273
2011-06-24 12:03:00.00000087,11.342789
2011-06-24 12:03:00.00000066,11.341623
2011-06-24 12:03:00.000000146,11.34224
2011-06-24 12:03:00.000000149,11.3548565
2011-06-24 12:03:00.00000038,11.343242
2011-06-24 12:03:00.000000196,11.34222
2011-06-24 12:03:00.00000093,11.342197
2011-06-24 12:03:00.000000170,11.341665
2011-06-24 12:03:00.000000168,11.342675
2011-06-24 12:03:00.0000002,11.343951
2011-06-24 12:03:00.00000042,11.344132
2014-06-15 07:06:00.0000006,11.34136
2014-06-15 07:06:00.00000037,11.3424835
2014-06-15 07:06:00.00000025,11.341835
2014-06-15 07:06:00.0000008,11.343146
2014-06-15 07:06:00.00000036,11.351847
2014-06-15 07:06:00.00000042,11.345913
2014-06-15 07:06:00.00000033,11.341408
2014-06-15 07:06:00.00000013,11.340998
2014-06-15 07:06:00.00000035,11.355869
2014-06-15 07:06:00.00000030,11.343005
2014-06-15 07:06:00.00000024,11.342139
2014-06-15 07:06:00.00000031,11.343192
2014-06-15 07:06:00.0000009,11.344669
2014-06-15 07:06:00.00000039,11.355584
2014-06-15 07:06:00.00000010,11.34113
2014-06-15 07:06:00.00000019,11.344917
2014-06-15 07:06:00.00000041,11.34226
2014-06-15 07:06:00.00000028,11.344677
2014-06-15 07:06:00.00000014,11.354411
2014-06-15 07:06:00.0000003,11.344379
2014-06-15 07:06:00.00000017,11.355323
2014-06-15 07:06:00.00000015,11.345314
2014-06-15 07:06:00.00000026,11.341755
2014-06-15 07:06:00.0000002,11.3438835
2014-06-15 07:06:00.00000040,11.341663
2014-06-15 07:06:00.00000016,11.341692
2014-06-06 16:22:20.0000003,11.341343
2014-06-06 16:22:20.0000002,11.342041
2015-05-30 21:29:04.0000004,11.343717
2015-05-30 21:29:04.0000007,11.344362
2015-05-30 21:29:04.0000003,11.34309
2015-05-30 21:29:04.0000001,11.342061
2009-10-26 12:01:36.0000001,11.343139
2009-10-26 12:01:36.0000002,11.342323
2009-10-26 12:01:36.0000005,11.341853
2009-10-26 12:01:36.0000003,11.342001
2013-02-02 15:45:08.0000003,11.342085
2013-02-02 15:45:08.0000001,11.342935
2013-02-02 15:45:08.0000002,11.34254
2015-04-15 06:47:04.0000001,11.342559
2015-04-15 06:47:04.0000002,11.343501
2010-12-14 23:27:36.0000001,11.341855
2009-03-05 11:03:04.0000002,11.341435
2009-03-05 11:03:04.0000001,11.344026
2013-07-18 12:23:40.0000003,11.341534
2013-07-18 12:23:40.0000002,11.34128
2013-07-18 12:23:40.0000001,11.342174
2014-04-14 13:48:32.0000004,11.34263
2014-04-14 13:48:32.0000003,11.341215
2014-08-18 05:33:08.0000001,11.342646
2012-01-28 03:14:28.0000001,11.351758
2009-09-14 02:19:00.00000014,11.3439045
2009-09-14 02:19:00.00000035,11.343359
2009-09-14 02:19:00.00000040,11.342509
2009-09-14 02:19:00.00000031,11.341568
2009-09-14 02:19:00.0000003,11.3412485
2009-09-14 02:19:00.00000025,11.343044
2009-09-14 02:19:00.0000008,11.34264
2009-09-14 02:19:00.00000024,11.343495
2009-09-14 02:19:00.00000021,11.342315
2009-09-14 02:19:00.00000036,11.343749
2009-09-14 02:19:00.0000009,11.355826
2009-09-14 02:19:00.0000001,11.343036
2009-09-14 02:19:00.00000018,11.341498
2009-09-14 02:19:00.00000039,11.342277
2009-09-14 02:19:00.0000002,11.344308
2009-09-14 02:19:00.00000038,11.343467
2009-09-14 02:19:00.00000020,11.3459835
2009-09-14 02:19:00.00000028,11.342307
2009-09-14 02:19:00.00000026,11.346843
2009-09-14 02:19:00.00000017,11.342707
2009-09-14 02:19:00.00000030,11.342691
2009-09-14 02:19:00.00000016,11.341806
2009-09-14 02:19:00.0000006,11.342602
2009-09-14 02:19:00.0000007,11.343022
2011-08-14 14:17:28.0000003,11.34251
2011-08-14 14:17:28.0000001,11.341745
2011-08-14 14:17:28.0000004,11.342228
2011-08-14 14:17:28.0000002,11.341979
2011-08-14 14:17:28.0000005,11.344771
2014-03-17 16:07:56.0000002,11.355162
2010-11-03 21:09:56.0000002,11.34169
2010-11-03 21:09:56.0000001,11.343899
2012-12-11 23:37:08.0000002,11.342793
2012-12-11 23:37:08.0000005,11.342583
2012-12-11 23:37:08.0000004,11.342075
2012-12-11 23:37:08.0000006,11.342805
2012-12-11 23:37:08.0000003,11.341328
2012-12-11 23:37:08.0000001,11.345441
2015-06-24 14:19:52.0000001,11.342983
2015-06-24 14:19:52.0000002,11.356174
2015-06-24 14:19:52.0000004,11.341875
2010-08-21 22:21:32.0000004,11.344664
2011-02-19 10:20:28.0000003,11.341601
2011-02-19 10:20:28.0000002,11.344143
2011-02-19 10:20:28.0000001,11.342285
2011-02-19 10:20:28.0000004,11.34255
2011-10-02 22:31:44.0000004,11.343164
2011-10-02 22:31:44.0000002,11.346552
2011-10-02 22:31:44.0000003,11.346361
2012-01-26 11:17:36.0000002,11.341474
2012-05-06 23:37:24.0000002,11.348005
2012-05-06 23:37:24.0000001,11.347148
2013-06-12 20:03:36.0000001,11.342084
2013-06-12 20:03:36.0000002,11.354632
2015-02-27 14:15:52.0000003,11.354396
2013-12-21 17:20:32.0000001,11.342683
2009-06-29 08:09:40.0000002,11.343001
2009-06-29 08:09:40.0000001,11.344029
2014-09-14 17:22:12.0000002,11.342088
2014-09-14 17:22:12.0000001,11.342833
2014-09-14 17:22:12.0000003,11.344497
2014-09-14 17:22:12.0000005,11.34205
2014-08-20 14:37:56.0000001,11.343749
2011-07-20 16:34:48.0000001,11.341594
2011-07-20 16:34:48.0000003,11.341889
2009-10-05 10:11:32.0000001,11.342196
2009-10-05 10:11:32.0000002,11.344722
2011-02-16 08:44:04.0000001,11.344695
2011-02-16 08:44:04.0000007,11.342473
2011-02-16 08:44:04.0000004,11.342575
2011-02-16 08:44:04.0000003,11.341954
2011-02-16 08:44:04.0000002,11.341633
2011-02-16 08:44:04.0000006,11.345794
2011-02-16 08:44:04.0000005,11.342051
2009-01-01 11:04:24.0000002,11.341644
2014-04-28 19:46:36.0000003,11.342162
2012-11-11 20:35:40.0000001,11.352092
2012-11-11 20:35:40.0000002,11.340974
2011-06-01 07:37:00.000000171,11.343107
2011-06-01 07:37:00.000000199,11.342233
2011-06-01 07:37:00.00000032,11.34174
2011-06-01 07:37:00.000000175,11.342625
2011-06-01 07:37:00.00000095,11.341819
2011-06-01 07:37:00.000000106,11.341631
2011-06-01 07:37:00.00000090,11.343115
2011-06-01 07:37:00.000000169,11.344756
2011-06-01 07:37:00.0000007,11.341569
2011-06-01 07:37:00.000000151,11.344902
2011-06-01 07:37:00.000000101,11.341675
2011-06-01 07:37:00.00000099,11.343108
2011-06-01 07:37:00.00000084,11.341516
2011-06-01 07:37:00.00000083,11.341567
2011-06-01 07:37:00.00000043,11.342025
2011-06-01 07:37:00.00000029,11.341713
2011-06-01 07:37:00.000000132,11.346954
2011-06-01 07:37:00.000000208,11.342015
2011-06-01 07:37:00.000000221,11.341738
2011-06-01 07:37:00.000000131,11.34176
2011-06-01 07:37:00.000000220,11.342212
2011-06-01 07:37:00.000000207,11.342475
2011-06-01 07:37:00.000000205,11.341524
2011-06-01 07:37:00.000000180,11.342363
2011-06-01 07:37:00.000000103,11.34387
2011-06-01 07:37:00.00000098,11.346042
2011-06-01 07:37:00.000000189,11.342516
2011-06-01 07:37:00.000000165,11.341694
2011-06-01 07:37:00.000000184,11.352054
2011-06-01 07:37:00.00000092,11.341897
2011-06-01 07:37:00.00000020,11.343058
2011-06-01 07:37:00.000000105,11.342385
2011-06-01 07:37:00.00000088,11.343361
2011-06-01 07:37:00.000000122,11.342387
2011-06-01 07:37:00.000000219,11.344343
2011-06-01 07:37:00.000000222,11.342459
2011-06-01 07:37:00.00000049,11.34245
2011-06-01 07:37:00.000000114,11.341561
2011-06-01 07:37:00.000000181,11.341571
2011-06-01 07:37:00.000000144,11.358735
2011-06-01 07:37:00.000000155,11.342369
2011-06-01 07:37:00.000000118,11.342061
2011-06-01 07:37:00.000000142,11.341828
2011-06-01 07:37:00.000000223,11.342357
2011-06-01 07:37:00.00000057,11.342001
2011-06-01 07:37:00.000000168,11.341436
2011-06-01 07:37:00.000000226,11.342319
2011-06-01 07:37:00.000000177,11.344423
2011-06-01 07:37:00.000000185,11.349199
2011-06-01 07:37:00.000000178,11.344749
2011-06-01 07:37:00.000000140,11.34319
2011-06-01 07:37:00.000000141,11.343948
2011-06-01 07:37:00.00000045,11.342746
2011-06-01 07:37:00.00000086,11.342414
2011-06-01 07:37:00.000000145,11.342185
2011-06-01 07:37:00.00000037,11.34289
2011-06-01 07:37:00.00000094,11.342351
2011-06-01 07:37:00.00000082,11.341785
2011-06-01 07:37:00.000000179,11.342853
2011-06-01 07:37:00.000000197,11.3420725
2011-06-01 07:37:00.000000154,11.344728
2011-06-01 07:37:00.00000019,11.343305
2011-06-01 07:37:00.00000075,11.341816
2011-06-01 07:37:00.000000110,11.344533
2011-06-01 07:37:00.00000078,11.341713
2011-06-01 07:37:00.000000146,11.342338
2011-06-01 07:37:00.000000143,11.342955
2011-06-01 07:37:00.000000227,11.3446455
2011-06-01 07:37:00.00000070,11.341485
2011-06-01 07:37:00.000000176,11.342334
2011-06-01 07:37:00.000000217,11.342807
2011-06-01 07:37:00.00000026,11.342163
2011-06-01 07:37:00.000000209,11.342372
2011-06-01 07:37:00.000000183,11.343099
2011-06-01 07:37:00.000000210,11.341808
2011-06-01 07:37:00.00000060,11.343381
2011-06-01 07:37:00.000000174,11.3421755
2011-06-01 07:37:00.000000203,11.343546
2011-06-01 07:37:00.000000139,11.342381
2011-06-01 07:37:00.000000162,11.342678
2011-06-01 07:37:00.000000125,11.342582
2011-06-01 07:37:00.000000198,11.343036
2011-06-01 07:37:00.00000055,11.344296
2011-06-01 07:37:00.00000016,11.342426
2011-06-01 07:37:00.00000027,11.342707
2011-06-01 07:37:00.00000053,11.346719
2011-06-01 07:37:00.000000201,11.346841
2011-06-01 07:37:00.000000138,11.341705
2011-06-01 07:37:00.00000077,11.3413925
2011-06-01 07:37:00.00000022,11.34269
2011-06-01 07:37:00.000000182,11.343537
2011-06-01 07:37:00.000000163,11.342421
2011-06-01 07:37:00.000000204,11.343306
2011-06-01 07:37:00.000000137,11.34296
2011-06-01 07:37:00.000000152,11.342366
2011-06-01 07:37:00.00000048,11.342468
2011-06-01 07:37:00.00000025,11.342753
2011-06-01 07:37:00.000000100,11.345047
2011-06-01 07:37:00.00000015,11.341432
2011-06-01 07:37:00.00000097,11.345828
2011-06-01 07:37:00.000000127,11.343067
2011-06-01 07:37:00.000000170,11.341734
2011-06-01 07:37:00.00000091,11.3447695
2011-06-01 07:37:00.000000109,11.342704
2011-06-01 07:37:00.00000028,11.342922
2011-06-01 07:37:00.000000129,11.347501
2011-06-01 07:37:00.000000158,11.341405
2011-06-01 07:37:00.0000005,11.341596
2011-06-01 07:37:00.00000034,11.342734
2011-06-01 07:37:00.000000107,11.3426
2011-06-01 07:37:00.00000036,11.341817
2011-06-01 07:37:00.00000046,11.342773
2011-06-01 07:37:00.000000108,11.341524
2011-06-01 07:37:00.0000008,11.34257
2011-06-01 07:37:00.000000212,11.340974
2011-06-01 07:37:00.00000068,11.342695
2011-06-01 07:37:00.00000065,11.341899
2011-06-01 07:37:00.000000116,11.341465
2011-06-01 07:37:00.000000196,11.342402
2011-06-01 07:37:00.000000172,11.343285
2011-06-01 07:37:00.00000059,11.34465
2011-06-01 07:37:00.000000167,11.341377
2011-06-01 07:37:00.00000058,11.342457
2011-06-01 07:37:00.00000061,11.341493
2011-06-01 07:37:00.000000156,11.345175
2011-06-01 07:37:00.000000128,11.342844
2011-06-01 07:37:00.00000079,11.341679
2011-06-01 07:37:00.000000206,11.342596
2011-06-01 07:37:00.00000069,11.342177
2011-06-01 07:37:00.000000190,11.342107
2011-06-01 07:37:00.000000112,11.341629
2011-06-01 07:37:00.000000104,11.341762
2011-06-01 07:37:00.000000194,11.341636
2011-06-01 07:37:00.0000002,11.341783
2011-06-01 07:37:00.00000044,11.3418865
2011-06-01 07:37:00.00000010,11.342708
2011-06-01 07:37:00.000000157,11.346831
2011-06-01 07:37:00.000000147,11.342205
2011-06-01 07:37:00.000000120,11.341635
2011-06-01 07:37:00.000000149,11.343802
2011-06-01 07:37:00.000000119,11.342708
2011-06-01 07:37:00.00000023,11.341746
2011-06-01 07:37:00.00000017,11.343119
2011-06-01 07:37:00.00000038,11.345151
2011-06-01 07:37:00.000000113,11.342757
2011-06-01 07:37:00.000000211,11.342847
2011-06-01 07:37:00.00000051,11.342451
2011-06-01 07:37:00.00000054,11.342342
2011-06-01 07:37:00.000000186,11.3435545
2009-02-16 03:13:40.0000001,11.342956
2010-08-27 18:45:00.000000234,11.341135
2010-08-27 18:45:00.00000057,11.342034
2010-08-27 18:45:00.00000039,11.343903
2010-08-27 18:45:00.000000161,11.342263
2010-08-27 18:45:00.000000220,11.342737
2010-08-27 18:45:00.00000028,11.342919
2010-08-27 18:45:00.00000014,11.344203
2010-08-27 18:45:00.000000226,11.344421
2010-08-27 18:45:00.000000175,11.341889
2010-08-27 18:45:00.00000040,11.347174
2010-08-27 18:45:00.000000144,11.344934
2010-08-27 18:45:00.00000085,11.342899
2010-08-27 18:45:00.000000194,11.341065
2010-08-27 18:45:00.00000094,11.34243
2010-08-27 18:45:00.000000141,11.345185
2010-08-27 18:45:00.00000067,11.341373
2010-08-27 18:45:00.000000231,11.342071
2010-08-27 18:45:00.000000214,11.342809
2010-08-27 18:45:00.00000037,11.344884
2010-08-27 18:45:00.000000165,11.341747
2010-08-27 18:45:00.000000158,11.341517
2010-08-27 18:45:00.000000217,11.342261
2010-08-27 18:45:00.00000090,11.345119
2010-08-27 18:45:00.000000142,11.3425
2010-08-27 18:45:00.0000004,11.342385
2010-08-27 18:45:00.00000070,11.341497
2010-08-27 18:45:00.000000202,11.342391
2010-08-27 18:45:00.000000177,11.342261
2010-08-27 18:45:00.00000084,11.343987
2010-08-27 18:45:00.000000209,11.342994
2010-08-27 18:45:00.000000184,11.350573
2010-08-27 18:45:00.000000173,11.342328
2010-08-27 18:45:00.00000029,11.34133
2010-08-27 18:45:00.00000025,11.34176
2010-08-27 18:45:00.00000012,11.341493
2010-08-27 18:45:00.00000010,11.341285
2010-08-27 18:45:00.000000136,11.342526
2010-08-27 18:45:00.00000073,11.343482
2010-08-27 18:45:00.000000124,11.342072
2010-08-27 18:45:00.000000125,11.341781
2010-08-27 18:45:00.000000169,11.341497
2010-08-27 18:45:00.000000208,11.341216
2010-08-27 18:45:00.000000152,11.341955
2010-08-27 18:45:00.000000196,11.340974
2010-08-27 18:45:00.0000005,11.343831
2010-08-27 18:45:00.00000077,11.341715
2010-08-27 18:45:00.000000123,11.341917
2010-08-27 18:45:00.00000046,11.343129
2010-08-27 18:45:00.00000033,11.341897
2010-08-27 18:45:00.000000166,11.343448
2010-08-27 18:45:00.000000190,11.341804
2010-08-27 18:45:00.00000043,11.342302
2010-08-27 18:45:00.00000081,11.341746
2010-08-27 18:45:00.00000034,11.342846
2010-08-27 18:45:00.00000089,11.346074
2010-08-27 18:45:00.000000189,11.341634
2010-08-27 18:45:00.00000078,11.342281
2010-08-27 18:45:00.00000053,11.342951
2010-08-27 18:45:00.000000188,11.342213
2010-08-27 18:45:00.00000071,11.342355
2010-08-27 18:45:00.00000097,11.345459
2010-08-27 18:45:00.00000031,11.341969
2010-08-27 18:45:00.000000101,11.343876
2010-08-27 18:45:00.000000140,11.34177
2010-08-27 18:45:00.00000054,11.347123
2010-08-27 18:45:00.0000006,11.342903
2010-08-27 18:45:00.00000011,11.342212
2010-08-27 18:45:00.00000055,11.342075
2010-08-27 18:45:00.000000160,11.34339
2010-08-27 18:45:00.00000024,11.3434925
2010-08-27 18:45:00.000000106,11.341585
2010-08-27 18:45:00.000000131,11.341845
2010-08-27 18:45:00.00000087,11.344051
2010-08-27 18:45:00.000000110,11.343036
2010-08-27 18:45:00.000000197,11.343772
2010-08-27 18:45:00.00000066,11.342647
2010-08-27 18:45:00.000000205,11.343625
2010-08-27 18:45:00.00000086,11.341825
2010-08-27 18:45:00.000000207,11.342293
2010-08-27 18:45:00.00000068,11.344397
2010-08-27 18:45:00.00000050,11.341691
2010-08-27 18:45:00.00000045,11.341729
2010-08-27 18:45:00.00000093,11.341167
2010-08-27 18:45:00.00000061,11.3434925
2010-08-27 18:45:00.00000022,11.341524
2010-08-27 18:45:00.00000018,11.341655
2010-08-27 18:45:00.000000192,11.342853
2010-08-27 18:45:00.000000148,11.341427
2010-08-27 18:45:00.000000195,11.341714
2010-08-27 18:45:00.000000155,11.341489
2010-08-27 18:45:00.000000129,11.343128
2010-08-27 18:45:00.000000133,11.34188
2010-08-27 18:45:00.00000063,11.343792
2010-08-27 18:45:00.00000076,11.341716
2010-08-27 18:45:00.000000204,11.344865
2010-08-27 18:45:00.000000179,11.341526
2010-08-27 18:45:00.000000219,11.341084
2010-08-27 18:45:00.000000107,11.341958
2010-08-27 18:45:00.000000153,11.34282
2010-08-27 18:45:00.00000026,11.344086
2010-08-27 18:45:00.000000198,11.341974
2010-08-27 18:45:00.00000016,11.343489
2010-08-27 18:45:00.00000060,11.342141
2010-08-27 18:45:00.00000017,11.346976
2010-08-27 18:45:00.000000109,11.344485
2010-08-27 18:45:00.000000227,11.3432665
2010-08-27 18:45:00.000000181,11.341711
2010-08-27 18:45:00.000000191,11.342159
2010-08-27 18:45:00.000000228,11.342117
2010-08-27 18:45:00.00000069,11.343923
2010-08-27 18:45:00.000000113,11.342907
2010-08-27 18:45:00.00000049,11.342617
2010-08-27 18:45:00.000000103,11.341764
2010-08-27 18:45:00.0000003,11.341644
2010-08-27 18:45:00.0000008,11.342425
2010-08-27 18:45:00.000000134,11.341896
2010-08-27 18:45:00.000000183,11.348542
2010-08-27 18:45:00.00000013,11.344003
2010-08-27 18:45:00.000000235,11.341613
2010-08-27 18:45:00.00000038,11.342999
2010-08-27 18:45:00.00000030,11.345508
2010-08-27 18:45:00.000000203,11.342732
2010-08-27 18:45:00.000000182,11.342893
2010-08-27 18:45:00.000000230,11.342769
2010-08-27 18:45:00.00000065,11.342315
2011-02-12 00:43:24.0000003,11.343092
2011-02-12 00:43:24.0000001,11.340974
2014-05-07 06:50:20.0000002,11.341734
2014-05-07 06:50:20.0000001,11.342003
2014-05-07 06:50:20.0000003,11.342694
2011-04-27 20:59:24.0000002,11.342834
2011-04-27 20:59:24.0000003,11.344134
2011-04-27 20:59:24.0000004,11.341583
2011-04-27 20:59:24.0000001,11.342562
2011-04-27 20:59:24.0000005,11.342057
2010-08-14 02:13:00.00000069,11.342928
2010-08-14 02:13:00.00000049,11.342525
2010-08-14 02:13:00.00000059,11.341811
2010-08-14 02:13:00.00000075,11.345742
2010-08-14 02:13:00.00000020,11.342197
2010-08-14 02:13:00.000000102,11.345976
2010-08-14 02:13:00.00000060,11.342035
2010-08-14 02:13:00.00000033,11.346085
2010-08-14 02:13:00.000000166,11.344336
2010-08-14 02:13:00.000000111,11.342475
2010-08-14 02:13:00.00000056,11.3431635
2010-08-14 02:13:00.00000044,11.3426285
2010-08-14 02:13:00.000000132,11.341266
2010-08-14 02:13:00.00000073,11.341745
2010-08-14 02:13:00.00000043,11.3428335
2010-08-14 02:13:00.00000085,11.344308
2010-08-14 02:13:00.000000108,11.346762
2010-08-14 02:13:00.00000028,11.343902
2010-08-14 02:13:00.00000076,11.341568
2010-08-14 02:13:00.00000066,11.350924
2010-08-14 02:13:00.00000080,11.348227
2010-08-14 02:13:00.000000149,11.343217
2010-08-14 02:13:00.00000054,11.341818
2010-08-14 02:13:00.000000130,11.344185
2010-08-14 02:13:00.00000032,11.340974
2010-08-14 02:13:00.000000158,11.342114
2010-08-14 02:13:00.000000171,11.345144
2010-08-14 02:13:00.00000092,11.341942
2010-08-14 02:13:00.000000155,11.342713
2010-08-14 02:13:00.000000116,11.340974
2010-08-14 02:13:00.000000109,11.344894
2010-08-14 02:13:00.00000030,11.342577
2010-08-14 02:13:00.00000015,11.345138
2010-08-14 02:13:00.000000133,11.341578
2010-08-14 02:13:00.00000072,11.342172
2010-08-14 02:13:00.00000052,11.343602
2010-08-14 02:13:00.000000170,11.3450365
2010-08-14 02:13:00.0000007,11.3419
2010-08-14 02:13:00.000000165,11.342837
2010-08-14 02:13:00.00000026,11.344318
2010-08-14 02:13:00.000000148,11.341937
2010-08-14 02:13:00.00000034,11.343351
2010-08-14 02:13:00.00000022,11.348705
2010-08-14 02:13:00.000000100,11.341311
2010-08-14 02:13:00.000000160,11.341727
2010-08-14 02:13:00.0000009,11.345863
2010-08-14 02:13:00.00000038,11.343532
2010-08-14 02:13:00.0000001,11.343028
2010-08-14 02:13:00.00000078,11.342318
2010-08-14 02:13:00.000000134,11.342999
2010-08-14 02:13:00.00000077,11.346568
2010-08-14 02:13:00.000000168,11.342333
2010-08-14 02:13:00.000000161,11.343084
2010-08-14 02:13:00.000000122,11.3421335
2010-08-14 02:13:00.00000035,11.341924
2010-08-14 02:13:00.000000110,11.342329
2010-08-14 02:13:00.000000146,11.344047
2010-08-14 02:13:00.00000010,11.344972
2010-08-14 02:13:00.000000141,11.341528
2010-08-14 02:13:00.00000087,11.346969
2010-08-14 02:13:00.000000137,11.342066
2010-08-14 02:13:00.00000064,11.342583
2010-08-14 02:13:00.00000084,11.342737
2010-08-14 02:13:00.000000139,11.344064
2010-08-14 02:13:00.00000089,11.351999
2010-08-14 02:13:00.000000140,11.355094
2010-08-14 02:13:00.00000012,11.343082
2010-08-14 02:13:00.00000025,11.34166
2010-08-14 02:13:00.00000070,11.341311
2010-08-14 02:13:00.0000004,11.343562
2010-08-14 02:13:00.00000090,11.343645
2010-08-14 02:13:00.000000101,11.344653
2010-08-14 02:13:00.00000017,11.341785
2010-08-14 02:13:00.00000055,11.341929
2010-08-14 02:13:00.00000014,11.343706
2010-08-14 02:13:00.000000142,11.344835
2010-08-14 02:13:00.00000021,11.341883
2010-08-14 02:13:00.00000047,11.345472
2010-08-14 02:13:00.00000083,11.341498
2010-08-14 02:13:00.000000162,11.342545
2015-04-16 22:32:48.0000006,11.3432255
2015-04-16 22:32:48.0000001,11.341311
2015-04-16 22:32:48.0000004,11.341624
2015-04-16 22:32:48.0000002,11.344036
2015-04-16 22:32:48.0000005,11.342362
2013-03-15 11:57:04.0000002,11.341919
2013-03-15 11:57:04.0000001,11.342193
2014-11-16 08:47:12.0000002,11.344163
2014-11-16 08:47:12.0000001,11.341888
2013-02-20 16:10:28.0000001,11.34165
2011-07-03 00:36:04.0000001,11.341737
2014-03-25 23:47:00.00000074,11.341859
2014-03-25 23:47:00.00000088,11.343212
2014-03-25 23:47:00.000000100,11.341904
2014-03-25 23:47:00.00000094,11.341583
2014-03-25 23:47:00.00000059,11.343395
2014-03-25 23:47:00.00000066,11.342566
2014-03-25 23:47:00.00000016,11.341349
2014-03-25 23:47:00.0000003,11.344935
2014-03-25 23:47:00.00000080,11.34135
2014-03-25 23:47:00.00000048,11.35284
2014-03-25 23:47:00.00000058,11.34324
2014-03-25 23:47:00.00000070,11.3474245
2014-03-25 23:47:00.00000046,11.344059
2014-03-25 23:47:00.00000053,11.341561
2014-03-25 23:47:00.00000029,11.342017
2014-03-25 23:47:00.00000087,11.343399
2014-03-25 23:47:00.000000126,11.342491
2014-03-25 23:47:00.00000024,11.343325
2014-03-25 23:47:00.0000007,11.343758
2014-03-25 23:47:00.00000071,11.345436
2014-03-25 23:47:00.0000008,11.342315
2014-03-25 23:47:00.00000049,11.345142
2014-03-25 23:47:00.00000090,11.346946
2014-03-25 23:47:00.00000089,11.346239
2014-03-25 23:47:00.000000117,11.3415575
2014-03-25 23:47:00.00000043,11.342949
2014-03-25 23:47:00.00000032,11.342488
2014-03-25 23:47:00.00000081,11.341892
2014-03-25 23:47:00.00000023,11.3419
2014-03-25 23:47:00.00000099,11.349291
2014-03-25 23:47:00.00000077,11.341415
2014-03-25 23:47:00.00000065,11.341807
2014-03-25 23:47:00.000000111,11.343848
2014-03-25 23:47:00.000000118,11.346924
2014-03-25 23:47:00.00000038,11.3427105
2014-03-25 23:47:00.000000110,11.341992
2014-03-25 23:47:00.00000014,11.343998
2014-03-25 23:47:00.00000086,11.349154
2014-03-25 23:47:00.00000097,11.342246
2014-03-25 23:47:00.00000092,11.346399
2014-03-25 23:47:00.000000140,11.343019
2014-03-25 23:47:00.000000123,11.346129
2014-03-25 23:47:00.000000131,11.341692
2014-03-25 23:47:00.00000033,11.34369
2014-03-25 23:47:00.00000015,11.341796
2014-03-25 23:47:00.000000125,11.347499
2014-03-25 23:47:00.00000061,11.345617
2014-03-25 23:47:00.00000027,11.34381
2014-03-25 23:47:00.000000101,11.347445
2014-03-25 23:47:00.000000136,11.342449
2014-03-25 23:47:00.000000133,11.341542
2014-03-25 23:47:00.0000006,11.348694
2014-03-25 23:47:00.00000047,11.34332
2014-03-25 23:47:00.00000056,11.342651
2014-03-25 23:47:00.0000001,11.341536
2014-03-25 23:47:00.00000045,11.3415165
2014-03-25 23:47:00.00000073,11.342039
2014-03-25 23:47:00.00000030,11.345565
2014-03-25 23:47:00.00000010,11.347604
2014-03-25 23:47:00.00000072,11.343511
2014-03-25 23:47:00.0000009,11.345693
2014-03-25 23:47:00.00000082,11.342795
2014-03-25 23:47:00.00000017,11.3418455
2014-03-25 23:47:00.00000050,11.342894
2014-03-25 23:47:00.000000121,11.342588
2014-03-25 23:47:00.000000109,11.346295
2014-03-25 23:47:00.00000018,11.341376
2014-03-25 23:47:00.00000078,11.342281
2014-03-25 23:47:00.00000025,11.341395
2014-03-25 23:47:00.00000044,11.341465
2014-03-25 23:47:00.0000005,11.341401
2014-03-25 23:47:00.00000062,11.342018
2014-03-25 23:47:00.000000130,11.352034
2014-03-25 23:47:00.00000037,11.342824
2014-03-25 23:47:00.000000114,11.343635
2014-03-25 23:47:00.0000002,11.3470125
2014-03-25 23:47:00.000000103,11.346896
2014-03-25 23:47:00.000000106,11.343602
2014-03-25 23:47:00.00000095,11.343074
2014-03-25 23:47:00.000000113,11.346626
2014-03-25 23:47:00.0000004,11.3453045
2014-03-25 23:47:00.00000041,11.345508
2014-03-25 23:47:00.00000079,11.345195
2011-06-21 13:19:20.0000001,11.342671
2011-06-21 13:19:20.0000003,11.342063
2011-06-21 13:19:20.0000002,11.34396
2013-01-02 20:53:44.0000001,11.341827
2013-01-02 20:53:44.0000002,11.341681
2009-10-07 08:16:24.0000001,11.343709
2012-08-25 22:18:36.0000003,11.344459
2012-08-25 22:18:36.0000004,11.343545
2012-08-25 22:18:36.0000001,11.342234
2012-08-25 22:18:36.0000002,11.342738
2015-06-05 08:38:56.0000005,11.342043
2015-06-05 08:38:56.0000007,11.342641
2015-06-05 08:38:56.0000006,11.341688
2015-06-05 08:38:56.0000004,11.3478985
2015-06-05 08:38:56.0000001,11.347617
2015-06-05 08:38:56.0000002,11.344164
2013-02-26 11:10:24.0000002,11.342437
2013-02-26 11:10:24.0000001,11.348317
2014-04-29 00:02:40.0000001,11.342561
2014-04-29 00:02:40.0000002,11.344296
2014-04-29 00:02:40.0000003,11.343858
2010-08-06 20:27:12.0000002,11.344606
2010-08-06 20:27:12.0000005,11.3430395
2010-08-06 20:27:12.0000004,11.341369
2010-08-06 20:27:12.0000001,11.343586
2012-06-07 00:25:40.0000001,11.342457
2012-06-07 00:25:40.0000002,11.346191
2011-09-24 07:42:32.0000001,11.342133
2011-09-28 10:58:48.0000002,11.34216
2011-09-28 10:58:48.0000001,11.341822
2011-09-28 10:58:48.0000005,11.341703
2011-09-28 10:58:48.0000004,11.344413
2011-09-28 10:58:48.0000003,11.346096
2011-09-28 10:58:48.0000006,11.343716
2009-11-01 05:04:12.0000001,11.342523
2009-11-01 05:04:12.0000002,11.344987
2014-04-23 22:54:12.0000002,11.341939
2014-04-23 22:54:12.0000001,11.346823
2014-04-23 22:54:12.0000004,11.348159
2014-04-23 22:54:12.0000003,11.342768
2014-04-23 22:54:12.0000005,11.341571
2014-04-23 22:54:12.0000006,11.342715
2012-02-28 19:18:44.0000001,11.342008
2012-02-28 19:18:44.0000002,11.343307
2010-09-29 16:43:00.0000003,11.354634
2010-09-29 16:43:00.000000143,11.341709
2010-09-29 16:43:00.000000150,11.341394
2010-09-29 16:43:00.00000077,11.341785
2010-09-29 16:43:00.000000153,11.34398
2010-09-29 16:43:00.00000048,11.34151
2010-09-29 16:43:00.00000086,11.340974
2010-09-29 16:43:00.000000108,11.342784
2010-09-29 16:43:00.000000101,11.342009
2010-09-29 16:43:00.000000132,11.342067
2010-09-29 16:43:00.00000033,11.341124
2010-09-29 16:43:00.00000055,11.341843
2010-09-29 16:43:00.000000107,11.343597
2010-09-29 16:43:00.000000147,11.34136
2010-09-29 16:43:00.00000098,11.34246
2010-09-29 16:43:00.00000053,11.341353
2010-09-29 16:43:00.00000052,11.343219
2010-09-29 16:43:00.00000085,11.342129
2010-09-29 16:43:00.000000115,11.341695
2010-09-29 16:43:00.000000133,11.340974
2010-09-29 16:43:00.000000131,11.343797
2010-09-29 16:43:00.00000031,11.344471
2010-09-29 16:43:00.00000096,11.34129
2010-09-29 16:43:00.000000120,11.341925
2010-09-29 16:43:00.000000175,11.3429
2010-09-29 16:43:00.00000072,11.343523
2010-09-29 16:43:00.00000038,11.343192
2010-09-29 16:43:00.00000043,11.342744
2010-09-29 16:43:00.0000007,11.352926
2010-09-29 16:43:00.000000111,11.3424015
2010-09-29 16:43:00.00000067,11.34251
2010-09-29 16:43:00.00000065,11.3427515
2010-09-29 16:43:00.00000046,11.341333
2010-09-29 16:43:00.00000075,11.343441
2010-09-29 16:43:00.000000155,11.341935
2010-09-29 16:43:00.00000087,11.354498
2010-09-29 16:43:00.000000160,11.342951
2010-09-29 16:43:00.00000060,11.342379
2010-09-29 16:43:00.00000020,11.342505
2010-09-29 16:43:00.00000091,11.343119
2010-09-29 16:43:00.00000068,11.344448
2010-09-29 16:43:00.000000165,11.342469
2010-09-29 16:43:00.000000146,11.342182
2010-09-29 16:43:00.000000169,11.343112
2010-09-29 16:43:00.000000141,11.341853
2010-09-29 16:43:00.00000018,11.342353
2010-09-29 16:43:00.000000100,11.342906
2010-09-29 16:43:00.000000163,11.3469515
2010-09-29 16:43:00.00000076,11.340974
2010-09-29 16:43:00.00000027,11.350683
2010-09-29 16:43:00.000000137,11.34293
2010-09-29 16:43:00.00000021,11.342471
2010-09-29 16:43:00.00000063,11.342508
2010-09-29 16:43:00.00000058,11.342682
2010-09-29 16:43:00.00000090,11.345182
2010-09-29 16:43:00.00000066,11.343384
2010-09-29 16:43:00.000000156,11.342131
2010-09-29 16:43:00.000000104,11.341611
2010-09-29 16:43:00.00000089,11.351054
2010-09-29 16:43:00.00000029,11.341368
2010-09-29 16:43:00.0000004,11.342082
2010-09-29 16:43:00.00000051,11.343445
2010-09-29 16:43:00.00000036,11.342575
2010-09-29 16:43:00.000000158,11.342817
2010-09-29 16:43:00.000000106,11.342969
2010-09-29 16:43:00.00000047,11.341796
2010-09-29 16:43:00.00000073,11.343022
2010-09-29 16:43:00.00000024,11.342226
2010-09-29 16:43:00.000000151,11.341951
2010-09-29 16:43:00.000000134,11.341263
2010-09-29 16:43:00.000000138,11.34168
2010-09-29 16:43:00.000000125,11.342127
2010-09-29 16:43:00.000000112,11.342119
2010-09-29 16:43:00.0000006,11.341724
2010-09-29 16:43:00.00000025,11.345267
2010-09-29 16:43:00.0000008,11.340975
2010-09-29 16:43:00.00000049,11.347911
2010-09-29 16:43:00.000000173,11.342006
2010-09-29 16:43:00.00000050,11.342187
2010-09-29 16:43:00.00000035,11.341888
2010-09-29 16:43:00.00000097,11.351966
2010-09-29 16:43:00.00000054,11.342089
2010-09-29 16:43:00.000000166,11.34192
2010-09-29 16:43:00.0000005,11.342282
2010-09-29 16:43:00.00000030,11.347651
2010-09-29 16:43:00.000000102,11.341383
2010-09-29 16:43:00.00000056,11.343229
2010-09-29 16:43:00.000000103,11.34202
2010-09-29 16:43:00.00000092,11.350809
2010-09-29 16:43:00.00000079,11.341811
2010-09-29 16:43:00.000000149,11.341738
2010-09-29 16:43:00.000000123,11.341368
2010-09-29 16:43:00.000000128,11.341663
2010-09-29 16:43:00.000000121,11.342274
2010-09-29 16:43:00.000000105,11.349043
2010-09-29 16:43:00.00000026,11.341102
2010-09-29 16:43:00.000000109,11.343283
2010-09-29 16:43:00.000000124,11.3414
2010-09-29 16:43:00.00000071,11.341623
2010-09-29 16:43:00.00000061,11.34687
2010-09-29 16:43:00.000000129,11.343055
2010-09-29 16:43:00.00000095,11.34162
2010-09-29 16:43:00.00000010,11.343728
2010-09-29 16:43:00.00000081,11.342684
2010-09-29 16:43:00.00000017,11.343843
2010-09-29 16:43:00.00000028,11.342897
2010-09-29 16:43:00.000000167,11.34114
2010-09-29 16:43:00.00000082,11.344527
2010-09-29 16:43:00.000000116,11.342859
2010-09-29 16:43:00.000000127,11.351947
2014-10-27 14:58:00.00000095,11.342103
2014-10-27 14:58:00.000000118,11.342725
2014-10-27 14:58:00.00000098,11.342293
2014-10-27 14:58:00.000000108,11.343634
2014-10-27 14:58:00.00000074,11.341482
2014-10-27 14:58:00.00000079,11.343773
2014-10-27 14:58:00.000000137,11.34193
2014-10-27 14:58:00.0000001,11.343188
2014-10-27 14:58:00.00000018,11.341964
2014-10-27 14:58:00.000000142,11.341843
2014-10-27 14:58:00.00000082,11.341814
2014-10-27 14:58:00.0000008,11.345848
2014-10-27 14:58:00.00000016,11.341881
2014-10-27 14:58:00.000000117,11.342182
2014-10-27 14:58:00.00000048,11.342624
2014-10-27 14:58:00.00000075,11.34149
2014-10-27 14:58:00.000000112,11.345046
2014-10-27 14:58:00.00000029,11.341489
2014-10-27 14:58:00.00000058,11.342145
2014-10-27 14:58:00.00000053,11.343288
2014-10-27 14:58:00.00000052,11.341444
2014-10-27 14:58:00.00000071,11.343368
2014-10-27 14:58:00.00000044,11.342552
2014-10-27 14:58:00.000000120,11.341623
2014-10-27 14:58:00.00000034,11.342516
2014-10-27 14:58:00.000000105,11.342029
2014-10-27 14:58:00.000000147,11.342019
2014-10-27 14:58:00.00000030,11.341911
2014-10-27 14:58:00.000000100,11.341923
2014-10-27 14:58:00.00000086,11.341957
2014-10-27 14:58:00.00000047,11.347521
2014-10-27 14:58:00.000000107,11.348254
2014-10-27 14:58:00.000000127,11.3473215
2014-10-27 14:58:00.000000119,11.341363
2014-10-27 14:58:00.00000013,11.348051
2014-10-27 14:58:00.00000076,11.347986
2014-10-27 14:58:00.00000085,11.341877
2014-10-27 14:58:00.00000038,11.342643
2014-10-27 14:58:00.0000004,11.341939
2014-10-27 14:58:00.00000037,11.349038
2014-10-27 14:58:00.00000041,11.341387
2014-10-27 14:58:00.000000141,11.341361
2014-10-27 14:58:00.000000140,11.342424
2014-10-27 14:58:00.00000042,11.342096
2014-10-27 14:58:00.000000109,11.341704
2014-10-27 14:58:00.00000077,11.342828
2014-10-27 14:58:00.00000026,11.345008
2014-10-27 14:58:00.000000151,11.341398
2014-10-27 14:58:00.00000061,11.341969
2014-10-27 14:58:00.000000114,11.344498
2014-10-27 14:58:00.00000021,11.344715
2014-10-27 14:58:00.00000063,11.341994
2014-10-27 14:58:00.00000072,11.355584
2014-10-27 14:58:00.000000131,11.34214
2014-10-27 14:58:00.0000005,11.349058
2014-10-27 14:58:00.000000110,11.341909
2014-10-27 14:58:00.00000011,11.341711
2014-10-27 14:58:00.00000064,11.341659
2014-10-27 14:58:00.00000033,11.341478
2014-10-27 14:58:00.00000091,11.341861
2014-10-27 14:58:00.0000003,11.343816
2014-10-27 14:58:00.00000096,11.341357
2014-10-27 14:58:00.00000051,11.342384
2014-10-27 14:58:00.00000020,11.342046
2014-10-27 14:58:00.000000138,11.35528
2014-10-27 14:58:00.0000002,11.345434
2014-10-27 14:58:00.00000039,11.343064
2014-10-27 14:58:00.00000073,11.342297
2014-10-27 14:58:00.000000116,11.342167
2014-10-27 14:58:00.00000049,11.342029
2014-10-27 14:58:00.00000025,11.344066
2014-10-27 14:58:00.000000133,11.341368
2014-10-27 14:58:00.00000043,11.342364
2014-10-27 14:58:00.00000055,11.341872
2014-10-27 14:58:00.000000124,11.347212
2014-10-27 14:58:00.00000083,11.342647
2014-10-27 14:58:00.00000010,11.3420515
2014-10-27 14:58:00.000000126,11.341777
2014-10-27 14:58:00.00000017,11.342957
2014-10-27 14:58:00.000000139,11.343027
2014-10-27 14:58:00.00000014,11.341775
2014-10-27 14:58:00.00000045,11.342466
2014-10-27 14:58:00.000000132,11.341803
2014-10-27 14:58:00.00000080,11.348719
2014-10-27 14:58:00.00000019,11.342053
2014-10-27 14:58:00.000000102,11.34349
2014-10-27 14:58:00.00000062,11.343353
2014-10-27 14:58:00.000000122,11.349247
2014-10-27 14:58:00.00000032,11.344465
2014-10-27 14:58:00.00000015,11.342398
2014-10-27 14:58:00.00000084,11.355708
2014-10-27 14:58:00.000000134,11.341931
2014-10-27 14:58:00.00000093,11.34263
2014-10-27 14:58:00.00000068,11.342001
2014-10-27 14:58:00.00000089,11.352434
2014-10-27 14:58:00.00000027,11.355323
2009-10-08 23:44:56.0000004,11.345162
2009-10-08 23:44:56.0000001,11.344197
2012-11-03 17:11:00.00000035,11.341879
2012-11-03 17:11:00.000000107,11.343189
2012-11-03 17:11:00.00000069,11.343183
2012-11-03 17:11:00.000000116,11.343474
2012-11-03 17:11:00.000000145,11.341645
2012-11-03 17:11:00.00000097,11.341483
2012-11-03 17:11:00.000000119,11.341757
2012-11-03 17:11:00.000000134,11.341487
2012-11-03 17:11:00.000000137,11.342194
2012-11-03 17:11:00.00000010,11.345267
2012-11-03 17:11:00.000000157,11.341422
2012-11-03 17:11:00.000000121,11.345747
2012-11-03 17:11:00.00000073,11.355892
2012-11-03 17:11:00.00000062,11.342499
2012-11-03 17:11:00.000000130,11.341991
2012-11-03 17:11:00.000000141,11.342366
2012-11-03 17:11:00.00000098,11.343333
2012-11-03 17:11:00.00000066,11.342289
2012-11-03 17:11:00.00000036,11.342871
2012-11-03 17:11:00.00000026,11.341053
2012-11-03 17:11:00.000000110,11.342059
2012-11-03 17:11:00.00000021,11.341873
2012-11-03 17:11:00.00000040,11.341939
2012-11-03 17:11:00.00000087,11.343234
2012-11-03 17:11:00.00000039,11.342653
2012-11-03 17:11:00.00000033,11.343683
2012-11-03 17:11:00.0000006,11.341859
2012-11-03 17:11:00.00000025,11.345167
2012-11-03 17:11:00.000000129,11.343037
2012-11-03 17:11:00.000000153,11.343708
2012-11-03 17:11:00.000000138,11.343676
2012-11-03 17:11:00.000000143,11.340975
2012-11-03 17:11:00.000000109,11.341996
2012-11-03 17:11:00.00000042,11.343472
2012-11-03 17:11:00.000000104,11.346222
2012-11-03 17:11:00.0000005,11.342202
2012-11-03 17:11:00.00000056,11.355118
2012-11-03 17:11:00.00000045,11.341167
2012-11-03 17:11:00.00000034,11.343675
2012-11-03 17:11:00.000000120,11.342524
2012-11-03 17:11:00.000000127,11.343236
2012-11-03 17:11:00.00000022,11.341344
2012-11-03 17:11:00.0000003,11.344762
2012-11-03 17:11:00.00000084,11.342195
2012-11-03 17:11:00.00000089,11.342853
2012-11-03 17:11:00.00000041,11.343433
2012-11-03 17:11:00.000000108,11.343547
2012-11-03 17:11:00.000000158,11.342505
2012-11-03 17:11:00.000000122,11.341345
2012-11-03 17:11:00.000000111,11.345165
2012-11-03 17:11:00.00000027,11.341281
2012-11-03 17:11:00.0000008,11.340974
2012-11-03 17:11:00.000000148,11.346072
2012-11-03 17:11:00.000000144,11.350854
2012-11-03 17:11:00.00000029,11.342892
2012-11-03 17:11:00.00000049,11.341836
2012-11-03 17:11:00.00000011,11.341608
2012-11-03 17:11:00.00000094,11.345018
2012-11-03 17:11:00.000000152,11.344939
2012-11-03 17:11:00.00000051,11.342507
2012-11-03 17:11:00.00000048,11.342351
2012-11-03 17:11:00.00000043,11.34282
2012-11-03 17:11:00.00000059,11.342301
2012-11-03 17:11:00.00000019,11.342118
2012-11-03 17:11:00.000000135,11.342812
2012-11-03 17:11:00.00000017,11.3432865
2012-11-03 17:11:00.000000146,11.342161
2012-11-03 17:11:00.00000068,11.343549
2012-11-03 17:11:00.00000092,11.343096
2012-11-03 17:11:00.0000002,11.346389
2012-11-03 17:11:00.000000133,11.341643
2012-11-03 17:11:00.00000038,11.34354
2012-11-03 17:11:00.000000123,11.341866
2012-11-03 17:11:00.00000015,11.341657
2012-11-03 17:11:00.000000131,11.341552
2012-11-03 17:11:00.000000112,11.341768
2012-11-03 17:11:00.000000100,11.341981
2012-11-03 17:11:00.00000095,11.344439
2012-11-03 17:11:00.0000004,11.342151
2012-11-03 17:11:00.00000047,11.345103
2012-11-03 17:11:00.00000020,11.345019
2012-11-03 17:11:00.000000156,11.345751
2012-11-03 17:11:00.00000014,11.341542
2012-11-03 17:11:00.000000139,11.343025
2012-11-03 17:11:00.000000154,11.342204
2012-11-03 17:11:00.000000151,11.34167
2012-11-03 17:11:00.00000070,11.34279
2012-11-03 17:11:00.00000023,11.3430805
2012-11-03 17:11:00.00000065,11.342543
2012-11-03 17:11:00.00000018,11.342409
2012-11-03 17:11:00.00000088,11.341718
2012-11-03 17:11:00.000000140,11.344221
2012-11-03 17:11:00.00000071,11.342381
2009-05-07 13:58:32.0000003,11.342087
2009-05-07 13:58:32.0000001,11.342326
2011-12-25 21:26:32.0000001,11.341495
2015-01-12 19:01:00.0000001,11.343582
2015-01-12 19:01:00.0000003,11.341313
2015-01-12 19:01:00.0000004,11.34141
2015-01-12 19:01:00.0000002,11.341767
2009-10-06 16:09:24.0000001,11.342218
2009-10-06 16:09:24.0000003,11.342245
2009-10-06 16:09:24.0000002,11.341701
2009-05-06 01:49:12.0000003,11.349616
2009-05-06 01:49:12.0000005,11.342131
2009-05-06 01:49:12.0000001,11.344778
2009-05-06 01:49:12.0000006,11.342357
2014-10-07 11:20:56.0000002,11.350091
2014-10-07 11:20:56.0000001,11.343159
2014-10-07 11:20:56.0000003,11.342025
2009-02-10 15:30:04.0000002,11.343375
2009-02-10 15:30:04.0000001,11.342772
2013-09-28 00:06:20.0000004,11.344527
2013-09-28 00:06:20.0000001,11.344553
2013-09-28 00:06:20.0000009,11.343722
2013-09-28 00:06:20.0000008,11.343654
2013-09-28 00:06:20.0000007,11.3419285
2013-09-28 00:06:20.0000006,11.344091
2013-09-28 00:06:20.0000002,11.343542
2013-07-18 08:25:04.0000001,11.342097
2013-07-18 08:25:04.0000002,11.341656
2013-07-18 08:25:04.0000003,11.342319
2011-03-11 01:44:00.00000010,11.342273
2011-03-11 01:44:00.00000070,11.342274
2011-03-11 01:44:00.00000088,11.34758
2011-03-11 01:44:00.00000063,11.344633
2011-03-11 01:44:00.00000058,11.345445
2011-03-11 01:44:00.00000086,11.347269
2011-03-11 01:44:00.00000053,11.341939
2011-03-11 01:44:00.00000094,11.343415
2011-03-11 01:44:00.00000069,11.341639
2011-03-11 01:44:00.00000061,11.3451185
2011-03-11 01:44:00.0000008,11.341482
2011-03-11 01:44:00.0000002,11.344624
2011-03-11 01:44:00.00000050,11.341217
2011-03-11 01:44:00.00000068,11.342915
2011-03-11 01:44:00.00000018,11.343049
2011-03-11 01:44:00.00000079,11.345255
2011-03-11 01:44:00.00000037,11.341719
2011-03-11 01:44:00.00000015,11.342732
2011-03-11 01:44:00.00000071,11.341666
2011-03-11 01:44:00.00000054,11.345305
2011-03-11 01:44:00.00000080,11.34147
2011-03-11 01:44:00.00000078,11.342878
2011-03-11 01:44:00.00000055,11.342545
2011-03-11 01:44:00.00000026,11.346642
2011-03-11 01:44:00.00000045,11.343012
2011-03-11 01:44:00.00000013,11.341893
2011-03-11 01:44:00.0000007,11.347942
2011-03-11 01:44:00.00000024,11.341436
2011-03-11 01:44:00.00000093,11.341749
2011-03-11 01:44:00.00000089,11.343134
2011-03-11 01:44:00.00000022,11.342747
2011-03-11 01:44:00.00000020,11.3414955
2011-03-11 01:44:00.00000025,11.34136
2011-03-11 01:44:00.00000090,11.347758
2011-03-11 01:44:00.00000087,11.345039
2011-03-11 01:44:00.00000017,11.343956
2011-03-11 01:44:00.00000031,11.346086
2011-03-11 01:44:00.00000048,11.344019
2011-03-11 01:44:00.00000076,11.34667
2011-03-11 01:44:00.00000012,11.34486
2011-03-11 01:44:00.00000066,11.342817
2011-03-11 01:44:00.0000001,11.3424835
2011-03-11 01:44:00.00000091,11.345528
2011-03-11 01:44:00.00000043,11.342669
2011-03-11 01:44:00.00000060,11.342271
2011-03-11 01:44:00.00000049,11.344108
2011-03-11 01:44:00.00000073,11.342206
2011-03-11 01:44:00.0000004,11.345201
2013-12-16 19:06:44.0000002,11.341801
2013-12-18 03:49:24.0000001,11.342354
2013-08-05 19:04:36.0000002,11.34282
2013-08-05 19:04:36.0000001,11.342135
2009-05-08 18:00:36.0000002,11.341634
2013-01-27 00:09:12.0000002,11.343558
2013-01-27 00:09:12.0000006,11.341992
2013-01-27 00:09:12.0000009,11.34235
2013-01-27 00:09:12.0000001,11.341561
2013-01-27 00:09:12.0000004,11.342498
2013-01-27 00:09:12.0000007,11.344715
2013-01-27 00:09:12.0000005,11.342621
2012-06-18 22:51:56.0000002,11.341692
2012-06-18 22:51:56.0000001,11.34145
2011-06-20 09:55:24.0000004,11.340974
2011-06-20 09:55:24.0000003,11.341709
2011-06-20 09:55:24.0000001,11.342893
2011-06-20 09:55:24.0000002,11.341696
2011-06-20 09:55:24.0000005,11.342366
2015-02-22 09:48:32.0000002,11.342143
2015-02-22 09:48:32.0000001,11.344694
2015-02-22 09:48:32.0000003,11.346835
2010-08-25 23:40:32.0000001,11.343649
2012-01-07 11:21:56.0000002,11.344606
2012-10-31 12:17:24.0000003,11.34239
2012-10-31 12:17:24.0000001,11.341606
2012-10-20 02:05:08.0000001,11.344791
2012-10-20 02:05:08.0000002,11.341893
2012-05-06 08:52:08.0000001,11.343946
2014-10-11 15:11:24.0000002,11.341791
2014-10-11 15:11:24.0000004,11.350857
2014-10-11 15:11:24.0000005,11.343699
2014-10-11 15:11:24.0000006,11.351829
2014-10-11 15:11:24.0000001,11.341953
2009-08-17 12:27:08.0000004,11.341989
2009-08-17 12:27:08.0000001,11.346836
2009-08-17 12:27:08.0000003,11.341978
2011-10-28 07:45:04.0000001,11.345574
2011-10-28 07:45:04.0000003,11.342027
2011-10-28 07:45:04.0000002,11.341201
2014-04-09 09:23:12.0000003,11.3419
2014-04-09 09:23:12.0000005,11.341785
2014-04-09 09:23:12.0000002,11.342001
2014-04-09 09:23:12.0000001,11.342581
2013-09-15 02:37:52.0000001,11.343191
2013-09-15 02:37:52.0000003,11.342669
2009-11-25 19:32:52.0000005,11.344385
2009-11-25 19:32:52.0000002,11.343118
2009-11-25 19:32:52.0000003,11.34604
2014-05-30 00:09:16.0000002,11.343674
2014-05-30 00:09:16.0000005,11.343412
2014-05-30 00:09:16.0000003,11.341646
2014-05-30 00:09:16.0000004,11.341668
2014-05-30 00:09:16.0000001,11.342707
2013-10-24 14:18:20.0000001,11.341486
2013-10-24 14:18:20.0000002,11.341067
2013-10-24 14:18:20.0000003,11.343428
2014-06-07 22:07:12.0000002,11.344673
2014-06-07 22:07:12.0000001,11.3434305
2013-01-07 17:08:32.0000003,11.341939
2013-01-07 17:08:32.0000001,11.341799
2010-08-11 00:12:08.0000001,11.3420515
2011-10-04 09:37:00.0000007,11.34233
2011-10-04 09:37:00.00000092,11.34188
2011-10-04 09:37:00.000000150,11.341798
2011-10-04 09:37:00.00000010,11.3416195
2011-10-04 09:37:00.00000065,11.347841
2011-10-04 09:37:00.000000151,11.34202
2011-10-04 09:37:00.00000089,11.341579
2011-10-04 09:37:00.000000120,11.342023
2011-10-04 09:37:00.0000009,11.341828
2011-10-04 09:37:00.000000110,11.341683
2011-10-04 09:37:00.00000098,11.344311
2011-10-04 09:37:00.00000011,11.341266
2011-10-04 09:37:00.00000042,11.342423
2011-10-04 09:37:00.00000024,11.342285
2011-10-04 09:37:00.000000188,11.345135
2011-10-04 09:37:00.00000071,11.343244
2011-10-04 09:37:00.000000168,11.343399
2011-10-04 09:37:00.000000159,11.343012
2011-10-04 09:37:00.000000171,11.343265
2011-10-04 09:37:00.000000129,11.341841
2011-10-04 09:37:00.000000186,11.341648
2011-10-04 09:37:00.000000123,11.344367
2011-10-04 09:37:00.00000020,11.341562
2011-10-04 09:37:00.00000033,11.341391
2011-10-04 09:37:00.00000058,11.344302
2011-10-04 09:37:00.00000068,11.342835
2011-10-04 09:37:00.000000131,11.3415
2011-10-04 09:37:00.000000178,11.349851
2011-10-04 09:37:00.000000103,11.347385
2011-10-04 09:37:00.00000026,11.342637
2011-10-04 09:37:00.000000115,11.341274
2011-10-04 09:37:00.00000059,11.350761
2011-10-04 09:37:00.00000090,11.344606
2011-10-04 09:37:00.00000063,11.342177
2011-10-04 09:37:00.000000169,11.341327
2011-10-04 09:37:00.00000066,11.342811
2011-10-04 09:37:00.000000181,11.341189
2011-10-04 09:37:00.00000018,11.34113
2011-10-04 09:37:00.000000112,11.341646
2011-10-04 09:37:00.00000094,11.34347
2011-10-04 09:37:00.0000001,11.34165
2011-10-04 09:37:00.000000139,11.343633
2011-10-04 09:37:00.000000152,11.343196
2011-10-04 09:37:00.000000187,11.341638
2011-10-04 09:37:00.00000070,11.3419
2011-10-04 09:37:00.00000050,11.341829
2011-10-04 09:37:00.0000004,11.341251
2011-10-04 09:37:00.000000153,11.343761
2011-10-04 09:37:00.00000076,11.350533
2011-10-04 09:37:00.00000079,11.348021
2011-10-04 09:37:00.000000146,11.341884
2011-10-04 09:37:00.000000192,11.342612
2011-10-04 09:37:00.000000172,11.342812
2011-10-04 09:37:00.000000154,11.342018
2011-10-04 09:37:00.000000124,11.342647
2011-10-04 09:37:00.000000142,11.341635
2011-10-04 09:37:00.000000167,11.34269
2011-10-04 09:37:00.00000048,11.343324
2011-10-04 09:37:00.00000074,11.344097
2011-10-04 09:37:00.000000193,11.342848
2011-10-04 09:37:00.000000166,11.341978
2011-10-04 09:37:00.000000147,11.341793
2011-10-04 09:37:00.000000189,11.341982
2011-10-04 09:37:00.0000008,11.342139
2011-10-04 09:37:00.000000125,11.341802
2011-10-04 09:37:00.00000051,11.341466
2011-10-04 09:37:00.000000173,11.34267
2011-10-04 09:37:00.00000096,11.343467
2011-10-04 09:37:00.000000174,11.34184
2011-10-04 09:37:00.000000130,11.34236
2011-10-04 09:37:00.00000016,11.341902
2011-10-04 09:37:00.000000145,11.342193
2011-10-04 09:37:00.000000140,11.34241
2011-10-04 09:37:00.00000040,11.347801
2011-10-04 09:37:00.000000118,11.343716
2011-10-04 09:37:00.00000081,11.342093
2011-10-04 09:37:00.000000175,11.341013
2011-10-04 09:37:00.00000072,11.342813
2011-10-04 09:37:00.000000143,11.341699
2011-10-04 09:37:00.000000104,11.341928
2011-10-04 09:37:00.00000053,11.341997
2011-10-04 09:37:00.00000084,11.341476
2011-10-04 09:37:00.00000030,11.342929
2011-10-04 09:37:00.000000100,11.342017
2011-10-04 09:37:00.000000105,11.342247
2011-10-04 09:37:00.00000041,11.341536
2011-10-04 09:37:00.00000091,11.343781
2011-10-04 09:37:00.00000078,11.341968
2011-10-04 09:37:00.000000197,11.342347
2011-10-04 09:37:00.000000119,11.343019
2011-10-04 09:37:00.000000161,11.342379
2011-10-04 09:37:00.00000039,11.341854
2011-10-04 09:37:00.00000086,11.342094
2011-10-04 09:37:00.000000195,11.342748
2011-10-04 09:37:00.000000182,11.342278
2011-10-04 09:37:00.000000133,11.341949
2011-10-04 09:37:00.00000029,11.340975
2011-10-04 09:37:00.000000144,11.341811
2011-10-04 09:37:00.000000128,11.34197
2011-10-04 09:37:00.00000027,11.342429
2011-10-04 09:37:00.00000032,11.341897
2011-10-04 09:37:00.00000073,11.34265
2011-10-04 09:37:00.00000083,11.34268
2011-10-04 09:37:00.00000021,11.3420105
2011-10-04 09:37:00.000000137,11.341397
2011-10-04 09:37:00.00000087,11.35442
2011-10-04 09:37:00.00000060,11.348345
2011-10-04 09:37:00.000000138,11.34274
2011-10-04 09:37:00.00000046,11.342961
2011-10-04 09:37:00.00000075,11.340974
2011-10-04 09:37:00.000000198,11.341526
2011-10-04 09:37:00.000000121,11.342906
2011-10-04 09:37:00.000000116,11.341335
2011-10-04 09:37:00.000000117,11.3424015
2011-10-04 09:37:00.00000097,11.344534
2011-10-04 09:37:00.00000012,11.341413
2011-10-04 09:37:00.00000093,11.350476
2011-10-04 09:37:00.000000101,11.341761
2011-10-04 09:37:00.00000082,11.347054
2011-10-04 09:37:00.000000126,11.3411
2011-10-04 09:37:00.00000035,11.342842
2011-10-04 09:37:00.000000127,11.345335
2011-10-04 09:37:00.000000156,11.341571
2014-04-29 08:15:56.0000002,11.341685
2014-04-29 08:15:56.0000001,11.3419695
2012-10-23 14:15:04.0000003,11.343299
2012-10-23 14:15:04.0000004,11.34391
2012-10-23 14:15:04.0000001,11.341652
2012-08-31 08:01:16.0000001,11.341928
2012-10-18 21:06:20.0000003,11.343224
2012-10-18 21:06:20.0000006,11.349276
2012-10-18 21:06:20.0000002,11.342085
2012-10-18 21:06:20.0000005,11.340974
2012-10-18 21:06:20.0000004,11.3425
2012-10-18 21:06:20.0000008,11.342721
2012-10-18 21:06:20.00000010,11.342223
2012-10-18 21:06:20.0000001,11.347867
2014-02-26 04:36:28.0000001,11.343494
2010-02-20 00:43:28.0000002,11.342436
2010-02-20 00:43:28.0000004,11.34685
2010-02-20 00:43:28.0000003,11.342929
2010-02-20 00:43:28.0000001,11.343959
2009-08-21 08:00:48.0000002,11.342555
2009-08-21 08:00:48.0000001,11.342269
2009-08-21 08:00:48.0000003,11.342114
2014-12-24 03:00:00.00000034,11.342154
2014-12-24 03:00:00.00000013,11.3475485
2014-12-24 03:00:00.0000001,11.3441725
2014-12-24 03:00:00.00000032,11.342552
2014-12-24 03:00:00.0000006,11.341898
2014-12-24 03:00:00.00000037,11.341904
2014-12-24 03:00:00.00000012,11.34282
2014-12-24 03:00:00.00000023,11.346207
2014-12-24 03:00:00.00000041,11.341701
2014-12-24 03:00:00.0000008,11.342374
2014-12-24 03:00:00.00000024,11.343933
2014-12-24 03:00:00.00000038,11.342593
2014-12-24 03:00:00.0000009,11.342314
2014-12-24 03:00:00.00000018,11.344432
2014-12-24 03:00:00.00000011,11.348557
2014-12-24 03:00:00.00000021,11.343241
2014-12-24 03:00:00.00000030,11.342555
2014-12-24 03:00:00.00000010,11.341837
2014-12-24 03:00:00.0000004,11.34319
2014-12-24 03:00:00.00000022,11.343817
2014-12-24 03:00:00.00000028,11.341879
2012-08-19 12:46:40.0000003,11.344887
2012-08-19 12:46:40.0000002,11.341295
2012-08-19 12:46:40.0000001,11.342813
2013-12-02 17:53:24.0000003,11.342807
2013-12-02 17:53:24.0000001,11.343311
2013-12-02 17:53:24.0000002,11.3429
2011-11-07 18:53:08.0000002,11.343133
2011-11-07 18:53:08.0000001,11.343647
2009-05-16 23:36:24.0000001,11.3427105
2009-05-16 23:36:24.0000002,11.341665
2011-01-10 10:56:56.0000003,11.342369
2011-01-10 10:56:56.0000002,11.348644
2011-01-10 10:56:56.0000001,11.341645
2010-10-07 10:54:20.0000002,11.342691
2010-10-07 10:54:20.0000005,11.344348
2010-10-07 10:54:20.0000001,11.341691
2010-10-07 10:54:20.0000004,11.34223
2011-02-21 20:11:08.0000001,11.342832
2011-02-21 20:11:08.0000005,11.342181
2011-02-21 20:11:08.0000002,11.343257
2011-02-21 20:11:08.0000003,11.342838
2011-02-21 20:11:08.0000004,11.352421
2009-10-04 22:54:56.0000003,11.34307
2015-04-11 20:31:32.0000007,11.341819
2015-04-11 20:31:32.00000012,11.341817
2015-04-11 20:31:32.0000003,11.349272
2015-04-11 20:31:32.0000006,11.343741
2015-04-11 20:31:32.0000002,11.346269
2015-04-11 20:31:32.0000009,11.343453
2015-04-11 20:31:32.00000010,11.341715
2015-04-11 20:31:32.0000001,11.3421335
2012-04-02 02:53:24.0000001,11.344306
2014-04-21 16:00:36.0000001,11.341549
2014-04-21 16:00:36.0000003,11.340974
2014-04-21 16:00:36.0000002,11.341501
2012-03-22 21:11:36.0000006,11.341447
2012-03-22 21:11:36.0000008,11.343029
2012-03-22 21:11:36.0000005,11.343301
2012-03-22 21:11:36.0000001,11.343403
2012-03-22 21:11:36.0000004,11.34146
2012-03-22 21:11:36.0000007,11.341765
2012-03-22 21:11:36.0000002,11.343008
2012-03-22 21:11:36.0000003,11.346908
2011-04-08 00:57:44.0000001,11.341616
2011-02-20 12:31:04.0000001,11.343127
2011-02-20 12:31:04.0000003,11.341311
2011-02-06 17:08:24.0000004,11.345881
2011-02-06 17:08:24.0000002,11.342328
2011-02-06 17:08:24.0000001,11.342723
2013-01-01 22:04:56.0000001,11.342283
2013-04-23 17:52:44.0000001,11.3446865
2013-04-23 17:52:44.0000002,11.341696
2013-07-02 21:47:24.0000003,11.341399
2013-07-02 21:47:24.0000002,11.344537
2013-07-02 21:47:24.0000001,11.345099
2010-01-01 13:19:40.0000002,11.346005
2010-01-01 13:19:40.0000005,11.342728
2010-01-01 13:19:40.0000001,11.343253
2010-01-01 13:19:40.0000003,11.354218
2013-04-26 20:41:16.0000001,11.342473
2010-03-06 23:51:08.0000002,11.343435
2010-03-06 23:51:08.0000001,11.342795
2014-04-17 16:58:28.0000001,11.342402
2014-04-17 16:58:28.0000002,11.343045
2014-01-06 16:39:16.0000001,11.346141
2015-02-12 05:37:56.0000002,11.341522
2011-12-22 01:00:08.0000001,11.34572
2011-12-22 01:00:08.0000002,11.342463
2011-08-20 17:04:24.0000001,11.341567
2011-06-30 13:07:36.0000001,11.341758
2011-06-30 13:07:36.0000005,11.342832
2011-06-30 13:07:36.0000002,11.342062
2011-06-30 13:07:36.0000004,11.341982
2011-06-30 13:07:36.0000003,11.342553
2014-04-27 02:57:00.000000100,11.341326
2014-04-27 02:57:00.000000130,11.342011
2014-04-27 02:57:00.000000109,11.34823
2014-04-27 02:57:00.00000096,11.3455
2014-04-27 02:57:00.00000063,11.34332
2014-04-27 02:57:00.000000177,11.341056
2014-04-27 02:57:00.000000132,11.34393
2014-04-27 02:57:00.000000170,11.34569
2014-04-27 02:57:00.00000021,11.343644
2014-04-27 02:57:00.000000136,11.343531
2014-04-27 02:57:00.00000032,11.343427
2014-04-27 02:57:00.000000107,11.341733
2014-04-27 02:57:00.00000028,11.353714
2014-04-27 02:57:00.00000026,11.345181
2014-04-27 02:57:00.000000139,11.34247
2014-04-27 02:57:00.00000015,11.345822
2014-04-27 02:57:00.00000095,11.341295
2014-04-27 02:57:00.000000105,11.346868
2014-04-27 02:57:00.000000196,11.342882
2014-04-27 02:57:00.0000001,11.341597
2014-04-27 02:57:00.000000175,11.343354
2014-04-27 02:57:00.000000188,11.345768
2014-04-27 02:57:00.00000051,11.343959
2014-04-27 02:57:00.00000055,11.34219
2014-04-27 02:57:00.00000016,11.344449
2014-04-27 02:57:00.000000169,11.342209
2014-04-27 02:57:00.00000086,11.34387
2014-04-27 02:57:00.000000148,11.344862
2014-04-27 02:57:00.00000087,11.345021
2014-04-27 02:57:00.00000027,11.344989
2014-04-27 02:57:00.000000120,11.34706
2014-04-27 02:57:00.00000068,11.34146
2014-04-27 02:57:00.00000099,11.342463
2014-04-27 02:57:00.000000193,11.342536
2014-04-27 02:57:00.00000081,11.345166
2014-04-27 02:57:00.000000135,11.346446
2014-04-27 02:57:00.000000181,11.341714
2014-04-27 02:57:00.00000020,11.341799
2014-04-27 02:57:00.000000157,11.345036
2014-04-27 02:57:00.00000079,11.34558
2014-04-27 02:57:00.00000019,11.342397
2014-04-27 02:57:00.000000126,11.343894
2014-04-27 02:57:00.0000002,11.341672
2014-04-27 02:57:00.00000062,11.342962
2014-04-27 02:57:00.00000085,11.343665
2014-04-27 02:57:00.00000014,11.344193
2014-04-27 02:57:00.000000161,11.34277
2014-04-27 02:57:00.00000084,11.343992
2014-04-27 02:57:00.000000122,11.345929
2014-04-27 02:57:00.000000111,11.342532
2014-04-27 02:57:00.000000113,11.342917
2014-04-27 02:57:00.00000071,11.343146
2014-04-27 02:57:00.00000077,11.343597
2014-04-27 02:57:00.000000134,11.352468
2014-04-27 02:57:00.000000103,11.3437395
2014-04-27 02:57:00.000000102,11.343464
2014-04-27 02:57:00.000000160,11.346134
2014-04-27 02:57:00.00000042,11.341268
2014-04-27 02:57:00.00000054,11.341075
2014-04-27 02:57:00.00000049,11.344843
2014-04-27 02:57:00.000000147,11.343578
2014-04-27 02:57:00.00000045,11.342629
2014-04-27 02:57:00.0000003,11.345871
2014-04-27 02:57:00.000000182,11.342691
2014-04-27 02:57:00.000000180,11.342371
2014-04-27 02:57:00.00000038,11.345685
2014-04-27 02:57:00.0000005,11.342956
2014-04-27 02:57:00.000000108,11.341483
2014-04-27 02:57:00.00000092,11.341615
2014-04-27 02:57:00.000000192,11.341698
2014-04-27 02:57:00.000000165,11.342319
2014-04-27 02:57:00.000000115,11.342605
2014-04-27 02:57:00.00000029,11.342542
2014-04-27 02:57:00.00000050,11.341879
2014-04-27 02:57:00.000000119,11.342823
2014-04-27 02:57:00.00000011,11.344697
2014-04-27 02:57:00.000000114,11.342099
2014-04-27 02:57:00.000000190,11.343795
2014-04-27 02:57:00.00000061,11.340999
2014-04-27 02:57:00.00000098,11.343521
2014-04-27 02:57:00.00000040,11.342044
2014-04-27 02:57:00.000000117,11.345617
2014-04-27 02:57:00.000000150,11.342345
2014-04-27 02:57:00.00000035,11.342524
2014-04-27 02:57:00.00000022,11.345269
2014-04-27 02:57:00.000000146,11.342056
2014-04-27 02:57:00.00000018,11.3428135
2014-04-27 02:57:00.00000041,11.343879
2014-04-27 02:57:00.00000089,11.345626
2014-04-27 02:57:00.00000088,11.342242
2014-04-27 02:57:00.000000101,11.343649
2014-04-27 02:57:00.00000058,11.348227
2014-04-27 02:57:00.00000030,11.342519
2014-04-27 02:57:00.000000156,11.344049
2014-04-27 02:57:00.00000024,11.342356
2014-04-27 02:57:00.000000163,11.342054
2014-04-27 02:57:00.000000152,11.343784
2014-04-27 02:57:00.00000037,11.3418255
2014-04-27 02:57:00.00000065,11.341721
2014-04-27 02:57:00.0000006,11.347388
2014-04-27 02:57:00.00000060,11.342644
2014-04-27 02:57:00.000000110,11.341997
2014-04-27 02:57:00.00000034,11.34172
2014-04-27 02:57:00.000000149,11.347051
2014-04-27 02:57:00.000000176,11.341322
2014-04-27 02:57:00.000000184,11.341862
2014-04-27 02:57:00.000000118,11.342377
2014-04-27 02:57:00.000000186,11.344548
2014-04-27 02:57:00.000000104,11.343066
2014-04-27 02:57:00.00000080,11.348415
2014-04-27 02:57:00.000000121,11.342466
2014-04-27 02:57:00.00000093,11.342017
2014-04-27 02:57:00.00000056,11.34264
2014-04-27 02:57:00.00000044,11.344305
2014-04-27 02:57:00.00000048,11.342398
2014-04-27 02:57:00.00000059,11.343729
2014-04-27 02:57:00.000000194,11.346381
2014-04-27 02:57:00.000000185,11.346872
2014-04-27 02:57:00.000000125,11.345138
2014-04-27 02:57:00.00000046,11.344262
2014-04-27 02:57:00.00000070,11.345041
2014-04-27 02:57:00.000000133,11.344705
2011-01-18 10:26:40.0000003,11.34162
2011-01-18 10:26:40.0000002,11.342646
2012-04-20 07:57:20.0000001,11.342877
2012-04-20 07:57:20.0000004,11.34173
2012-04-20 07:57:20.0000003,11.342009
2012-04-20 07:57:20.0000002,11.341442
2011-12-13 22:00:00.00000071,11.34444
2011-12-13 22:00:00.000000178,11.341379
2011-12-13 22:00:00.00000016,11.342668
2011-12-13 22:00:00.000000127,11.342505
2011-12-13 22:00:00.00000065,11.341381
2011-12-13 22:00:00.000000227,11.341429
2011-12-13 22:00:00.000000257,11.341735
2011-12-13 22:00:00.000000238,11.342311
2011-12-13 22:00:00.0000008,11.342967
2011-12-13 22:00:00.000000252,11.341657
2011-12-13 22:00:00.000000204,11.344475
2011-12-13 22:00:00.000000120,11.342774
2011-12-13 22:00:00.000000175,11.341354
2011-12-13 22:00:00.00000010,11.344152
2011-12-13 22:00:00.00000048,11.341998
2011-12-13 22:00:00.000000189,11.341714
2011-12-13 22:00:00.00000011,11.341767
2011-12-13 22:00:00.000000247,11.342339
2011-12-13 22:00:00.000000261,11.341368
2011-12-13 22:00:00.0000004,11.344508
2011-12-13 22:00:00.00000014,11.343332
2011-12-13 22:00:00.000000151,11.352091
2011-12-13 22:00:00.00000025,11.341917
2011-12-13 22:00:00.00000039,11.343331
2011-12-13 22:00:00.000000179,11.342588
2011-12-13 22:00:00.000000137,11.343619
2011-12-13 22:00:00.00000091,11.344324
2011-12-13 22:00:00.000000109,11.341832
2011-12-13 22:00:00.000000174,11.342885
2011-12-13 22:00:00.000000225,11.345712
2011-12-13 22:00:00.000000207,11.342119
2011-12-13 22:00:00.000000269,11.348276
2011-12-13 22:00:00.000000234,11.342177
2011-12-13 22:00:00.00000017,11.342543
2011-12-13 22:00:00.00000046,11.341721
2011-12-13 22:00:00.00000057,11.344355
2011-12-13 22:00:00.000000105,11.342368
2011-12-13 22:00:00.000000114,11.344861
2011-12-13 22:00:00.00000030,11.341721
2011-12-13 22:00:00.000000100,11.341907
2011-12-13 22:00:00.00000088,11.345297
2011-12-13 22:00:00.000000242,11.342869
2011-12-13 22:00:00.000000113,11.342142
2011-12-13 22:00:00.000000157,11.343613
2011-12-13 22:00:00.000000177,11.344433
2011-12-13 22:00:00.000000169,11.343162
2011-12-13 22:00:00.000000123,11.3412485
2011-12-13 22:00:00.000000182,11.348624
2011-12-13 22:00:00.000000129,11.342351
2011-12-13 22:00:00.000000136,11.34595
2011-12-13 22:00:00.000000187,11.341873
2011-12-13 22:00:00.000000218,11.342389
2011-12-13 22:00:00.000000167,11.350392
2011-12-13 22:00:00.000000192,11.3431835
2011-12-13 22:00:00.00000024,11.342099
2011-12-13 22:00:00.00000093,11.343212
2011-12-13 22:00:00.000000260,11.341436
2011-12-13 22:00:00.00000038,11.341457
2011-12-13 22:00:00.000000208,11.341904
2011-12-13 22:00:00.000000210,11.341955
2011-12-13 22:00:00.000000181,11.341982
2011-12-13 22:00:00.000000111,11.343515
2011-12-13 22:00:00.000000161,11.345476
2011-12-13 22:00:00.000000209,11.341465
2011-12-13 22:00:00.00000029,11.341911
2011-12-13 22:00:00.00000067,11.341697
2011-12-13 22:00:00.000000202,11.341548
2011-12-13 22:00:00.000000245,11.343021
2011-12-13 22:00:00.000000206,11.34353
2011-12-13 22:00:00.0000003,11.34193
2011-12-13 22:00:00.00000060,11.344285
2011-12-13 22:00:00.00000053,11.341865
2011-12-13 22:00:00.000000201,11.342545
2011-12-13 22:00:00.000000212,11.343214
2011-12-13 22:00:00.000000235,11.346101
2011-12-13 22:00:00.000000170,11.348035
2011-12-13 22:00:00.000000253,11.341481
2011-12-13 22:00:00.000000172,11.345705
2011-12-13 22:00:00.00000086,11.34147
2011-12-13 22:00:00.000000223,11.353816
2011-12-13 22:00:00.0000009,11.343939
2011-12-13 22:00:00.00000031,11.34432
2011-12-13 22:00:00.000000243,11.343093
2011-12-13 22:00:00.000000133,11.343551
2011-12-13 22:00:00.000000199,11.342417
2011-12-13 22:00:00.000000104,11.34612
2011-12-13 22:00:00.00000023,11.35534
2011-12-13 22:00:00.00000075,11.350188
2011-12-13 22:00:00.000000217,11.341464
2011-12-13 22:00:00.000000220,11.342499
2011-12-13 22:00:00.000000211,11.341585
2011-12-13 22:00:00.000000150,11.342964
2011-12-13 22:00:00.00000020,11.341467
2011-12-13 22:00:00.000000254,11.340974
2011-12-13 22:00:00.000000183,11.342385
2011-12-13 22:00:00.000000166,11.343751
2011-12-13 22:00:00.00000063,11.34237
2011-12-13 22:00:00.000000124,11.341743
2011-12-13 22:00:00.000000219,11.342745
2011-12-13 22:00:00.00000099,11.345184
2011-12-13 22:00:00.00000041,11.342112
2011-12-13 22:00:00.00000080,11.343488
2011-12-13 22:00:00.000000216,11.348295
2011-12-13 22:00:00.000000240,11.341703
2011-12-13 22:00:00.000000153,11.342589
2011-12-13 22:00:00.00000068,11.341308
2011-12-13 22:00:00.000000263,11.342985
2011-12-13 22:00:00.00000061,11.344573
2011-12-13 22:00:00.000000162,11.341766
2011-12-13 22:00:00.00000045,11.341662
2011-12-13 22:00:00.000000193,11.34124
2011-12-13 22:00:00.000000112,11.348137
2011-12-13 22:00:00.000000165,11.3419485
2011-12-13 22:00:00.000000255,11.344487
2011-12-13 22:00:00.000000106,11.348286
2011-12-13 22:00:00.000000125,11.345485
2011-12-13 22:00:00.000000250,11.342352
2011-12-13 22:00:00.0000006,11.341768
2011-12-13 22:00:00.00000090,11.3413925
2011-12-13 22:00:00.00000055,11.341815
2011-12-13 22:00:00.000000188,11.342843
2011-12-13 22:00:00.000000259,11.344583
2011-12-13 22:00:00.000000142,11.34481
2011-12-13 22:00:00.000000155,11.342025
2011-12-13 22:00:00.00000082,11.341662
2011-12-13 22:00:00.00000069,11.342194
2011-12-13 22:00:00.00000097,11.344115
2011-12-13 22:00:00.000000107,11.347467
2011-12-13 22:00:00.000000126,11.341924
2011-12-13 22:00:00.00000012,11.343508
2011-12-13 22:00:00.000000158,11.342445
2011-12-13 22:00:00.000000196,11.342061
2011-12-13 22:00:00.000000132,11.348037
2011-12-13 22:00:00.000000244,11.342038
2011-12-13 22:00:00.000000268,11.34295
2011-12-13 22:00:00.00000064,11.341872
2011-12-13 22:00:00.000000159,11.343642
2011-12-13 22:00:00.000000163,11.34657
2011-12-13 22:00:00.000000232,11.346713
2011-12-13 22:00:00.0000007,11.340974
2011-12-13 22:00:00.00000054,11.3415165
2011-12-13 22:00:00.000000230,11.34653
2011-12-13 22:00:00.000000256,11.34192
2011-12-13 22:00:00.000000146,11.342028
2011-12-13 22:00:00.000000265,11.34277
2011-12-13 22:00:00.00000076,11.342268
2011-12-13 22:00:00.00000062,11.345883
2011-12-13 22:00:00.00000032,11.342125
2011-12-13 22:00:00.000000213,11.34166
2011-12-13 22:00:00.00000083,11.344069
2011-12-13 22:00:00.00000026,11.341298
2011-12-13 22:00:00.000000239,11.343995
2011-12-13 22:00:00.000000233,11.343781
2011-12-13 22:00:00.00000089,11.340974
2011-12-13 22:00:00.000000267,11.342445
2011-12-13 22:00:00.000000176,11.342469
2011-12-13 22:00:00.000000139,11.34152
2011-12-13 22:00:00.00000027,11.341393
2011-12-13 22:00:00.00000042,11.342775
2011-12-13 22:00:00.000000241,11.344185
2011-12-13 22:00:00.000000222,11.342314
2012-03-12 09:50:24.0000001,11.340974
2012-03-12 09:50:24.0000003,11.342175
2012-03-12 09:50:24.0000002,11.342029
2014-05-13 07:33:52.0000006,11.341516
2014-05-13 07:33:52.0000004,11.342036
2014-05-13 07:33:52.0000001,11.342406
2014-05-13 07:33:52.0000002,11.341495
2014-05-13 07:33:52.0000003,11.344066
2011-06-30 09:37:08.0000002,11.343139
2011-06-30 09:37:08.0000003,11.341117
2012-09-18 17:13:40.0000002,11.341952
2012-09-18 17:13:40.0000001,11.34208
2011-06-07 12:11:56.0000004,11.347398
2011-06-07 12:11:56.0000001,11.343392
2011-06-07 12:11:56.0000003,11.347481
2011-06-07 12:11:56.0000002,11.34155
2011-06-07 12:11:56.0000005,11.341865
2010-05-21 23:04:44.0000002,11.3457985
2010-05-21 23:04:44.0000001,11.345151
2009-01-28 16:36:28.0000002,11.342271
2009-01-28 16:36:28.0000003,11.355981
2009-01-28 16:36:28.0000005,11.342256
2009-01-28 16:36:28.0000006,11.343001
2009-01-28 16:36:28.0000001,11.341699
2012-03-12 02:58:56.0000001,11.345336
2010-07-21 22:06:12.0000005,11.342913
2010-07-21 22:06:12.0000003,11.342116
2010-07-21 22:06:12.0000001,11.346564
2010-07-21 22:06:12.0000002,11.344007
2009-04-12 16:00:56.0000001,11.344051
2013-05-24 13:37:32.0000001,11.341701
2011-07-29 20:50:36.0000001,11.344373
2011-07-29 20:50:36.0000003,11.346063
2011-07-29 20:50:36.0000002,11.34186
2014-03-05 21:07:12.0000003,11.343961
2014-03-05 21:07:12.0000004,11.34227
2009-11-28 15:07:24.0000004,11.356988
2009-11-28 15:07:24.0000001,11.340976
2009-11-28 15:07:24.0000003,11.341941
2015-04-11 14:16:12.0000003,11.341941
2015-04-11 14:16:12.00000010,11.341551
2015-04-11 14:16:12.00000011,11.34154
2015-04-11 14:16:12.0000001,11.341974
2015-04-11 14:16:12.0000002,11.341967
2015-04-11 14:16:12.0000006,11.355663
2015-04-11 14:16:12.0000007,11.341478
2015-04-11 14:16:12.0000008,11.342553
2014-11-15 10:57:20.0000002,11.341416
2014-11-15 10:57:20.0000001,11.341786
2010-07-31 15:47:28.0000001,11.341443
2014-05-12 20:56:48.0000005,11.341469
2014-05-12 20:56:48.0000001,11.34239
2014-05-12 20:56:48.0000004,11.340974
2014-05-12 20:56:48.0000003,11.3422785
2014-05-12 20:56:48.0000002,11.343289
2014-01-16 06:00:48.0000001,11.343664
2014-04-23 11:18:40.0000003,11.342696
2014-04-23 11:18:40.0000002,11.341819
2014-04-23 11:18:40.0000001,11.342475
2011-09-22 04:49:56.0000001,11.350792
2011-10-28 07:35:52.0000003,11.341925
2011-10-28 07:35:52.0000002,11.343527
2011-10-28 07:35:52.0000001,11.342052
2015-05-10 19:54:00.0000001,11.342211
2015-05-10 19:54:00.0000003,11.34174
2015-05-10 19:54:00.0000005,11.342315
2015-05-10 19:54:00.0000004,11.342984
2011-03-28 23:18:48.0000001,11.343834
2014-08-26 01:31:04.0000001,11.347749
2015-02-26 15:55:48.0000004,11.342992
2015-02-26 15:55:48.0000003,11.342243
2015-02-26 15:55:48.0000002,11.341526
2013-11-22 15:36:36.0000002,11.341264
2010-02-13 11:03:04.0000002,11.341684
2010-02-13 11:03:04.0000001,11.341501
2010-02-13 11:03:04.0000004,11.341723
2010-02-13 11:03:04.0000003,11.341779
2011-06-26 18:48:08.0000004,11.343271
2011-06-26 18:48:08.0000005,11.345693
2011-06-26 18:48:08.0000002,11.341633
2011-06-26 18:48:08.0000001,11.342472
2010-10-14 23:48:56.0000001,11.341857
2010-10-14 23:48:56.0000002,11.355287
2010-10-14 23:48:56.0000003,11.344286
2010-10-14 23:48:56.0000004,11.3418
2011-01-22 07:48:28.0000001,11.342782
2011-10-17 18:49:20.0000003,11.34482
2011-10-17 18:49:20.0000002,11.342246
2011-10-17 18:49:20.0000005,11.34299
2009-03-24 16:39:12.0000002,11.343069
2009-03-24 16:39:12.0000004,11.342322
2009-03-24 16:39:12.0000003,11.343379
2009-03-24 16:39:12.0000001,11.341979
2014-07-21 18:19:00.000000102,11.341919
2014-07-21 18:19:00.000000106,11.342545
2014-07-21 18:19:00.000000107,11.341863
2014-07-21 18:19:00.00000094,11.35158
2014-07-21 18:19:00.000000161,11.3419285
2014-07-21 18:19:00.000000129,11.344476
2014-07-21 18:19:00.00000083,11.341702
2014-07-21 18:19:00.000000163,11.343784
2014-07-21 18:19:00.000000117,11.342984
2014-07-21 18:19:00.00000028,11.341575
2014-07-21 18:19:00.00000089,11.344019
2014-07-21 18:19:00.000000130,11.341986
2014-07-21 18:19:00.000000105,11.341787
2014-07-21 18:19:00.000000123,11.344571
2014-07-21 18:19:00.000000103,11.355119
2014-07-21 18:19:00.000000227,11.340974
2014-07-21 18:19:00.000000189,11.34249
2014-07-21 18:19:00.000000168,11.342153
2014-07-21 18:19:00.000000173,11.343032
2014-07-21 18:19:00.000000128,11.343893
2014-07-21 18:19:00.000000143,11.347002
2014-07-21 18:19:00.00000018,11.3463125
2014-07-21 18:19:00.00000049,11.3430195
2014-07-21 18:19:00.00000022,11.341866
2014-07-21 18:19:00.000000200,11.342077
2014-07-21 18:19:00.000000193,11.342475
2014-07-21 18:19:00.000000231,11.340975
2014-07-21 18:19:00.000000202,11.343616
2014-07-21 18:19:00.00000092,11.347199
2014-07-21 18:19:00.000000148,11.341706
2014-07-21 18:19:00.00000057,11.341558
2014-07-21 18:19:00.00000074,11.341923
2014-07-21 18:19:00.000000183,11.343298
2014-07-21 18:19:00.000000221,11.341064
2014-07-21 18:19:00.00000078,11.341875
2014-07-21 18:19:00.00000058,11.341891
2014-07-21 18:19:00.000000214,11.341979
2014-07-21 18:19:00.000000122,11.34249
2014-07-21 18:19:00.000000137,11.34132
2014-07-21 18:19:00.00000027,11.342162
2014-07-21 18:19:00.00000047,11.3462925
2014-07-21 18:19:00.00000061,11.343181
2014-07-21 18:19:00.000000196,11.342642
2014-07-21 18:19:00.000000125,11.344208
2014-07-21 18:19:00.000000126,11.345308
2014-07-21 18:19:00.000000145,11.341459
2014-07-21 18:19:00.00000080,11.343594
2014-07-21 18:19:00.00000055,11.342434
2014-07-21 18:19:00.00000066,11.342707
2014-07-21 18:19:00.000000111,11.34184
2014-07-21 18:19:00.00000042,11.341965
2014-07-21 18:19:00.000000215,11.341607
2014-07-21 18:19:00.00000043,11.347856
2014-07-21 18:19:00.000000119,11.345222
2014-07-21 18:19:00.000000115,11.343154
2014-07-21 18:19:00.0000009,11.342699
2014-07-21 18:19:00.00000075,11.34259
2014-07-21 18:19:00.000000118,11.341269
2014-07-21 18:19:00.00000038,11.344705
2014-07-21 18:19:00.000000124,11.342671
2014-07-21 18:19:00.000000242,11.342611
2014-07-21 18:19:00.00000019,11.34201
2014-07-21 18:19:00.00000056,11.342986
2014-07-21 18:19:00.000000239,11.34194
2014-07-21 18:19:00.000000101,11.342195
2014-07-21 18:19:00.000000216,11.350459
2014-07-21 18:19:00.000000198,11.341939
2014-07-21 18:19:00.000000174,11.347688
2014-07-21 18:19:00.00000070,11.342088
2014-07-21 18:19:00.0000004,11.343111
2014-07-21 18:19:00.000000135,11.342395
2014-07-21 18:19:00.000000165,11.342211
2014-07-21 18:19:00.00000010,11.343165
2014-07-21 18:19:00.000000211,11.341848
2014-07-21 18:19:00.000000190,11.342032
2014-07-21 18:19:00.00000021,11.341792
2014-07-21 18:19:00.000000204,11.3417425
2014-07-21 18:19:00.000000112,11.34202
2014-07-21 18:19:00.000000169,11.346054
2014-07-21 18:19:00.000000226,11.342016
2014-07-21 18:19:00.000000109,11.341744
2014-07-21 18:19:00.000000113,11.344664
2014-07-21 18:19:00.000000127,11.345423
2014-07-21 18:19:00.000000182,11.342983
2014-07-21 18:19:00.00000036,11.342255
2014-07-21 18:19:00.000000220,11.341324
2014-07-21 18:19:00.000000121,11.34178
2014-07-21 18:19:00.00000050,11.342652
2014-07-21 18:19:00.000000178,11.341562
2014-07-21 18:19:00.000000166,11.342133
2014-07-21 18:19:00.000000224,11.341781
2014-07-21 18:19:00.000000134,11.341753
2014-07-21 18:19:00.000000195,11.342944
2014-07-21 18:19:00.00000015,11.348483
2014-07-21 18:19:00.0000005,11.353837
2014-07-21 18:19:00.000000120,11.343444
2014-07-21 18:19:00.000000133,11.341804
2014-07-21 18:19:00.00000044,11.342258
2014-07-21 18:19:00.000000233,11.341962
2014-07-21 18:19:00.00000063,11.343024
2014-07-21 18:19:00.000000167,11.342897
2014-07-21 18:19:00.000000208,11.341974
2014-07-21 18:19:00.00000030,11.343307
2014-07-21 18:19:00.00000098,11.341943
2014-07-21 18:19:00.000000179,11.34195
2014-07-21 18:19:00.000000219,11.341359
2014-07-21 18:19:00.0000006,11.34124
2014-07-21 18:19:00.0000008,11.343683
2014-07-21 18:19:00.00000031,11.346885
2014-07-21 18:19:00.000000225,11.341917
2014-07-21 18:19:00.000000235,11.342596
2014-07-21 18:19:00.000000104,11.342708
2014-07-21 18:19:00.00000011,11.341393
2014-07-21 18:19:00.00000026,11.341472
2014-07-21 18:19:00.000000228,11.341912
2014-07-21 18:19:00.000000154,11.342089
2014-07-21 18:19:00.000000240,11.341669
2014-07-21 18:19:00.00000069,11.34252
2014-07-21 18:19:00.000000210,11.34261
2014-07-21 18:19:00.00000097,11.347791
2014-07-21 18:19:00.000000136,11.342083
2014-07-21 18:19:00.000000150,11.342593
2014-07-21 18:19:00.00000060,11.341238
2014-07-21 18:19:00.00000073,11.341736
2014-07-21 18:19:00.000000177,11.344016
2014-07-21 18:19:00.000000222,11.342229
2014-07-21 18:19:00.0000003,11.344898
2014-07-21 18:19:00.00000012,11.3416815
2014-07-21 18:19:00.000000139,11.341684
2014-07-21 18:19:00.000000194,11.342837
2014-07-21 18:19:00.00000014,11.342697
2014-07-21 18:19:00.00000051,11.341704
2014-07-21 18:19:00.000000218,11.341008
2014-07-21 18:19:00.000000181,11.341639
2014-07-21 18:19:00.000000114,11.3432865
2014-07-21 18:19:00.00000072,11.3421335
2014-07-21 18:19:00.000000213,11.342151
2014-07-21 18:19:00.00000064,11.341417
2012-12-07 16:13:08.0000001,11.344918
2011-06-13 09:55:04.0000005,11.342719
2011-06-13 09:55:04.0000004,11.341913
2011-06-13 09:55:04.0000001,11.34278
2014-12-27 22:31:56.0000002,11.34359
2014-11-24 09:50:20.0000001,11.341427
2014-11-24 09:50:20.0000002,11.345121
2015-02-17 12:29:52.0000003,11.342074
2015-02-17 12:29:52.0000002,11.342181
2015-02-17 12:29:52.0000004,11.343986
2015-02-17 12:29:52.0000001,11.341456
2010-02-21 21:57:20.0000001,11.340975
2010-02-21 21:57:20.0000002,11.341469
2010-09-20 16:48:00.000000101,11.343963
2010-09-20 16:48:00.000000140,11.341937
2010-09-20 16:48:00.00000052,11.341918
2010-09-20 16:48:00.00000038,11.343413
2010-09-20 16:48:00.000000135,11.342226
2010-09-20 16:48:00.000000145,11.342892
2010-09-20 16:48:00.00000090,11.343189
2010-09-20 16:48:00.00000088,11.349909
2010-09-20 16:48:00.000000161,11.345572
2010-09-20 16:48:00.000000160,11.342036
2010-09-20 16:48:00.00000012,11.341802
2010-09-20 16:48:00.00000028,11.35581
2010-09-20 16:48:00.000000117,11.347737
2010-09-20 16:48:00.00000018,11.341814
2010-09-20 16:48:00.00000059,11.342074
2010-09-20 16:48:00.00000061,11.341378
2010-09-20 16:48:00.00000037,11.341857
2010-09-20 16:48:00.000000133,11.344243
2010-09-20 16:48:00.000000141,11.34341
2010-09-20 16:48:00.000000113,11.3489685
2010-09-20 16:48:00.00000067,11.345615
2010-09-20 16:48:00.00000066,11.349382
2010-09-20 16:48:00.000000128,11.343701
2010-09-20 16:48:00.000000109,11.343225
2010-09-20 16:48:00.000000167,11.35084
2010-09-20 16:48:00.00000065,11.341796
2010-09-20 16:48:00.000000157,11.352074
2010-09-20 16:48:00.00000045,11.343852
2010-09-20 16:48:00.00000054,11.342473
2010-09-20 16:48:00.00000076,11.341809
2010-09-20 16:48:00.000000125,11.344622
2010-09-20 16:48:00.00000031,11.343784
2010-09-20 16:48:00.000000105,11.341561
2010-09-20 16:48:00.00000017,11.342678
2010-09-20 16:48:00.000000127,11.341687
2010-09-20 16:48:00.000000149,11.355305
2010-09-20 16:48:00.00000039,11.346763
2010-09-20 16:48:00.00000095,11.352944
2010-09-20 16:48:00.00000062,11.342446
2010-09-20 16:48:00.00000029,11.342648
2010-09-20 16:48:00.000000155,11.348119
2010-09-20 16:48:00.000000123,11.342232
2010-09-20 16:48:00.00000020,11.343024
2010-09-20 16:48:00.0000003,11.343246
2010-09-20 16:48:00.000000102,11.341567
2010-09-20 16:48:00.00000096,11.342635
2010-09-20 16:48:00.00000087,11.343053
2010-09-20 16:48:00.00000063,11.348654
2010-09-20 16:48:00.00000078,11.3426075
2010-09-20 16:48:00.00000049,11.341228
2010-09-20 16:48:00.000000115,11.343756
2010-09-20 16:48:00.00000080,11.343186
2010-09-20 16:48:00.00000046,11.346241
2010-09-20 16:48:00.00000048,11.342549
2010-09-20 16:48:00.00000033,11.347876
2010-09-20 16:48:00.000000136,11.341743
2010-09-20 16:48:00.00000032,11.345871
2010-09-20 16:48:00.00000082,11.345081
2010-09-20 16:48:00.00000091,11.344404
2010-09-20 16:48:00.00000051,11.350644
2010-09-20 16:48:00.000000107,11.342836
2010-09-20 16:48:00.000000150,11.34192
2010-09-20 16:48:00.00000070,11.341914
2010-09-20 16:48:00.000000165,11.347221
2010-09-20 16:48:00.00000097,11.349135
2010-09-20 16:48:00.00000075,11.341994
2010-09-20 16:48:00.000000164,11.343864
2010-09-20 16:48:00.000000162,11.341425
2010-09-20 16:48:00.00000026,11.341836
2010-09-20 16:48:00.000000126,11.343018
2010-09-20 16:48:00.00000077,11.344567
2010-09-20 16:48:00.000000138,11.341728
2010-09-20 16:48:00.000000118,11.347005
2010-09-20 16:48:00.00000011,11.344699
2010-09-20 16:48:00.00000073,11.3457775
2010-09-20 16:48:00.000000120,11.342491
2010-09-20 16:48:00.00000034,11.34689
2010-09-20 16:48:00.00000057,11.343206
2010-09-20 16:48:00.00000044,11.344975
2010-09-20 16:48:00.00000079,11.341626
2010-09-20 16:48:00.00000013,11.344086
2010-09-20 16:48:00.00000060,11.342188
2010-09-20 16:48:00.00000098,11.347721
2010-09-20 16:48:00.00000022,11.34138
2010-09-20 16:48:00.00000043,11.344356
2010-09-20 16:48:00.000000130,11.341549
2010-09-20 16:48:00.00000094,11.34414
2010-09-20 16:48:00.000000153,11.343315
2010-09-20 16:48:00.0000009,11.3452215
2010-09-20 16:48:00.000000119,11.342318
2010-09-20 16:48:00.00000089,11.340974
2010-09-20 16:48:00.00000053,11.344241
2010-09-20 16:48:00.00000014,11.343842
2010-09-20 16:48:00.00000093,11.344826
2010-09-20 16:48:00.000000144,11.342268
2010-09-20 16:48:00.00000030,11.3467
2010-09-20 16:48:00.000000147,11.347016
2010-09-20 16:48:00.000000108,11.344485
2010-09-20 16:48:00.00000064,11.342084
2010-09-20 16:48:00.00000010,11.343522
2010-09-20 16:48:00.00000042,11.343854
2012-04-01 22:22:28.0000001,11.341058
2012-03-05 09:19:32.0000001,11.342002
2012-03-05 09:19:32.0000002,11.341828
2012-03-05 09:19:32.0000005,11.358595
2012-03-05 09:19:32.0000003,11.343044
2012-03-05 09:19:32.0000004,11.34185
2012-08-20 14:47:36.0000003,11.341968
2012-08-20 14:47:36.0000004,11.351911
2011-12-01 01:36:08.0000002,11.341845
2013-06-21 11:33:28.0000002,11.341908
2013-06-21 11:33:28.0000004,11.341922
2013-06-21 11:33:28.0000001,11.3416195
2013-06-21 11:33:28.0000003,11.344133
2013-04-10 11:33:28.0000001,11.344569
2013-04-10 11:33:28.0000002,11.342737
2014-03-29 14:59:28.0000003,11.34114
2014-03-29 14:59:28.0000002,11.341801
2010-04-05 06:01:24.0000001,11.342148
2014-12-01 00:12:44.0000001,11.347857
2012-08-01 18:54:24.0000001,11.342626
2012-08-01 18:54:24.0000002,11.341636
2012-08-01 18:54:24.0000003,11.342263
2013-07-13 18:28:20.0000005,11.342081
2013-07-13 18:28:20.0000001,11.341589
2013-07-13 18:28:20.0000002,11.342405
2013-07-13 18:28:20.0000004,11.34203
2014-03-06 04:23:32.0000001,11.342597
2014-10-07 19:04:08.0000002,11.342693
2014-10-07 19:04:08.0000005,11.342502
2014-10-07 19:04:08.0000006,11.340976
2014-10-07 19:04:08.0000004,11.341336
2013-08-21 09:32:24.0000002,11.342779
2013-08-21 09:32:24.0000004,11.343241
2013-08-21 09:32:24.0000003,11.342529
2015-01-26 07:13:44.0000006,11.34242
2015-01-26 07:13:44.0000002,11.342354
2015-01-26 07:13:44.0000004,11.342152
2015-01-26 07:13:44.0000003,11.343231
2009-03-16 09:55:24.0000003,11.3419285
2009-03-16 09:55:24.0000005,11.341637
2009-03-16 09:55:24.0000004,11.343329
2009-03-16 09:55:24.0000006,11.342134
2009-03-16 09:55:24.0000002,11.341345
2011-03-06 21:01:00.000000150,11.341899
2011-03-06 21:01:00.00000026,11.341482
2011-03-06 21:01:00.000000148,11.341153
2011-03-06 21:01:00.00000088,11.341827
2011-03-06 21:01:00.00000098,11.34163
2011-03-06 21:01:00.00000054,11.344375
2011-03-06 21:01:00.000000101,11.343282
2011-03-06 21:01:00.000000175,11.3423195
2011-03-06 21:01:00.00000029,11.343297
2011-03-06 21:01:00.000000106,11.341333
2011-03-06 21:01:00.00000099,11.342029
2011-03-06 21:01:00.000000158,11.342915
2011-03-06 21:01:00.000000130,11.342053
2011-03-06 21:01:00.00000027,11.341804
2011-03-06 21:01:00.00000032,11.34698
2011-03-06 21:01:00.000000111,11.344879
2011-03-06 21:01:00.00000024,11.343597
2011-03-06 21:01:00.000000118,11.342913
2011-03-06 21:01:00.00000016,11.342633
2011-03-06 21:01:00.00000066,11.343121
2011-03-06 21:01:00.000000133,11.344896
2011-03-06 21:01:00.00000070,11.341562
2011-03-06 21:01:00.000000104,11.342026
2011-03-06 21:01:00.00000076,11.34313
2011-03-06 21:01:00.000000141,11.342208
2011-03-06 21:01:00.000000145,11.342156
2011-03-06 21:01:00.000000143,11.342226
2011-03-06 21:01:00.00000092,11.341664
2011-03-06 21:01:00.00000080,11.34176
2011-03-06 21:01:00.00000015,11.347337
2011-03-06 21:01:00.000000153,11.345341
2011-03-06 21:01:00.00000093,11.343608
2011-03-06 21:01:00.000000162,11.349771
2011-03-06 21:01:00.00000062,11.34257
2011-03-06 21:01:00.000000129,11.344929
2011-03-06 21:01:00.000000107,11.346113
2011-03-06 21:01:00.00000045,11.341605
2011-03-06 21:01:00.000000115,11.344302
2011-03-06 21:01:00.0000002,11.341187
2011-03-06 21:01:00.00000044,11.342622
2011-03-06 21:01:00.000000167,11.342273
2011-03-06 21:01:00.000000169,11.341563
2011-03-06 21:01:00.00000067,11.353815
2011-03-06 21:01:00.0000007,11.342012
2011-03-06 21:01:00.000000135,11.355646
2011-03-06 21:01:00.000000128,11.344821
2011-03-06 21:01:00.0000004,11.3423605
2011-03-06 21:01:00.00000010,11.343033
2011-03-06 21:01:00.000000151,11.344014
2011-03-06 21:01:00.00000055,11.343187
2011-03-06 21:01:00.00000095,11.342578
2011-03-06 21:01:00.000000102,11.343533
2011-03-06 21:01:00.00000034,11.342472
2011-03-06 21:01:00.000000108,11.34148
2011-03-06 21:01:00.00000012,11.341483
2011-03-06 21:01:00.00000085,11.341313
2011-03-06 21:01:00.0000001,11.343274
2011-03-06 21:01:00.00000035,11.34162
2011-03-06 21:01:00.00000097,11.3437195
2011-03-06 21:01:00.000000105,11.342876
2011-03-06 21:01:00.00000020,11.343527
2011-03-06 21:01:00.000000114,11.341282
2011-03-06 21:01:00.00000038,11.341421
2011-03-06 21:01:00.0000006,11.343611
2011-03-06 21:01:00.00000086,11.342892
2011-03-06 21:01:00.00000049,11.341986
2011-03-06 21:01:00.000000147,11.342178
2011-03-06 21:01:00.00000040,11.341295
2011-03-06 21:01:00.00000064,11.342089
2011-03-06 21:01:00.00000061,11.343918
2011-03-06 21:01:00.0000005,11.341108
2011-03-06 21:01:00.0000009,11.342181
2011-03-06 21:01:00.00000042,11.341583
2011-03-06 21:01:00.00000022,11.347992
2011-03-06 21:01:00.00000021,11.346341
2011-03-06 21:01:00.00000094,11.341746
2011-03-06 21:01:00.000000156,11.342753
2011-03-06 21:01:00.00000072,11.341714
2011-03-06 21:01:00.00000031,11.345226
2011-03-06 21:01:00.00000089,11.342158
2011-03-06 21:01:00.00000023,11.34391
2011-03-06 21:01:00.00000046,11.341141
2011-03-06 21:01:00.00000087,11.341871
2011-03-06 21:01:00.00000053,11.344677
2011-03-06 21:01:00.0000008,11.341512
2011-03-06 21:01:00.000000157,11.341693
2011-03-06 21:01:00.00000077,11.344225
2011-03-06 21:01:00.00000073,11.342813
2011-03-06 21:01:00.00000047,11.341356
2011-03-06 21:01:00.000000172,11.34219
2011-03-06 21:01:00.00000084,11.343706
2011-03-06 21:01:00.000000122,11.340975
2011-03-06 21:01:00.000000154,11.345202
2011-03-06 21:01:00.000000136,11.343272
2011-03-06 21:01:00.00000075,11.341267
2011-03-06 21:01:00.00000014,11.341999
2009-09-04 20:52:28.0000002,11.341671
2009-09-04 20:52:28.0000003,11.34175
2009-09-04 20:52:28.0000004,11.341679
2009-09-04 20:52:28.0000001,11.341431
2013-09-25 05:52:12.0000002,11.344112
2013-09-25 05:52:12.0000001,11.349475
2010-04-16 10:32:24.0000002,11.342294
2010-04-16 10:32:24.0000001,11.3476515
2011-10-12 07:24:40.0000001,11.343424
2011-10-12 07:24:40.0000003,11.342685
2011-10-12 07:24:40.0000002,11.345968
2010-06-13 13:34:56.0000001,11.342554
2011-11-20 02:39:04.0000002,11.345253
2011-11-20 02:39:04.0000001,11.341335
2010-12-13 06:42:16.0000002,11.341516
2010-12-13 06:42:16.0000001,11.343318
2009-11-24 08:58:48.0000003,11.342575
2009-11-24 08:58:48.0000001,11.341396
2009-11-24 08:58:48.0000006,11.340979
2009-11-24 08:58:48.0000002,11.342715
2009-11-24 08:58:48.0000005,11.342525
2009-11-24 08:58:48.0000007,11.343028
2014-09-22 07:14:16.0000002,11.34464
2011-05-30 09:32:56.0000001,11.342276
2012-09-21 05:41:36.0000001,11.341037
2010-11-22 19:30:04.0000002,11.343141
2010-11-22 19:30:04.0000001,11.344093
2010-10-05 02:09:00.0000005,11.341948
2010-10-05 02:09:00.0000006,11.347439
2010-10-05 02:09:00.0000007,11.344175
2010-10-05 02:09:00.00000018,11.348046
2010-10-05 02:09:00.00000011,11.34718
2010-10-05 02:09:00.00000023,11.344812
2010-10-05 02:09:00.00000012,11.343522
2010-10-05 02:09:00.00000022,11.341639
2010-10-05 02:09:00.00000013,11.347665
2010-10-05 02:09:00.0000003,11.34715
2010-10-05 02:09:00.00000010,11.341549
2010-10-05 02:09:00.0000001,11.342641
2010-10-05 02:09:00.00000021,11.341842
2010-10-05 02:09:00.0000008,11.344575
2010-10-05 02:09:00.00000027,11.342175
2010-10-05 02:09:00.0000002,11.345917
2010-10-05 02:09:00.00000015,11.34204
2014-08-23 16:30:24.0000002,11.342233
2014-08-23 16:30:24.0000001,11.341817
2012-03-15 08:17:36.0000001,11.342336
2012-03-15 08:17:36.0000002,11.341775
2012-03-15 08:17:36.0000005,11.346273
2012-03-15 08:17:36.0000004,11.345806
2012-03-15 08:17:36.0000003,11.341868
2013-10-04 02:53:20.0000001,11.341997
2013-10-04 02:53:20.0000002,11.340974
2009-03-28 15:09:20.0000001,11.34257
2009-03-28 15:09:20.0000003,11.34524
2009-03-28 15:09:20.0000002,11.344948
2012-01-25 22:43:44.0000003,11.34336
2012-01-25 22:43:44.0000004,11.342862
2012-01-25 22:43:44.0000002,11.341635
2012-01-25 22:43:44.0000001,11.344976
2011-07-21 07:51:32.0000002,11.34184
2011-07-21 07:51:32.0000003,11.3440485
2011-07-21 07:51:32.0000001,11.341978
2010-12-01 22:04:52.0000001,11.34239
2013-06-23 02:54:32.0000003,11.342156
2013-06-23 02:54:32.0000002,11.341845
2014-03-24 22:36:24.0000004,11.342983
2014-03-24 22:36:24.0000002,11.342743
2014-03-24 22:36:24.0000001,11.341721
2014-03-24 22:36:24.0000003,11.342567
2013-09-13 01:54:20.0000001,11.342196
2013-10-14 18:30:36.0000003,11.344434
2013-10-14 18:30:36.0000002,11.341903
2013-10-14 18:30:36.0000004,11.343357
2013-10-14 18:30:36.0000001,11.341375
2013-11-18 15:07:28.0000006,11.342254
2013-11-18 15:07:28.0000004,11.355258
2013-11-18 15:07:28.0000001,11.341508
2013-11-18 15:07:28.0000005,11.341166
2013-11-18 15:07:28.0000002,11.341851
2011-02-20 23:35:12.0000001,11.342585
2011-02-20 23:35:12.0000004,11.343272
2011-02-20 23:35:12.0000005,11.346558
2011-02-20 23:35:12.0000003,11.344778
2011-02-20 23:35:12.0000002,11.34501
2010-02-06 19:59:16.0000001,11.344026
2012-03-10 02:36:04.0000003,11.342676
2012-03-10 02:36:04.0000002,11.344102
2012-03-10 02:36:04.0000001,11.341972
2014-04-13 17:35:52.0000002,11.3421755
2010-04-04 21:59:56.0000002,11.342895
2010-04-04 21:59:56.0000001,11.344652
2010-04-04 21:59:56.0000003,11.344254
2010-04-04 21:59:56.0000004,11.342068
2013-03-23 04:51:12.0000001,11.344776
2010-06-29 00:22:24.0000002,11.356542
2010-06-29 00:22:24.0000001,11.341497
2011-10-17 12:37:56.0000002,11.341818
2011-10-17 12:37:56.0000001,11.342189
2012-01-30 19:07:52.0000003,11.343573
2012-01-30 19:07:52.0000002,11.34224
2012-01-30 19:07:52.0000004,11.343129
2012-01-30 19:07:52.0000001,11.341981
2012-01-30 19:07:52.0000005,11.34348
2011-05-30 01:44:40.0000001,11.343067
2011-05-30 01:44:40.0000002,11.341965
2011-02-08 01:04:08.0000001,11.342707
2012-05-23 16:25:16.0000002,11.341743
2011-09-20 18:02:28.0000001,11.340974
2009-10-08 10:04:36.0000001,11.34887
2009-10-08 10:04:36.0000003,11.34348
2009-10-08 10:04:36.0000002,11.348586
2010-07-02 22:03:04.0000002,11.3439245
2010-07-02 22:03:04.0000001,11.342336
2012-05-03 14:11:36.0000002,11.341723
2012-05-03 14:11:36.0000005,11.343162
2012-05-03 14:11:36.0000004,11.34709
2012-05-03 14:11:36.0000003,11.344963
2012-05-03 14:11:36.0000001,11.341743
2013-04-04 16:31:56.0000001,11.344694
2013-04-04 16:31:56.0000002,11.342396
2009-12-02 15:59:56.0000001,11.347375
2009-12-02 15:59:56.0000002,11.341896
2010-01-03 02:03:40.0000002,11.342446
2010-01-03 02:03:40.0000003,11.342233
2011-08-21 10:54:24.0000003,11.342462
2011-08-21 10:54:24.0000002,11.353783
2011-08-21 10:54:24.0000001,11.34534
2011-01-30 14:38:24.0000003,11.341757
2011-01-30 14:38:24.0000002,11.344972
2011-04-16 21:23:16.0000004,11.345914
2011-04-16 21:23:16.0000002,11.343336
2011-04-16 21:23:16.0000006,11.341539
2013-10-05 19:51:04.0000006,11.342481
2013-10-05 19:51:04.0000005,11.343612
2013-10-05 19:51:04.0000003,11.344642
2013-10-05 19:51:04.0000002,11.344305
2014-10-31 08:17:44.0000002,11.342185
2014-10-31 08:17:44.0000004,11.342271
2014-10-31 08:17:44.0000005,11.342166
2014-10-31 08:17:44.0000001,11.342323
2014-10-31 08:17:44.0000003,11.345652
2009-05-31 21:24:56.0000001,11.344968
2014-06-04 01:50:40.0000001,11.34311
2009-07-14 17:59:12.0000001,11.3417015
2009-07-14 17:59:12.0000003,11.341699
2012-12-05 16:33:52.0000002,11.343978
2012-12-05 16:33:52.0000001,11.349482
2009-12-18 12:37:04.0000005,11.342164
2009-12-18 12:37:04.0000001,11.342528
2009-12-18 12:37:04.0000006,11.344167
2009-12-18 12:37:04.0000004,11.342767
2009-12-18 12:37:04.0000007,11.343005
2009-12-18 12:37:04.0000002,11.343173
2012-11-21 15:12:48.0000001,11.34154
2011-05-03 07:01:40.0000001,11.3441515
2011-05-03 07:01:40.0000002,11.34172
2011-05-03 07:01:40.0000003,11.3418455
2010-09-21 06:27:32.0000002,11.346431
2010-09-21 06:27:32.0000001,11.343311
2011-10-07 22:08:20.0000003,11.341271
2011-10-07 22:08:20.0000006,11.342987
2009-02-08 08:48:20.0000001,11.341775
2013-09-24 21:16:40.0000006,11.3423395
2013-09-24 21:16:40.0000003,11.343006
2013-09-24 21:16:40.0000001,11.342906
2013-09-24 21:16:40.0000007,11.343698
2013-09-24 21:16:40.0000002,11.343838
2013-09-24 21:16:40.0000004,11.343115
2012-03-14 19:10:48.0000005,11.344625
2012-03-14 19:10:48.0000008,11.341465
2012-03-14 19:10:48.0000002,11.342738
2012-03-14 19:10:48.0000004,11.342041
2012-03-14 19:10:48.0000001,11.341901
2012-03-14 19:10:48.0000009,11.34264
2012-03-14 19:10:48.0000006,11.343819
2009-11-12 11:01:20.0000001,11.342022
2009-11-12 11:01:20.0000002,11.341491
2009-06-21 04:28:48.0000002,11.345053
2009-06-21 04:28:48.0000003,11.344618
2014-01-25 12:36:52.0000002,11.342514
2014-01-25 12:36:52.0000001,11.342226
2012-12-27 13:23:48.0000001,11.342613
2011-06-28 16:09:44.0000001,11.341658
2010-12-01 08:35:20.0000001,11.343084
2012-11-19 12:40:40.0000005,11.341414
2012-11-19 12:40:40.0000001,11.341517
2012-11-19 12:40:40.0000002,11.34211
2012-11-19 12:40:40.0000003,11.343508
2012-11-19 12:40:40.0000004,11.352809
2009-07-13 17:58:04.0000001,11.343197
2009-07-13 17:58:04.0000003,11.342242
2009-07-13 17:58:04.0000002,11.342457
2011-06-25 11:42:36.0000003,11.341539
2011-06-25 11:42:36.0000002,11.34782
2012-01-26 07:33:00.000000128,11.344204
2012-01-26 07:33:00.00000032,11.342886
2012-01-26 07:33:00.000000163,11.341999
2012-01-26 07:33:00.000000155,11.34219
2012-01-26 07:33:00.000000153,11.342635
2012-01-26 07:33:00.00000049,11.341857
2012-01-26 07:33:00.00000095,11.34148
2012-01-26 07:33:00.000000158,11.345303
2012-01-26 07:33:00.00000050,11.34212
2012-01-26 07:33:00.00000015,11.342497
2012-01-26 07:33:00.00000062,11.342722
2012-01-26 07:33:00.00000037,11.345482
2012-01-26 07:33:00.00000069,11.344235
2012-01-26 07:33:00.000000142,11.341253
2012-01-26 07:33:00.000000150,11.341547
2012-01-26 07:33:00.000000147,11.342633
2012-01-26 07:33:00.000000125,11.34227
2012-01-26 07:33:00.000000124,11.347859
2012-01-26 07:33:00.000000129,11.341999
2012-01-26 07:33:00.00000033,11.343168
2012-01-26 07:33:00.0000004,11.347963
2012-01-26 07:33:00.00000029,11.343527
2012-01-26 07:33:00.000000113,11.3417015
2012-01-26 07:33:00.00000017,11.343214
2012-01-26 07:33:00.00000067,11.343516
2012-01-26 07:33:00.000000141,11.350772
2012-01-26 07:33:00.00000036,11.344636
2012-01-26 07:33:00.000000162,11.346845
2012-01-26 07:33:00.000000118,11.343273
2012-01-26 07:33:00.000000154,11.34602
2012-01-26 07:33:00.000000143,11.34347
2012-01-26 07:33:00.00000083,11.342418
2012-01-26 07:33:00.000000191,11.342354
2012-01-26 07:33:00.000000140,11.344078
2012-01-26 07:33:00.00000086,11.34162
2012-01-26 07:33:00.0000002,11.34281
2012-01-26 07:33:00.000000170,11.341968
2012-01-26 07:33:00.00000010,11.342455
2012-01-26 07:33:00.00000053,11.342537
2012-01-26 07:33:00.000000102,11.344016
2012-01-26 07:33:00.00000055,11.342007
2012-01-26 07:33:00.0000007,11.34308
2012-01-26 07:33:00.00000013,11.34216
2012-01-26 07:33:00.000000165,11.348001
2012-01-26 07:33:00.00000026,11.34148
2012-01-26 07:33:00.000000137,11.34183
2012-01-26 07:33:00.00000048,11.343283
2012-01-26 07:33:00.00000059,11.343682
2012-01-26 07:33:00.000000132,11.342617
2012-01-26 07:33:00.00000096,11.344553
2012-01-26 07:33:00.000000190,11.341254
2012-01-26 07:33:00.000000156,11.342478
2012-01-26 07:33:00.00000075,11.342661
2012-01-26 07:33:00.00000084,11.342074
2012-01-26 07:33:00.0000006,11.341215
2012-01-26 07:33:00.00000021,11.342131
2012-01-26 07:33:00.0000001,11.344666
2012-01-26 07:33:00.0000005,11.341554
2012-01-26 07:33:00.00000034,11.341811
2012-01-26 07:33:00.000000117,11.341238
2012-01-26 07:33:00.000000106,11.343583
2012-01-26 07:33:00.00000077,11.342601
2012-01-26 07:33:00.00000045,11.341786
2012-01-26 07:33:00.000000116,11.343282
2012-01-26 07:33:00.0000009,11.341152
2012-01-26 07:33:00.000000146,11.341716
2012-01-26 07:33:00.00000027,11.347351
2012-01-26 07:33:00.000000127,11.342474
2012-01-26 07:33:00.000000172,11.341595
2012-01-26 07:33:00.00000074,11.341401
2012-01-26 07:33:00.00000014,11.348087
2012-01-26 07:33:00.000000108,11.343313
2012-01-26 07:33:00.000000109,11.34527
2012-01-26 07:33:00.000000152,11.341949
2012-01-26 07:33:00.00000047,11.341949
2012-01-26 07:33:00.000000192,11.34349
2012-01-26 07:33:00.00000054,11.341862
2012-01-26 07:33:00.000000185,11.341735
2012-01-26 07:33:00.000000187,11.343275
2012-01-26 07:33:00.00000060,11.343725
2012-01-26 07:33:00.000000130,11.342678
2012-01-26 07:33:00.00000046,11.34325
2012-01-26 07:33:00.000000182,11.342367
2012-01-26 07:33:00.000000177,11.344133
2012-01-26 07:33:00.000000135,11.346899
2012-01-26 07:33:00.00000063,11.34152
2012-01-26 07:33:00.00000079,11.342121
2012-01-26 07:33:00.000000169,11.342747
2012-01-26 07:33:00.00000094,11.342974
2012-01-26 07:33:00.000000176,11.344165
2012-01-26 07:33:00.00000061,11.341565
2012-01-26 07:33:00.000000188,11.341688
2012-01-26 07:33:00.000000174,11.344115
2012-01-26 07:33:00.000000126,11.342178
2012-01-26 07:33:00.000000139,11.350193
2012-01-26 07:33:00.000000184,11.3417015
2012-01-26 07:33:00.000000107,11.341461
2012-01-26 07:33:00.00000038,11.341612
2012-01-26 07:33:00.000000134,11.341547
2012-01-26 07:33:00.00000058,11.346998
2012-01-26 07:33:00.00000078,11.341129
2012-01-26 07:33:00.00000019,11.341434
2012-01-26 07:33:00.000000111,11.342758
2012-01-26 07:33:00.000000178,11.346226
2012-01-26 07:33:00.0000003,11.343642
2012-01-26 07:33:00.00000052,11.345824
2012-01-26 07:33:00.00000040,11.343553
2012-01-26 07:33:00.000000148,11.343255
2012-01-26 07:33:00.00000066,11.343975
2012-01-26 07:33:00.00000041,11.341634
2012-01-26 07:33:00.00000070,11.343332
2012-01-26 07:33:00.000000157,11.349207
2012-01-26 07:33:00.000000179,11.342691
2012-01-26 07:33:00.000000112,11.346444
2012-01-26 07:33:00.00000073,11.342381
2012-01-26 07:33:00.000000138,11.346365
2012-01-26 07:33:00.00000092,11.343745
2012-01-26 07:33:00.000000164,11.345759
2012-01-26 07:33:00.000000123,11.340974
2012-01-26 07:33:00.00000043,11.341728
2012-01-26 07:33:00.00000093,11.341751
2012-01-26 07:33:00.00000016,11.342016
2012-01-26 07:33:00.000000144,11.342609
2012-01-26 07:33:00.00000042,11.34224
2012-01-26 07:33:00.00000011,11.3432865
2012-01-26 07:33:00.00000035,11.342939
2012-01-26 07:33:00.00000098,11.341056
2012-01-26 07:33:00.000000149,11.345445
2012-01-26 07:33:00.000000110,11.341458
2012-01-26 07:33:00.000000159,11.343566
2015-03-20 23:34:40.0000007,11.342273
2015-03-20 23:34:40.0000002,11.345905
2015-03-20 23:34:40.0000006,11.341394
2013-12-14 03:20:48.0000001,11.348108
2013-12-14 03:20:48.0000002,11.341279
2014-04-14 07:03:52.0000001,11.34259
2014-04-14 07:03:52.0000002,11.34376
2015-05-21 07:08:08.0000002,11.342016
2011-08-30 16:48:24.0000003,11.342322
2011-08-30 16:48:24.0000002,11.342938
2011-08-30 16:48:24.0000001,11.342361
2010-12-09 07:29:00.000000189,11.341253
2010-12-09 07:29:00.00000027,11.346575
2010-12-09 07:29:00.000000184,11.343656
2010-12-09 07:29:00.00000030,11.34163
2010-12-09 07:29:00.00000011,11.3415365
2010-12-09 07:29:00.00000065,11.343128
2010-12-09 07:29:00.00000063,11.34299
2010-12-09 07:29:00.000000133,11.345385
2010-12-09 07:29:00.00000054,11.342014
2010-12-09 07:29:00.00000021,11.34454
2010-12-09 07:29:00.000000162,11.341941
2010-12-09 07:29:00.000000144,11.342748
2010-12-09 07:29:00.000000116,11.343488
2010-12-09 07:29:00.000000142,11.341687
2010-12-09 07:29:00.000000113,11.343517
2010-12-09 07:29:00.000000105,11.340984
2010-12-09 07:29:00.00000047,11.341669
2010-12-09 07:29:00.0000008,11.342127
2010-12-09 07:29:00.00000099,11.341484
2010-12-09 07:29:00.00000048,11.341628
2010-12-09 07:29:00.00000076,11.344279
2010-12-09 07:29:00.000000174,11.34579
2010-12-09 07:29:00.000000130,11.347292
2010-12-09 07:29:00.000000177,11.342594
2010-12-09 07:29:00.00000088,11.342109
2010-12-09 07:29:00.00000091,11.341911
2010-12-09 07:29:00.00000072,11.34156
2010-12-09 07:29:00.00000014,11.3423605
2010-12-09 07:29:00.000000157,11.34216
2010-12-09 07:29:00.000000109,11.341003
2010-12-09 07:29:00.00000016,11.3423195
2010-12-09 07:29:00.00000023,11.341857
2010-12-09 07:29:00.000000118,11.342357
2010-12-09 07:29:00.00000017,11.341846
2010-12-09 07:29:00.00000032,11.343113
2010-12-09 07:29:00.000000188,11.342914
2010-12-09 07:29:00.00000040,11.341808
2010-12-09 07:29:00.00000037,11.343038
2010-12-09 07:29:00.000000128,11.34261
2010-12-09 07:29:00.00000057,11.341871
2010-12-09 07:29:00.000000125,11.342997
2010-12-09 07:29:00.000000159,11.342429
2010-12-09 07:29:00.00000018,11.341852
2010-12-09 07:29:00.000000107,11.341776
2010-12-09 07:29:00.00000051,11.345797
2010-12-09 07:29:00.00000042,11.342453
2010-12-09 07:29:00.00000059,11.341994
2010-12-09 07:29:00.00000075,11.341773
2010-12-09 07:29:00.00000035,11.342845
2010-12-09 07:29:00.00000029,11.342159
2010-12-09 07:29:00.00000045,11.342907
2010-12-09 07:29:00.00000055,11.341921
2010-12-09 07:29:00.000000140,11.342577
2010-12-09 07:29:00.00000060,11.343272
2010-12-09 07:29:00.000000185,11.343776
2010-12-09 07:29:00.000000120,11.341538
2010-12-09 07:29:00.000000104,11.341926
2010-12-09 07:29:00.000000191,11.341585
2010-12-09 07:29:00.000000106,11.341549
2010-12-09 07:29:00.00000039,11.341814
2010-12-09 07:29:00.000000132,11.341439
2010-12-09 07:29:00.00000019,11.34205
2010-12-09 07:29:00.000000166,11.341296
2010-12-09 07:29:00.000000111,11.342532
2010-12-09 07:29:00.00000013,11.341566
2010-12-09 07:29:00.000000138,11.341856
2010-12-09 07:29:00.00000085,11.34735
2010-12-09 07:29:00.000000169,11.341889
2010-12-09 07:29:00.000000153,11.344404
2010-12-09 07:29:00.00000033,11.3552475
2010-12-09 07:29:00.000000173,11.343077
2010-12-09 07:29:00.00000077,11.341898
2010-12-09 07:29:00.000000190,11.341442
2010-12-09 07:29:00.000000137,11.341751
2010-12-09 07:29:00.0000009,11.342491
2010-12-09 07:29:00.000000155,11.342654
2010-12-09 07:29:00.0000004,11.346502
2010-12-09 07:29:00.000000119,11.341708
2010-12-09 07:29:00.000000100,11.342396
2010-12-09 07:29:00.00000024,11.341731
2010-12-09 07:29:00.00000096,11.344287
2010-12-09 07:29:00.000000170,11.342784
2010-12-09 07:29:00.000000131,11.342065
2010-12-09 07:29:00.00000022,11.344447
2010-12-09 07:29:00.00000053,11.34208
2010-12-09 07:29:00.000000165,11.353469
2010-12-09 07:29:00.000000114,11.343043
2010-12-09 07:29:00.00000074,11.342882
2010-12-09 07:29:00.00000070,11.342576
2010-12-09 07:29:00.000000167,11.34147
2010-12-09 07:29:00.000000110,11.341996
2010-12-09 07:29:00.00000020,11.344054
2010-12-09 07:29:00.000000147,11.342368
2010-12-09 07:29:00.000000178,11.34874
2010-12-09 07:29:00.000000146,11.342169
2010-12-09 07:29:00.000000103,11.342409
2010-12-09 07:29:00.000000149,11.344022
2010-12-09 07:29:00.000000182,11.3431635
2010-12-09 07:29:00.000000124,11.342425
2010-12-09 07:29:00.000000154,11.34432
2010-12-09 07:29:00.000000117,11.342409
2010-12-09 07:29:00.00000034,11.343762
2010-12-09 07:29:00.00000084,11.34353
2010-12-09 07:29:00.00000064,11.342054
2010-12-09 07:29:00.000000126,11.34573
2010-12-09 07:29:00.00000082,11.342152
2010-12-09 07:29:00.00000092,11.34407
2010-12-09 07:29:00.00000087,11.341878
2010-12-09 07:29:00.00000095,11.348374
2010-12-09 07:29:00.000000101,11.342884
2010-12-09 07:29:00.000000122,11.342235
2010-12-09 07:29:00.000000160,11.342357
2010-12-09 07:29:00.000000175,11.342996
2010-12-09 07:29:00.00000043,11.342608
2010-12-09 07:29:00.00000061,11.344285
2010-12-09 07:29:00.000000179,11.34164
2010-12-09 07:29:00.00000049,11.342635
2010-12-09 07:29:00.000000172,11.353672
2010-12-09 07:29:00.000000192,11.342354
2010-12-09 07:29:00.000000194,11.341736
2010-12-09 07:29:00.00000052,11.343367
2010-12-09 07:29:00.00000058,11.341864
2010-12-09 07:29:00.00000010,11.342038
2010-12-09 07:29:00.000000108,11.341656
2010-12-09 07:29:00.000000129,11.343105
2010-12-09 07:29:00.000000163,11.3426695
2010-12-09 07:29:00.000000161,11.34315
2010-12-09 07:29:00.000000187,11.342077
2010-12-09 07:29:00.000000158,11.341954
2010-12-09 07:29:00.000000121,11.343499
2010-12-09 07:29:00.000000176,11.341954
2011-09-25 13:01:20.0000005,11.342455
2011-09-25 13:01:20.0000001,11.342324
2011-09-25 13:01:20.0000004,11.342728
2011-09-25 13:01:20.0000006,11.344361
2011-09-25 13:01:20.0000003,11.341886
2012-09-08 04:35:16.0000001,11.347284
2012-05-08 03:50:00.00000011,11.34739
2012-05-08 03:50:00.0000002,11.341747
2012-05-08 03:50:00.0000008,11.345855
2012-05-08 03:50:00.0000007,11.342921
2012-05-08 03:50:00.00000015,11.345411
2012-05-08 03:50:00.00000016,11.342781
2012-05-08 03:50:00.0000003,11.342019
2012-05-08 03:50:00.00000014,11.341751
2012-05-08 03:50:00.0000004,11.346013
2010-10-06 21:23:24.0000003,11.341814
2010-10-06 21:23:24.0000001,11.342408
2010-10-06 21:23:24.0000005,11.343205
2010-10-06 21:23:24.0000002,11.341923
2010-10-06 21:23:24.0000004,11.342195
2014-05-17 02:47:12.0000002,11.343999
2009-07-31 07:30:56.0000002,11.341439
2009-07-31 07:30:56.0000001,11.341021
2012-03-06 07:33:04.0000002,11.343316
2009-01-29 22:15:48.0000001,11.343876
2013-03-17 12:44:04.0000001,11.341928
2014-06-18 09:23:32.0000001,11.344753
2011-09-21 13:15:36.0000004,11.342151
2011-09-21 13:15:36.0000003,11.342481
2011-09-21 13:15:36.0000001,11.342275
2011-09-21 13:15:36.0000002,11.355746
2015-03-12 19:43:24.0000001,11.3463125
2015-03-12 19:43:24.0000002,11.350035
2015-03-12 19:43:24.0000007,11.34216
2015-03-12 19:43:24.0000004,11.343835
2014-01-18 17:43:28.0000005,11.341974
2014-01-18 17:43:28.0000003,11.341624
2014-01-18 17:43:28.0000002,11.34434
2014-01-18 17:43:28.0000004,11.343551
2011-04-05 01:15:44.0000001,11.344061
2011-04-05 01:15:44.0000002,11.3442
2011-09-04 01:36:36.0000002,11.345174
2010-08-09 08:53:56.0000004,11.343286
2010-08-09 08:53:56.0000006,11.342571
2010-08-09 08:53:56.0000002,11.344137
2010-08-09 08:53:56.0000003,11.346123
2010-08-09 08:53:56.0000005,11.342915
2010-03-27 07:05:08.0000001,11.341563
2011-11-16 12:52:52.0000002,11.342278
2011-11-16 12:52:52.0000003,11.341685
2011-11-16 12:52:52.0000001,11.355621
2009-10-29 10:48:40.0000002,11.342614
2009-10-29 10:48:40.0000001,11.343316
2015-02-01 00:48:44.0000009,11.345458
2015-02-01 00:48:44.0000004,11.342914
2015-02-01 00:48:44.0000008,11.342286
2015-02-01 00:48:44.0000006,11.342538
2015-02-01 00:48:44.0000007,11.343557
2014-04-03 02:31:08.0000001,11.342151
2010-07-04 03:28:44.0000001,11.347119
2009-03-31 23:01:36.0000002,11.342539
2009-03-31 23:01:36.0000001,11.347925
2009-03-31 23:01:36.0000003,11.344434
2012-02-02 00:49:56.0000002,11.341955
2012-02-02 00:49:56.0000001,11.3419695
2012-02-02 00:49:56.0000003,11.345481
2012-02-02 00:49:56.0000004,11.344551
2014-01-26 15:28:52.0000003,11.342394
2012-02-14 15:32:40.0000002,11.341707
2012-02-14 15:32:40.0000004,11.341733
2012-02-14 15:32:40.0000001,11.3425455
2012-02-14 15:32:40.0000003,11.342115
2011-12-06 11:07:40.0000001,11.345064
2011-12-06 11:07:40.0000005,11.341843
2011-07-12 19:41:48.0000002,11.344742
2011-07-12 19:41:48.0000003,11.34323
2011-07-12 19:41:48.0000004,11.342339
2010-09-16 14:27:16.0000001,11.342265
2010-09-16 14:27:16.0000003,11.343426
2010-09-16 14:27:16.0000004,11.343148
2010-09-16 14:27:16.0000005,11.343736
2014-06-11 01:13:40.0000001,11.343207
2013-05-18 15:28:40.0000003,11.342815
2013-05-18 15:28:40.0000002,11.342412
2015-02-14 20:20:56.0000001,11.342751
2015-02-14 20:20:56.0000002,11.342222
2015-02-14 20:20:56.0000004,11.341483
2009-01-22 12:27:20.0000003,11.342055
2011-04-23 21:22:20.0000001,11.341464
2013-09-01 17:57:04.0000002,11.341425
2013-09-01 17:57:04.0000003,11.342013
2013-04-22 13:19:16.0000001,11.344618
2013-04-22 13:19:16.0000002,11.342662
2013-04-22 13:19:16.0000003,11.341982
2015-02-21 18:39:16.0000002,11.341428
2009-04-23 00:05:40.0000001,11.34811
2009-04-23 00:05:40.0000003,11.343041
2012-05-28 05:48:40.0000001,11.3505745
2010-01-03 20:04:52.0000001,11.345122
2013-03-09 21:40:52.0000003,11.343973
2013-03-09 21:40:52.0000002,11.3422785
2011-04-21 08:22:32.0000001,11.341393
2011-02-20 09:22:16.0000002,11.348714
2011-02-20 09:22:16.0000001,11.342637
2010-07-22 09:37:12.0000003,11.342422
2010-07-22 09:37:12.0000004,11.341987
2010-07-22 09:37:12.0000001,11.342976
2011-01-24 20:47:04.0000002,11.343693
2013-07-22 15:05:16.0000004,11.343026
2013-07-22 15:05:16.0000001,11.341331
2013-07-22 15:05:16.0000002,11.347126
2013-07-22 15:05:16.0000003,11.341723
2013-01-23 16:22:04.0000003,11.343203
2013-01-23 16:22:04.0000002,11.342255
2013-01-23 16:22:04.0000001,11.342384
2013-01-06 12:46:36.0000001,11.341166
2013-01-06 12:46:36.0000002,11.341826
2012-02-13 04:52:32.0000001,11.354897
2013-02-07 08:34:24.0000001,11.342322
2013-02-07 08:34:24.0000003,11.342845
2013-02-07 08:34:24.0000004,11.342181
2013-02-07 08:34:24.0000002,11.3431835
2015-02-21 17:23:28.0000005,11.344199
2015-02-21 17:23:28.0000003,11.341938
2015-02-21 17:23:28.0000002,11.342766
2015-02-21 17:23:28.0000001,11.342755
2015-02-21 17:23:28.0000006,11.341308
2013-06-19 13:36:52.0000004,11.342377
2013-06-19 13:36:52.0000001,11.342043
2013-06-19 13:36:52.0000002,11.342194
2013-06-19 13:36:52.0000005,11.351305
2013-06-19 13:36:52.0000003,11.34551
2015-06-26 16:04:04.0000002,11.341424
2015-06-26 16:04:04.0000001,11.341212
2010-06-05 07:08:36.0000001,11.342411
2011-10-28 13:48:16.0000002,11.342686
2011-10-28 13:48:16.0000001,11.342026
2011-10-28 13:48:16.0000003,11.341723
2012-09-29 02:53:20.0000001,11.343431
2011-08-06 12:59:12.0000001,11.344986
2012-11-19 22:15:32.0000002,11.348509
2013-11-29 20:09:12.0000002,11.342463
2012-05-31 17:54:48.0000003,11.343105
2012-05-31 17:54:48.0000002,11.340984
2012-05-31 17:54:48.0000001,11.341555
2012-05-31 17:54:48.0000004,11.342264
2012-04-20 08:03:52.0000001,11.343476
2012-04-20 08:03:52.0000002,11.342593
2012-04-20 08:03:52.0000003,11.3425255
2009-01-26 18:26:48.0000001,11.342143
2009-01-26 18:26:48.0000003,11.341817
2009-01-26 18:26:48.0000004,11.344319
2009-01-26 18:26:48.0000002,11.342247
2011-10-20 00:50:48.0000003,11.345195
2011-10-20 00:50:48.0000002,11.341706
2011-10-20 00:50:48.0000001,11.341686
2011-06-03 11:45:16.0000002,11.343426
2011-06-03 11:45:16.0000004,11.342658
2011-06-03 11:45:16.0000005,11.3416395
2011-06-03 11:45:16.0000001,11.341241
2011-06-03 11:45:16.0000003,11.341884
2011-10-25 20:34:20.0000001,11.3423605
2012-07-05 18:30:36.0000005,11.343772
2012-07-05 18:30:36.0000006,11.342093
2012-07-05 18:30:36.0000003,11.341718
2012-07-05 18:30:36.0000001,11.342875
2012-07-05 18:30:36.0000007,11.3424015
2012-07-05 18:30:36.0000002,11.341816
2015-04-07 14:31:12.0000002,11.342218
2015-04-07 14:31:12.0000003,11.341633
2013-08-28 00:27:36.0000002,11.343164
2013-08-28 00:27:36.0000001,11.342208
2012-11-20 21:54:00.00000037,11.342009
2012-11-20 21:54:00.00000081,11.343561
2012-11-20 21:54:00.000000210,11.340974
2012-11-20 21:54:00.00000050,11.341338
2012-11-20 21:54:00.000000175,11.355573
2012-11-20 21:54:00.000000208,11.341695
2012-11-20 21:54:00.000000198,11.341597
2012-11-20 21:54:00.000000185,11.342435
2012-11-20 21:54:00.00000028,11.342998
2012-11-20 21:54:00.000000134,11.34213
2012-11-20 21:54:00.00000091,11.341607
2012-11-20 21:54:00.00000033,11.341331
2012-11-20 21:54:00.00000082,11.342416
2012-11-20 21:54:00.000000142,11.347951
2012-11-20 21:54:00.000000180,11.347695
2012-11-20 21:54:00.00000093,11.344849
2012-11-20 21:54:00.000000159,11.341352
2012-11-20 21:54:00.000000165,11.342286
2012-11-20 21:54:00.000000235,11.341961
2012-11-20 21:54:00.00000089,11.341195
2012-11-20 21:54:00.000000168,11.345442
2012-11-20 21:54:00.000000224,11.34156
2012-11-20 21:54:00.000000158,11.34177
2012-11-20 21:54:00.000000212,11.355252
2012-11-20 21:54:00.000000147,11.349775
2012-11-20 21:54:00.000000140,11.343831
2012-11-20 21:54:00.00000018,11.345003
2012-11-20 21:54:00.000000124,11.341636
2012-11-20 21:54:00.000000181,11.341035
2012-11-20 21:54:00.000000187,11.343692
2012-11-20 21:54:00.00000058,11.345713
2012-11-20 21:54:00.000000151,11.346054
2012-11-20 21:54:00.000000126,11.341902
2012-11-20 21:54:00.00000099,11.344064
2012-11-20 21:54:00.000000120,11.342578
2012-11-20 21:54:00.0000009,11.341394
2012-11-20 21:54:00.000000206,11.342066
2012-11-20 21:54:00.00000079,11.342109
2012-11-20 21:54:00.000000237,11.34422
2012-11-20 21:54:00.000000143,11.344454
2012-11-20 21:54:00.000000111,11.341714
2012-11-20 21:54:00.000000106,11.342787
2012-11-20 21:54:00.000000245,11.341451
2012-11-20 21:54:00.00000032,11.343403
2012-11-20 21:54:00.00000075,11.342528
2012-11-20 21:54:00.000000244,11.347158
2012-11-20 21:54:00.00000094,11.341294
2012-11-20 21:54:00.000000118,11.350574
2012-11-20 21:54:00.000000188,11.342506
2012-11-20 21:54:00.00000051,11.345271
2012-11-20 21:54:00.000000109,11.343661
2012-11-20 21:54:00.0000003,11.342225
2012-11-20 21:54:00.000000114,11.347449
2012-11-20 21:54:00.00000013,11.341643
2012-11-20 21:54:00.000000192,11.341988
2012-11-20 21:54:00.000000228,11.341399
2012-11-20 21:54:00.000000236,11.342629
2012-11-20 21:54:00.000000178,11.343938
2012-11-20 21:54:00.00000027,11.343736
2012-11-20 21:54:00.000000176,11.341279
2012-11-20 21:54:00.0000008,11.341989
2012-11-20 21:54:00.00000061,11.34507
2012-11-20 21:54:00.00000011,11.344254
2012-11-20 21:54:00.00000096,11.342068
2012-11-20 21:54:00.000000231,11.34206
2012-11-20 21:54:00.000000190,11.344112
2012-11-20 21:54:00.000000166,11.350743
2012-11-20 21:54:00.00000022,11.341571
2012-11-20 21:54:00.000000234,11.34436
2012-11-20 21:54:00.00000035,11.342188
2012-11-20 21:54:00.00000041,11.344371
2012-11-20 21:54:00.000000113,11.341082
2012-11-20 21:54:00.00000045,11.343749
2012-11-20 21:54:00.000000157,11.344269
2012-11-20 21:54:00.000000163,11.345708
2012-11-20 21:54:00.000000193,11.343806
2012-11-20 21:54:00.00000063,11.342302
2012-11-20 21:54:00.000000183,11.34222
2012-11-20 21:54:00.000000182,11.345281
2012-11-20 21:54:00.000000117,11.34278
2012-11-20 21:54:00.000000156,11.345233
2012-11-20 21:54:00.000000220,11.342189
2012-11-20 21:54:00.000000227,11.342094
2012-11-20 21:54:00.000000194,11.343941
2012-11-20 21:54:00.000000201,11.342295
2012-11-20 21:54:00.000000115,11.352878
2012-11-20 21:54:00.000000217,11.343243
2012-11-20 21:54:00.00000017,11.343624
2012-11-20 21:54:00.000000139,11.341182
2012-11-20 21:54:00.00000038,11.343326
2012-11-20 21:54:00.000000107,11.341338
2012-11-20 21:54:00.000000218,11.345357
2012-11-20 21:54:00.000000214,11.346802
2012-11-20 21:54:00.000000213,11.343535
2012-11-20 21:54:00.000000215,11.348962
2012-11-20 21:54:00.000000112,11.342877
2012-11-20 21:54:00.00000067,11.345482
2012-11-20 21:54:00.00000044,11.344547
2012-11-20 21:54:00.00000029,11.342831
2012-11-20 21:54:00.000000119,11.344413
2012-11-20 21:54:00.000000203,11.341944
2012-11-20 21:54:00.000000239,11.341678
2012-11-20 21:54:00.000000125,11.344421
2012-11-20 21:54:00.00000064,11.342429
2012-11-20 21:54:00.000000153,11.342136
2012-11-20 21:54:00.00000054,11.342078
2012-11-20 21:54:00.000000177,11.342596
2012-11-20 21:54:00.000000243,11.3436365
2012-11-20 21:54:00.000000128,11.341626
2012-11-20 21:54:00.00000095,11.342364
2012-11-20 21:54:00.00000088,11.343246
2012-11-20 21:54:00.000000200,11.341894
2012-11-20 21:54:00.00000053,11.341612
2012-11-20 21:54:00.000000199,11.341669
2012-11-20 21:54:00.000000191,11.343899
2012-11-20 21:54:00.00000057,11.342175
2012-11-20 21:54:00.000000145,11.34301
2012-11-20 21:54:00.00000072,11.342934
2012-11-20 21:54:00.0000001,11.342017
2012-11-20 21:54:00.000000241,11.341872
2012-11-20 21:54:00.000000230,11.342689
2012-11-20 21:54:00.000000146,11.349198
2012-11-20 21:54:00.000000155,11.342608
2012-11-20 21:54:00.00000046,11.342859
2012-11-20 21:54:00.000000242,11.347534
2012-11-20 21:54:00.00000060,11.342954
2012-11-20 21:54:00.000000116,11.3424835
2012-11-20 21:54:00.00000059,11.343517
2012-11-20 21:54:00.000000232,11.341795
2012-11-20 21:54:00.000000162,11.342438
2012-11-20 21:54:00.00000070,11.342778
2012-11-20 21:54:00.00000052,11.349262
2012-11-20 21:54:00.000000129,11.34866
2012-11-20 21:54:00.000000136,11.344066
2012-11-20 21:54:00.000000226,11.342893
2012-11-20 21:54:00.000000240,11.343649
2012-11-20 21:54:00.000000141,11.34261
2012-11-20 21:54:00.000000204,11.344423
2012-11-20 21:54:00.000000137,11.341337
2011-02-22 14:18:40.0000001,11.342719
2014-06-23 00:16:00.00000066,11.348795
2014-06-23 00:16:00.00000039,11.342387
2014-06-23 00:16:00.00000076,11.342568
2014-06-23 00:16:00.00000030,11.349299
2014-06-23 00:16:00.00000070,11.344044
2014-06-23 00:16:00.00000065,11.342386
2014-06-23 00:16:00.00000056,11.348041
2014-06-23 00:16:00.00000038,11.341949
2014-06-23 00:16:00.00000071,11.347589
2014-06-23 00:16:00.00000013,11.342903
2014-06-23 00:16:00.00000073,11.342638
2014-06-23 00:16:00.0000001,11.3437195
2014-06-23 00:16:00.00000026,11.343882
2014-06-23 00:16:00.00000090,11.343254
2014-06-23 00:16:00.00000092,11.346689
2014-06-23 00:16:00.00000044,11.342732
2014-06-23 00:16:00.00000064,11.3429365
2014-06-23 00:16:00.00000068,11.347891
2014-06-23 00:16:00.00000033,11.3428335
2014-06-23 00:16:00.00000089,11.349773
2014-06-23 00:16:00.0000004,11.342084
2014-06-23 00:16:00.00000062,11.343287
2014-06-23 00:16:00.00000019,11.342272
2014-06-23 00:16:00.00000041,11.343315
2014-06-23 00:16:00.00000024,11.344818
2014-06-23 00:16:00.00000074,11.34569
2014-06-23 00:16:00.00000018,11.343773
2014-06-23 00:16:00.00000043,11.341728
2014-06-23 00:16:00.00000022,11.34199
2014-06-23 00:16:00.00000088,11.342976
2014-06-23 00:16:00.00000057,11.341259
2014-06-23 00:16:00.00000087,11.342247
2014-06-23 00:16:00.00000016,11.348012
2014-06-23 00:16:00.00000078,11.341067
2014-06-23 00:16:00.00000040,11.343034
2014-06-23 00:16:00.00000077,11.342292
2014-06-23 00:16:00.00000015,11.344231
2014-06-23 00:16:00.00000047,11.342106
2014-06-23 00:16:00.0000005,11.341452
2014-06-23 00:16:00.00000034,11.354473
2014-06-23 00:16:00.00000028,11.342662
2014-06-23 00:16:00.00000081,11.34525
2014-06-23 00:16:00.00000067,11.34275
2014-06-23 00:16:00.00000085,11.341891
2014-06-23 00:16:00.00000082,11.342589
2014-06-23 00:16:00.00000063,11.347344
2014-06-23 00:16:00.00000079,11.342106
2014-06-23 00:16:00.00000061,11.342232
2014-06-23 00:16:00.00000037,11.345112
2014-06-23 00:16:00.00000036,11.341666
2014-06-23 00:16:00.00000049,11.3453045
2014-06-23 00:16:00.00000025,11.352909
2014-06-23 00:16:00.0000009,11.342337
2014-06-23 00:16:00.00000069,11.344368
2011-11-24 02:36:48.0000003,11.344622
2011-11-24 02:36:48.0000002,11.341948
2011-11-24 02:36:48.0000001,11.344932
2013-06-05 01:34:56.0000001,11.343821
2013-03-18 12:51:12.0000001,11.342876
2013-03-18 12:51:12.0000003,11.341497
2013-03-18 12:51:12.0000002,11.344557
2014-12-14 09:04:36.0000001,11.34215
2014-12-14 09:04:36.0000003,11.341942
2014-12-14 09:04:36.0000002,11.341975
2012-05-31 13:14:12.0000004,11.342567
2012-05-31 13:14:12.0000001,11.343586
2012-05-31 13:14:12.0000002,11.342629
2012-05-31 13:14:12.0000003,11.341654
2011-01-16 18:57:12.0000001,11.342033
2011-01-16 18:57:12.0000002,11.341742
2009-04-25 10:52:56.0000004,11.343033
2009-04-25 10:52:56.0000002,11.343593
2009-04-25 10:52:56.0000005,11.342304
2009-04-20 11:11:40.0000001,11.3418
2012-07-20 06:53:32.0000001,11.3413725
2009-10-22 21:57:36.0000005,11.344451
2009-10-22 21:57:36.0000002,11.345889
2009-10-22 21:57:36.0000004,11.341956
2009-10-22 21:57:36.0000003,11.3418665
2009-03-16 10:30:12.0000001,11.343904
2009-07-14 12:12:36.0000004,11.34206
2009-07-14 12:12:36.0000001,11.342631
2009-07-14 12:12:36.0000003,11.343464
2009-07-14 12:12:36.0000007,11.343457
2009-07-14 12:12:36.0000002,11.344287
2009-07-14 12:12:36.0000005,11.343234
2009-07-14 12:12:36.0000008,11.342699
2009-07-14 12:12:36.0000006,11.341853
2014-11-12 09:06:32.0000004,11.341773
2014-11-12 09:06:32.0000001,11.341475
2014-11-12 09:06:32.0000003,11.341708
2014-11-12 09:06:32.0000005,11.34473
2014-11-12 09:06:32.0000002,11.341936
2011-04-10 11:57:12.0000002,11.343083
2011-04-10 11:57:12.0000003,11.341048
2011-04-10 11:57:12.0000004,11.341868
2011-04-10 11:57:12.0000001,11.342445
2011-09-20 11:58:52.0000003,11.341472
2011-09-20 11:58:52.0000001,11.343807
2011-09-20 11:58:52.0000002,11.344569
2010-09-24 17:16:16.0000001,11.3422
2010-02-12 13:51:28.0000004,11.341817
2010-02-12 13:51:28.0000005,11.342727
2010-02-12 13:51:28.0000001,11.342108
2010-02-12 13:51:28.0000003,11.342042
2010-02-12 13:51:28.0000002,11.343543
2011-01-03 21:51:28.0000002,11.342767
2011-01-03 21:51:28.0000001,11.341183
2011-07-26 13:10:56.0000003,11.341677
2011-07-26 13:10:56.0000002,11.342468
2011-07-26 13:10:56.0000001,11.342068
2011-08-18 13:00:16.0000003,11.343016
2011-08-18 13:00:16.0000002,11.341786
2013-06-20 19:49:52.0000004,11.341986
2013-06-20 19:49:52.0000001,11.342166
2013-06-20 19:49:52.0000005,11.34152
2013-06-20 19:49:52.0000002,11.345224
2013-06-20 19:49:52.0000003,11.342803
2013-09-25 22:00:00.00000079,11.343404
2013-09-25 22:00:00.00000025,11.34303
2013-09-25 22:00:00.000000225,11.342408
2013-09-25 22:00:00.000000204,11.343894
2013-09-25 22:00:00.00000053,11.346152
2013-09-25 22:00:00.000000111,11.344078
2013-09-25 22:00:00.00000014,11.341983
2013-09-25 22:00:00.000000172,11.355398
2013-09-25 22:00:00.000000154,11.341498
2013-09-25 22:00:00.000000133,11.341419
2013-09-25 22:00:00.000000160,11.34257
2013-09-25 22:00:00.000000119,11.341566
2013-09-25 22:00:00.000000223,11.341585
2013-09-25 22:00:00.0000008,11.342175
2013-09-25 22:00:00.000000103,11.342465
2013-09-25 22:00:00.000000178,11.342286
2013-09-25 22:00:00.00000023,11.3416
2013-09-25 22:00:00.00000022,11.341687
2013-09-25 22:00:00.00000076,11.341652
2013-09-25 22:00:00.00000020,11.342088
2013-09-25 22:00:00.000000142,11.343713
2013-09-25 22:00:00.00000059,11.341943
2013-09-25 22:00:00.000000110,11.341659
2013-09-25 22:00:00.000000205,11.342988
2013-09-25 22:00:00.000000182,11.342913
2013-09-25 22:00:00.00000081,11.342352
2013-09-25 22:00:00.000000230,11.347296
2013-09-25 22:00:00.000000164,11.343421
2013-09-25 22:00:00.00000090,11.342736
2013-09-25 22:00:00.000000106,11.342456
2013-09-25 22:00:00.00000078,11.34217
2013-09-25 22:00:00.0000001,11.354644
2013-09-25 22:00:00.000000126,11.343239
2013-09-25 22:00:00.000000156,11.341828
2013-09-25 22:00:00.000000137,11.343307
2013-09-25 22:00:00.00000039,11.342321
2013-09-25 22:00:00.00000017,11.345159
2013-09-25 22:00:00.00000054,11.342969
2013-09-25 22:00:00.000000135,11.345298
2013-09-25 22:00:00.000000112,11.345979
2013-09-25 22:00:00.000000148,11.3420725
2013-09-25 22:00:00.000000143,11.349153
2013-09-25 22:00:00.00000043,11.341682
2013-09-25 22:00:00.000000203,11.341827
2013-09-25 22:00:00.00000040,11.342152
2013-09-25 22:00:00.00000035,11.342636
2013-09-25 22:00:00.000000117,11.3449955
2013-09-25 22:00:00.000000244,11.3424015
2013-09-25 22:00:00.0000002,11.345451
2013-09-25 22:00:00.000000246,11.360331
2013-09-25 22:00:00.00000091,11.346053
2013-09-25 22:00:00.000000235,11.342073
2013-09-25 22:00:00.000000237,11.349203
2013-09-25 22:00:00.000000185,11.3422785
2013-09-25 22:00:00.000000233,11.342402
2013-09-25 22:00:00.00000075,11.34212
2013-09-25 22:00:00.00000026,11.34374
2013-09-25 22:00:00.00000061,11.342823
2013-09-25 22:00:00.000000179,11.343802
2013-09-25 22:00:00.000000120,11.342549
2013-09-25 22:00:00.000000165,11.345583
2013-09-25 22:00:00.000000224,11.343192
2013-09-25 22:00:00.000000192,11.346219
2013-09-25 22:00:00.00000084,11.3438835
2013-09-25 22:00:00.000000169,11.341837
2013-09-25 22:00:00.000000175,11.347361
2013-09-25 22:00:00.000000132,11.341937
2013-09-25 22:00:00.00000048,11.343602
2013-09-25 22:00:00.000000229,11.34246
2013-09-25 22:00:00.00000036,11.345765
2013-09-25 22:00:00.000000177,11.342166
2013-09-25 22:00:00.000000217,11.342082
2013-09-25 22:00:00.000000183,11.342824
2013-09-25 22:00:00.000000107,11.343715
2013-09-25 22:00:00.00000058,11.343599
2013-09-25 22:00:00.00000073,11.341986
2013-09-25 22:00:00.000000245,11.342176
2013-09-25 22:00:00.000000157,11.344596
2013-09-25 22:00:00.000000227,11.3469
2013-09-25 22:00:00.00000064,11.344493
2013-09-25 22:00:00.00000024,11.354252
2013-09-25 22:00:00.000000221,11.342347
2013-09-25 22:00:00.000000139,11.348587
2013-09-25 22:00:00.00000028,11.342079
2013-09-25 22:00:00.00000057,11.341921
2013-09-25 22:00:00.000000222,11.342828
2013-09-25 22:00:00.000000215,11.346338
2013-09-25 22:00:00.00000094,11.344318
2013-09-25 22:00:00.000000214,11.342935
2013-09-25 22:00:00.000000101,11.341639
2013-09-25 22:00:00.00000055,11.342427
2013-09-25 22:00:00.00000049,11.3463545
2013-09-25 22:00:00.000000216,11.344869
2013-09-25 22:00:00.000000123,11.34233
2013-09-25 22:00:00.000000136,11.341812
2013-09-25 22:00:00.000000211,11.344995
2013-09-25 22:00:00.000000145,11.341554
2013-09-25 22:00:00.000000250,11.354085
2013-09-25 22:00:00.000000188,11.343069
2013-09-25 22:00:00.000000202,11.341716
2013-09-25 22:00:00.000000242,11.34316
2013-09-25 22:00:00.000000140,11.342361
2013-09-25 22:00:00.000000171,11.342337
2013-09-25 22:00:00.00000099,11.341429
2013-09-25 22:00:00.000000187,11.3424015
2013-09-25 22:00:00.000000161,11.342909
2013-09-25 22:00:00.000000189,11.342376
2013-09-25 22:00:00.0000003,11.342846
2013-09-25 22:00:00.000000249,11.34219
2013-09-25 22:00:00.000000195,11.341791
2013-09-25 22:00:00.00000072,11.343464
2013-09-25 22:00:00.00000012,11.343054
2013-09-25 22:00:00.000000149,11.342415
2013-09-25 22:00:00.000000197,11.343163
2013-09-25 22:00:00.00000038,11.354986
2013-09-25 22:00:00.0000009,11.345003
2013-09-25 22:00:00.00000089,11.343854
2013-09-25 22:00:00.000000199,11.346324
2013-09-25 22:00:00.000000219,11.342044
2013-09-25 22:00:00.000000159,11.343346
2013-09-25 22:00:00.000000173,11.342796
2013-09-25 22:00:00.000000209,11.345644
2013-09-25 22:00:00.000000196,11.342686
2013-09-25 22:00:00.00000093,11.341989
2013-09-25 22:00:00.000000155,11.345206
2013-09-25 22:00:00.000000121,11.342335
2013-09-25 22:00:00.000000134,11.343559
2013-09-25 22:00:00.000000228,11.342317
2013-09-25 22:00:00.00000092,11.343549
2013-09-25 22:00:00.00000030,11.341474
2013-09-25 22:00:00.00000062,11.343551
2013-09-25 22:00:00.0000005,11.342922
2013-09-25 22:00:00.00000097,11.349702
2013-09-25 22:00:00.00000019,11.345358
2013-09-25 22:00:00.000000180,11.342021
2013-09-25 22:00:00.000000200,11.344799
2013-09-25 22:00:00.000000186,11.340996
2013-09-25 22:00:00.000000176,11.341979
2013-09-25 22:00:00.00000082,11.342183
2013-09-25 22:00:00.00000098,11.342278
2013-09-25 22:00:00.00000085,11.343085
2013-09-25 22:00:00.0000004,11.341623
2013-09-25 22:00:00.00000032,11.345289
2013-09-25 22:00:00.00000070,11.342457
2013-09-25 22:00:00.00000074,11.34352
2013-09-25 22:00:00.000000118,11.343055
2013-09-25 22:00:00.0000007,11.342183
2013-09-25 22:00:00.00000050,11.34298
2013-09-25 22:00:00.00000044,11.34165
2013-09-25 22:00:00.00000095,11.341946
2009-01-15 02:42:48.0000001,11.3411255
2011-07-06 18:07:44.0000001,11.343161
2011-07-06 18:07:44.0000003,11.341748
2011-07-06 18:07:44.0000005,11.341961
2011-09-08 01:28:24.0000001,11.350809
2014-07-11 12:36:08.0000002,11.34153
2010-11-04 05:01:44.0000001,11.341369
2009-10-04 10:04:12.0000001,11.342305
2009-10-04 10:04:12.0000003,11.341529
2009-10-04 10:04:12.0000002,11.341406
2009-10-04 10:04:12.0000004,11.341402
2013-02-28 12:52:44.0000001,11.342124
2013-02-28 12:52:44.0000003,11.342305
2013-02-28 12:52:44.0000004,11.34224
2013-02-28 12:52:44.0000002,11.3414
2013-08-03 07:11:53.0000001,11.347338
2015-01-26 23:13:33.0000001,11.342899
2012-10-31 11:09:53.0000001,11.342661
2012-10-31 11:09:53.0000002,11.345006
2011-12-23 23:30:09.0000001,11.343091
2015-01-29 11:01:21.0000001,11.341622
2015-01-29 11:01:21.0000002,11.342083
2014-01-31 11:11:05.0000001,11.345357
2014-01-31 11:11:05.0000003,11.34278
2014-01-31 11:11:05.0000004,11.342508
2014-01-31 11:11:05.0000006,11.3419285
2014-01-31 11:11:05.0000005,11.34214
2015-02-20 11:08:29.0000006,11.341456
2015-02-20 11:08:29.0000002,11.343277
2015-02-20 11:08:29.0000004,11.342483
2015-02-20 11:08:29.0000003,11.342077
2015-02-20 11:08:29.0000005,11.341388
2014-08-31 04:03:29.0000001,11.342458
2014-08-01 18:38:09.0000001,11.341993
2014-08-01 18:38:09.0000002,11.341781
2009-05-16 14:53:41.0000007,11.341838
2009-05-16 14:53:41.0000006,11.3419285
2009-12-17 06:28:05.0000001,11.342652
2009-12-17 06:28:05.0000002,11.341252
2009-12-17 06:28:05.0000003,11.3425255
2010-02-23 17:25:09.0000001,11.341659
2010-02-23 17:25:09.0000002,11.341479
2012-07-30 16:54:49.0000003,11.342275
2012-07-30 16:54:49.0000001,11.34371
2012-07-30 16:54:49.0000005,11.342455
2012-07-30 16:54:49.0000004,11.341866
2012-07-30 16:54:49.0000002,11.3437605
2013-08-26 11:47:37.0000003,11.3446455
2013-08-26 11:47:37.0000002,11.341863
2013-08-26 11:47:37.0000004,11.349959
2013-03-06 23:49:53.0000006,11.341867
2013-03-06 23:49:53.0000005,11.342127
2013-03-06 23:49:53.0000003,11.342224
2013-03-06 23:49:53.0000002,11.341552
2013-03-06 23:49:53.0000001,11.344182
2013-03-06 23:49:53.0000004,11.342808
2010-10-30 13:31:13.0000005,11.342229
2010-10-30 13:31:13.0000003,11.341654
2010-10-30 13:31:13.0000004,11.341255
2010-10-30 13:31:13.0000002,11.341877
2012-03-25 16:56:01.0000001,11.341622
2012-03-25 16:56:01.0000002,11.342292
2013-10-17 22:21:57.0000002,11.343225
2013-10-17 22:21:57.0000004,11.3437605
2013-10-17 22:21:57.0000005,11.344253
2013-10-17 22:21:57.0000001,11.342133
2010-09-15 16:44:25.0000001,11.344124
2010-09-15 16:44:25.0000002,11.344093
2010-09-15 16:44:25.0000003,11.341967
2014-05-09 00:30:41.0000003,11.343444
2014-05-09 00:30:41.0000001,11.352927
2014-05-09 00:30:41.0000002,11.344501
2010-12-11 17:32:33.0000001,11.341657
2010-06-14 05:10:09.0000001,11.343914
2012-03-05 13:24:37.0000003,11.3426895
2012-03-05 13:24:37.0000001,11.341994
2011-03-03 07:09:09.0000002,11.343215
2011-03-03 07:09:09.0000001,11.343089
2010-07-01 22:11:33.0000001,11.342974
2010-07-01 22:11:33.0000002,11.342391
2010-07-01 22:11:33.0000004,11.341764
2012-01-07 21:39:05.0000002,11.342958
2010-08-22 12:30:21.0000002,11.341706
2010-08-22 12:30:21.0000001,11.34179
2012-05-26 00:31:25.0000002,11.346785
2011-12-16 09:20:01.0000001,11.343545
2012-01-26 20:09:45.0000003,11.343525
2012-01-26 20:09:45.0000004,11.343074
2012-01-26 20:09:45.0000002,11.3422985
2012-01-26 20:09:45.0000001,11.342374
2010-02-03 11:33:29.0000002,11.341775
2010-02-03 11:33:29.0000001,11.342622
2014-10-07 11:52:13.0000005,11.349063
2014-10-07 11:52:13.0000001,11.34159
2014-10-07 11:52:13.0000004,11.343755
2014-10-07 11:52:13.0000002,11.3417015
2014-10-07 11:52:13.0000007,11.342023
2014-10-07 11:52:13.0000003,11.342205
2013-05-06 23:46:25.0000001,11.343068
2015-06-13 19:17:09.0000006,11.342444
2015-06-13 19:17:09.0000004,11.343051
2015-06-13 19:17:09.0000002,11.345392
2015-06-13 19:17:09.0000003,11.344011
2015-06-13 19:17:09.0000001,11.341459
2011-06-29 00:15:21.0000001,11.341671
2011-06-29 00:15:21.0000002,11.341689
2011-06-29 00:15:21.0000003,11.344235
2009-11-28 13:50:17.0000003,11.342326
2009-11-28 13:50:17.0000001,11.34132
2010-05-02 12:05:45.0000001,11.3426285
2009-10-12 14:18:01.0000001,11.341975
2015-01-13 12:07:53.0000002,11.34196
2015-01-13 12:07:53.0000007,11.34262
2015-01-13 12:07:53.0000001,11.343727
2015-01-13 12:07:53.0000004,11.341247
2015-01-13 12:07:53.0000006,11.342229
2015-03-04 21:42:57.0000002,11.342348
2015-03-04 21:42:57.0000009,11.341771
2015-03-04 21:42:57.0000005,11.341985
2015-03-04 21:42:57.0000003,11.343955
2015-03-04 21:42:57.00000010,11.342425
2015-03-04 21:42:57.0000004,11.346174
2015-03-04 21:42:57.0000008,11.341532
2015-03-04 21:42:57.0000001,11.343178
2015-03-04 21:42:57.0000007,11.341542
2012-01-31 09:15:49.0000005,11.342181
2012-01-31 09:15:49.0000002,11.34266
2012-01-31 09:15:49.0000006,11.343172
2012-01-31 09:15:49.0000003,11.34162
2012-01-31 09:15:49.0000004,11.340974
2011-03-22 12:59:49.0000003,11.344528
2011-03-22 12:59:49.0000005,11.3416395
2011-03-22 12:59:49.0000004,11.34216
2014-10-05 17:21:45.0000001,11.341832
2013-07-05 00:58:17.0000003,11.342391
2013-07-05 00:58:17.0000002,11.34536
2010-09-28 21:50:05.0000001,11.341407
2010-09-28 21:50:05.0000003,11.347051
2010-09-28 21:50:05.0000002,11.342167
2010-09-28 21:50:05.0000004,11.344413
2010-09-28 21:50:05.0000005,11.341387
2012-05-25 09:21:17.0000001,11.341414
2012-05-25 09:21:17.0000002,11.341826
2012-05-25 09:21:17.0000003,11.341734
2010-01-30 00:57:21.0000003,11.342773
2010-01-30 00:57:21.0000004,11.342039
2009-10-16 16:14:41.0000004,11.341845
2009-10-16 16:14:41.0000001,11.341935
2009-10-16 16:14:41.0000003,11.341561
2012-04-02 08:39:21.0000003,11.34185
2012-04-02 08:39:21.0000001,11.341769
2009-09-04 06:54:49.0000001,11.341823
2012-08-29 09:53:33.0000002,11.342619
2012-08-29 09:53:33.0000001,11.342894
2011-03-13 05:34:57.0000001,11.343984
2010-10-22 00:49:05.0000001,11.341817
2010-09-12 22:12:53.0000001,11.344158
2014-09-13 04:51:21.0000001,11.345819
2014-09-13 04:51:21.0000002,11.343991
2010-08-17 07:59:05.0000003,11.342867
2010-08-17 07:59:05.0000001,11.34133
2010-08-17 07:59:05.0000002,11.342854
2011-03-06 23:14:17.0000001,11.343114
2014-06-19 08:41:17.0000001,11.341588
2014-06-19 08:41:17.0000002,11.341593
2014-06-19 08:41:17.0000006,11.343953
2014-06-19 08:41:17.0000004,11.342717
2014-06-19 08:41:17.0000003,11.341687
2014-06-19 08:41:17.0000005,11.341389
2015-02-26 23:20:13.0000004,11.341555
2015-02-26 23:20:13.0000002,11.342125
2015-02-26 23:20:13.0000009,11.345309
2015-02-26 23:20:13.0000007,11.341658
2015-02-26 23:20:13.0000005,11.342502
2015-02-26 23:20:13.0000001,11.345553
2015-02-26 23:20:13.0000006,11.346424
2015-02-26 23:20:13.0000003,11.341374
2013-10-09 15:11:41.0000001,11.342175
2013-10-09 15:11:41.0000003,11.341436
2013-10-09 15:11:41.0000002,11.345929
2011-09-01 09:53:49.0000002,11.341997
2011-09-01 09:53:49.0000003,11.343687
2011-09-01 09:53:49.0000005,11.3417
2011-09-01 09:53:49.0000001,11.343563
2011-11-28 14:13:37.0000001,11.343013
2011-11-28 14:13:37.0000003,11.3419895
2010-09-28 00:16:53.0000002,11.34632
2010-09-28 00:16:53.0000004,11.34384
2010-09-28 00:16:53.0000001,11.34184
2013-08-30 11:20:21.0000002,11.344227
2013-08-30 11:20:21.0000001,11.343531
2013-09-19 21:24:21.0000002,11.341478
2013-09-19 21:24:21.0000003,11.341798
2012-07-01 22:30:29.0000001,11.341982
2013-01-19 08:04:21.0000001,11.342315
2011-07-02 00:38:01.0000003,11.342296
2011-07-02 00:38:01.0000002,11.342655
2014-02-08 17:24:57.0000001,11.343901
2010-01-13 01:56:57.0000001,11.341785
2014-01-05 12:00:13.0000005,11.342781
2014-01-05 12:00:13.0000003,11.343013
2014-01-05 12:00:13.0000002,11.341923
2014-01-05 12:00:13.0000004,11.342253
2014-01-05 12:00:13.0000006,11.341443
2014-01-05 12:00:13.0000001,11.349502
2011-02-04 09:12:53.0000003,11.343253
2011-02-04 09:12:53.0000001,11.342954
2011-02-04 09:12:53.0000005,11.341731
2011-02-04 09:12:53.0000002,11.341781
2012-03-08 12:33:25.0000005,11.341871
2012-03-08 12:33:25.0000002,11.344483
2012-03-08 12:33:25.0000001,11.342369
2012-03-08 12:33:25.0000004,11.344492
2009-07-31 18:15:57.0000002,11.341791
2009-07-10 20:17:05.0000001,11.341404
2009-07-10 20:17:05.0000002,11.341145
2010-11-05 14:33:37.0000002,11.344545
2010-11-05 14:33:37.0000003,11.341592
2010-11-05 14:33:37.0000001,11.343934
2010-11-05 14:33:37.0000004,11.349311
2010-03-09 08:49:13.0000002,11.342201
2010-03-09 08:49:13.0000001,11.342037
2010-03-09 08:49:13.0000003,11.341324
2010-08-21 21:56:25.0000001,11.341831
2011-07-27 09:24:33.0000004,11.341871
2011-07-27 09:24:33.0000002,11.341446
2011-07-27 09:24:33.0000005,11.343844
2011-07-27 09:24:33.0000001,11.34238
2011-07-27 09:24:33.0000003,11.341243
2010-10-09 17:11:17.0000002,11.34199
2014-01-16 23:24:37.0000001,11.343903
2009-09-25 15:13:57.0000005,11.348811
2009-09-25 15:13:57.0000007,11.341555
2009-09-25 15:13:57.0000006,11.341747
2009-09-25 15:13:57.0000004,11.342568
2009-12-13 20:44:37.0000001,11.342589
2009-12-13 20:44:37.0000004,11.342988
2009-12-13 20:44:37.0000002,11.3426695
2009-12-13 20:44:37.0000003,11.342277
2010-05-26 21:31:05.0000004,11.342625
2010-05-26 21:31:05.0000003,11.3441925
2010-05-26 21:31:05.0000005,11.341425
2010-05-26 21:31:05.0000001,11.343281
2010-05-26 21:31:05.0000002,11.342071
2010-05-03 08:36:41.0000003,11.341932
2010-05-03 08:36:41.0000005,11.341739
2010-05-03 08:36:41.0000001,11.3422985
2010-05-03 08:36:41.0000002,11.342397
2009-06-22 08:08:29.0000001,11.345376
2009-06-22 08:08:29.0000002,11.342795
2009-01-20 17:38:05.0000003,11.342042
2009-01-20 17:38:05.0000005,11.34136
2009-01-20 17:38:05.0000004,11.342223
2009-01-20 17:38:05.0000001,11.341586
2009-01-20 17:38:05.0000002,11.35104
2013-02-04 16:08:01.0000002,11.343755
2013-02-04 16:08:01.0000001,11.342154
2009-07-22 09:50:25.0000001,11.341508
2009-07-22 09:50:25.0000002,11.341995
2009-07-22 09:50:25.0000003,11.341712
2013-07-17 06:50:17.0000001,11.345249
2011-01-24 20:18:49.0000002,11.342261
2011-01-24 20:18:49.0000004,11.342292
2011-01-24 20:18:49.0000001,11.341458
2012-04-25 17:29:21.0000002,11.345902
2012-04-25 17:29:21.0000004,11.3414755
2012-04-25 17:29:21.0000001,11.342805
2012-04-25 17:29:21.0000003,11.34417
2010-01-23 14:32:17.0000001,11.342136
2010-01-23 14:32:17.0000002,11.341941
2012-03-07 01:22:57.0000001,11.342869
2012-03-07 01:22:57.0000002,11.344554
2012-06-02 01:16:05.0000002,11.341407
2012-06-02 01:16:05.0000005,11.3536825
2011-02-18 20:57:57.0000003,11.341781
2011-02-18 20:57:57.0000001,11.343975
2011-02-18 20:57:57.0000002,11.341398
2010-11-03 17:52:21.0000001,11.341472
2011-10-20 13:46:33.0000004,11.343211
2011-10-20 13:46:33.0000001,11.353719
2013-11-29 15:09:45.0000002,11.341901
2013-11-29 15:09:45.0000001,11.34301
2015-06-24 07:28:01.0000001,11.34104
2015-06-24 07:28:01.0000003,11.352502
2015-06-24 07:28:01.0000004,11.341487
2015-06-24 07:28:01.0000002,11.344357
2015-06-24 07:28:01.0000005,11.341302
2010-03-27 11:29:05.0000001,11.341831
2010-03-27 11:29:05.0000003,11.341667
2010-03-27 11:29:05.0000002,11.341489
2014-06-09 11:18:25.0000005,11.341531
2014-06-09 11:18:25.0000003,11.342883
2014-06-09 11:18:25.0000001,11.342026
2014-06-09 11:18:25.0000004,11.34127
2014-06-09 11:18:25.0000002,11.342248
2012-08-08 09:47:53.0000002,11.341621
2012-08-08 09:47:53.0000003,11.341402
2012-08-08 09:47:53.0000001,11.342392
2014-10-28 12:23:09.0000003,11.344425
2014-10-28 12:23:09.0000006,11.342204
2014-10-28 12:23:09.0000004,11.342543
2014-10-28 12:23:09.0000005,11.342131
2014-10-28 12:23:09.0000002,11.341478
2013-04-04 02:55:13.0000001,11.345939
2011-07-11 20:43:33.0000003,11.343977
2011-07-11 20:43:33.0000002,11.341995
2013-02-23 14:25:29.0000001,11.3438015
2010-01-30 18:58:33.0000007,11.342402
2010-01-30 18:58:33.0000002,11.343969
2010-01-30 18:58:33.0000003,11.341548
2010-01-30 18:58:33.0000004,11.345176
2010-01-30 18:58:33.0000005,11.341878
2013-10-07 11:12:33.0000003,11.342582
2013-10-07 11:12:33.0000002,11.341807
2013-10-07 11:12:33.0000001,11.342129
2012-10-08 12:29:21.0000001,11.34185
2014-08-22 06:49:41.0000002,11.342416
2014-08-22 06:49:41.0000001,11.341614
2014-04-26 22:02:17.0000001,11.343497
2010-05-13 08:48:41.0000004,11.3467
2010-05-13 08:48:41.0000002,11.341779
2010-05-13 08:48:41.0000001,11.345092
2010-05-13 08:48:41.0000003,11.342874
2014-06-22 14:49:13.0000004,11.3414135
2014-06-22 14:49:13.0000003,11.34157
2013-01-22 14:06:33.0000002,11.341571
2013-01-22 14:06:33.0000004,11.342402
2013-01-22 14:06:33.0000001,11.342886
2013-01-22 14:06:33.0000003,11.353976
2010-10-08 11:25:09.0000001,11.342107
2010-10-08 11:25:09.0000002,11.341652
2015-03-14 02:23:17.0000001,11.341104
2015-03-14 02:23:17.0000005,11.34673
2015-03-14 02:23:17.0000007,11.345559
2015-03-14 02:23:17.0000003,11.346317
2014-09-20 00:55:21.0000001,11.343145
2014-09-25 20:52:09.0000003,11.34463
2014-09-25 20:52:09.0000007,11.345217
2014-09-25 20:52:09.0000008,11.3418665
2014-09-25 20:52:09.0000006,11.342135
2014-09-25 20:52:09.0000001,11.341663
2014-09-25 20:52:09.0000004,11.343731
2013-08-20 09:05:33.0000001,11.342355
2012-01-19 00:39:29.0000001,11.3440695
2009-12-23 09:09:21.0000002,11.345255
2009-12-23 09:09:21.0000003,11.343378
2009-12-23 09:09:21.0000001,11.344315
2012-12-15 06:35:45.0000002,11.34425
2012-12-15 06:35:45.0000003,11.356075
2012-12-15 06:35:45.0000004,11.341639
2013-09-30 07:03:29.0000001,11.342753
2014-06-10 11:21:37.0000001,11.342115
2014-06-10 11:21:37.0000002,11.342928
2015-05-30 05:00:57.0000001,11.340999
2015-05-30 05:00:57.0000002,11.344956
2014-04-15 08:04:25.0000001,11.341808
2014-04-15 08:04:25.0000002,11.342881
2012-09-04 21:59:45.0000001,11.342168
2012-06-23 19:15:29.0000001,11.342392
2014-09-23 18:20:01.0000002,11.342334
2014-09-23 18:20:01.0000001,11.342176
2011-06-30 21:50:17.0000002,11.342784
2011-06-30 21:50:17.0000006,11.342336
2011-06-30 21:50:17.0000005,11.34226
2011-06-30 21:50:17.0000004,11.342895
2011-06-30 21:50:17.0000001,11.341556
2011-06-30 21:50:17.0000003,11.342298
2013-04-09 08:59:41.0000001,11.341505
2013-02-14 03:56:45.0000001,11.342125
2009-02-23 21:09:17.0000002,11.342963
2009-02-23 21:09:17.0000003,11.341508
2009-02-23 21:09:17.0000001,11.342257
2013-04-05 20:47:57.0000001,11.344147
2013-04-05 20:47:57.0000003,11.343056
2013-04-05 20:47:57.0000002,11.344469
2013-03-11 06:58:05.0000001,11.342755
2012-01-05 05:51:01.0000002,11.342692
2009-05-11 10:47:33.0000001,11.345282
2014-02-22 02:07:01.0000001,11.344496
2014-02-22 02:07:01.0000004,11.342519
2014-02-22 02:07:01.0000005,11.34107
2014-02-22 02:07:01.0000002,11.343699
2014-02-22 02:07:01.0000003,11.343623
2013-07-25 01:56:37.0000002,11.344999
2013-07-25 01:56:37.0000001,11.34324
2013-10-15 08:16:21.0000001,11.341617
2014-08-26 23:35:49.0000003,11.342895
2014-08-26 23:35:49.0000004,11.34478
2014-08-26 23:35:49.0000001,11.342203
2009-08-28 23:01:41.0000007,11.342897
2009-08-28 23:01:41.0000004,11.342029
2009-08-28 23:01:41.0000003,11.341582
2009-08-28 23:01:41.0000005,11.355292
2009-08-07 07:07:37.0000003,11.343959
2009-08-07 07:07:37.0000002,11.344545
2009-08-07 07:07:37.0000001,11.343078
2013-11-11 13:49:53.0000004,11.354987
2013-11-11 13:49:53.0000003,11.342834
2013-11-11 13:49:53.0000006,11.344936
2013-11-11 13:49:53.0000005,11.34178
2013-11-11 13:49:53.0000001,11.342115
2013-11-11 13:49:53.0000002,11.342441
2012-08-11 19:58:29.0000002,11.342419
2012-08-11 19:58:29.0000003,11.341664
2012-08-11 19:58:29.0000004,11.34247
2012-08-11 19:58:29.0000001,11.343001
2011-06-29 06:25:41.0000001,11.349754
2014-10-19 15:14:45.0000001,11.34632
2014-12-16 13:40:25.0000001,11.342092
2014-12-16 13:40:25.0000002,11.342393
2010-06-11 13:37:21.0000004,11.4104395
2010-06-11 13:37:21.0000001,11.341813
2010-06-11 13:37:21.0000002,11.342495
2012-12-09 22:30:13.0000003,11.344136
2012-12-09 22:30:13.0000001,11.343953
2010-06-21 20:21:45.0000001,11.3459425
2011-05-11 19:56:09.0000002,11.343778
2013-06-17 06:37:49.0000001,11.341321
2009-07-29 07:52:01.0000004,11.341728
2009-07-29 07:52:01.0000002,11.345342
2009-07-29 07:52:01.0000003,11.341648
2009-07-29 07:52:01.0000001,11.341526
2014-08-08 00:02:41.0000001,11.342844
2014-08-08 00:02:41.0000003,11.344277
2014-08-08 00:02:41.0000005,11.343339
2009-02-19 09:17:21.0000001,11.343282
2013-09-12 12:50:13.0000004,11.341567
2013-09-12 12:50:13.0000002,11.343653
2013-09-12 12:50:13.0000006,11.350497
2013-09-12 12:50:13.0000005,11.342182
2011-06-26 03:33:25.0000001,11.346543
2013-09-28 09:59:33.0000002,11.342587
2013-09-28 09:59:33.0000001,11.341978
2010-04-20 07:32:21.0000001,11.342995
2010-04-20 07:32:21.0000002,11.341654
2011-04-16 06:38:33.0000001,11.342077
2011-09-18 18:33:13.0000001,11.342154
2011-09-18 18:33:13.0000002,11.348227
2014-03-04 16:24:45.0000003,11.344043
2014-03-04 16:24:45.0000002,11.34202
2013-08-03 15:48:29.0000001,11.341727
2012-06-21 19:47:25.0000003,11.341799
2012-06-21 19:47:25.0000001,11.342453
2012-06-21 19:47:25.0000002,11.342189
2014-03-10 12:25:21.0000003,11.341631
2014-03-10 12:25:21.0000002,11.342104
2014-03-10 12:25:21.0000001,11.343758
2014-11-10 10:52:41.0000002,11.345791
2014-11-10 10:52:41.0000003,11.34391
2010-10-17 23:04:25.0000001,11.342891
2009-12-22 15:59:53.0000001,11.341358
2009-12-22 15:59:53.0000002,11.341313
2009-12-22 15:59:53.0000004,11.343935
2014-05-08 21:23:41.0000002,11.3413725
2014-05-08 21:23:41.0000003,11.343105
2014-05-08 21:23:41.0000004,11.342057
2014-05-08 21:23:41.0000005,11.343059
2009-10-28 17:56:45.0000002,11.341918
2009-10-28 17:56:45.0000001,11.3414755
2014-07-10 07:03:29.0000002,11.343503
2014-07-10 07:03:29.0000001,11.341909
2012-07-15 03:53:37.0000004,11.344075
2010-03-31 05:33:53.0000001,11.341955
2010-03-31 05:33:53.0000002,11.341888
2010-07-06 20:52:53.0000003,11.342276
2010-07-06 20:52:53.0000001,11.342207
2010-07-06 20:52:53.0000002,11.341859
2013-06-10 11:29:13.0000002,11.341282
2013-06-10 11:29:13.0000006,11.341644
2013-06-10 11:29:13.0000004,11.341697
2013-06-10 11:29:13.0000005,11.341429
2013-06-10 11:29:13.0000003,11.3432255
2015-04-25 01:06:17.0000008,11.342235
2015-04-25 01:06:17.0000004,11.341693
2015-04-25 01:06:17.0000001,11.3416395
2015-04-25 01:06:17.0000006,11.342541
2015-04-25 01:06:17.0000002,11.34274
2011-05-27 14:47:09.0000001,11.342001
2011-05-27 14:47:09.0000004,11.342795
2011-05-27 14:47:09.0000002,11.343228
2011-05-27 14:47:09.0000003,11.34234
2012-10-28 13:55:57.0000002,11.342351
2011-06-12 01:07:57.0000002,11.347141
2011-06-12 01:07:57.0000001,11.344577
2014-12-11 15:20:49.0000002,11.352759
2014-12-11 15:20:49.0000003,11.342075
2011-06-19 04:08:49.0000001,11.342671
2015-06-02 09:11:17.0000003,11.341702
2015-06-02 09:11:17.0000006,11.341613
2015-06-02 09:11:17.0000001,11.342713
2015-06-02 09:11:17.0000004,11.341585
2015-06-02 09:11:17.0000005,11.343158
2014-05-09 02:23:21.0000001,11.343496
2011-10-08 12:54:49.0000003,11.342418
2011-10-08 12:54:49.0000001,11.343959
2009-06-02 08:34:33.0000003,11.342708
2009-06-02 08:34:33.0000002,11.34193
2010-12-09 17:21:29.0000001,11.341664
2013-06-22 01:59:25.0000001,11.342209
2014-12-07 19:56:45.0000002,11.341991
2014-12-07 19:56:45.0000003,11.342804
2013-12-04 17:40:13.0000006,11.3421
2013-12-04 17:40:13.0000004,11.342845
2013-12-04 17:40:13.0000002,11.3426285
2013-12-04 17:40:13.0000005,11.341284
2013-12-04 17:40:13.0000001,11.341503
2013-12-04 17:40:13.0000007,11.343043
2013-12-04 17:40:13.0000003,11.347735
2014-07-20 17:05:09.0000001,11.345755
2010-12-15 08:39:33.0000003,11.341742
2010-12-15 08:39:33.0000002,11.341917
2010-12-15 08:39:33.0000004,11.355065
2010-12-15 08:39:33.0000001,11.34162
2011-02-07 08:56:09.0000001,11.34282
2012-05-26 11:54:53.0000003,11.342456
2012-04-24 17:57:05.0000002,11.341739
2012-04-24 17:57:05.0000003,11.347223
2012-04-24 17:57:05.0000001,11.343897
2014-01-11 19:20:17.0000002,11.342156
2015-01-05 21:43:13.0000003,11.342953
2015-01-05 21:43:13.0000002,11.342901
2013-04-23 13:19:17.0000002,11.342751
2013-04-23 13:19:17.0000003,11.342077
2011-07-19 22:20:41.0000003,11.345624
2012-03-18 02:27:41.0000002,11.353338
2012-03-18 02:27:41.0000003,11.343885
2009-01-19 19:48:17.0000003,11.343686
2011-06-21 22:19:45.0000002,11.341637
2011-06-21 22:19:45.0000003,11.344689
2011-06-21 22:19:45.0000001,11.345179
2012-02-10 06:28:17.0000001,11.343391
2013-01-13 00:20:53.0000002,11.34326
2013-01-13 00:20:53.0000003,11.343036
2015-03-28 09:52:37.0000002,11.341267
2015-03-28 09:52:37.0000001,11.341906
2015-05-02 15:18:33.0000001,11.342408
2015-05-02 15:18:33.0000005,11.341335
2015-05-02 15:18:33.0000002,11.342054
2015-05-02 15:18:33.0000006,11.342197
2015-05-02 15:18:33.0000004,11.343075
2015-05-02 15:18:33.0000007,11.341894
2015-05-02 15:18:33.0000003,11.343174
2012-01-01 00:37:29.0000005,11.344733
2012-01-01 00:37:29.0000001,11.3425665
2012-01-01 00:37:29.0000003,11.343373
2012-01-01 00:37:29.0000002,11.34407
2010-06-24 19:32:25.0000001,11.342785
2010-06-24 19:32:25.0000002,11.341472
2010-04-25 09:00:01.0000001,11.344312
2010-04-25 09:00:01.0000002,11.344173
2009-08-11 21:41:09.0000001,11.344556
2012-06-12 07:19:17.0000002,11.342586
2012-06-12 07:19:17.0000001,11.341695
2011-12-30 11:16:05.0000002,11.343531
2011-12-30 11:16:05.0000001,11.342247
2011-12-30 11:16:05.0000003,11.342025
2011-12-30 11:16:05.0000004,11.342014
2013-11-28 13:17:13.0000001,11.3424015
2010-06-14 20:51:37.0000001,11.346117
2010-06-14 20:51:37.0000002,11.344154
2012-06-10 00:46:17.0000004,11.344523
2012-06-10 00:46:17.0000002,11.344613
2013-02-10 19:51:53.0000001,11.34235
2013-02-10 19:51:53.0000002,11.344317
2010-02-20 04:04:13.0000001,11.343156
2010-02-20 04:04:13.0000002,11.342684
2010-02-20 04:04:13.0000003,11.34189
2014-01-01 16:33:01.0000004,11.341642
2014-01-01 16:33:01.0000001,11.342414
2014-01-01 16:33:01.0000002,11.3431425
2014-01-01 16:33:01.0000003,11.342774
2013-06-04 08:06:57.0000002,11.342158
2013-06-04 08:06:57.0000005,11.341969
2013-06-04 08:06:57.0000003,11.343126
2013-06-04 08:06:57.0000004,11.341557
2013-06-04 08:06:57.0000001,11.341371
2012-07-13 08:45:21.0000001,11.347069
2012-07-13 08:45:21.0000003,11.342144
2012-07-13 08:45:21.0000004,11.341655
2012-07-13 08:45:21.0000002,11.343709
2014-06-09 13:01:21.0000002,11.342236
2014-06-09 13:01:21.0000001,11.342235
2010-10-01 13:11:05.0000002,11.341919
2010-10-01 13:11:05.0000004,11.342516
2010-10-01 13:11:05.0000003,11.347685
2010-02-27 22:55:09.0000002,11.342368
2010-02-27 22:55:09.0000003,11.342021
2012-11-23 05:37:53.0000001,11.344359
2009-10-05 15:41:37.0000001,11.341821
2009-12-01 02:33:57.0000001,11.34351
2013-04-30 14:43:33.0000003,11.345502
2013-04-30 14:43:33.0000002,11.345109
2013-04-30 14:43:33.0000001,11.3437605
2015-05-17 04:17:33.0000001,11.343178
2015-05-17 04:17:33.0000002,11.342979
2015-05-17 04:17:33.0000003,11.342794
2015-05-17 04:17:33.0000004,11.342628
2014-07-26 23:31:41.0000001,11.341986
2009-11-07 16:37:49.0000001,11.3417425
2009-11-07 16:37:49.0000003,11.342225
2009-11-07 16:37:49.0000002,11.355886
2009-11-07 16:37:49.0000005,11.341429
2012-11-07 12:46:29.0000003,11.342175
2012-11-07 12:46:29.0000001,11.343324
2012-11-07 12:46:29.0000002,11.341562
2011-01-07 09:25:57.0000002,11.341364
2011-01-07 09:25:57.0000001,11.341754
2012-07-18 16:28:21.0000002,11.341665
2009-12-17 10:33:45.0000001,11.34316
2009-12-17 10:33:45.0000002,11.343623
2009-12-17 10:33:45.0000003,11.341488
2009-12-17 10:33:45.0000004,11.341766
2013-03-08 19:03:09.0000001,11.343624
2013-03-08 19:03:09.0000004,11.341889
2011-03-11 23:36:13.0000001,11.342405
2011-03-11 23:36:13.0000002,11.3422365
2011-03-11 23:36:13.0000004,11.341825
2011-03-11 23:36:13.0000003,11.34157
2009-12-10 22:45:01.0000002,11.34162
2009-12-10 22:45:01.0000001,11.344414
2009-12-10 22:45:01.0000003,11.341421
2009-12-10 22:45:01.0000005,11.346826
2012-07-13 11:00:05.0000003,11.348059
2012-07-13 11:00:05.0000002,11.344976
2012-07-13 11:00:05.0000006,11.35553
2012-07-13 11:00:05.0000001,11.343075
2012-07-21 17:57:17.0000001,11.342921
2009-04-23 02:42:05.0000002,11.342314
2009-04-23 02:42:05.0000001,11.344046
2012-11-03 23:49:17.0000003,11.343175
2012-11-03 23:49:17.0000002,11.341447
2012-11-03 23:49:17.0000004,11.341867
2012-11-03 23:49:17.0000001,11.343922
2012-02-21 20:07:25.0000002,11.34142
2012-02-21 20:07:25.0000001,11.341537
2012-03-26 05:24:13.0000001,11.346196
2010-02-01 20:28:45.0000001,11.341788
2010-02-01 20:28:45.0000002,11.342335
2010-02-01 20:28:45.0000003,11.341482
2009-09-26 04:36:49.0000001,11.341422
2009-01-29 15:29:09.0000002,11.347809
2009-01-29 15:29:09.0000001,11.341328
2009-12-29 02:06:33.0000002,11.345598
2009-12-29 02:06:33.0000001,11.343317
2010-09-06 00:39:05.0000001,11.34217
2012-09-08 21:13:49.0000004,11.342163
2012-09-08 21:13:49.0000001,11.342869
2012-09-08 21:13:49.0000002,11.342209
2012-09-08 21:13:49.0000003,11.342002
2010-11-04 16:19:25.0000001,11.343147
2009-12-08 07:36:17.0000001,11.343517
2009-12-08 07:36:17.0000002,11.3437605
2012-08-30 20:32:49.0000001,11.343424
2013-06-08 16:55:13.0000002,11.341811
2013-06-08 16:55:13.0000001,11.342227
2014-07-01 11:05:21.0000002,11.341336
2014-07-01 11:05:21.0000001,11.342487
2013-08-19 16:21:05.0000002,11.344326
2014-12-26 21:10:45.0000001,11.342479
2012-10-25 16:20:37.0000001,11.343311
2012-10-25 16:20:37.0000002,11.347838
2013-08-14 11:02:17.0000001,11.341718
2013-08-14 11:02:17.0000002,11.345644
2010-10-01 01:22:01.0000001,11.343868
2012-12-07 19:33:49.0000002,11.361008
2012-12-07 19:33:49.0000001,11.341712
2011-07-11 01:40:45.0000001,11.342677
2013-07-18 01:45:01.0000001,11.341894
2013-07-18 01:45:01.0000002,11.3418865
2009-06-25 10:29:21.0000002,11.341395
2009-06-25 10:29:21.0000001,11.341284
2012-07-31 20:04:53.0000005,11.3420105
2012-07-31 20:04:53.0000003,11.341717
2012-07-31 20:04:53.0000004,11.341517
2012-07-31 20:04:53.0000001,11.342877
2010-11-15 22:25:13.0000001,11.342228
2015-06-08 05:02:45.0000002,11.344105
2015-06-08 05:02:45.0000001,11.3464575
2013-12-08 20:26:29.0000001,11.341571
2013-12-08 20:26:29.0000002,11.342676
2013-12-08 20:26:29.0000003,11.340974
2009-05-10 00:24:57.0000002,11.344745
2009-05-10 00:24:57.0000004,11.341598
2009-05-10 00:24:57.0000003,11.343037
2009-05-10 00:24:57.0000005,11.341682
2009-05-10 00:24:57.0000001,11.341565
2009-02-28 10:19:41.0000002,11.341182
2009-02-28 10:19:41.0000001,11.342141
2011-08-19 17:42:57.0000001,11.341516
2011-08-19 17:42:57.0000002,11.342846
2014-06-05 22:56:05.0000007,11.343519
2014-06-05 22:56:05.0000002,11.346822
2014-06-05 22:56:05.0000001,11.355309
2014-06-05 22:56:05.0000006,11.341609
2014-06-05 22:56:05.0000005,11.341605
2014-06-05 22:56:05.0000003,11.346471
2014-07-16 18:33:41.0000001,11.342411
2014-07-16 18:33:41.0000002,11.34209
2014-07-16 18:33:41.0000003,11.343844
2009-07-14 22:41:09.0000002,11.341656
2009-07-14 22:41:09.0000004,11.34171
2009-07-14 22:41:09.0000001,11.3528
2013-11-21 14:19:21.0000002,11.341705
2015-01-02 11:55:57.0000005,11.341859
2015-01-02 11:55:57.0000002,11.342236
2015-01-02 11:55:57.0000004,11.34676
2015-01-02 11:55:57.0000001,11.342142
2011-09-26 22:26:57.0000001,11.341865
2015-04-14 01:41:05.0000001,11.343423
2013-05-14 16:23:49.0000002,11.343382
2013-05-14 16:23:49.0000001,11.343305
2013-11-23 22:19:37.0000002,11.344787
2013-11-23 22:19:37.0000001,11.342627
2014-07-14 16:18:37.0000001,11.341623
2010-07-30 12:04:17.0000001,11.341359
2010-07-30 12:04:17.0000002,11.342028
2011-07-27 21:48:49.0000002,11.342385
2011-07-27 21:48:49.0000001,11.342059
2014-03-18 19:55:17.0000003,11.341719
2014-03-18 19:55:17.0000002,11.344235
2014-03-18 19:55:17.0000004,11.342
2014-07-28 21:44:21.0000001,11.34331
2009-05-23 07:56:37.0000001,11.342219
2010-06-05 23:05:25.0000004,11.343902
2010-06-05 23:05:25.0000005,11.3417845
2010-06-05 23:05:25.0000003,11.343077
2010-06-05 23:05:25.0000001,11.343531
2010-06-05 23:05:25.0000002,11.343136
2012-07-01 19:59:49.0000001,11.342027
2015-06-07 17:23:09.0000004,11.34228
2015-06-07 17:23:09.0000003,11.341922
2015-06-07 17:23:09.0000002,11.341793
2015-06-07 17:23:09.0000001,11.342669
2013-03-10 07:31:45.0000001,11.342076
2011-03-24 17:44:01.0000001,11.34336
2011-03-24 17:44:01.0000003,11.34221
2014-03-28 21:55:17.0000002,11.345583
2014-03-28 21:55:17.0000004,11.341747
2014-03-28 21:55:17.0000005,11.342462
2014-03-28 21:55:17.0000006,11.342272
2013-04-28 20:00:05.0000002,11.355625
2013-04-28 20:00:05.0000001,11.342225
2013-04-28 20:00:05.0000004,11.343653
2013-04-28 20:00:05.0000003,11.341509
2012-04-27 18:37:09.0000003,11.343214
2012-04-27 18:37:09.0000001,11.343746
2012-04-27 18:37:09.0000004,11.342793
2014-04-05 18:11:33.0000001,11.343128
2013-11-07 22:25:25.0000002,11.345174
2010-06-19 03:06:33.0000002,11.34173
2012-06-30 03:53:29.0000003,11.342895
2012-06-30 03:53:29.0000001,11.345214
2011-09-15 02:11:49.0000002,11.346013
2011-09-15 02:11:49.0000001,11.3462715
2012-08-08 04:45:25.0000001,11.354716
2011-05-19 16:01:41.0000004,11.341761
2011-05-19 16:01:41.0000002,11.341929
2011-05-19 16:01:41.0000005,11.341765
2011-05-19 16:01:41.0000003,11.347679
2009-12-27 04:00:09.0000001,11.345358
2010-01-11 12:38:33.0000006,11.351345
2010-01-11 12:38:33.0000003,11.342156
2010-01-11 12:38:33.0000005,11.341595
2010-01-11 12:38:33.0000001,11.342143
2010-01-11 12:38:33.0000004,11.342021
2010-10-16 09:26:33.0000004,11.350206
2010-10-16 09:26:33.0000002,11.342191
2014-07-25 18:06:37.0000002,11.3419895
2014-07-25 18:06:37.0000004,11.342451
2014-07-25 18:06:37.0000005,11.343777
2014-07-25 18:06:37.0000003,11.341864
2014-07-25 18:06:37.0000001,11.3424835
2013-03-18 15:54:21.0000001,11.342875
2013-03-18 15:54:21.0000002,11.34157
2010-05-13 06:34:57.0000002,11.342322
2010-05-13 06:34:57.0000001,11.343042
2009-05-16 08:13:05.0000001,11.346491
2014-05-13 21:07:29.0000003,11.341988
2014-05-13 21:07:29.0000002,11.342489
2010-04-23 16:10:29.0000001,11.341663
2010-04-23 16:10:29.0000003,11.342079
2010-04-23 16:10:29.0000002,11.3417635
2015-05-25 22:13:09.0000002,11.351559
2015-05-25 22:13:09.0000001,11.344613
2013-11-16 18:33:25.0000003,11.341781
2013-11-16 18:33:25.0000004,11.344196
2013-11-16 18:33:25.0000002,11.343674
2013-11-16 18:33:25.0000001,11.342634
2012-04-16 17:48:09.0000001,11.342237
2012-04-16 17:48:09.0000002,11.34226
2012-04-16 17:48:09.0000003,11.342909
2014-12-29 12:55:53.0000002,11.34259
2014-12-29 12:55:53.0000001,11.3461275
2014-12-29 12:55:53.0000003,11.343685
2009-08-02 14:01:33.0000002,11.342099
2009-08-02 14:01:33.0000003,11.34992
2009-08-02 14:01:33.0000001,11.34156
2015-01-12 15:36:37.0000003,11.345554
2015-01-12 15:36:37.0000004,11.351592
2015-01-12 15:36:37.0000005,11.343038
2015-01-12 15:36:37.0000009,11.34484
2015-01-12 15:36:37.0000006,11.342107
2015-01-12 15:36:37.0000001,11.34453
2015-01-12 15:36:37.0000007,11.343357
2014-09-04 19:52:09.0000002,11.341847
2014-09-04 19:52:09.0000001,11.341531
2014-09-04 19:52:09.0000003,11.3414
2014-09-04 19:52:09.0000004,11.3462305
2009-06-01 17:42:01.0000001,11.343899
2009-06-01 17:42:01.0000002,11.342989
2009-06-01 17:42:01.0000003,11.341953
2010-09-21 01:35:09.0000001,11.343603
2010-09-21 01:35:09.0000002,11.341859
2013-05-26 15:18:37.0000004,11.345945
2013-05-26 15:18:37.0000002,11.342857
2009-09-20 23:07:01.0000002,11.341112
2009-08-12 23:00:37.0000001,11.346799
2012-07-18 09:44:53.0000005,11.3425255
2012-07-18 09:44:53.0000001,11.341972
2012-07-18 09:44:53.0000004,11.341571
2012-07-18 09:44:53.0000002,11.34184
2009-09-25 21:43:49.0000005,11.342784
2009-09-25 21:43:49.0000007,11.344484
2009-09-25 21:43:49.0000003,11.342146
2009-09-25 21:43:49.0000006,11.341247
2009-09-25 21:43:49.0000008,11.343631
2009-09-25 21:43:49.0000001,11.3423
2009-03-22 20:58:33.0000002,11.343772
2009-03-22 20:58:33.0000001,11.3427305
2011-12-09 21:19:25.0000002,11.342789
2011-12-09 21:19:25.0000005,11.343795
2011-12-09 21:19:25.0000006,11.341699
2013-07-05 20:44:49.0000002,11.34153
2013-12-20 15:58:29.0000005,11.343571
2013-12-20 15:58:29.0000002,11.342624
2013-12-20 15:58:29.0000003,11.349809
2013-12-20 15:58:29.0000004,11.343639
2014-10-06 14:37:25.0000004,11.343388
2014-10-06 14:37:25.0000003,11.345105
2014-10-06 14:37:25.0000002,11.342357
2014-10-06 14:37:25.0000001,11.342149
2015-01-18 23:09:25.0000003,11.346409
2015-01-18 23:09:25.0000002,11.342875
2014-05-01 14:11:21.0000002,11.343418
2014-05-01 14:11:21.0000004,11.342101
2014-05-01 14:11:21.0000005,11.342316
2014-05-01 14:11:21.0000006,11.341816
2014-05-01 14:11:21.0000001,11.342738
2014-05-01 14:11:21.0000003,11.345214
2012-05-22 14:54:45.0000002,11.342009
2012-05-22 14:54:45.0000001,11.3418255
2009-06-17 14:41:57.0000001,11.343267
2009-09-16 10:27:37.0000001,11.342465
2009-09-16 10:27:37.0000002,11.341009
2014-02-06 13:26:49.0000001,11.342416
2015-04-16 02:42:33.0000001,11.342845
2011-06-06 07:28:25.0000002,11.346873
2011-06-06 07:28:25.0000003,11.341717
2011-06-06 07:28:25.0000001,11.341513
2011-06-06 07:28:25.0000005,11.345587
2011-06-06 07:28:25.0000004,11.341715
2013-02-27 19:25:13.0000003,11.345314
2013-02-27 19:25:13.0000007,11.343705
2013-02-27 19:25:13.0000006,11.34353
2013-02-27 19:25:13.0000004,11.341544
2013-02-27 19:25:13.0000002,11.341906
2013-02-27 19:25:13.0000005,11.342343
2014-10-03 01:06:05.0000001,11.342372
2014-10-03 01:06:05.0000002,11.341787
2010-06-26 00:14:53.0000001,11.342609
2009-09-15 08:28:53.0000001,11.342301
2009-09-15 08:28:53.0000002,11.343381
2009-09-15 08:28:53.0000004,11.342013
2009-09-15 08:28:53.0000005,11.341622
2011-08-09 05:27:05.0000001,11.342868
2010-10-20 08:49:45.0000001,11.341982
2010-10-20 08:49:45.0000002,11.341636
2012-02-08 11:14:49.0000002,11.341631
2012-02-08 11:14:49.0000001,11.342322
2012-02-08 11:14:49.0000004,11.342472
2013-08-07 02:16:45.0000001,11.350632
2012-10-26 00:32:13.0000001,11.344627
2012-07-18 22:34:53.0000001,11.341869
2011-05-17 22:09:17.0000001,11.344853
2009-04-04 00:20:37.0000001,11.344605
2009-04-04 00:20:37.0000003,11.342713
2009-04-04 00:20:37.0000002,11.344821
2009-09-04 18:43:33.0000003,11.342205
2009-09-04 18:43:33.0000004,11.34316
2010-09-19 17:13:29.0000001,11.343355
2010-09-19 17:13:29.0000007,11.34394
2010-09-19 17:13:29.0000005,11.342631
2010-09-19 17:13:29.0000004,11.341706
2010-09-19 17:13:29.0000003,11.344459
2010-09-19 17:13:29.0000002,11.342489
2013-03-19 18:08:29.0000003,11.342608
2013-03-19 18:08:29.0000004,11.343669
2011-11-22 00:15:25.0000002,11.3418865
2011-11-22 00:15:25.0000001,11.343605
2011-04-23 11:01:49.0000005,11.341526
2011-04-23 11:01:49.0000004,11.341834
2011-04-23 11:01:49.0000003,11.341506
2012-10-19 06:56:29.0000001,11.341826
2012-10-19 06:56:29.0000002,11.341403
2009-12-16 14:45:21.0000002,11.34179
2009-12-16 14:45:21.0000003,11.341918
2009-12-16 14:45:21.0000001,11.340974
2012-08-13 21:49:53.0000002,11.341851
2012-08-13 21:49:53.0000003,11.341361
2012-08-13 21:49:53.0000001,11.341378
2010-11-08 10:01:37.0000001,11.341656
2010-11-08 10:01:37.0000002,11.342214
2010-11-08 10:01:37.0000006,11.341677
2010-11-08 10:01:37.0000007,11.343789
2010-11-08 10:01:37.0000005,11.347913
2010-11-08 10:01:37.0000004,11.341512
2010-12-05 16:35:49.0000001,11.342076
2010-12-05 16:35:49.0000002,11.34297
2014-10-15 12:10:49.0000001,11.342606
2009-04-01 19:28:09.0000004,11.34457
2009-04-01 19:28:09.0000002,11.3428
2009-04-01 19:28:09.0000003,11.341969
2009-04-01 19:28:09.0000007,11.347265
2009-04-01 19:28:09.0000005,11.342067
2009-04-01 19:28:09.0000006,11.342537
2011-11-26 02:04:29.0000002,11.344383
2011-11-26 02:04:29.0000001,11.344616
2009-01-11 07:56:01.0000003,11.342034
2009-01-11 07:56:01.0000002,11.341429
2012-05-30 09:19:13.0000001,11.341889
2014-06-10 01:06:25.0000001,11.345142
2014-06-10 01:06:25.0000003,11.345628
2014-06-10 01:06:25.0000002,11.352936
2014-10-28 22:42:33.0000002,11.345052
2014-10-28 22:42:33.0000001,11.345071
2009-03-20 12:14:53.0000004,11.342664
2009-03-20 12:14:53.0000007,11.341584
2009-03-20 12:14:53.0000002,11.342661
2009-03-20 12:14:53.0000005,11.34098
2009-03-20 12:14:53.0000001,11.341543
2009-03-20 12:14:53.0000006,11.342083
2009-03-20 12:14:53.0000003,11.346398
2010-06-20 12:42:37.0000003,11.342311
2010-06-20 12:42:37.0000001,11.344807
2014-08-05 16:09:05.0000001,11.341985
2014-11-06 01:40:49.0000003,11.341566
2014-11-06 01:40:49.0000002,11.343926
2014-11-06 01:40:49.0000001,11.342413
2014-07-19 21:05:37.0000005,11.34144
2014-07-19 21:05:37.0000001,11.342853
2014-07-19 21:05:37.0000004,11.343284
2014-07-19 21:05:37.0000003,11.34224
2015-02-19 11:39:21.0000005,11.341717
2015-02-19 11:39:21.0000002,11.342353
2015-02-19 11:39:21.0000003,11.341864
2012-10-02 14:17:13.0000003,11.341943
2012-10-02 14:17:13.0000002,11.342511
2012-04-17 09:47:57.0000001,11.342088
2012-04-17 09:47:57.0000003,11.344443
2012-04-17 09:47:57.0000002,11.346561
2011-04-16 00:01:17.0000002,11.345026
2011-04-16 00:01:17.0000001,11.341435
2010-06-18 08:54:37.0000003,11.343208
2010-06-18 08:54:37.0000002,11.346162
2010-06-18 08:54:37.0000001,11.343457
2012-10-20 00:36:37.0000005,11.342237
2012-10-20 00:36:37.0000003,11.350469
2012-10-20 00:36:37.0000004,11.341686
2014-06-19 22:37:09.0000001,11.342113
2014-06-19 22:37:09.0000003,11.343015
2014-06-19 22:37:09.0000005,11.344771
2011-05-11 13:24:37.0000004,11.342455
2011-05-11 13:24:37.0000001,11.342549
2011-05-11 13:24:37.0000003,11.341568
2014-04-09 08:42:05.0000002,11.342758
2014-04-09 08:42:05.0000001,11.34173
2014-10-13 00:42:05.0000001,11.34526
2013-12-08 10:41:05.0000003,11.341673
2013-12-08 10:41:05.0000008,11.344118
2013-12-08 10:41:05.0000006,11.342985
2013-12-08 10:41:05.0000004,11.341823
2013-12-08 10:41:05.0000001,11.343471
2013-12-08 10:41:05.0000005,11.342492
2013-02-14 02:02:13.0000001,11.34166
2009-07-04 13:00:57.0000001,11.34357
2009-07-04 13:00:57.0000003,11.342826
2013-03-20 03:01:29.0000001,11.341451
2010-08-25 12:03:21.0000002,11.343509
2010-08-25 12:03:21.0000001,11.341701
2013-09-08 03:47:57.0000001,11.344262
2013-09-08 03:47:57.0000003,11.3424635
2012-12-19 16:29:33.0000002,11.3427725
2012-12-19 16:29:33.0000001,11.341453
2009-05-15 21:19:13.0000001,11.343788
2009-05-15 21:19:13.0000002,11.342077
2012-06-06 17:33:05.0000001,11.343035
2012-06-06 17:33:05.0000002,11.341722
2012-06-06 17:33:05.0000003,11.343721
2012-06-06 17:33:05.0000004,11.3422
2011-09-20 00:07:17.0000001,11.343774
2010-01-29 08:32:53.0000007,11.341707
2010-01-29 08:32:53.0000004,11.343144
2010-01-29 08:32:53.0000001,11.341192
2010-01-29 08:32:53.0000003,11.343041
2010-01-29 08:32:53.0000005,11.34197
2010-01-29 08:32:53.0000006,11.341766
2015-05-15 01:51:49.0000002,11.340997
2015-05-15 01:51:49.0000001,11.344037
2015-05-15 01:51:49.0000005,11.342356
2015-05-15 01:51:49.0000004,11.341335
2011-07-26 05:14:29.0000001,11.355231
2011-09-09 03:00:05.0000002,11.345869
2011-09-09 03:00:05.0000001,11.341187
2012-11-12 10:06:17.0000004,11.341673
2012-11-12 10:06:17.0000005,11.34289
2012-11-12 10:06:17.0000002,11.341787
2012-11-12 10:06:17.0000001,11.342914
2012-01-05 22:37:13.0000001,11.343722
2012-01-05 22:37:13.0000002,11.343911
2012-12-07 02:02:01.0000002,11.344841
2012-12-07 02:02:01.0000001,11.343374
2011-08-18 08:36:13.0000001,11.34147
2011-08-18 08:36:13.0000004,11.342032
2011-08-18 08:36:13.0000003,11.343333
2011-08-18 08:36:13.0000006,11.342147
2011-08-18 08:36:13.0000002,11.344553
2014-05-16 15:30:05.0000002,11.34213
2014-05-16 15:30:05.0000001,11.3423
2014-03-15 07:19:25.0000001,11.3445215
2009-12-21 17:23:09.0000001,11.341813
2013-12-01 22:23:57.0000002,11.342153
2013-12-01 22:23:57.0000001,11.345352
2014-01-03 15:48:49.0000003,11.342432
2014-01-03 15:48:49.0000002,11.341919
2013-01-19 20:19:45.0000003,11.344898
2013-01-19 20:19:45.0000001,11.342221
2013-01-19 20:19:45.0000004,11.341739
2012-08-31 03:00:21.0000001,11.341824
2012-07-21 16:32:41.0000001,11.341865
2012-07-21 16:32:41.0000002,11.34135
2012-12-20 23:43:09.0000002,11.345751
2012-12-20 23:43:09.0000006,11.342272
2012-12-20 23:43:09.0000005,11.34282
2012-12-20 23:43:09.0000003,11.342115
2009-06-13 18:40:13.0000002,11.344168
2009-06-13 18:40:13.0000003,11.343589
2014-11-16 09:12:45.0000001,11.344204
2013-03-25 15:17:33.0000001,11.341301
2009-09-28 05:36:49.0000001,11.342392
2013-07-08 17:31:29.0000001,11.341881
2013-07-08 17:31:29.0000002,11.344978
2010-11-27 12:54:09.0000005,11.341802
2010-11-27 12:54:09.0000004,11.341936
2010-11-27 12:54:09.0000001,11.34147
2010-11-27 12:54:09.0000003,11.34142
2010-11-27 12:54:09.0000002,11.345046
2011-02-15 02:43:33.0000002,11.343887
2011-02-15 02:43:33.0000001,11.345075
2012-10-25 06:12:37.0000001,11.342356
2014-05-01 06:39:54.0000001,11.341728
2015-03-17 21:44:26.0000001,11.343702
2015-03-17 21:44:26.0000006,11.342315
2015-03-17 21:44:26.0000005,11.345573
2015-03-17 21:44:26.0000003,11.343105
2015-03-17 21:44:26.0000004,11.343425
2011-05-02 13:26:54.0000003,11.341697
2011-05-02 13:26:54.0000001,11.341328
2011-05-02 13:26:54.0000002,11.343721
2009-01-06 07:36:34.0000003,11.342871
2009-01-06 07:36:34.0000002,11.341879
2009-01-06 07:36:34.0000004,11.344161
2010-06-23 10:29:22.0000005,11.341365
2010-06-23 10:29:22.0000001,11.3447
2010-06-23 10:29:22.0000004,11.341419
2010-06-23 10:29:22.0000003,11.343768
2010-06-23 10:29:22.0000002,11.343261
2013-01-22 08:20:26.0000001,11.34148
2013-01-22 08:20:26.0000002,11.341617
2009-11-25 11:14:26.0000001,11.341343
2009-11-25 11:14:26.0000002,11.342377
2012-12-04 06:52:02.0000001,11.344616
2012-12-04 06:52:02.0000002,11.3439455
2012-12-04 06:52:02.0000003,11.342944
2014-05-27 10:31:46.0000001,11.342097
2014-05-27 10:31:46.0000003,11.345281
2014-05-27 10:31:46.0000002,11.3445425
2009-09-20 22:15:46.0000001,11.342772
2011-06-30 08:40:22.0000001,11.341339
2011-06-30 08:40:22.0000002,11.342517
2010-05-10 09:14:30.0000003,11.342123
2010-05-10 09:14:30.0000001,11.341762
2010-05-10 09:14:30.0000002,11.342022
2010-05-10 09:14:30.0000004,11.341532
2010-11-25 16:10:30.0000001,11.344804
2014-11-18 16:06:14.0000001,11.342133
2013-01-20 20:41:26.0000003,11.344001
2013-01-20 20:41:26.0000001,11.345357
2015-06-07 00:38:14.0000003,11.342094
2009-01-03 00:51:02.0000004,11.342976
2009-01-03 00:51:02.0000003,11.341124
2010-09-28 11:54:02.0000004,11.341569
2010-09-28 11:54:02.0000005,11.3425665
2010-09-28 11:54:02.0000003,11.341529
2010-09-28 11:54:02.0000001,11.342002
2010-09-28 11:54:02.0000002,11.347693
2013-11-07 17:01:14.0000001,11.349564
2013-11-07 17:01:14.0000006,11.341446
2013-11-07 17:01:14.0000002,11.342028
2013-11-07 17:01:14.0000003,11.341433
2013-11-07 17:01:14.0000005,11.341725
2013-11-07 17:01:14.0000004,11.342625
2009-11-29 08:05:46.0000001,11.34223
2012-10-21 17:43:26.0000003,11.341807
2012-10-21 17:43:26.0000002,11.343033
2012-10-21 17:43:26.0000006,11.341381
2012-10-21 17:43:26.0000001,11.34204
2012-10-21 17:43:26.0000004,11.340999
2012-10-21 17:43:26.0000005,11.342631
2013-07-31 06:52:46.0000001,11.341799
2013-02-04 12:10:10.0000002,11.341798
2013-02-04 12:10:10.0000001,11.3418045
2013-10-18 09:06:14.0000001,11.341703
2009-04-26 17:29:42.0000004,11.341857
2009-04-26 17:29:42.0000002,11.342306
2009-04-26 17:29:42.0000005,11.343383
2009-04-26 17:29:42.0000003,11.3423
2009-04-26 17:29:42.0000006,11.342424
2015-04-12 21:56:22.0000004,11.343962
2015-04-12 21:56:22.0000002,11.342906
2015-04-12 21:56:22.0000001,11.35565
2015-02-25 22:00:38.0000003,11.348617
2015-02-25 22:00:38.0000006,11.342984
2015-02-25 22:00:38.0000001,11.344551
2015-02-25 22:00:38.0000004,11.34323
2015-02-25 22:00:38.0000005,11.346332
2013-12-30 00:48:42.0000003,11.341584
2013-12-30 00:48:42.0000002,11.347124
2013-12-30 00:48:42.0000001,11.34332
2012-11-20 21:15:22.0000004,11.342513
2012-11-20 21:15:22.0000001,11.341814
2012-11-20 21:15:22.0000003,11.344294
2012-11-20 21:15:22.0000006,11.342765
2012-11-20 21:15:22.0000005,11.343851
2012-11-20 21:15:22.0000002,11.345791
2012-11-20 21:15:22.0000007,11.342667
2010-03-21 16:52:58.0000002,11.347642
2010-03-21 16:52:58.0000001,11.3431
2010-03-21 16:52:58.0000004,11.345348
2010-10-06 23:31:54.0000002,11.341944
2013-07-09 21:59:42.0000002,11.351316
2012-06-23 09:43:42.0000006,11.3452635
2012-06-23 09:43:42.0000001,11.341302
2012-06-23 09:43:42.0000003,11.343149
2012-06-23 09:43:42.0000005,11.341709
2009-01-21 20:04:30.0000004,11.342514
2009-01-21 20:04:30.0000008,11.342381
2009-01-21 20:04:30.0000009,11.342131
2009-01-21 20:04:30.0000003,11.342396
2009-01-21 20:04:30.0000001,11.341935
2009-01-21 20:04:30.0000005,11.342038
2009-01-21 20:04:30.0000002,11.342113
2009-01-21 20:04:30.0000007,11.341729
2013-12-18 14:26:58.0000003,11.346429
2013-12-18 14:26:58.0000001,11.342583
2014-04-26 18:02:26.0000002,11.342878
2014-04-26 18:02:26.0000001,11.342615
2010-11-21 00:32:50.0000003,11.341697
2010-11-21 00:32:50.0000002,11.343948
2010-11-21 00:32:50.0000001,11.3418
2013-02-07 21:29:22.0000003,11.342921
2013-02-07 21:29:22.0000002,11.342358
2013-02-07 21:29:22.0000004,11.343445
2013-02-07 21:29:22.0000001,11.343387
2010-11-15 18:15:14.0000002,11.34248
2010-11-15 18:15:14.0000001,11.342504
2010-11-15 18:15:14.0000003,11.341569
2010-11-15 18:15:14.0000004,11.342322
2013-10-26 10:46:46.0000005,11.342174
2013-10-26 10:46:46.0000002,11.343638
2013-10-26 10:46:46.0000004,11.342963
2013-10-26 10:46:46.0000001,11.341555
2013-07-18 10:24:58.0000001,11.341927
2010-05-14 04:15:54.0000001,11.342671
2013-09-14 18:51:46.0000002,11.34318
2009-05-27 23:09:54.0000001,11.343496
2013-05-23 23:54:42.0000002,11.342721
2013-05-23 23:54:42.0000006,11.342104
2013-05-23 23:54:42.0000001,11.343573
2013-05-23 23:54:42.0000005,11.344321
2013-05-23 23:54:42.0000003,11.3425865
2015-05-23 01:00:22.0000001,11.341655
2009-11-23 19:06:14.0000004,11.340975
2009-11-23 19:06:14.0000003,11.342158
2009-11-23 19:06:14.0000002,11.341658
2009-11-23 19:06:14.0000006,11.359849
2011-06-22 00:06:34.0000001,11.342128
2014-07-02 02:27:22.0000001,11.341202
2012-11-18 14:55:42.0000002,11.342085
2012-11-18 14:55:42.0000003,11.342555
2012-11-18 14:55:42.0000004,11.342058
2009-01-12 17:54:26.0000001,11.341662
2012-10-10 06:59:02.0000002,11.342695
2012-10-10 06:59:02.0000003,11.34214
2012-10-10 06:59:02.0000001,11.341707
2010-01-24 14:09:58.0000001,11.341871
2010-09-01 08:23:54.0000001,11.34435
2011-12-10 23:39:06.0000002,11.349001
2011-05-22 03:09:50.0000002,11.34726
2011-05-22 03:09:50.0000005,11.34175
2011-05-22 03:09:50.0000001,11.342514
2011-05-22 03:09:50.0000004,11.347446
2011-05-22 03:09:50.0000003,11.346923
2013-06-29 14:26:06.0000004,11.345035
2013-06-29 14:26:06.0000003,11.342265
2013-06-29 14:26:06.0000002,11.341776
2013-06-29 14:26:06.0000001,11.343788
2011-01-25 10:31:26.0000001,11.343886
2011-01-25 10:31:26.0000002,11.342348
2013-02-11 01:03:30.0000001,11.347405
2009-12-17 15:54:46.0000005,11.343159
2009-12-17 15:54:46.0000003,11.341488
2009-12-17 15:54:46.0000001,11.342375
2009-12-17 15:54:46.0000004,11.341704
2012-03-17 05:33:02.0000001,11.343119
2009-10-24 19:48:30.0000001,11.341754
2009-10-24 19:48:30.0000002,11.342361
2009-10-24 19:48:30.0000003,11.344019
2013-03-23 00:10:26.0000004,11.349617
2013-03-23 00:10:26.0000002,11.341656
2013-03-23 00:10:26.0000001,11.355074
2013-03-23 00:10:26.0000003,11.345056
2010-06-16 18:41:54.0000001,11.342211
2010-06-16 18:41:54.0000002,11.34243
2011-01-15 04:13:38.0000002,11.3412895
2014-07-27 11:25:18.0000001,11.341474
2014-07-27 11:25:18.0000002,11.341824
2011-11-02 08:21:50.0000002,11.34202
2015-05-16 04:37:50.0000001,11.343463
2015-05-16 04:37:50.0000002,11.343458
2009-03-15 03:31:14.0000002,11.342787
2009-03-15 03:31:14.0000001,11.342007
2014-09-08 19:07:46.0000002,11.343383
2009-08-28 11:58:58.0000001,11.341414
2010-04-24 23:31:50.0000001,11.341993
2010-04-24 23:31:50.0000003,11.343596
2013-06-13 14:50:50.0000002,11.343524
2013-06-13 14:50:50.0000001,11.342071
2010-07-07 06:22:38.0000002,11.347073
2010-07-07 06:22:38.0000001,11.3431835
2009-03-24 00:11:26.0000001,11.342893
2009-03-24 00:11:26.0000002,11.342972
2013-10-23 14:27:10.0000001,11.34178
2011-03-03 21:31:42.0000007,11.343938
2011-03-03 21:31:42.0000001,11.342218
2011-03-03 21:31:42.0000008,11.343305
2011-03-03 21:31:42.0000006,11.342322
2011-03-03 21:31:42.0000005,11.341992
2011-09-05 10:47:26.0000002,11.343924
2011-09-05 10:47:26.0000003,11.344497
2011-09-05 10:47:26.0000004,11.343545
2012-08-04 23:34:58.0000001,11.343915
2012-08-04 23:34:58.0000004,11.34157
2012-08-04 23:34:58.0000002,11.342628
2015-01-29 13:15:50.0000003,11.342802
2015-01-29 13:15:50.0000004,11.341763
2015-01-29 13:15:50.0000007,11.342507
2015-01-29 13:15:50.0000006,11.342649
2015-01-29 13:15:50.0000008,11.341417
2015-01-29 13:15:50.0000005,11.34158
2015-01-29 13:15:50.0000002,11.341983
2015-01-29 13:15:50.0000009,11.341758
2012-09-16 12:48:06.0000004,11.341857
2012-09-16 12:48:06.0000001,11.343755
2012-09-16 12:48:06.0000003,11.344394
2015-04-10 11:56:54.0000008,11.341727
2015-04-10 11:56:54.0000001,11.343292
2015-04-10 11:56:54.0000002,11.34737
2015-04-10 11:56:54.0000007,11.355561
2015-04-10 11:56:54.0000003,11.341734
2015-05-05 12:32:14.0000007,11.342411
2015-05-05 12:32:14.0000006,11.342336
2015-05-05 12:32:14.0000003,11.342763
2015-05-05 12:32:14.0000004,11.34142
2015-05-05 12:32:14.0000002,11.342321
2015-05-05 12:32:14.0000005,11.342768
2015-05-05 12:32:14.0000001,11.34371
2013-10-15 23:31:26.0000001,11.342271
2014-08-24 01:17:38.0000001,11.341595
2013-04-04 07:01:06.0000003,11.343314
2013-04-04 07:01:06.0000001,11.341373
2013-04-04 07:01:06.0000002,11.342492
2013-06-21 18:06:14.0000001,11.3420725
2013-06-21 18:06:14.0000005,11.342567
2013-06-21 18:06:14.0000004,11.341786
2013-06-21 18:06:14.0000003,11.343198
2013-06-21 18:06:14.0000006,11.341975
2009-08-03 21:09:42.0000001,11.342314
2009-08-03 21:09:42.0000003,11.341863
2009-08-03 21:09:42.0000002,11.342572
2009-08-03 21:09:42.0000004,11.341873
2013-10-13 19:52:54.0000003,11.341596
2013-10-13 19:52:54.0000001,11.341465
2014-11-14 11:09:46.0000001,11.34198
2014-11-14 11:09:46.0000002,11.345792
2015-06-25 01:01:46.0000003,11.341544
2015-06-25 01:01:46.0000001,11.342398
2009-05-19 15:44:30.0000003,11.342823
2014-01-26 08:48:30.0000001,11.34509
2014-01-26 08:48:30.0000002,11.341379
2012-01-19 02:06:02.0000001,11.341427
2014-12-25 21:32:58.0000001,11.342628
2012-08-09 07:49:02.0000001,11.343411
2012-08-09 07:49:02.0000003,11.345802
2012-08-09 07:49:02.0000002,11.34206
2014-08-10 05:03:50.0000001,11.347935
2010-01-11 15:18:14.0000002,11.341949
2010-01-11 15:18:14.0000003,11.341791
2010-01-11 15:18:14.0000004,11.342912
2010-01-11 15:18:14.0000001,11.342504
2009-11-10 15:56:38.0000006,11.341857
2009-11-10 15:56:38.0000002,11.342066
2009-11-10 15:56:38.0000004,11.343014
2009-11-10 15:56:38.0000003,11.355306
2009-11-10 15:56:38.0000005,11.34156
2009-11-10 15:56:38.0000001,11.343134
2012-10-18 09:17:42.0000002,11.341965
2012-10-18 09:17:42.0000001,11.342571
2010-12-06 13:19:58.0000003,11.341929
2010-12-06 13:19:58.0000002,11.342519
2010-12-06 13:19:58.0000001,11.341087
2011-07-30 15:27:58.0000003,11.342356
2011-07-30 15:27:58.0000002,11.342136
2011-07-20 04:21:54.0000001,11.34214
2011-07-20 04:21:54.0000002,11.342596
2009-03-10 19:51:34.0000003,11.342063
2009-03-10 19:51:34.0000004,11.343363
2009-03-10 19:51:34.0000005,11.341837
2009-03-10 19:51:34.0000002,11.343934
2009-03-10 19:51:34.0000001,11.341836
2011-11-15 22:33:42.0000001,11.34285
2011-11-15 22:33:42.0000002,11.345131
2010-09-24 22:40:06.0000005,11.34256
2010-09-24 22:40:06.0000003,11.348579
2010-09-24 22:40:06.0000006,11.341643
2010-09-24 22:40:06.0000002,11.342212
2010-09-24 22:40:06.0000001,11.341787
2010-02-06 17:37:10.0000007,11.34114
2010-02-06 17:37:10.0000004,11.3417845
2010-02-06 17:37:10.0000006,11.342342
2010-02-06 17:37:10.0000003,11.341627
2012-05-11 02:43:18.0000002,11.342796
2012-05-11 02:43:18.0000001,11.341189
2011-09-25 21:18:06.0000001,11.342514
2011-09-25 21:18:06.0000002,11.343795
2013-12-18 03:16:02.0000001,11.345033
2012-01-26 01:32:42.0000001,11.343277
2012-01-26 01:32:42.0000002,11.341557
2011-10-02 03:06:34.0000001,11.342179
2012-03-31 12:52:46.0000002,11.342402
2012-03-31 12:52:46.0000001,11.346128
2014-06-15 00:51:42.0000001,11.345152
2009-04-21 17:27:58.0000001,11.342553
2009-04-21 17:27:58.0000002,11.341845
2012-08-13 15:02:26.0000002,11.34174
2012-08-13 15:02:26.0000003,11.342036
2014-10-27 11:56:50.0000001,11.342091
2014-10-27 11:56:50.0000002,11.344464
2014-10-27 11:56:50.0000003,11.342662
2009-09-29 18:03:18.0000001,11.344398
2011-10-30 16:52:26.0000001,11.341938
2011-10-30 16:52:26.0000002,11.341909
2014-11-24 23:39:26.0000002,11.344591
2014-11-24 23:39:26.0000001,11.347678
2011-08-16 14:41:50.0000001,11.342514
2011-08-16 14:41:50.0000003,11.341611
2011-08-16 14:41:50.0000002,11.342312
2013-01-14 18:42:54.0000002,11.346032
2013-01-14 18:42:54.0000006,11.341759
2013-01-14 18:42:54.0000001,11.341672
2013-01-14 18:42:54.0000007,11.34144
2013-01-14 18:42:54.0000008,11.342666
2009-04-18 23:09:34.0000002,11.343894
2009-11-11 21:20:18.0000001,11.34163
2009-11-11 21:20:18.0000003,11.3472395
2012-07-24 01:12:50.0000004,11.345288
2012-07-24 01:12:50.0000003,11.342197
2012-07-24 01:12:50.0000001,11.345289
2012-07-24 01:12:50.0000002,11.342203
2012-07-24 01:12:50.0000005,11.344277
2009-04-18 02:44:34.0000003,11.342947
2009-04-18 02:44:34.0000002,11.344715
2014-07-18 06:32:22.0000001,11.34219
2014-01-10 12:28:38.0000001,11.342711
2011-08-08 15:27:22.0000001,11.341471
2014-07-30 14:42:34.0000001,11.342333
2014-07-30 14:42:34.0000003,11.347888
2014-07-30 14:42:34.0000002,11.344234
2014-08-26 16:39:54.0000002,11.342928
2014-10-11 00:26:38.0000002,11.34465
2014-10-11 00:26:38.0000003,11.343204
2014-10-11 00:26:38.0000001,11.343176
2014-10-11 00:26:38.0000005,11.343493
2014-10-11 00:26:38.0000007,11.341563
2014-10-11 00:26:38.0000006,11.345363
2009-08-15 14:25:02.0000001,11.343562
2009-09-22 06:43:46.0000001,11.341881
2014-05-14 00:00:34.0000001,11.342489
2014-05-14 00:00:34.0000002,11.34316
2014-10-14 01:57:26.0000001,11.341369
2009-05-31 20:56:38.0000002,11.353085
2009-05-31 20:56:38.0000003,11.342865
2009-05-31 20:56:38.0000001,11.341957
2009-07-11 12:59:58.0000001,11.342394
2010-06-02 15:33:06.0000001,11.341707
2010-06-02 15:33:06.0000002,11.341624
2010-06-02 15:33:06.0000003,11.341404
2010-01-30 02:13:06.0000002,11.341508
2010-01-30 02:13:06.0000001,11.341228
2010-01-30 02:13:06.0000003,11.3432
2014-01-05 17:47:02.0000003,11.34254
2014-01-05 17:47:02.0000002,11.34317
2009-03-21 09:59:50.0000003,11.354905
2009-03-21 09:59:50.0000002,11.344334
2009-03-21 09:59:50.0000001,11.342014
2009-08-26 23:55:38.0000002,11.3431
2009-06-09 15:10:50.0000002,11.355891
2009-06-09 15:10:50.0000001,11.341518
2011-09-18 06:14:54.0000001,11.342814
2009-03-27 16:05:22.0000004,11.348166
2009-03-27 16:05:22.0000005,11.341819
2009-03-27 16:05:22.0000001,11.343052
2009-03-27 16:05:22.0000006,11.342151
2009-03-27 16:05:22.0000003,11.343036
2009-03-27 16:05:22.0000002,11.342118
2015-05-29 10:02:42.0000005,11.342198
2015-05-29 10:02:42.0000003,11.341924
2015-05-29 10:02:42.0000004,11.341968
2012-09-07 23:20:34.0000004,11.345106
2012-09-07 23:20:34.0000003,11.344887
2012-09-07 23:20:34.0000001,11.341695
2014-03-07 10:36:50.0000002,11.342127
2014-03-07 10:36:50.0000001,11.342806
2013-03-17 23:47:50.0000002,11.346071
2013-03-17 23:47:50.0000001,11.342177
2015-06-30 20:03:50.0000005,11.342649
2015-06-30 20:03:50.0000001,11.360184
2015-06-30 20:03:50.0000003,11.342975
2015-06-30 20:03:50.0000004,11.341851
2015-05-11 02:21:26.0000002,11.341342
2015-05-11 02:21:26.0000001,11.344133
2015-01-10 14:32:14.0000001,11.342191
2014-12-05 14:14:14.0000001,11.342683
2014-12-05 14:14:14.0000002,11.34325
2012-04-23 12:23:18.0000001,11.342001
2012-04-23 12:23:18.0000003,11.341634
2012-04-23 12:23:18.0000002,11.348007
2012-09-01 13:33:14.0000003,11.341949
2012-09-01 13:33:14.0000002,11.343291
2012-09-01 13:33:14.0000001,11.343797
2011-04-17 14:55:58.0000001,11.341308
2010-05-31 20:43:42.0000002,11.342982
2013-11-22 23:44:34.0000002,11.343093
2013-11-22 23:44:34.0000001,11.342014
2013-05-17 05:30:10.0000002,11.344112
2013-05-17 05:30:10.0000001,11.342296
2009-07-28 11:13:10.0000001,11.344051
2014-05-18 14:43:26.0000001,11.34248
2014-05-18 14:43:26.0000002,11.341877
2014-05-18 14:43:26.0000003,11.341904
2011-10-08 18:18:26.0000005,11.343324
2011-10-08 18:18:26.0000001,11.341446
2011-10-08 18:18:26.0000004,11.343937
2013-09-27 04:39:14.0000001,11.340974
2011-02-08 01:44:18.0000001,11.343931
2015-01-12 06:21:38.0000001,11.342126
2015-01-12 06:21:38.0000002,11.344785
2010-03-23 13:23:34.0000004,11.341629
2010-03-23 13:23:34.0000002,11.344819
2010-03-23 13:23:34.0000001,11.341582
2009-04-02 06:19:02.0000001,11.343819
2012-01-12 18:05:10.0000003,11.342969
2012-01-12 18:05:10.0000001,11.3460455
2014-11-21 02:04:42.0000002,11.343575
2014-11-21 02:04:42.0000003,11.343889
2014-11-21 02:04:42.0000001,11.347202
2010-10-09 03:54:42.0000001,11.341864
2012-04-03 12:26:14.0000002,11.341457
2012-04-03 12:26:14.0000001,11.348633
2012-04-03 12:26:14.0000003,11.343179
2010-12-21 08:46:02.0000005,11.3437195
2010-12-21 08:46:02.0000004,11.342413
2010-12-21 08:46:02.0000003,11.343243
2010-06-19 22:52:30.0000002,11.341781
2010-06-19 22:52:30.0000001,11.343177
2013-01-03 01:43:10.0000001,11.346457
2013-11-24 03:44:46.0000004,11.343031
2013-11-24 03:44:46.0000002,11.344987
2013-11-24 03:44:46.0000005,11.344441
2011-04-16 12:57:18.0000001,11.342158
2012-10-11 22:24:18.0000001,11.342984
2010-12-13 23:24:02.0000002,11.343671
2010-12-13 23:24:02.0000001,11.343654
2011-09-14 23:42:46.0000001,11.343687
2011-05-17 23:42:46.0000001,11.341587
2011-05-17 23:42:46.0000004,11.354933
2011-05-17 23:42:46.0000002,11.343763
2011-05-17 23:42:46.0000005,11.341773
2011-05-17 23:42:46.0000007,11.342534
2013-06-30 03:37:26.0000002,11.3416815
2013-06-30 03:37:26.0000005,11.346006
2013-06-30 03:37:26.0000001,11.34134
2013-06-30 03:37:26.0000004,11.344722
2011-05-26 21:36:54.0000001,11.34171
2009-11-09 06:00:22.0000001,11.341478
2014-01-09 17:27:18.0000002,11.351716
2014-01-09 17:27:18.0000001,11.341584
2014-01-09 17:27:18.0000005,11.342379
2014-01-09 17:27:18.0000006,11.341631
2014-01-09 17:27:18.0000007,11.341833
2012-07-01 00:24:58.0000003,11.342467
2012-07-01 00:24:58.0000001,11.3427
2012-07-01 00:24:58.0000002,11.343364
2010-06-02 14:55:22.0000003,11.342471
2010-06-02 14:55:22.0000002,11.341383
2010-06-02 14:55:22.0000004,11.341692
2010-06-02 14:55:22.0000006,11.342411
2010-06-02 14:55:22.0000001,11.343173
2010-06-02 14:55:22.0000005,11.34254
2013-03-07 08:50:34.0000001,11.345117
2013-03-07 08:50:34.0000005,11.341913
2013-03-07 08:50:34.0000002,11.343349
2013-03-07 08:50:34.0000006,11.34322
2013-03-07 08:50:34.0000003,11.343735
2013-03-07 08:50:34.0000004,11.343539
2013-10-28 00:33:30.0000001,11.34252
2013-11-23 16:33:30.0000003,11.343028
2013-11-23 16:33:30.0000001,11.342304
2014-11-06 07:56:46.0000002,11.341951
2014-11-06 07:56:46.0000001,11.342286
2013-04-05 12:38:22.0000001,11.344617
2014-11-06 02:02:10.0000001,11.34176
2012-10-09 07:47:46.0000002,11.342409
2012-10-09 07:47:46.0000001,11.343493
2012-10-09 07:47:46.0000003,11.343175
2012-10-09 07:47:46.0000004,11.342881
2012-10-09 07:47:46.0000005,11.341487
2013-11-21 22:21:58.0000001,11.34489
2014-12-20 01:57:26.0000001,11.342354
2014-12-20 01:57:26.0000004,11.341724
2014-12-20 01:57:26.0000003,11.342932
2014-12-20 01:57:26.0000002,11.341872
2010-01-09 13:24:22.0000003,11.341918
2011-11-02 02:18:18.0000001,11.346923
2009-03-11 21:46:54.0000003,11.342724
2009-03-11 21:46:54.0000005,11.345961
2009-03-11 21:46:54.0000001,11.342752
2009-03-11 21:46:54.0000004,11.349232
2014-12-07 03:45:18.0000001,11.342194
2014-12-07 03:45:18.0000002,11.344109
2014-12-07 03:45:18.0000004,11.344603
2014-12-07 03:45:18.0000003,11.342375
2014-11-29 19:23:58.0000001,11.342984
2010-03-04 09:49:38.0000002,11.346614
2010-03-04 09:49:38.0000001,11.342919
2010-03-04 09:49:38.0000003,11.341395
2009-10-10 06:52:06.0000001,11.341859
2009-10-10 06:52:06.0000002,11.343305
2012-08-22 20:54:46.0000003,11.342421
2012-08-22 20:54:46.0000001,11.342794
2012-08-22 20:54:46.0000002,11.342202
2015-05-01 07:49:14.0000001,11.341327
2009-02-21 20:49:34.0000001,11.343344
2012-08-10 14:04:14.0000005,11.342567
2012-08-10 14:04:14.0000006,11.346409
2012-08-10 14:04:14.0000004,11.341719
2012-08-10 14:04:14.0000003,11.341685
2012-08-10 14:04:14.0000007,11.341326
2012-08-10 14:04:14.0000002,11.34326
2013-05-10 21:08:18.0000002,11.34565
2013-05-10 21:08:18.0000003,11.342047
2013-05-10 21:08:18.0000005,11.341818
2013-05-10 21:08:18.0000004,11.343985
2013-05-10 21:08:18.0000001,11.341696
2009-09-25 12:59:18.0000001,11.342042
2014-08-02 21:05:42.0000002,11.343978
2014-08-02 21:05:42.0000001,11.34164
2013-10-29 20:16:10.0000002,11.341684
2013-10-29 20:16:10.0000001,11.344473
2009-11-11 22:49:46.0000003,11.343472
2009-11-11 22:49:46.0000002,11.342409
2009-11-11 22:49:46.0000001,11.341746
2009-10-17 03:52:42.0000002,11.342673
2009-10-17 03:52:42.0000007,11.341624
2009-10-17 03:52:42.0000006,11.342327
2009-10-17 03:52:42.0000003,11.344945
2009-10-17 03:52:42.0000001,11.34204
2009-10-17 03:52:42.0000004,11.341826
2014-02-27 09:36:26.0000007,11.342765
2014-02-27 09:36:26.0000008,11.342049
2014-02-27 09:36:26.0000002,11.3413725
2014-02-27 09:36:26.0000005,11.341401
2014-02-27 09:36:26.0000003,11.341715
2014-02-27 09:36:26.0000006,11.342792
2014-02-27 09:36:26.0000004,11.34377
2014-02-27 09:36:26.0000009,11.341334
2012-12-26 17:12:30.0000003,11.342533
2012-12-26 17:12:30.0000005,11.346137
2012-12-26 17:12:30.0000001,11.3421
2012-12-26 17:12:30.0000004,11.342636
2014-03-11 20:24:02.0000003,11.342334
2014-03-11 20:24:02.0000002,11.342184
2014-03-11 20:24:02.0000004,11.342218
2011-01-29 09:28:38.0000002,11.341995
2011-01-29 09:28:38.0000001,11.342435
2011-01-29 09:28:38.0000003,11.342343
2011-01-29 09:28:38.0000005,11.342068
2011-01-29 09:28:38.0000004,11.342099
2015-05-07 15:33:26.0000003,11.341239
2015-05-07 15:33:26.0000007,11.341676
2015-05-07 15:33:26.0000001,11.342386
2015-05-07 15:33:26.0000002,11.343176
2015-05-07 15:33:26.0000006,11.341893
2010-10-25 13:31:22.0000003,11.341681
2010-10-25 13:31:22.0000002,11.345015
2010-10-25 13:31:22.0000001,11.341546
2010-10-25 13:31:22.0000004,11.34284
2012-09-10 21:07:54.0000005,11.346694
2012-09-10 21:07:54.0000004,11.343994
2012-09-10 21:07:54.0000003,11.341717
2012-09-10 21:07:54.0000007,11.34316
2012-09-10 21:07:54.0000002,11.343479
2012-09-10 21:07:54.0000006,11.342632
2012-09-10 21:07:54.0000001,11.342156
2012-04-15 21:54:22.0000001,11.342937
2012-04-20 00:06:10.0000007,11.342054
2012-04-20 00:06:10.0000001,11.342258
2012-04-20 00:06:10.0000002,11.342567
2012-04-20 00:06:10.0000006,11.342457
2012-04-20 00:06:10.0000005,11.341572
2012-04-20 00:06:10.0000008,11.345205
2012-06-12 23:10:42.0000001,11.344509
2012-06-12 23:10:42.0000003,11.344409
2012-06-12 23:10:42.0000002,11.342969
2009-04-30 22:25:26.0000004,11.344346
2009-04-30 22:25:26.0000003,11.344086
2009-04-30 22:25:26.0000002,11.342381
2009-04-30 22:25:26.0000001,11.34211
2011-02-20 06:18:34.0000001,11.35043
2011-02-20 06:18:34.0000002,11.342375
2013-04-21 19:50:54.0000003,11.351718
2011-06-11 21:33:18.0000001,11.343237
2013-02-06 18:21:18.0000006,11.342162
2013-02-06 18:21:18.0000002,11.342192
2013-02-06 18:21:18.0000003,11.343194
2013-02-06 18:21:18.0000004,11.342233
2014-05-01 21:05:34.0000002,11.34167
2014-05-01 21:05:34.0000003,11.34491
2013-07-21 11:41:26.0000001,11.34487
2013-07-21 11:41:26.0000002,11.341532
2011-04-22 19:23:54.0000001,11.3435955
2011-04-22 19:23:54.0000003,11.342094
2011-04-22 19:23:54.0000002,11.354779
2012-09-04 05:46:50.0000001,11.341772
2012-09-04 05:46:50.0000002,11.346067
2009-03-24 11:57:34.0000005,11.343864
2009-03-24 11:57:34.0000004,11.341796
2009-03-24 11:57:34.0000003,11.341455
2009-03-24 11:57:34.0000002,11.34132
2009-03-24 11:57:34.0000001,11.3416
2011-07-05 22:05:34.0000001,11.342625
2011-09-17 15:41:06.0000001,11.342249
2011-09-17 15:41:06.0000003,11.341215
2011-12-25 04:37:10.0000001,11.342226
2015-03-05 13:21:58.0000002,11.342317
2015-03-05 13:21:58.0000003,11.341859
2014-09-01 09:16:10.0000001,11.342097
2015-06-21 17:16:10.0000007,11.342075
2015-06-21 17:16:10.0000002,11.34367
2015-06-21 17:16:10.0000006,11.34388
2015-06-21 17:16:10.0000003,11.34307
2015-06-21 17:16:10.0000004,11.34264
2010-06-02 22:04:10.0000003,11.342836
2010-06-02 22:04:10.0000004,11.345617
2010-06-02 22:04:10.0000005,11.342498
2010-06-02 22:04:10.0000006,11.341814
2014-03-01 09:37:02.0000001,11.341798
2014-03-01 09:37:02.0000002,11.341981
2014-03-01 09:37:02.0000003,11.357036
2011-07-18 12:12:18.0000001,11.341822
2011-07-18 12:12:18.0000003,11.34184
2011-07-18 12:12:18.0000002,11.342604
2015-02-27 19:36:02.0000009,11.343296
2015-02-27 19:36:02.00000010,11.341345
2015-02-27 19:36:02.00000012,11.344319
2015-02-27 19:36:02.0000004,11.341488
2015-02-27 19:36:02.00000011,11.342146
2015-02-27 19:36:02.0000003,11.342132
2015-02-27 19:36:02.0000001,11.346008
2015-02-27 19:36:02.0000002,11.341829
2015-02-27 19:36:02.0000007,11.344856
2012-04-16 21:10:10.0000001,11.343033
2015-06-14 08:26:26.0000001,11.341715
2014-01-15 22:45:42.0000003,11.341829
2014-01-15 22:45:42.0000001,11.356349
2014-01-15 22:45:42.0000002,11.343965
2013-04-06 19:16:10.0000001,11.341357
2013-04-06 19:16:10.0000003,11.342318
2013-04-06 19:16:10.0000004,11.342523
2013-04-06 19:16:10.0000005,11.343453
2014-03-08 16:08:26.0000002,11.343317
2014-03-08 16:08:26.0000004,11.341243
2013-12-06 23:40:42.0000001,11.342747
2013-12-06 23:40:42.0000006,11.352352
2013-12-06 23:40:42.0000002,11.35014
2013-12-06 23:40:42.0000003,11.344078
2013-08-19 17:09:50.0000001,11.341591
2013-08-19 17:09:50.0000002,11.342686
2013-08-19 17:09:50.0000004,11.341752
2013-08-19 17:09:50.0000003,11.343029
2009-11-02 21:38:38.0000001,11.343871
2009-06-03 09:11:30.0000004,11.342631
2009-06-03 09:11:30.0000003,11.345171
2009-06-03 09:11:30.0000002,11.342389
2009-06-03 09:11:30.0000005,11.341633
2015-03-12 13:01:54.0000002,11.342147
2015-03-12 13:01:54.0000005,11.343251
2015-03-12 13:01:54.0000004,11.342295
2015-03-12 13:01:54.0000001,11.341672
2013-02-05 06:13:58.0000003,11.343683
2013-02-05 06:13:58.0000002,11.355366
2013-02-05 06:13:58.0000001,11.345033
2014-05-19 06:39:34.0000001,11.341921
2014-10-04 21:48:22.0000003,11.342101
2014-10-04 21:48:22.0000002,11.34247
2014-10-04 21:48:22.0000004,11.350033
2012-01-22 04:13:34.0000005,11.344628
2012-01-22 04:13:34.0000006,11.342204
2012-01-22 04:13:34.0000004,11.342881
2012-01-22 04:13:34.0000002,11.345065
2010-07-27 06:13:02.0000001,11.346691
2013-06-21 11:19:18.0000002,11.341678
2013-06-21 11:19:18.0000001,11.34262
2010-12-23 05:52:26.0000001,11.347641
2010-12-23 05:52:26.0000002,11.354847
2010-12-17 10:33:34.0000004,11.342731
2010-12-17 10:33:34.0000002,11.3414345
2012-06-04 11:34:58.0000003,11.342858
2012-06-04 11:34:58.0000004,11.341771
2012-06-04 11:34:58.0000001,11.3451805
2009-07-05 16:31:30.0000001,11.341717
2009-07-05 16:31:30.0000002,11.342368
2009-07-05 16:31:30.0000003,11.348045
2012-12-08 20:08:38.0000004,11.341448
2012-12-08 20:08:38.0000003,11.342706
2012-12-08 20:08:38.0000005,11.343402
2010-06-23 08:34:50.0000003,11.343155
2010-06-23 08:34:50.0000002,11.341725
2010-06-23 08:34:50.0000001,11.342285
2012-03-07 10:57:46.0000001,11.342295
2012-03-07 10:57:46.0000004,11.344603
2012-03-07 10:57:46.0000005,11.341895
2012-03-07 10:57:46.0000002,11.342054
2012-03-07 10:57:46.0000003,11.342283
2010-02-24 07:06:54.0000001,11.342125
2013-12-29 01:20:50.0000003,11.345596
2013-12-29 01:20:50.0000001,11.342093
2014-03-28 22:34:26.0000001,11.347735
2014-03-28 22:34:26.0000004,11.341355
2014-03-28 22:34:26.0000003,11.342494
2010-12-04 21:08:38.0000002,11.343326
2010-12-04 21:08:38.0000001,11.346903
2010-12-04 21:08:38.0000006,11.342336
2010-12-04 21:08:38.0000003,11.342396
2010-03-07 17:09:42.0000002,11.340976
2010-03-07 17:09:42.0000003,11.34206
2010-03-07 17:09:42.0000001,11.34406
2010-03-07 17:09:42.0000004,11.344596
2013-09-07 19:43:18.0000004,11.343817
2013-09-07 19:43:18.0000005,11.345418
2013-09-07 19:43:18.0000006,11.34301
2013-09-07 19:43:18.0000008,11.342449
2013-09-07 19:43:18.0000001,11.342163
2013-12-20 15:31:06.0000001,11.342239
2013-12-20 15:31:06.0000002,11.342237
2010-09-06 04:31:54.0000001,11.347047
2013-11-01 05:26:54.0000001,11.355294
2010-03-07 00:47:26.0000004,11.345719
2012-03-20 01:55:42.0000001,11.346287
2011-10-02 05:06:46.0000001,11.34533
2010-10-31 18:45:58.0000003,11.341668
2010-10-31 18:45:58.0000002,11.34587
2010-10-31 18:45:58.0000001,11.3423195
2010-10-31 18:45:58.0000005,11.341548
2015-02-03 09:00:58.0000002,11.34246
2012-08-08 08:58:50.0000001,11.34225
2012-08-08 08:58:50.0000004,11.34146
2012-08-08 08:58:50.0000005,11.34219
2012-08-08 08:58:50.0000003,11.342271
2011-04-08 15:01:02.0000001,11.342649
2011-04-08 15:01:02.0000003,11.341878
2009-01-14 03:42:38.0000001,11.343395
2015-01-10 09:38:54.0000007,11.34311
2015-01-10 09:38:54.0000003,11.341965
2015-01-10 09:38:54.0000004,11.343786
2010-12-04 09:25:10.0000001,11.344443
2010-12-04 09:25:10.0000002,11.342778
2009-05-12 17:08:06.0000001,11.344804
2013-11-07 02:07:22.0000001,11.3453245
2014-10-03 00:50:06.0000004,11.344553
2014-10-03 00:50:06.0000001,11.341811
2014-10-03 00:50:06.0000002,11.343652
2010-06-18 19:19:26.0000001,11.347935
2010-06-18 19:19:26.0000002,11.341614
2010-06-18 19:19:26.0000003,11.342015
2010-05-10 03:55:14.0000001,11.343107
2013-06-21 00:00:34.0000001,11.347017
2013-06-21 00:00:34.0000002,11.344986
2013-06-21 00:00:34.0000003,11.343815
2009-03-11 16:02:14.0000006,11.342103
2009-03-11 16:02:14.0000004,11.342076
2009-03-11 16:02:14.0000002,11.343307
2009-03-11 16:02:14.0000001,11.341303
2009-03-11 16:02:14.0000005,11.342307
2009-03-11 16:02:14.0000003,11.341968
2013-07-05 17:38:14.0000001,11.342435
2013-08-26 01:11:14.0000002,11.343894
2013-08-26 01:11:14.0000001,11.342956
2012-07-30 01:49:10.0000001,11.341403
2012-07-30 01:49:10.0000002,11.34737
2011-05-13 03:57:10.0000001,11.341979
2012-02-29 12:03:34.0000004,11.343037
2012-02-29 12:03:34.0000002,11.341387
2012-02-29 12:03:34.0000001,11.34216
2013-12-17 17:59:22.0000001,11.341597
2012-09-18 09:58:54.0000003,11.342609
2012-09-18 09:58:54.0000002,11.348019
2012-09-18 09:58:54.0000001,11.343349
2013-07-23 18:56:30.0000002,11.341988
2013-07-23 18:56:30.0000001,11.342139
2014-05-15 01:39:14.0000001,11.348257
2013-09-16 14:16:34.0000003,11.3418255
2013-09-16 14:16:34.0000001,11.350965
2014-01-04 17:27:38.0000001,11.3471575
2014-01-04 17:27:38.0000002,11.342285
2014-01-04 17:27:38.0000003,11.342287
2011-03-10 18:16:14.0000003,11.34198
2011-03-10 18:16:14.0000004,11.341707
2011-03-10 18:16:14.0000001,11.341798
2013-04-05 06:42:26.0000002,11.342223
2013-04-05 06:42:26.0000001,11.3440275
2009-03-11 12:01:30.0000001,11.344466
2009-03-11 12:01:30.0000002,11.341554
2009-03-11 12:01:30.0000004,11.341808
2015-01-20 05:31:06.0000001,11.3561735
2009-08-03 17:06:06.0000001,11.341559
2014-01-05 08:51:10.0000001,11.341828
2010-03-13 01:23:10.0000002,11.346896
2010-03-13 01:23:10.0000003,11.341675
2012-05-30 02:28:50.0000001,11.343781
2012-07-26 12:40:38.0000002,11.341911
2012-07-26 12:40:38.0000001,11.348669
2012-07-26 12:40:38.0000003,11.342463
2010-09-22 16:28:54.0000003,11.341842
2010-09-22 16:28:54.0000001,11.342142
2010-09-22 16:28:54.0000002,11.347679
2014-05-26 22:57:10.0000002,11.342007
2014-05-26 22:57:10.0000003,11.344284
2014-05-26 22:57:10.0000005,11.342075
2014-05-26 22:57:10.0000004,11.342837
2012-02-11 07:03:34.0000001,11.341538
2010-06-27 05:03:38.0000001,11.342603
2014-09-29 11:51:06.0000001,11.345178
2014-09-29 11:51:06.0000002,11.341696
2010-09-04 18:31:42.0000002,11.34389
2010-09-04 18:31:42.0000001,11.346339
2015-04-14 19:20:46.0000001,11.342784
2015-04-14 19:20:46.0000005,11.341669
2015-04-14 19:20:46.00000010,11.341399
2015-04-14 19:20:46.0000007,11.341356
2015-04-14 19:20:46.0000004,11.341796
2015-04-14 19:20:46.0000003,11.343079
2015-04-14 19:20:46.0000006,11.341851
2015-04-14 19:20:46.0000002,11.342192
2015-04-14 19:20:46.0000009,11.342927
2009-07-20 08:53:34.0000002,11.3417635
2009-07-20 08:53:34.0000001,11.342284
2013-04-03 16:09:02.0000002,11.341424
2013-04-03 16:09:02.0000001,11.351337
2009-11-20 23:19:58.0000001,11.342533
2009-11-20 23:19:58.0000002,11.343551
2012-08-04 09:01:54.0000002,11.343203
2012-08-04 09:01:54.0000001,11.341495
2011-09-22 20:05:22.0000007,11.34263
2011-09-22 20:05:22.0000001,11.34348
2011-09-22 20:05:22.0000005,11.344232
2011-09-22 20:05:22.0000006,11.341724
2014-08-09 01:27:30.0000002,11.34206
2011-02-15 05:44:42.0000002,11.344816
2011-02-15 05:44:42.0000001,11.355474
2014-10-31 12:04:26.0000002,11.346447
2014-10-31 12:04:26.0000001,11.341592
2015-02-09 07:16:26.0000006,11.341445
2015-02-09 07:16:26.0000004,11.341667
2015-02-09 07:16:26.0000007,11.341747
2015-02-09 07:16:26.0000001,11.341531
2015-02-09 07:16:26.0000002,11.342655
2015-02-09 07:16:26.0000008,11.341587
2015-02-09 07:16:26.0000003,11.342453
2011-09-08 17:26:34.0000001,11.342308
2011-09-08 17:26:34.0000003,11.343367
2011-09-08 17:26:34.0000002,11.342975
2011-09-08 17:26:34.0000004,11.341904
2013-04-10 21:03:42.0000004,11.341914
2013-04-10 21:03:42.0000005,11.342574
2013-04-10 21:03:42.0000003,11.341903
2013-04-10 21:03:42.0000002,11.343357
2013-04-10 21:03:42.0000001,11.341597
2011-12-29 19:29:50.0000003,11.342246
2011-12-29 19:29:50.0000004,11.344651
2011-12-29 19:29:50.0000001,11.342724
2013-09-26 15:50:06.0000003,11.341349
2013-09-26 15:50:06.0000005,11.343855
2013-09-26 15:50:06.0000002,11.341754
2013-09-26 15:50:06.0000001,11.342931
2013-09-26 15:50:06.0000004,11.341851
2012-10-01 07:18:06.0000001,11.341526
2012-10-01 07:18:06.0000002,11.342048
2013-03-14 21:43:46.0000001,11.344285
2012-10-05 23:47:02.0000001,11.34263
2009-02-08 00:04:06.0000004,11.344322
2009-02-08 00:04:06.0000002,11.352565
2012-02-04 22:47:18.0000001,11.342049
2012-02-04 22:47:18.0000003,11.342349
2012-05-06 03:01:10.0000003,11.342179
2012-05-06 03:01:10.0000002,11.344228
2014-07-08 08:56:58.0000001,11.342102
2010-01-09 08:29:14.0000003,11.341422
2010-01-09 08:29:14.0000002,11.342513
2010-01-09 08:29:14.0000001,11.34536
2010-01-09 08:29:14.0000004,11.341669
2010-12-06 03:36:58.0000001,11.34154
2011-10-19 05:25:18.0000002,11.347644
2011-10-19 05:25:18.0000001,11.342364
2014-06-14 08:13:22.0000002,11.344597
2014-06-14 08:13:22.0000003,11.34444
2014-06-14 08:13:22.0000001,11.343556
2011-02-19 10:14:58.0000002,11.341889
2014-12-25 03:10:26.0000001,11.343511
2009-06-16 14:32:38.0000003,11.341827
2009-06-16 14:32:38.0000001,11.342175
2009-06-16 14:32:38.0000005,11.340975
2009-06-16 14:32:38.0000006,11.342542
2009-06-16 14:32:38.0000002,11.342291
2009-06-16 14:32:38.0000004,11.3455715
2010-08-16 17:14:18.0000001,11.355362
2013-04-29 09:18:06.0000004,11.341778
2013-04-29 09:18:06.0000002,11.340974
2013-04-29 09:18:06.0000005,11.342575
2013-04-29 09:18:06.0000001,11.346888
2013-04-29 09:18:06.0000003,11.342586
2013-06-23 14:52:34.0000002,11.3494625
2013-06-23 14:52:34.0000001,11.341403
2013-03-28 05:22:58.0000001,11.342063
2015-06-08 20:18:30.0000006,11.342782
2015-06-08 20:18:30.0000003,11.341551
2015-06-08 20:18:30.0000002,11.34489
2015-06-08 20:18:30.0000001,11.34288
2015-06-08 20:18:30.0000004,11.342865
2015-06-08 20:18:30.0000005,11.342951
2011-09-08 13:39:06.0000001,11.341735
2012-03-03 02:30:54.0000001,11.342413
2012-03-03 02:30:54.0000002,11.342382
2012-03-03 02:30:54.0000004,11.34382
2010-03-27 20:11:10.0000003,11.341846
2010-03-27 20:11:10.0000001,11.342348
2010-03-27 20:11:10.0000002,11.343679
2009-08-11 22:40:02.0000002,11.342633
2009-08-11 22:40:02.0000003,11.352631
2009-08-11 22:40:02.0000004,11.341553
2009-08-11 22:40:02.0000005,11.344813
2009-08-11 22:40:02.0000001,11.3417425
2012-12-27 21:01:54.0000001,11.341798
2012-12-27 21:01:54.0000003,11.341743
2012-12-27 21:01:54.0000006,11.342944
2012-12-27 21:01:54.0000007,11.344343
2012-12-27 21:01:54.0000008,11.342858
2015-04-16 18:45:22.0000003,11.341899
2015-04-16 18:45:22.0000002,11.341492
2015-04-16 18:45:22.0000001,11.342542
2015-04-16 18:45:22.0000005,11.344787
2014-05-17 10:51:46.0000001,11.342282
2014-05-17 10:51:46.0000004,11.342158
2014-05-17 10:51:46.0000002,11.34629
2009-05-04 11:23:18.0000001,11.342334
2009-05-04 11:23:18.0000003,11.342419
2009-05-04 11:23:18.0000002,11.342927
2013-07-22 14:30:06.0000002,11.341885
2013-07-22 14:30:06.0000001,11.344652
2015-05-31 20:48:54.0000005,11.341167
2015-05-31 20:48:54.0000004,11.340982
2015-05-31 20:48:54.0000001,11.341646
2010-07-16 06:44:06.0000001,11.341975
2010-07-16 06:44:06.0000003,11.345061
2010-07-16 06:44:06.0000004,11.346923
2010-07-16 06:44:06.0000002,11.346688
2013-01-06 12:39:54.0000003,11.342098
2013-01-06 12:39:54.0000001,11.342248
2013-01-06 12:39:54.0000004,11.34233
2013-01-06 12:39:54.0000002,11.342111
2013-01-06 12:39:54.0000005,11.341435
2012-12-15 15:55:42.0000001,11.341932
2012-12-15 15:55:42.0000002,11.342461
2010-05-06 11:35:26.0000001,11.342181
2010-05-06 11:35:26.0000003,11.340979
2014-01-06 10:16:02.0000001,11.344529
2014-01-06 10:16:02.0000002,11.341658
2012-07-24 04:44:26.0000001,11.342872
2010-08-06 15:37:14.0000007,11.342461
2010-08-06 15:37:14.0000003,11.341977
2010-08-06 15:37:14.0000006,11.342185
2010-08-06 15:37:14.0000005,11.350491
2010-08-06 15:37:14.0000004,11.343154
2010-08-06 15:37:14.0000002,11.343713
2010-08-06 15:37:14.0000001,11.341859
2010-11-10 23:21:50.0000002,11.342333
2010-11-10 23:21:50.0000003,11.342899
2013-03-31 00:09:58.0000002,11.342452
2013-03-31 00:09:58.0000003,11.342647
2010-02-01 00:05:42.0000001,11.343956
2010-02-01 00:05:42.0000002,11.345765
2009-06-18 18:47:22.0000003,11.344424
2009-06-18 18:47:22.0000001,11.342627
2009-06-18 18:47:22.0000002,11.343165
2015-01-03 08:47:26.0000001,11.342913
2015-01-03 08:47:26.0000002,11.343058
2014-06-20 02:16:34.0000001,11.342193
2011-02-03 07:13:06.0000001,11.341677
2014-01-14 18:48:06.0000007,11.342895
2014-01-14 18:48:06.0000002,11.341874
2014-01-14 18:48:06.0000003,11.34161
2014-01-14 18:48:06.0000004,11.341976
2014-01-14 18:48:06.0000001,11.342277
2014-01-14 18:48:06.0000005,11.342047
2014-01-14 18:48:06.0000006,11.341743
2013-10-18 05:08:54.0000001,11.350019
2011-07-20 08:05:02.0000003,11.342596
2011-07-20 08:05:02.0000002,11.341526
2011-07-20 08:05:02.0000004,11.342525
2009-05-03 16:02:54.0000005,11.342601
2009-05-03 16:02:54.0000003,11.341875
2009-05-03 16:02:54.0000002,11.342332
2009-05-03 16:02:54.0000001,11.345192
2012-09-06 17:58:06.0000001,11.341253
2012-09-06 17:58:06.0000003,11.34239
2014-04-06 16:47:14.0000003,11.341969
2014-09-06 03:52:50.0000002,11.343281
2013-07-27 09:59:18.0000001,11.341827
2014-12-26 20:19:38.0000002,11.341805
2014-01-01 13:06:34.0000001,11.34167
2011-12-25 15:35:54.0000003,11.34259
2011-12-25 15:35:54.0000004,11.342766
2015-05-14 23:11:58.0000001,11.345079
2015-05-14 23:11:58.0000007,11.342456
2015-05-14 23:11:58.0000003,11.342186
2015-05-14 23:11:58.0000005,11.341923
2015-05-14 23:11:58.0000008,11.342761
2015-05-14 23:11:58.0000002,11.344123
2015-05-14 23:11:58.0000006,11.342067
2015-04-22 09:54:06.0000002,11.341927
2015-04-22 09:54:06.0000003,11.34152
2009-03-22 07:02:02.0000001,11.343435
2012-04-30 04:34:50.0000001,11.346267
2009-01-21 09:13:50.0000003,11.341471
2009-01-21 09:13:50.0000004,11.34174
2009-01-21 09:13:50.0000001,11.342724
2009-01-21 09:13:50.0000002,11.342
2010-06-11 18:07:10.0000002,11.341854
2010-06-11 18:07:10.0000001,11.341301
2010-06-11 18:07:10.0000004,11.344055
2010-06-11 18:07:10.0000003,11.3440895
2012-09-01 19:04:18.0000002,11.342447
2014-06-18 06:22:42.0000001,11.341848
2014-06-18 06:22:42.0000002,11.343633
2009-12-09 08:34:30.0000001,11.342107
2009-12-09 08:34:30.0000002,11.341708
2009-12-09 08:34:30.0000003,11.354233
2009-12-09 08:34:30.0000004,11.355246
2013-06-06 02:54:50.0000002,11.343365
2013-06-06 02:54:50.0000003,11.3421
2010-07-19 12:15:54.0000003,11.341912
2010-07-19 12:15:54.0000002,11.344121
2010-07-19 12:15:54.0000001,11.34209
2010-07-19 12:15:54.0000004,11.34174
2013-12-18 12:36:46.0000001,11.341906
2013-12-18 12:36:46.0000003,11.34764
2013-12-18 12:36:46.0000004,11.342053
2013-12-18 12:36:46.0000002,11.342507
2009-01-25 21:17:18.0000002,11.342887
2009-01-25 21:17:18.0000003,11.342432
2012-10-03 09:18:22.0000002,11.342116
2012-10-03 09:18:22.0000003,11.342397
2012-10-03 09:18:22.0000004,11.341834
2012-10-03 09:18:22.0000001,11.344027
2012-10-03 09:18:22.0000005,11.343187
2012-06-13 19:49:50.0000003,11.343386
2012-06-13 19:49:50.0000002,11.343584
2012-06-13 19:49:50.0000001,11.341749
2011-09-03 00:03:42.0000004,11.341679
2011-09-03 00:03:42.0000009,11.344855
2011-09-03 00:03:42.0000001,11.342013
2011-09-03 00:03:42.0000003,11.342174
2011-09-03 00:03:42.0000006,11.342843
2011-09-03 00:03:42.0000002,11.3423
2011-09-03 00:03:42.0000005,11.342811
2009-01-27 13:27:30.0000002,11.343477
2009-01-27 13:27:30.0000001,11.342065
2009-07-03 00:41:38.0000001,11.343163
2009-07-03 00:41:38.0000002,11.341411
2010-05-29 11:51:30.0000001,11.341632
2013-07-02 22:27:14.0000005,11.342065
2013-07-02 22:27:14.0000003,11.344173
2015-05-09 11:33:58.0000004,11.3417015
2015-05-09 11:33:58.0000001,11.341896
2015-05-09 11:33:58.0000003,11.349907
2011-07-18 00:04:54.0000002,11.341524
2011-04-03 03:46:18.0000002,11.343523
2009-11-03 13:04:46.0000003,11.341755
2009-11-03 13:04:46.0000002,11.345675
2009-11-03 13:04:46.0000001,11.342501
2010-06-25 14:00:14.0000002,11.342375
2010-12-20 09:39:02.0000001,11.343289
2010-12-20 09:39:02.0000002,11.341759
2014-05-20 14:43:10.0000001,11.342447
2014-05-20 14:43:10.0000002,11.341557
2010-09-16 05:07:10.0000001,11.34204
2011-08-01 17:44:30.0000006,11.341044
2011-08-01 17:44:30.0000005,11.34168
2011-08-01 17:44:30.0000001,11.343097
2011-08-01 17:44:30.0000002,11.342725
2011-08-01 17:44:30.0000004,11.341501
2011-03-01 07:23:14.0000003,11.3419075
2011-03-01 07:23:14.0000001,11.341807
2011-06-24 13:23:18.0000004,11.343705
2011-06-24 13:23:18.0000001,11.344365
2011-06-24 13:23:18.0000002,11.3451805
2011-06-24 13:23:18.0000003,11.343079
2013-11-19 02:41:10.0000001,11.342726
2012-01-01 18:02:46.0000003,11.341733
2012-01-01 18:02:46.0000002,11.342498
2015-03-28 19:31:26.0000002,11.341697
2015-03-28 19:31:26.0000006,11.341927
2015-03-28 19:31:26.0000001,11.342072
2015-03-28 19:31:26.0000005,11.343532
2010-07-13 11:53:15.0000004,11.342361
2010-07-13 11:53:15.0000001,11.342951
2010-07-13 11:53:15.0000007,11.344141
2010-07-13 11:53:15.0000002,11.342614
2013-02-07 13:47:59.0000004,11.342486
2013-02-07 13:47:59.0000001,11.341258
2013-02-07 13:47:59.0000003,11.342316
2013-08-08 14:38:43.0000001,11.341293
2013-08-08 14:38:43.0000003,11.34155
2015-05-19 13:58:11.0000003,11.3477125
2015-05-19 13:58:11.0000008,11.342668
2015-05-19 13:58:11.0000005,11.342825
2015-05-19 13:58:11.0000007,11.34927
2015-05-19 13:58:11.0000004,11.341657
2015-05-19 13:58:11.0000002,11.343267
2012-07-31 22:21:11.0000001,11.342744
2012-07-31 22:21:11.0000002,11.341714
2013-01-03 08:50:31.0000001,11.342651
2013-01-03 08:50:31.0000002,11.341857
2013-01-03 08:50:31.0000007,11.341936
2013-01-03 08:50:31.0000004,11.342079
2013-01-03 08:50:31.0000006,11.345773
2013-01-03 08:50:31.0000005,11.345969
2009-04-14 17:43:23.0000003,11.341956
2009-04-14 17:43:23.0000007,11.343977
2009-04-14 17:43:23.0000006,11.342667
2009-04-14 17:43:23.0000008,11.341961
2009-04-14 17:43:23.0000004,11.343147
2009-04-14 17:43:23.0000005,11.34192
2009-11-19 22:48:27.0000003,11.34264
2009-11-19 22:48:27.0000002,11.346499
2009-11-19 22:48:27.0000004,11.342133
2013-02-15 00:37:15.0000003,11.344594
2013-02-15 00:37:15.0000002,11.344313
2013-02-15 00:37:15.0000001,11.342432
2012-03-25 04:50:39.0000002,11.343924
2012-03-24 23:33:59.0000001,11.341879
2012-12-26 18:28:55.0000002,11.34182
2012-12-26 18:28:55.0000005,11.344025
2012-12-26 18:28:55.0000001,11.342759
2012-12-26 18:28:55.0000003,11.34131
2012-12-26 18:28:55.0000007,11.346505
2012-12-26 18:28:55.0000006,11.35726
2011-07-06 19:56:23.0000004,11.342241
2011-07-06 19:56:23.0000002,11.341802
2011-07-06 19:56:23.0000006,11.344787
2011-07-06 19:56:23.0000007,11.343208
2011-07-06 19:56:23.0000003,11.342731
2014-12-15 10:41:15.0000001,11.341428
2014-12-15 10:41:15.0000002,11.345526
2014-12-15 10:41:15.0000003,11.343042
2011-08-14 21:39:31.0000001,11.342977
2011-08-14 21:39:31.0000002,11.342946
2010-06-06 21:04:55.0000001,11.342127
2013-09-27 19:02:51.0000001,11.3433485
2013-09-27 19:02:51.0000003,11.348877
2013-09-27 19:02:51.0000004,11.342004
2013-09-27 19:02:51.0000002,11.342426
2013-05-28 18:24:27.0000003,11.343331
2013-05-28 18:24:27.0000001,11.34204
2013-05-28 18:24:27.0000004,11.341852
2013-05-28 18:24:27.0000002,11.341202
2015-06-15 14:34:03.0000002,11.341638
2010-07-04 16:44:11.0000001,11.342427
2010-07-04 16:44:11.0000002,11.408526
2014-11-26 06:46:23.0000001,11.343905
2010-07-27 11:37:43.0000001,11.344737
2010-07-27 11:37:43.0000003,11.342653
2010-07-27 11:37:43.0000005,11.345376
2010-07-27 11:37:43.0000006,11.343237
2010-07-27 11:37:43.0000004,11.342651
2010-07-27 11:37:43.0000002,11.346438
2010-12-19 16:25:15.0000004,11.343535
2010-12-19 16:25:15.0000003,11.34193
2010-12-19 16:25:15.0000001,11.342559
2012-08-19 12:06:39.0000001,11.341247
2011-02-26 12:32:15.0000001,11.341542
2011-02-26 12:32:15.0000002,11.341781
2015-06-18 20:56:55.0000003,11.342416
2015-06-18 20:56:55.0000005,11.349056
2015-06-18 20:56:55.0000007,11.351489
2015-06-18 20:56:55.0000006,11.341376
2013-11-24 21:33:11.0000001,11.357021
2013-11-24 21:33:11.0000002,11.343172
2015-04-28 20:15:27.0000002,11.353851
2015-04-28 20:15:27.0000006,11.34208
2015-04-28 20:15:27.0000001,11.342353
2015-04-28 20:15:27.0000005,11.341914
2015-04-28 20:15:27.0000008,11.343859
2013-01-23 13:49:19.0000002,11.342669
2013-01-23 13:49:19.0000003,11.349434
2014-03-12 19:19:31.0000003,11.346399
2014-03-12 19:19:31.0000001,11.346013
2014-03-12 19:19:31.0000002,11.34214
2010-07-26 09:54:11.0000001,11.34155
2012-01-03 08:49:15.0000002,11.341975
2012-01-03 08:49:15.0000001,11.355423
2012-01-03 08:49:15.0000004,11.341607
2012-01-03 08:49:15.0000003,11.341581
2012-11-05 14:49:19.0000002,11.344777
2012-11-05 14:49:19.0000001,11.341455
2012-06-09 19:03:11.0000004,11.342556
2012-06-09 19:03:11.0000006,11.343342
2012-06-09 19:03:11.0000002,11.341132
2012-06-09 19:03:11.0000003,11.343723
2012-06-09 19:03:11.0000001,11.34295
2010-10-17 23:12:19.0000004,11.342931
2010-10-17 23:12:19.0000005,11.341872
2010-10-17 23:12:19.0000001,11.341639
2010-10-17 23:12:19.0000002,11.343583
2010-10-17 23:12:19.0000003,11.341875
2014-06-07 12:21:11.0000001,11.347464
2014-06-07 12:21:11.0000004,11.342207
2011-09-08 22:37:43.0000004,11.3420725
2011-09-08 22:37:43.0000003,11.3428755
2011-09-08 22:37:43.0000005,11.345478
2011-09-08 22:37:43.0000002,11.343758
2014-10-30 19:25:15.0000003,11.354461
2014-10-30 19:25:15.0000005,11.3415985
2014-10-30 19:25:15.0000001,11.341417
2014-10-30 19:25:15.0000002,11.350925
2014-10-30 19:25:15.0000004,11.3421545
2010-06-18 22:52:11.0000002,11.341433
2011-02-16 05:49:51.0000001,11.34211
2011-09-13 13:31:51.0000004,11.3418
2011-09-13 13:31:51.0000003,11.355543
2011-09-13 13:31:51.0000002,11.341862
2009-09-28 04:31:39.0000001,11.343619
2009-01-11 03:31:55.0000001,11.345424
2009-01-11 03:31:55.0000003,11.343483
2009-01-11 03:31:55.0000004,11.344571
2009-01-11 03:31:55.0000002,11.341981
2014-01-24 03:38:19.0000001,11.345632
2014-08-06 18:03:31.0000002,11.342679
2014-08-06 18:03:31.0000001,11.342306
2009-08-26 00:46:43.0000001,11.342135
2014-01-19 09:28:55.0000001,11.345711
2010-01-27 06:01:59.0000001,11.342223
2011-11-30 23:09:47.0000003,11.343687
2011-11-30 23:09:47.0000002,11.34309
2011-11-30 23:09:47.0000001,11.341937
2014-08-03 23:37:31.0000003,11.342812
2014-08-03 23:37:31.0000002,11.343585
2014-08-03 23:37:31.0000001,11.342225
2014-10-06 09:24:11.0000002,11.344805
2014-10-06 09:24:11.0000004,11.34757
2014-10-06 09:24:11.0000003,11.3424635
2014-10-06 09:24:11.0000001,11.342444
2009-08-28 12:38:19.0000001,11.343539
2009-08-28 12:38:19.0000004,11.345909
2009-08-28 12:38:19.0000003,11.347541
2009-08-28 12:38:19.0000002,11.342203
2012-03-15 18:23:55.0000001,11.341854
2012-03-15 18:23:55.0000004,11.343804
2012-03-15 18:23:55.0000005,11.342528
2012-03-15 18:23:55.0000003,11.342331
2011-11-23 21:07:43.0000003,11.341452
2011-11-23 21:07:43.0000002,11.343612
2012-11-23 07:58:23.0000001,11.342087
2010-11-17 19:10:23.0000007,11.346035
2010-11-17 19:10:23.0000006,11.342409
2010-11-17 19:10:23.0000001,11.341863
2010-11-17 19:10:23.0000002,11.347758
2010-11-17 19:10:23.0000008,11.343186
2010-11-17 19:10:23.0000004,11.341791
2015-02-14 13:15:19.0000003,11.343095
2015-02-14 13:15:19.0000006,11.342507
2015-02-14 13:15:19.0000004,11.341593
2015-02-14 13:15:19.0000008,11.342047
2015-02-14 13:15:19.0000001,11.344283
2013-01-12 22:40:39.0000003,11.341397
2013-01-12 22:40:39.0000004,11.34325
2013-01-12 22:40:39.0000001,11.343419
2013-01-12 22:40:39.0000005,11.341955
2013-01-12 22:40:39.0000006,11.341502
2011-04-12 12:06:07.0000002,11.341931
2011-04-12 12:06:07.0000001,11.347413
2010-11-04 20:14:39.0000005,11.341593
2010-11-04 20:14:39.0000002,11.341819
2010-11-04 20:14:39.0000004,11.342582
2010-11-04 20:14:39.0000003,11.342028
2010-11-04 20:14:39.0000001,11.342127
2011-04-25 19:14:55.0000003,11.34101
2011-04-25 19:14:55.0000001,11.342058
2011-04-25 19:14:55.0000004,11.34215
2011-04-25 19:14:55.0000002,11.342098
2011-04-25 19:14:55.0000005,11.342231
2010-02-15 14:20:31.0000001,11.34266
2013-03-23 15:41:07.0000001,11.342503
2013-03-23 15:41:07.0000004,11.342349
2013-03-23 15:41:07.0000005,11.341711
2012-12-09 06:04:39.0000001,11.355128
2013-11-07 16:38:15.0000003,11.341054
2013-11-07 16:38:15.0000002,11.342025
2013-11-07 16:38:15.0000001,11.341783
2011-08-08 11:18:15.0000004,11.34254
2011-08-08 11:18:15.0000003,11.342313
2011-08-08 11:18:15.0000002,11.342153
2009-05-08 22:14:51.0000004,11.34158
2009-05-08 22:14:51.0000001,11.3443165
2009-05-08 22:14:51.0000003,11.344255
2012-11-15 18:22:19.0000002,11.344148
2012-11-15 18:22:19.0000007,11.341809
2012-11-15 18:22:19.0000003,11.341529
2012-11-15 18:22:19.0000005,11.342259
2012-11-15 18:22:19.0000001,11.346269
2012-11-15 18:22:19.0000004,11.342214
2012-11-15 18:22:19.0000006,11.342605
2010-01-31 00:33:03.0000002,11.342033
2010-01-31 00:33:03.0000004,11.341519
2010-01-31 00:33:03.0000001,11.347338
2010-01-31 00:33:03.0000007,11.341799
2010-01-31 00:33:03.0000003,11.343972
2012-04-20 07:30:43.0000003,11.341845
2012-04-20 07:30:43.0000002,11.344622
2012-04-20 07:30:43.0000004,11.3424015
2012-04-20 07:30:43.0000001,11.343721
2009-09-29 09:38:15.0000002,11.341933
2009-09-29 09:38:15.0000001,11.342769
2010-12-31 05:30:19.0000002,11.342134
2010-12-31 05:30:19.0000001,11.344431
2009-01-18 18:22:07.0000001,11.347141
2009-01-28 11:27:19.0000002,11.341486
2013-05-04 05:00:43.0000001,11.342921
2014-02-23 13:22:03.0000002,11.341792
2014-02-23 13:22:03.0000001,11.341505
2010-10-28 12:38:55.0000003,11.342513
2010-10-28 12:38:55.0000002,11.342012
2010-10-28 12:38:55.0000001,11.343518
2015-05-20 19:39:11.0000002,11.343895
2015-05-20 19:39:11.0000009,11.343368
2015-05-20 19:39:11.0000001,11.343091
2015-05-20 19:39:11.0000008,11.343167
2015-05-20 19:39:11.0000007,11.349805
2015-05-20 19:39:11.0000005,11.342054
2015-05-20 19:39:11.0000006,11.342224
2015-03-20 16:33:07.0000002,11.342239
2015-03-20 16:33:07.0000001,11.34197
2013-04-26 17:05:07.0000001,11.342156
2014-01-11 17:47:47.0000005,11.3479805
2014-01-11 17:47:47.0000006,11.3417845
2014-01-11 17:47:47.0000002,11.344265
2014-01-11 17:47:47.0000003,11.341863
2014-01-11 17:47:47.0000004,11.342319
2012-03-10 10:48:43.0000001,11.3427725
2012-03-10 10:48:43.0000004,11.343022
2012-03-10 10:48:43.0000003,11.3420725
2012-03-10 10:48:43.0000005,11.341452
2012-03-10 10:48:43.0000002,11.342588
2012-07-12 02:46:07.0000002,11.34846
2009-01-06 14:48:51.0000003,11.341623
2009-01-06 14:48:51.0000002,11.341766
2009-01-06 14:48:51.0000001,11.341788
2015-04-15 03:30:27.0000001,11.341613
2015-04-26 21:44:23.0000001,11.347564
2015-04-26 21:44:23.0000003,11.343395
2014-11-24 05:03:51.0000001,11.345287
2014-03-05 23:16:07.0000002,11.343923
2015-01-04 00:28:11.0000005,11.341915
2015-01-04 00:28:11.0000001,11.342976
2015-01-04 00:28:11.0000002,11.34157
2015-01-04 00:28:11.0000003,11.343067
2014-12-17 20:56:31.0000004,11.341771
2014-12-17 20:56:31.0000002,11.344538
2014-12-17 20:56:31.0000001,11.342734
2010-10-04 16:17:03.0000002,11.341587
2010-10-04 16:17:03.0000003,11.341445
2010-10-04 16:17:03.0000005,11.34218
2010-10-04 16:17:03.0000004,11.343835
2010-10-09 15:48:51.0000001,11.341541
2010-10-09 15:48:51.0000005,11.343501
2010-10-09 15:48:51.0000002,11.341312
2013-10-10 11:09:23.0000006,11.341193
2013-10-10 11:09:23.0000004,11.342306
2013-10-10 11:09:23.0000002,11.341565
2013-10-10 11:09:23.0000003,11.341929
2013-10-10 11:09:23.0000005,11.342429
2010-12-14 00:39:07.0000001,11.346558
2010-12-14 00:39:07.0000002,11.341908
2010-12-14 00:39:07.0000003,11.343763
2013-01-08 07:03:07.0000004,11.342233
2013-01-08 07:03:07.0000003,11.343043
2013-01-08 07:03:07.0000002,11.341868
2012-10-28 17:21:19.0000004,11.342156
2012-10-28 17:21:19.0000002,11.341395
2010-03-10 10:37:39.0000003,11.34235
2010-03-10 10:37:39.0000004,11.342132
2010-03-10 10:37:39.0000001,11.342039
2010-03-10 10:37:39.0000002,11.34465
2012-04-27 22:32:19.0000001,11.341691
2012-04-27 22:32:19.0000003,11.341621
2009-04-14 06:55:19.0000001,11.35533
2009-04-14 06:55:19.0000002,11.341514
2013-07-22 14:22:51.0000001,11.345876
2012-02-11 21:23:07.0000002,11.341381
2012-02-11 21:23:07.0000001,11.342449
2012-02-11 21:23:07.0000004,11.34143
2012-02-11 21:23:07.0000003,11.341699
2015-05-10 12:37:51.0000001,11.3451605
2015-05-10 12:37:51.0000004,11.341584
2015-05-10 12:37:51.0000006,11.341895
2010-12-11 13:31:11.0000001,11.342919
2010-12-11 13:31:11.0000002,11.343473
2010-03-01 22:21:55.0000001,11.341408
2010-03-01 22:21:55.0000004,11.343602
2014-11-03 22:00:07.0000001,11.342767
2009-08-26 16:50:19.0000001,11.341248
2009-08-26 16:50:19.0000002,11.342128
2010-06-07 10:02:51.0000002,11.341282
2010-06-07 10:02:51.0000001,11.342026
2010-06-07 10:02:51.0000004,11.34535
2010-06-07 10:02:51.0000003,11.343853
2015-03-08 14:59:23.0000002,11.344508
2015-03-08 14:59:23.0000004,11.355645
2015-03-08 14:59:23.0000005,11.345969
2010-12-13 05:52:47.0000001,11.343067
2012-10-12 15:21:55.0000001,11.3416605
2011-05-17 07:53:55.0000002,11.341759
2011-05-17 07:53:55.0000004,11.342447
2011-05-17 07:53:55.0000001,11.341023
2012-12-26 20:55:27.0000002,11.343726
2012-12-26 20:55:27.0000005,11.342823
2012-12-26 20:55:27.0000004,11.343923
2009-02-22 14:59:11.0000001,11.344342
2011-12-17 16:19:47.0000003,11.344137
2011-12-17 16:19:47.0000001,11.343005
2014-12-02 23:54:11.0000002,11.342977
2014-12-02 23:54:11.0000001,11.342748
2014-11-11 11:21:07.0000001,11.341572
2014-07-11 12:35:19.0000003,11.34291
2014-07-11 12:35:19.0000001,11.342191
2014-07-11 12:35:19.0000002,11.343888
2010-01-25 15:04:11.0000001,11.34156
2010-01-25 15:04:11.0000002,11.34293
2014-01-26 13:51:39.0000002,11.340974
2014-01-26 13:51:39.0000003,11.341915
2011-11-18 04:49:19.0000002,11.341696
2011-11-18 04:49:19.0000003,11.354996
2011-11-18 04:49:19.0000001,11.34139
2014-11-30 15:46:23.0000001,11.34223
2014-11-30 15:46:23.0000004,11.342344
2014-11-30 15:46:23.0000006,11.346872
2014-11-30 15:46:23.0000005,11.341461
2011-08-20 15:50:39.0000002,11.348428
2010-06-22 14:25:19.0000005,11.343554
2010-06-22 14:25:19.0000003,11.34182
2010-06-22 14:25:19.0000002,11.341834
2010-06-22 14:25:19.0000006,11.341593
2010-06-22 14:25:19.0000004,11.342749
2010-12-06 18:51:31.0000001,11.343101
2010-12-06 18:51:31.0000002,11.345328
2014-05-25 19:46:59.0000004,11.345363
2014-05-25 19:46:59.0000002,11.341061
2014-05-25 19:46:59.0000001,11.342275
2009-11-20 14:03:03.0000003,11.342288
2009-11-20 14:03:03.0000004,11.344436
2009-11-20 14:03:03.0000001,11.34372
2009-11-20 14:03:03.0000005,11.342241
2009-11-20 14:03:03.0000002,11.342529
2010-09-17 18:21:11.0000001,11.344992
2011-02-23 21:35:19.0000001,11.341664
2011-02-23 21:35:19.0000002,11.344107
2013-01-03 11:41:47.0000001,11.341394
2014-04-04 05:47:11.0000001,11.344819
2014-08-18 19:09:19.0000001,11.342567
2014-08-18 19:09:19.0000002,11.34425
2010-04-12 08:22:27.0000001,11.34159
2010-04-12 08:22:27.0000002,11.343119
2010-06-05 08:18:11.0000002,11.345064
2010-06-05 08:18:11.0000001,11.341577
2010-06-05 08:18:11.0000003,11.349156
2013-05-07 23:58:31.0000001,11.346344
2013-01-11 20:08:07.0000002,11.341903
2013-02-17 23:55:55.0000001,11.343978
2013-02-17 23:55:55.0000002,11.346278
2013-02-17 23:55:55.0000003,11.34431
2010-11-26 06:04:59.0000001,11.341768
2013-10-09 17:27:39.0000002,11.342122
2013-02-27 13:28:43.0000003,11.341994
2013-02-27 13:28:43.0000001,11.341358
2013-02-27 13:28:43.0000004,11.341823
2013-02-27 13:28:43.0000002,11.341501
2009-08-28 07:10:39.0000001,11.34321
2009-08-28 07:10:39.0000002,11.343486
2009-08-28 07:10:39.0000004,11.341783
2009-08-28 07:10:39.0000003,11.341711
2015-01-12 17:05:51.0000006,11.342171
2015-01-12 17:05:51.0000007,11.341852
2015-01-12 17:05:51.0000002,11.34157
2015-01-12 17:05:51.0000003,11.341561
2014-05-01 07:16:07.0000001,11.341528
2009-01-12 07:47:39.0000004,11.341783
2009-01-12 07:47:39.0000002,11.342428
2009-01-12 07:47:39.0000003,11.342213
2014-02-09 21:05:31.0000001,11.346679
2014-02-09 21:05:31.0000002,11.343944
2012-05-14 03:52:59.0000001,11.342333
2011-04-28 19:39:43.0000005,11.342145
2011-04-28 19:39:43.0000001,11.341971
2011-04-28 19:39:43.0000002,11.341373
2011-04-28 19:39:43.0000004,11.341257
2010-02-15 10:14:23.0000002,11.342776
2010-02-15 10:14:23.0000003,11.347321
2010-02-15 10:14:23.0000004,11.343221
2010-08-18 05:24:15.0000002,11.343605
2010-08-18 05:24:15.0000001,11.343038
2010-05-31 06:46:59.0000001,11.352918
2014-11-17 00:03:47.0000002,11.340977
2012-11-16 00:09:43.0000001,11.342441
2012-03-09 06:03:23.0000001,11.343778
2013-10-18 13:05:19.0000002,11.341974
2013-10-18 13:05:19.0000001,11.345412
2013-10-18 13:05:19.0000003,11.341505
2010-01-16 04:52:31.0000001,11.352587
2013-08-18 00:32:15.0000002,11.344239
2013-08-18 00:32:15.0000001,11.342007
2010-12-11 16:12:35.0000004,11.344297
2010-12-11 16:12:35.0000005,11.342419
2010-12-11 16:12:35.0000001,11.342459
2010-12-11 16:12:35.0000002,11.342532
2013-05-23 12:09:23.0000001,11.343192
2013-05-23 12:09:23.0000003,11.3416605
2013-05-23 12:09:23.0000002,11.341751
2014-12-11 08:20:39.0000003,11.341792
2014-12-11 08:20:39.0000002,11.341703
2011-01-28 19:41:11.0000002,11.341679
2011-01-28 19:41:11.0000001,11.343226
2011-03-24 04:46:51.0000001,11.348189
2013-04-07 00:24:27.0000001,11.34189
2013-04-07 00:24:27.0000003,11.341908
2013-04-07 00:24:27.0000004,11.342216
2010-08-17 21:22:39.0000002,11.347128
2010-08-17 21:22:39.0000003,11.342354
2010-08-17 21:22:39.0000001,11.342051
2013-12-10 14:00:35.0000004,11.342339
2013-12-10 14:00:35.0000001,11.342311
2013-12-10 14:00:35.0000003,11.3417
2011-09-18 05:32:51.0000002,11.356302
2011-09-18 05:32:51.0000001,11.343239
2011-09-18 05:32:51.0000003,11.344584
2011-09-10 20:44:59.0000002,11.342888
2011-09-10 20:44:59.0000001,11.341964
2011-04-28 09:50:03.0000002,11.350046
2011-04-28 09:50:03.0000003,11.342085
2011-04-28 09:50:03.0000004,11.342434
2010-02-26 18:34:51.0000002,11.34203
2013-12-05 23:29:15.0000001,11.343831
2013-12-05 23:29:15.0000004,11.341545
2013-12-05 23:29:15.0000003,11.348742
2013-12-05 23:29:15.0000005,11.355794
2010-01-13 08:28:59.0000003,11.343162
2010-01-13 08:28:59.0000001,11.343061
2010-01-13 08:28:59.0000004,11.344045
2010-01-13 08:28:59.0000005,11.342081
2010-07-16 07:07:27.0000001,11.342781
2012-06-16 14:33:19.0000002,11.342883
2013-05-08 17:02:39.0000001,11.343626
2013-05-08 17:02:39.0000003,11.342964
2013-05-08 17:02:39.0000005,11.342109
2013-05-08 17:02:39.0000004,11.341476
2013-05-08 17:02:39.0000002,11.342197
2013-05-08 17:02:39.0000006,11.341684
2013-05-08 17:02:39.0000007,11.342629
2011-02-28 08:34:27.0000004,11.343225
2011-02-28 08:34:27.0000002,11.341647
2011-02-28 08:34:27.0000006,11.344546
2011-02-28 08:34:27.0000007,11.341715
2011-02-28 08:34:27.0000005,11.345005
2011-02-28 08:34:27.0000003,11.342934
2011-02-28 08:34:27.0000001,11.343041
2012-12-13 19:05:27.0000001,11.34143
2012-12-13 19:05:27.0000002,11.341848
2012-12-13 19:05:27.0000003,11.342516
2009-03-25 01:20:55.0000001,11.342841
2011-01-18 12:43:35.0000001,11.343273
2010-07-13 07:38:03.0000007,11.343788
2010-07-13 07:38:03.0000004,11.343592
2010-07-13 07:38:03.0000002,11.342992
2010-07-13 07:38:03.0000006,11.34521
2010-07-13 07:38:03.0000005,11.3423605
2010-07-13 07:38:03.0000001,11.342203
2009-01-26 15:16:43.0000001,11.34921
2009-01-26 15:16:43.0000002,11.341404
2015-05-18 01:13:35.0000001,11.341926
2012-11-09 18:17:35.0000001,11.343663
2012-11-09 18:17:35.0000006,11.342484
2012-11-09 18:17:35.0000005,11.342107
2012-11-09 18:17:35.0000003,11.342712
2010-07-05 19:21:35.0000005,11.341281
2010-07-05 19:21:35.0000003,11.341329
2010-07-05 19:21:35.0000004,11.343537
2010-07-05 19:21:35.0000002,11.343412
2014-09-11 00:28:47.0000001,11.3429165
2014-09-11 00:28:47.0000002,11.341931
2010-03-22 16:20:15.0000001,11.347916
2010-03-22 16:20:15.0000002,11.342462
2009-06-21 00:54:23.0000003,11.34496
2009-06-21 00:54:23.0000001,11.345672
2013-05-02 14:48:31.0000001,11.343249
2011-09-12 09:15:15.0000003,11.341927
2011-09-12 09:15:15.0000004,11.342378
2011-09-12 09:15:15.0000002,11.342087
2011-09-12 09:15:15.0000001,11.341876
2009-02-27 07:09:23.0000001,11.343185
2011-08-22 10:42:15.0000003,11.343426
2011-08-22 10:42:15.0000002,11.345369
2011-08-22 10:42:15.0000001,11.342047
2011-11-29 22:19:51.0000001,11.345034
2011-11-29 22:19:51.0000002,11.344127
2009-01-30 22:47:07.0000004,11.346054
2009-01-30 22:47:07.0000001,11.341646
2009-01-30 22:47:07.0000003,11.341319
2012-04-18 20:03:35.0000004,11.340974
2012-04-18 20:03:35.0000003,11.341188
2012-04-18 20:03:35.0000001,11.343526
2012-04-18 20:03:35.0000002,11.341839
2013-09-26 20:54:19.0000002,11.342843
2011-06-25 23:18:27.0000001,11.343006
2009-01-17 02:21:55.0000001,11.341686
2009-01-17 02:21:55.0000002,11.3412
2014-11-01 15:31:15.0000002,11.343459
2014-11-01 15:31:15.0000003,11.342616
2014-11-01 15:31:15.0000004,11.341806
2011-06-08 11:31:51.0000003,11.3417015
2011-06-08 11:31:51.0000002,11.342155
2011-06-08 11:31:51.0000001,11.342647
2013-07-12 23:17:31.0000004,11.341956
2013-07-12 23:17:31.0000005,11.355646
2012-07-10 18:24:47.0000002,11.342748
2012-07-10 18:24:47.0000001,11.346926
2012-07-10 18:24:47.0000003,11.341828
2013-05-14 03:15:31.0000001,11.345068
2009-04-20 21:08:35.0000006,11.34189
2009-04-20 21:08:35.0000003,11.342115
2009-04-20 21:08:35.0000002,11.345418
2009-04-20 21:08:35.0000001,11.343716
2011-01-19 08:30:47.0000003,11.342862
2011-01-19 08:30:47.0000002,11.342732
2011-01-19 08:30:47.0000001,11.342037
2009-09-25 10:19:35.0000003,11.34173
2009-09-25 10:19:35.0000001,11.342626
2009-09-25 10:19:35.0000002,11.342054
2012-02-17 15:11:23.0000001,11.341803
2009-12-23 20:14:19.0000003,11.3430395
2009-12-23 20:14:19.0000001,11.341715
2009-12-23 20:14:19.0000002,11.343334
2012-09-14 05:42:59.0000001,11.343067
2012-09-14 05:42:59.0000002,11.34217
2009-04-06 13:47:15.0000002,11.346659
2013-11-29 21:36:07.0000004,11.342687
2011-11-07 00:22:31.0000001,11.34177
2011-11-07 00:22:31.0000002,11.342456
2009-09-04 08:02:51.0000001,11.343332
2015-02-16 17:32:27.0000004,11.342759
2015-02-16 17:32:27.0000002,11.342444
2015-02-16 17:32:27.0000003,11.342206
2015-02-16 17:32:27.0000001,11.342069
2012-04-14 11:59:11.0000004,11.345593
2012-04-14 11:59:11.0000002,11.341551
2012-04-14 11:59:11.0000001,11.342104
2011-12-11 11:05:51.0000001,11.341749
2011-12-11 11:05:51.0000003,11.342383
2010-01-03 13:07:27.0000001,11.343877
2009-03-06 00:13:03.0000003,11.342834
2009-03-06 00:13:03.0000001,11.343849
2010-01-04 19:54:27.0000002,11.343077
2010-01-04 19:54:27.0000001,11.341996
2010-01-04 19:54:27.0000003,11.341499
2014-08-01 16:50:03.0000004,11.3453455
2014-08-01 16:50:03.0000001,11.341325
2014-08-01 16:50:03.0000003,11.343446
2014-08-01 16:50:03.0000002,11.343285
2010-11-25 16:22:19.0000001,11.341345
2010-09-04 10:06:23.0000001,11.346093
2009-04-28 13:35:27.0000002,11.34306
2009-04-28 13:35:27.0000001,11.341625
2009-04-28 13:35:27.0000003,11.34739
2009-04-28 13:35:27.0000004,11.342511
2012-07-26 00:23:59.0000006,11.342628
2012-07-26 00:23:59.0000007,11.341541
2012-07-26 00:23:59.0000001,11.342994
2012-07-26 00:23:59.0000004,11.342575
2012-07-26 00:23:59.0000005,11.3426075
2012-07-26 00:23:59.0000002,11.344163
2012-07-26 00:23:59.0000003,11.342109
2014-04-29 15:15:43.0000002,11.342631
2014-04-29 15:15:43.0000001,11.341983
2014-04-29 15:15:43.0000003,11.341499
2010-04-23 00:00:03.0000002,11.344996
2010-04-23 00:00:03.0000003,11.341768
2010-05-22 23:46:19.0000001,11.342387
2010-05-22 23:46:19.0000002,11.345857
2010-05-22 23:46:19.0000003,11.343464
2014-06-14 12:32:11.0000005,11.342636
2014-06-14 12:32:11.0000002,11.343175
2014-06-14 12:32:11.0000004,11.343058
2014-06-14 12:32:11.0000006,11.342989
2014-06-14 12:32:11.0000003,11.347759
2012-06-09 22:57:15.0000002,11.342083
2012-06-09 22:57:15.0000005,11.34223
2014-04-22 01:28:15.0000001,11.346947
2013-01-31 01:19:15.0000001,11.346354
2013-01-31 01:19:15.0000002,11.343923
2014-12-19 21:54:27.0000003,11.342089
2014-12-19 21:54:27.0000002,11.344839
2014-12-19 21:54:27.0000004,11.342313
2014-12-19 21:54:27.0000001,11.343826
2010-10-22 20:56:51.0000004,11.341819
2010-10-22 20:56:51.0000001,11.344952
2011-10-04 11:48:35.0000004,11.342252
2011-10-04 11:48:35.0000003,11.343927
2011-10-04 11:48:35.0000002,11.34202
2010-12-31 13:32:39.0000001,11.342539
2010-04-10 11:05:27.0000002,11.3418665
2010-04-10 11:05:27.0000001,11.342125
2013-10-02 21:12:59.0000001,11.343011
2013-10-02 21:12:59.0000002,11.3435755
2013-10-02 21:12:59.0000004,11.342044
2013-10-02 21:12:59.0000005,11.343984
2013-10-02 21:12:59.0000006,11.343347
2013-10-02 21:12:59.0000007,11.347002
2013-10-02 21:12:59.0000008,11.344154
2013-10-02 21:12:59.0000003,11.346812
2009-03-14 05:27:55.0000001,11.342327
2009-04-20 14:05:51.0000003,11.341954
2009-04-20 14:05:51.0000002,11.345229
2009-04-20 14:05:51.0000001,11.346116
2009-04-20 14:05:51.0000004,11.342818
2011-02-21 23:46:07.0000001,11.341588
2010-08-21 20:25:07.0000001,11.34178
2009-11-16 21:03:31.0000003,11.343453
2009-11-16 21:03:31.0000002,11.345132
2009-11-16 21:03:31.0000004,11.342352
2009-11-16 21:03:31.0000001,11.345449
2014-11-29 11:16:23.0000002,11.34251
2014-11-29 11:16:23.0000001,11.342406
2010-12-01 21:02:35.0000001,11.342223
2010-12-01 21:02:35.0000002,11.342297
2009-04-13 18:30:39.0000002,11.341983
2009-04-13 18:30:39.0000001,11.342425
2010-06-02 19:45:19.0000002,11.3435
2010-06-02 19:45:19.0000001,11.342705
2010-06-02 19:45:19.0000004,11.342857
2012-04-16 14:29:35.0000001,11.3414345
2014-08-06 18:15:43.0000001,11.341885
2014-08-06 18:15:43.0000002,11.3439
2010-04-20 11:53:23.0000005,11.34265
2010-04-20 11:53:23.0000002,11.341668
2010-04-20 11:53:23.0000006,11.341373
2010-04-20 11:53:23.0000003,11.344577
2010-04-20 11:53:23.0000004,11.343349
2009-05-21 20:50:31.0000005,11.343006
2009-05-21 20:50:31.0000006,11.343285
2009-05-21 20:50:31.0000002,11.345189
2009-05-21 20:50:31.0000001,11.345343
2014-08-16 21:59:59.0000002,11.342862
2014-08-16 21:59:59.0000001,11.3446455
2010-09-13 07:05:39.0000001,11.341565
2010-09-13 07:05:39.0000002,11.341506
2010-01-28 12:25:11.0000001,11.341958
2013-10-13 19:39:55.0000005,11.341613
2013-10-13 19:39:55.0000004,11.3421135
2013-10-13 19:39:55.0000007,11.341686
2013-10-13 19:39:55.0000001,11.343064
2013-10-13 19:39:55.0000003,11.342587
2013-10-13 19:39:55.0000006,11.3415575
2013-10-13 19:39:55.0000002,11.342792
2013-09-20 13:38:55.0000003,11.342119
2013-09-20 13:38:55.0000002,11.34331
2013-09-20 13:38:55.0000006,11.342484
2013-09-20 13:38:55.0000001,11.342576
2014-11-11 12:10:59.0000003,11.34228
2014-11-11 12:10:59.0000002,11.342972
2012-09-09 23:40:03.0000001,11.34606
2013-02-18 11:13:23.0000004,11.345989
2013-02-18 11:13:23.0000001,11.3417425
2013-02-18 11:13:23.0000003,11.345821
2013-02-18 11:13:23.0000002,11.341979
2011-06-05 12:38:43.0000002,11.342025
2011-06-05 12:38:43.0000003,11.342178
2011-06-05 12:38:43.0000001,11.354624
2014-11-27 07:37:55.0000001,11.342338
2010-05-23 15:28:55.0000001,11.343458
2012-10-15 20:10:31.0000001,11.3416195
2012-10-15 20:10:31.0000004,11.344322
2012-10-15 20:10:31.0000002,11.344934
2012-10-15 20:10:31.0000003,11.341762
2012-06-27 06:52:39.0000001,11.342788
2013-06-07 13:52:55.0000001,11.341779
2013-06-07 13:52:55.0000002,11.342053
2013-06-07 13:52:55.0000006,11.347019
2013-06-07 13:52:55.0000003,11.342676
2013-06-07 13:52:55.0000004,11.342199
2009-06-04 19:34:15.0000003,11.343409
2009-06-04 19:34:15.0000001,11.340979
2009-06-04 19:34:15.0000004,11.343641
2009-06-04 19:34:15.0000002,11.343136
2013-09-29 22:12:07.0000002,11.344796
2013-09-29 22:12:07.0000003,11.342326
2013-12-04 08:37:11.0000003,11.340975
2013-12-04 08:37:11.0000002,11.343301
2013-12-04 08:37:11.0000001,11.343625
2010-05-02 12:39:55.0000002,11.340975
2009-07-13 01:18:55.0000002,11.341562
2009-07-13 01:18:55.0000001,11.342065
2015-05-20 00:59:15.0000004,11.34136
2015-05-20 00:59:15.0000003,11.347165
2009-12-03 18:02:47.0000001,11.34277
2014-06-24 02:41:11.0000001,11.350348
2012-01-13 02:08:43.0000001,11.342818
2012-08-06 21:07:55.0000001,11.344038
2012-08-06 21:07:55.0000002,11.343414
2012-08-06 21:07:55.0000004,11.3418
2012-08-06 21:07:55.0000005,11.342931
2012-08-06 21:07:55.0000003,11.3424425
2009-07-13 07:32:31.0000001,11.342383
2009-07-13 07:32:31.0000003,11.342245
2009-07-13 07:32:31.0000002,11.343482
2014-09-10 17:52:51.0000001,11.341533
2014-09-10 17:52:51.0000003,11.342518
2014-09-10 17:52:51.0000002,11.34405
2014-09-10 17:52:51.0000005,11.34285
2014-09-10 17:52:51.0000004,11.34271
2009-09-28 19:21:59.0000004,11.341429
2009-09-28 19:21:59.0000005,11.342093
2009-09-28 19:21:59.0000002,11.341978
2009-09-28 19:21:59.0000008,11.342331
2009-09-28 19:21:59.0000001,11.341809
2015-05-23 12:59:39.0000004,11.342776
2015-05-23 12:59:39.0000002,11.343379
2015-05-23 12:59:39.0000001,11.341905
2010-02-10 12:16:03.0000001,11.341864
2010-02-10 12:16:03.0000002,11.343159
2014-01-11 23:10:59.0000004,11.344307
2014-01-11 23:10:59.0000003,11.344598
2014-01-11 23:10:59.0000005,11.344746
2014-01-11 23:10:59.0000001,11.343942
2014-01-11 23:10:59.0000002,11.346274
2010-04-24 20:15:07.0000002,11.344808
2013-08-07 00:31:07.0000001,11.355569
2012-10-21 19:47:23.0000001,11.341675
2012-10-21 19:47:23.0000003,11.342675
2012-10-21 19:47:23.0000004,11.342816
2013-05-24 07:22:51.0000002,11.341732
2009-09-13 20:12:31.0000002,11.341726
2009-09-13 20:12:31.0000001,11.342205
2010-10-31 08:51:59.0000002,11.341726
2010-10-31 08:51:59.0000001,11.345435
2013-06-04 23:58:11.0000007,11.342012
2013-06-04 23:58:11.0000001,11.344563
2013-06-04 23:58:11.0000003,11.342989
2013-06-04 23:58:11.0000005,11.341882
2013-06-04 23:58:11.0000002,11.347211
2013-06-04 23:58:11.0000004,11.342735
2013-06-04 23:58:11.0000008,11.348129
2010-03-22 22:11:31.0000001,11.344749
2010-03-22 22:11:31.0000002,11.342481
2011-01-15 12:49:59.0000002,11.344324
2011-01-15 12:49:59.0000001,11.344141
2009-06-13 18:36:47.0000001,11.344866
2009-06-13 18:36:47.0000002,11.343019
2009-06-13 18:36:47.0000003,11.343287
2009-05-06 16:41:35.0000001,11.342804
2014-08-08 17:32:47.0000004,11.341244
2014-08-08 17:32:47.0000001,11.3482275
2014-08-08 17:32:47.0000002,11.343655
2014-04-02 11:55:15.0000001,11.342306
2014-04-02 11:55:15.0000002,11.341455
2011-01-04 10:12:51.0000003,11.3421
2011-01-04 10:12:51.0000004,11.341715
2011-01-04 10:12:51.0000001,11.34149
2011-01-04 10:12:51.0000005,11.341431
2010-09-22 09:42:31.0000002,11.343006
2010-09-22 09:42:31.0000004,11.343013
2010-09-22 09:42:31.0000001,11.342143
2013-08-19 19:39:23.0000003,11.342152
2013-08-19 19:39:23.0000001,11.341828
2014-07-08 10:21:39.0000002,11.342135
2014-07-08 10:21:39.0000006,11.3432255
2014-07-08 10:21:39.0000003,11.341391
2014-07-08 10:21:39.0000005,11.342926
2014-07-08 10:21:39.0000004,11.342714
2014-07-08 10:21:39.0000001,11.341493
2015-03-11 16:36:39.0000003,11.342852
2015-03-11 16:36:39.0000001,11.341798
2015-03-11 16:36:39.0000002,11.344409
2015-05-29 18:59:35.0000005,11.3491535
2015-05-29 18:59:35.0000004,11.343237
2015-05-29 18:59:35.0000002,11.3419285
2015-05-29 18:59:35.0000001,11.341996
2011-10-26 17:48:43.0000001,11.341792
2011-10-26 17:48:43.0000008,11.341766
2011-10-26 17:48:43.0000002,11.342765
2011-10-26 17:48:43.0000004,11.34229
2011-10-26 17:48:43.0000003,11.34169
2011-10-26 17:48:43.0000007,11.341553
2014-06-24 09:49:55.0000004,11.343125
2014-06-24 09:49:55.0000007,11.341557
2014-06-24 09:49:55.0000001,11.341479
2014-06-24 09:49:55.0000006,11.341601
2014-06-24 09:49:55.0000002,11.342757
2014-06-24 09:49:55.0000003,11.341909
2014-06-24 09:49:55.0000005,11.341269
2009-03-14 20:59:19.0000001,11.344383
2009-01-29 18:38:03.0000002,11.342348
2009-01-29 18:38:03.0000001,11.347096
2010-07-23 00:03:59.0000001,11.345293
2013-01-11 12:28:03.0000004,11.34203
2013-01-11 12:28:03.0000003,11.341825
2013-01-11 12:28:03.0000002,11.341513
2013-01-11 12:28:03.0000005,11.342491
2013-01-11 12:28:03.0000001,11.342045
2013-02-20 02:00:23.0000001,11.344849
2013-02-20 02:00:23.0000002,11.341506
2013-02-20 02:00:23.0000003,11.342375
2009-11-03 19:53:27.0000004,11.344258
2009-11-03 19:53:27.0000003,11.341963
2009-12-19 21:56:15.0000002,11.342265
2009-12-19 21:56:15.0000001,11.342716
2014-03-22 12:24:03.0000001,11.348245
2014-03-22 12:24:03.0000002,11.342423
2009-12-21 21:20:43.0000003,11.342671
2009-12-21 21:20:43.0000001,11.342893
2009-08-21 15:35:07.0000002,11.341707
2009-08-21 15:35:07.0000004,11.354896
2009-08-21 15:35:07.0000003,11.341659
2010-04-25 13:28:47.0000002,11.341751
2010-04-25 13:28:47.0000003,11.347822
2010-11-02 18:49:59.0000001,11.343991
2010-11-02 18:49:59.0000003,11.34138
2010-11-02 18:49:59.0000002,11.342558
2011-04-02 00:27:03.0000006,11.342155
2011-04-02 00:27:03.0000002,11.341948
2011-04-02 00:27:03.0000004,11.341734
2011-04-02 00:27:03.0000003,11.342468
2011-04-02 00:27:03.0000005,11.342624
2011-04-02 00:27:03.0000001,11.34204
2013-12-29 12:31:55.0000001,11.342524
2013-12-29 12:31:55.0000002,11.343047
2013-12-29 12:31:55.0000003,11.34223
2012-05-02 12:02:03.0000003,11.342481
2012-05-02 12:02:03.0000002,11.343666
2012-05-02 12:02:03.0000004,11.341742
2012-05-02 12:02:03.0000005,11.342244
2012-05-02 12:02:03.0000001,11.3411875
2009-07-21 10:36:43.0000001,11.341395
2009-07-21 10:36:43.0000003,11.342295
2009-07-21 10:36:43.0000002,11.342112
2012-09-16 18:14:55.0000003,11.341322
2012-09-16 18:14:55.0000001,11.3432665
2012-09-16 18:14:55.0000004,11.341832
2010-04-21 06:28:47.0000002,11.342392
2009-03-02 09:30:07.0000001,11.342425
2009-03-02 09:30:07.0000002,11.341191
2010-12-18 15:32:19.0000001,11.342017
2013-02-20 08:23:31.0000001,11.341712
2015-02-11 20:51:51.0000006,11.349015
2015-02-11 20:51:51.0000002,11.34286
2015-02-11 20:51:51.0000003,11.341429
2015-02-11 20:51:51.0000005,11.341803
2015-02-11 20:51:51.0000007,11.342611
2015-02-11 20:51:51.0000004,11.342115
2013-12-07 01:41:59.0000001,11.342869
2013-12-07 01:41:59.0000003,11.343408
2014-03-04 12:06:35.0000002,11.341786
2014-03-04 12:06:35.0000004,11.342316
2014-03-04 12:06:35.0000003,11.343254
2014-03-04 12:06:35.0000001,11.341611
2013-05-21 06:52:59.0000001,11.345075
2013-05-21 06:52:59.0000004,11.341791
2013-05-21 06:52:59.0000002,11.341903
2009-09-09 08:09:19.0000002,11.342238
2009-09-09 08:09:19.0000001,11.342221
2012-06-22 20:50:55.0000001,11.345648
2010-04-06 09:14:59.0000001,11.345593
2010-04-06 09:14:59.0000003,11.341602
2010-04-06 09:14:59.0000002,11.348819
2009-04-03 07:49:39.0000002,11.342818
2009-04-03 07:49:39.0000001,11.342421
2011-08-28 16:06:43.0000001,11.343501
2010-12-19 15:52:31.0000001,11.3435755
2010-12-19 15:52:31.0000002,11.341608
2010-12-19 15:52:31.0000004,11.341353
2010-12-19 15:52:31.0000003,11.341762
2014-07-12 00:15:59.0000004,11.341719
2014-07-12 00:15:59.0000003,11.341467
2014-07-12 00:15:59.0000002,11.342397
2009-03-31 10:27:19.0000004,11.3424835
2009-03-31 10:27:19.0000002,11.342225
2009-03-31 10:27:19.0000001,11.346069
2014-07-31 10:39:39.0000002,11.3413725
2012-06-02 07:16:31.0000001,11.341797
2012-06-02 07:16:31.0000003,11.355846
2012-06-02 07:16:31.0000002,11.344388
2012-09-27 15:03:15.0000001,11.347538
2012-07-05 02:23:47.0000001,11.34174
2013-09-14 18:28:03.0000002,11.34508
2013-09-14 18:28:03.0000003,11.345211
2009-04-22 04:26:35.0000001,11.345207
2015-02-14 09:08:11.0000003,11.342006
2012-01-19 20:26:35.0000004,11.341782
2012-01-19 20:26:35.0000005,11.343482
2012-01-19 20:26:35.0000001,11.341876
2015-03-13 13:04:59.0000001,11.342688
2015-03-13 13:04:59.0000002,11.342811
2015-03-13 13:04:59.0000006,11.342169
2015-03-13 13:04:59.0000004,11.341445
2015-03-13 13:04:59.0000007,11.343712
2015-03-13 13:04:59.0000003,11.342077
2015-03-13 13:04:59.0000005,11.3418255
2013-07-25 13:47:39.0000002,11.342277
2013-07-25 13:47:39.0000001,11.34252
2014-03-07 11:45:35.0000001,11.34273
2014-03-07 11:45:35.0000002,11.3474
2013-10-31 06:09:15.0000001,11.346309
2014-09-11 06:41:15.0000001,11.341606
2014-09-11 06:41:15.0000002,11.341257
2014-09-11 06:41:15.0000004,11.342888
2014-09-11 06:41:15.0000003,11.344001
2012-06-04 09:50:39.0000005,11.3474865
2012-06-04 09:50:39.0000003,11.341626
2012-06-04 09:50:39.0000001,11.343851
2012-06-04 09:50:39.0000004,11.343224
2012-06-04 09:50:39.0000002,11.342288
2010-06-07 07:37:55.0000002,11.341997
2010-06-07 07:37:55.0000003,11.341556
2010-06-07 07:37:55.0000001,11.342386
2010-06-07 07:37:55.0000004,11.341409
2015-02-25 18:00:51.0000009,11.341673
2015-02-25 18:00:51.0000006,11.341579
2015-02-25 18:00:51.0000002,11.347405
2015-02-25 18:00:51.0000003,11.341858
2015-02-25 18:00:51.00000010,11.34183
2015-02-25 18:00:51.0000004,11.34194
2015-02-25 18:00:51.0000005,11.341613
2015-02-08 08:44:03.0000001,11.3438225
2010-12-11 15:16:35.0000001,11.341761
2010-12-11 15:16:35.0000002,11.341532
2014-05-19 18:38:19.0000002,11.341683
2014-05-19 18:38:19.0000001,11.342342
2009-07-19 08:38:51.0000001,11.342116
2013-08-20 12:05:47.0000001,11.342329
2013-08-20 12:05:47.0000003,11.342257
2013-08-20 12:05:47.0000004,11.342531
2013-08-20 12:05:47.0000002,11.342772
2014-03-11 19:48:15.0000007,11.342401
2014-03-11 19:48:15.0000001,11.342898
2014-03-11 19:48:15.0000005,11.341885
2014-03-11 19:48:15.0000006,11.343102
2014-03-11 19:48:15.0000004,11.34323
2014-03-11 19:48:15.0000002,11.344972
2014-03-11 19:48:15.0000003,11.343069
2013-01-09 02:05:51.0000002,11.341987
2009-08-08 11:41:51.0000001,11.341146
2009-08-08 11:41:51.0000004,11.343689
2009-08-08 11:41:51.0000002,11.342044
2014-06-18 16:08:03.0000001,11.342125
2014-06-18 16:08:03.0000002,11.3438
2013-06-02 16:26:47.0000003,11.34275
2013-06-02 16:26:47.0000002,11.341689
2009-07-29 10:02:47.0000002,11.342363
2009-07-29 10:02:47.0000001,11.342055
2013-02-16 14:26:51.0000002,11.341952
2012-05-11 03:48:31.0000001,11.341864
2010-01-22 05:47:59.0000001,11.343135
2012-11-12 11:57:03.0000002,11.35595
2012-01-04 00:06:39.0000001,11.342142
2010-12-28 20:17:27.0000002,11.341407
2010-12-28 20:17:27.0000001,11.342008
2010-12-28 20:17:27.0000004,11.341608
2009-03-18 08:03:07.0000002,11.343754
2009-03-18 08:03:07.0000001,11.341516
2011-10-07 12:38:19.0000004,11.344884
2011-10-07 12:38:19.0000003,11.341383
2011-10-07 12:38:19.0000002,11.346222
2011-10-07 12:38:19.0000005,11.343093
2009-12-12 22:01:31.0000005,11.344207
2009-12-12 22:01:31.0000002,11.342512
2009-12-12 22:01:31.0000004,11.34176
2009-12-12 22:01:31.0000006,11.341547
2009-12-12 22:01:31.0000003,11.34363
2015-04-19 20:44:15.0000003,11.345059
2015-04-19 20:44:15.0000002,11.341762
2015-04-19 20:44:15.0000004,11.342565
2012-03-23 01:36:31.0000002,11.3421335
2012-03-23 01:36:31.0000001,11.3413925
2014-10-08 21:24:47.0000001,11.343382
2014-10-08 21:24:47.0000002,11.343493
2011-02-03 01:27:31.0000001,11.346128
2011-05-20 23:42:59.0000002,11.341911
2014-01-04 10:54:59.0000001,11.345023
2014-01-04 10:54:59.0000003,11.342663
2009-11-23 05:45:11.0000001,11.348078
2013-01-22 16:25:11.0000003,11.34236
2013-01-22 16:25:11.0000002,11.3482895
2013-01-22 16:25:11.0000001,11.343021
2015-05-12 08:31:07.0000007,11.350277
2015-05-12 08:31:07.0000008,11.341573
2015-05-12 08:31:07.0000001,11.342641
2015-05-12 08:31:07.0000009,11.34245
2015-05-12 08:31:07.0000005,11.342053
2015-05-12 08:31:07.0000006,11.341938
2015-05-12 08:31:07.0000002,11.34761
2015-05-12 08:31:07.0000004,11.340975
2013-09-26 06:58:55.0000001,11.342032
2013-09-26 06:58:55.0000002,11.343722
2014-09-14 23:26:11.0000003,11.343855
2014-09-14 23:26:11.0000002,11.343816
2009-08-26 08:06:15.0000002,11.343835
2009-08-26 08:06:15.0000003,11.351091
2009-08-26 08:06:15.0000001,11.342022
2014-10-13 06:14:51.0000001,11.342011
2013-02-02 16:07:55.0000002,11.343108
2013-02-02 16:07:55.0000001,11.341982
2013-02-02 16:07:55.0000003,11.342151
2014-04-05 01:52:27.0000005,11.3416395
2014-04-05 01:52:27.0000001,11.346647
2010-02-23 20:29:51.0000002,11.34198
2010-02-23 20:29:51.0000003,11.342274
2011-01-25 00:01:03.0000002,11.342375
2011-01-25 00:01:03.0000001,11.3441105
2013-11-01 13:07:47.0000002,11.342411
2013-11-01 13:07:47.0000001,11.342362
2013-11-01 13:07:47.0000005,11.342457
2013-11-01 13:07:47.0000004,11.342411
2015-03-07 15:25:59.0000004,11.341663
2015-03-07 15:25:59.0000002,11.345644
2015-03-07 15:25:59.0000001,11.342646
2013-10-06 21:05:11.0000002,11.347543
2013-10-06 21:05:11.0000001,11.343067
2009-04-16 15:57:31.0000002,11.342038
2012-02-21 20:45:03.0000002,11.342261
2012-02-21 20:45:03.0000001,11.342949
2010-01-10 12:55:43.0000002,11.342714
2015-01-31 01:05:19.0000004,11.345225
2015-01-31 01:05:19.0000007,11.346863
2015-01-31 01:05:19.0000006,11.342092
2015-01-31 01:05:19.0000001,11.3428
2015-01-31 01:05:19.0000003,11.341419
2015-01-31 01:05:19.0000002,11.344792
2011-10-23 17:43:43.0000001,11.34193
2015-03-16 21:12:19.0000003,11.346457
2015-03-16 21:12:19.0000004,11.34209
2015-03-16 21:12:19.0000005,11.343971
2015-03-16 21:12:19.0000008,11.34487
2015-03-16 21:12:19.0000001,11.34432
2012-09-29 20:16:51.0000001,11.3422
2012-09-29 20:16:51.0000002,11.347272
2012-09-29 20:16:51.0000003,11.341873
2012-09-29 20:16:51.0000005,11.34324
2009-08-03 16:28:07.0000001,11.341585
2009-08-03 16:28:07.0000003,11.341626
2009-08-03 16:28:07.0000004,11.342253
2009-08-03 16:28:07.0000002,11.344065
2009-07-30 15:49:15.0000003,11.34266
2009-07-30 15:49:15.0000001,11.342432
2009-07-30 15:49:15.0000005,11.342373
2015-01-18 14:06:23.0000005,11.3445635
2015-01-18 14:06:23.0000002,11.346049
2015-03-02 14:08:03.0000002,11.341272
2015-03-02 14:08:03.0000001,11.342036
2009-09-07 19:35:39.0000003,11.342172
2009-09-07 19:35:39.0000002,11.3431225
2014-07-01 15:15:23.0000004,11.34247
2014-07-01 15:15:23.0000002,11.343982
2014-07-01 15:15:23.0000005,11.344334
2014-07-01 15:15:23.0000006,11.341414
2014-07-01 15:15:23.0000001,11.346029
2013-04-18 02:55:07.0000001,11.345654
2010-02-10 16:57:19.0000001,11.342691
2013-02-15 18:45:39.0000001,11.342767
2011-06-22 01:50:11.0000001,11.346442
2014-05-06 23:54:59.0000002,11.344041
2014-05-06 23:54:59.0000004,11.341338
2014-05-06 23:54:59.0000003,11.341472
2014-05-06 23:54:59.0000001,11.343612
2012-04-23 21:05:31.0000003,11.34715
2012-04-23 21:05:31.0000004,11.3439665
2012-04-23 21:05:31.0000002,11.340976
2012-04-23 21:05:31.0000006,11.341831
2012-04-23 21:05:31.0000001,11.353993
2012-04-23 21:05:31.0000005,11.342206
2009-03-20 07:29:39.0000003,11.34186
2009-03-20 07:29:39.0000001,11.344506
2009-03-20 07:29:39.0000002,11.342743
2014-06-25 15:08:19.0000001,11.341807
2014-06-25 15:08:19.0000002,11.341057
2011-06-09 14:51:15.0000003,11.342597
2011-06-09 14:51:15.0000004,11.342287
2011-06-09 14:51:15.0000001,11.342326
2011-06-09 14:51:15.0000002,11.342861
2015-01-27 13:08:24.0000001,11.341511
2011-07-24 14:52:56.0000001,11.343086
2011-10-08 11:53:44.0000001,11.344872
2012-12-01 21:12:12.0000004,11.341316
2013-11-22 15:43:12.0000001,11.3413315
2012-07-15 16:45:04.0000005,11.341782
2012-07-15 16:45:04.0000001,11.341997
2014-06-14 13:39:00.00000014,11.342957
2014-06-14 13:39:00.000000113,11.342441
2014-06-14 13:39:00.0000006,11.341843
2014-06-14 13:39:00.000000139,11.342439
2014-06-14 13:39:00.0000004,11.341434
2014-06-14 13:39:00.000000171,11.342732
2014-06-14 13:39:00.00000011,11.343558
2014-06-14 13:39:00.00000064,11.341665
2014-06-14 13:39:00.00000090,11.341772
2014-06-14 13:39:00.00000041,11.34176
2014-06-14 13:39:00.00000081,11.341439
2014-06-14 13:39:00.000000164,11.342339
2014-06-14 13:39:00.00000080,11.344183
2014-06-14 13:39:00.00000026,11.349414
2014-06-14 13:39:00.00000058,11.34226
2014-06-14 13:39:00.000000150,11.343774
2014-06-14 13:39:00.00000030,11.341792
2014-06-14 13:39:00.00000091,11.341545
2014-06-14 13:39:00.000000175,11.34171
2014-06-14 13:39:00.000000101,11.345285
2014-06-14 13:39:00.00000085,11.342331
2014-06-14 13:39:00.000000105,11.341875
2014-06-14 13:39:00.00000069,11.341731
2014-06-14 13:39:00.000000149,11.355101
2010-08-22 21:14:08.0000004,11.341185
2011-06-24 20:34:48.0000003,11.343148
2011-06-24 20:34:48.0000004,11.341618
2011-03-28 20:38:36.0000001,11.343334
2009-10-21 02:11:24.0000001,11.345133
2011-05-21 13:16:20.0000002,11.343191
2015-01-31 20:54:04.0000003,11.341959
2010-05-10 10:37:04.0000001,11.342482
2010-03-20 21:35:20.0000001,11.343568
2010-03-20 21:35:20.0000002,11.340975
2012-08-22 22:39:20.0000004,11.341629
2012-08-22 22:39:20.0000002,11.343367
2012-12-23 02:29:16.0000002,11.345317
2011-10-02 23:36:00.00000031,11.341763
2011-10-02 23:36:00.00000070,11.342678
2011-10-02 23:36:00.00000068,11.344876
2011-10-02 23:36:00.00000034,11.3452835
2011-10-02 23:36:00.00000042,11.342901
2011-10-02 23:36:00.00000032,11.34268
2011-10-02 23:36:00.00000028,11.341713
2011-10-02 23:36:00.00000078,11.341446
2011-10-02 23:36:00.00000027,11.343127
2011-10-02 23:36:00.00000018,11.3417
2011-10-02 23:36:00.00000061,11.343154
2011-10-02 23:36:00.00000045,11.341473
2011-10-02 23:36:00.00000016,11.341609
2011-10-02 23:36:00.00000052,11.342537
2011-10-02 23:36:00.00000098,11.342731
2011-10-02 23:36:00.00000048,11.343095
2013-03-21 12:47:28.0000004,11.341961
2013-03-21 12:47:28.0000007,11.341346
2010-09-05 22:31:32.0000001,11.343301
2013-07-12 23:33:24.0000003,11.344231
2015-06-08 20:02:56.0000002,11.344239
2011-10-11 22:13:48.0000001,11.343778
2011-10-11 22:13:48.0000004,11.341793
2013-09-14 16:53:20.0000004,11.34258
2013-09-14 16:53:20.0000003,11.345333
2014-02-06 09:09:56.0000002,11.342308
2009-06-10 16:55:00.00000028,11.342103
2009-06-10 16:55:00.00000020,11.343002
2009-06-10 16:55:00.0000001,11.341573
2009-06-10 16:55:00.000000133,11.342481
2009-06-10 16:55:00.00000026,11.342082
2009-06-10 16:55:00.000000142,11.345512
2009-06-10 16:55:00.00000038,11.341982
2009-06-10 16:55:00.00000042,11.343059
2009-06-10 16:55:00.000000112,11.3417225
2009-06-10 16:55:00.00000096,11.341863
2009-06-10 16:55:00.00000050,11.342511
2009-06-10 16:55:00.00000092,11.343129
2009-06-10 16:55:00.000000167,11.342288
2009-06-10 16:55:00.000000110,11.341706
2009-06-10 16:55:00.00000015,11.343407
2009-06-10 16:55:00.000000104,11.34939
2009-06-10 16:55:00.00000019,11.356151
2009-06-10 16:55:00.000000168,11.341632
2009-06-10 16:55:00.00000059,11.342502
2009-06-10 16:55:00.000000136,11.34253
2009-06-10 16:55:00.00000087,11.348371
2009-06-10 16:55:00.000000134,11.341933
2009-06-10 16:55:00.00000032,11.342188
2013-06-26 11:19:36.0000001,11.34197
2009-05-02 20:11:32.0000002,11.34141
2009-05-02 20:11:32.0000003,11.344215
2011-06-24 12:03:00.00000031,11.342354
2011-06-24 12:03:00.00000064,11.341821
2011-06-24 12:03:00.000000153,11.344185
2011-06-24 12:03:00.00000014,11.341877
2011-06-24 12:03:00.000000192,11.346507
2011-06-24 12:03:00.000000121,11.342019
2011-06-24 12:03:00.000000140,11.34147
2011-06-24 12:03:00.000000155,11.341306
2011-06-24 12:03:00.00000016,11.341342
2011-06-24 12:03:00.00000084,11.341865
2011-06-24 12:03:00.00000080,11.3412075
2011-06-24 12:03:00.000000123,11.341537
2011-06-24 12:03:00.000000125,11.3417225
2011-06-24 12:03:00.00000032,11.342555
2011-06-24 12:03:00.000000178,11.344667
2011-06-24 12:03:00.00000090,11.343332
2011-06-24 12:03:00.000000166,11.352992
2011-06-24 12:03:00.000000108,11.341649
2011-06-24 12:03:00.00000098,11.343092
2011-06-24 12:03:00.000000104,11.3475485
2011-06-24 12:03:00.00000027,11.344012
2011-06-24 12:03:00.000000151,11.342521
2011-06-24 12:03:00.00000099,11.343546
2011-06-24 12:03:00.00000077,11.347729
2011-06-24 12:03:00.00000019,11.343209
2011-06-24 12:03:00.00000091,11.342541
2011-06-24 12:03:00.000000132,11.343927
2011-06-24 12:03:00.000000161,11.34213
2011-06-24 12:03:00.00000024,11.341728
2011-06-24 12:03:00.00000034,11.341014
2011-06-24 12:03:00.00000050,11.345342
2011-06-24 12:03:00.00000023,11.353669
2011-06-24 12:03:00.00000049,11.342446
2011-06-24 12:03:00.000000115,11.343763
2011-06-24 12:03:00.0000008,11.34218
2014-06-15 07:06:00.00000021,11.344052
2014-06-15 07:06:00.00000032,11.342597
2014-06-15 07:06:00.00000029,11.341442
2014-06-15 07:06:00.00000043,11.347481
2014-06-15 07:06:00.0000007,11.341665
2014-06-15 07:06:00.00000038,11.344275
2014-06-15 07:06:00.00000020,11.342379
2014-06-15 07:06:00.00000027,11.355445
2012-08-09 01:30:36.0000001,11.34367
2015-05-30 21:29:04.0000002,11.343377
2015-05-30 21:29:04.0000005,11.342607
2009-10-26 12:01:36.0000004,11.3482685
2013-02-02 15:45:08.0000004,11.342198
2010-12-14 23:27:36.0000003,11.341417
2010-12-14 23:27:36.0000004,11.341791
2010-12-14 23:27:36.0000002,11.342791
2014-04-14 13:48:32.0000001,11.347311
2014-04-14 13:48:32.0000002,11.342115
2014-08-07 16:57:56.0000001,11.342161
2009-09-14 02:19:00.00000022,11.342654
2009-09-14 02:19:00.00000010,11.344177
2009-09-14 02:19:00.0000004,11.341155
2009-09-14 02:19:00.00000011,11.341469
2009-09-14 02:19:00.00000023,11.340991
2009-09-14 02:19:00.00000041,11.341481
2009-09-14 02:19:00.00000013,11.344019
2014-03-17 16:07:56.0000001,11.342141
2011-06-12 11:31:48.0000003,11.34166
2011-06-12 11:31:48.0000001,11.342614
2011-06-12 11:31:48.0000002,11.344521
2015-06-24 14:19:52.0000003,11.342918
2010-08-21 22:21:32.0000003,11.342485
2012-01-26 11:17:36.0000001,11.341807
2015-02-27 14:15:52.0000001,11.342875
2015-02-27 14:15:52.0000002,11.342546
2014-09-14 17:22:12.0000004,11.34251
2009-01-02 17:45:40.0000004,11.35083
2009-01-02 17:45:40.0000001,11.341893
2009-01-02 17:45:40.0000002,11.342488
2009-01-02 17:45:40.0000003,11.34169
2009-01-01 11:04:24.0000003,11.343785
2009-01-01 11:04:24.0000001,11.3421135
2014-04-28 19:46:36.0000001,11.341769
2011-06-01 07:37:00.000000192,11.3463
2011-06-01 07:37:00.000000115,11.344591
2011-06-01 07:37:00.00000089,11.342185
2011-06-01 07:37:00.00000087,11.342595
2011-06-01 07:37:00.000000173,11.34149
2011-06-01 07:37:00.000000166,11.343076
2011-06-01 07:37:00.00000081,11.341849
2011-06-01 07:37:00.00000041,11.341698
2011-06-01 07:37:00.000000102,11.341473
2011-06-01 07:37:00.000000215,11.34443
2011-06-01 07:37:00.0000006,11.346136
2011-06-01 07:37:00.000000161,11.34196
2011-06-01 07:37:00.000000123,11.341506
2011-06-01 07:37:00.000000117,11.34248
2011-06-01 07:37:00.0000004,11.346522
2011-06-01 07:37:00.000000133,11.343394
2011-06-01 07:37:00.000000160,11.342323
2011-06-01 07:37:00.000000136,11.34579
2011-06-01 07:37:00.000000214,11.343111
2011-06-01 07:37:00.00000047,11.344009
2011-06-01 07:37:00.0000001,11.341899
2011-06-01 07:37:00.00000096,11.341771
2011-06-01 07:37:00.000000150,11.346628
2011-06-01 07:37:00.00000072,11.345448
2011-06-01 07:37:00.00000064,11.342375
2010-08-27 18:45:00.00000048,11.3451185
2010-08-27 18:45:00.000000210,11.344954
2010-08-27 18:45:00.000000159,11.341363
2010-08-27 18:45:00.00000083,11.343142
2010-08-27 18:45:00.000000145,11.341621
2010-08-27 18:45:00.00000096,11.341563
2010-08-27 18:45:00.00000036,11.341919
2010-08-27 18:45:00.00000088,11.342767
2010-08-27 18:45:00.000000116,11.343724
2010-08-27 18:45:00.000000193,11.342135
2010-08-27 18:45:00.000000121,11.341691
2010-08-27 18:45:00.00000074,11.345125
2010-08-27 18:45:00.00000075,11.342711
2010-08-27 18:45:00.000000130,11.344641
2010-08-27 18:45:00.000000224,11.341882
2010-08-27 18:45:00.00000072,11.341357
2010-08-27 18:45:00.000000128,11.342654
2010-08-27 18:45:00.000000163,11.343494
2010-08-27 18:45:00.000000171,11.342647
2010-08-27 18:45:00.000000157,11.343452
2010-08-27 18:45:00.000000147,11.341934
2010-08-27 18:45:00.000000119,11.341504
2010-08-27 18:45:00.000000111,11.341838
2010-08-27 18:45:00.00000015,11.34724
2010-08-27 18:45:00.00000062,11.341739
2010-08-27 18:45:00.000000127,11.341694
2010-08-27 18:45:00.000000223,11.341417
2010-08-27 18:45:00.000000112,11.342844
2010-08-27 18:45:00.000000201,11.344844
2010-08-27 18:45:00.000000135,11.343602
2010-08-27 18:45:00.00000092,11.34238
2010-08-27 18:45:00.00000056,11.341395
2010-08-27 18:45:00.000000105,11.343089
2010-08-27 18:45:00.000000222,11.341575
2010-08-27 18:45:00.00000023,11.342376
2011-02-12 00:43:24.0000002,11.342226
2014-05-07 06:50:20.0000004,11.342232
2010-08-14 02:13:00.000000131,11.343411
2010-08-14 02:13:00.00000097,11.342405
2010-08-14 02:13:00.00000086,11.341387
2010-08-14 02:13:00.00000051,11.342762
2010-08-14 02:13:00.000000128,11.341679
2010-08-14 02:13:00.00000074,11.342848
2010-08-14 02:13:00.000000169,11.341628
2010-08-14 02:13:00.000000127,11.343158
2010-08-14 02:13:00.00000036,11.341992
2010-08-14 02:13:00.00000068,11.350695
2010-08-14 02:13:00.00000042,11.348914
2010-08-14 02:13:00.000000115,11.346703
2010-08-14 02:13:00.00000029,11.341952
2010-08-14 02:13:00.0000003,11.340974
2010-08-14 02:13:00.00000037,11.346854
2010-08-14 02:13:00.000000121,11.341322
2010-08-14 02:13:00.00000031,11.341608
2010-08-14 02:13:00.00000094,11.344137
2010-08-14 02:13:00.000000136,11.343179
2010-08-14 02:13:00.00000018,11.342762
2010-08-14 02:13:00.000000125,11.342907
2010-08-14 02:13:00.00000041,11.34705
2010-08-14 02:13:00.000000163,11.345482
2010-08-14 02:13:00.000000126,11.342407
2010-08-14 02:13:00.0000008,11.343939
2010-08-14 02:13:00.00000057,11.341764
2010-08-14 02:13:00.00000050,11.345827
2010-08-14 02:13:00.000000152,11.341254
2014-03-25 23:47:00.00000083,11.342076
2014-03-25 23:47:00.000000139,11.341854
2014-03-25 23:47:00.000000122,11.345916
2014-03-25 23:47:00.00000093,11.3419075
2014-03-25 23:47:00.00000039,11.342953
2014-03-25 23:47:00.000000119,11.342024
2014-03-25 23:47:00.00000067,11.343838
2014-03-25 23:47:00.00000034,11.342669
2014-03-25 23:47:00.00000040,11.344147
2014-03-25 23:47:00.000000137,11.3435335
2014-03-25 23:47:00.00000076,11.34624
2014-03-25 23:47:00.00000057,11.342809
2014-03-25 23:47:00.000000104,11.342329
2014-03-25 23:47:00.00000069,11.341708
2015-06-05 08:38:56.0000008,11.345511
2010-08-06 20:27:12.0000003,11.342283
2012-08-03 12:33:08.0000001,11.34176
2010-09-29 16:43:00.00000088,11.343243
2010-09-29 16:43:00.00000034,11.343897
2010-09-29 16:43:00.00000069,11.34407
2010-09-29 16:43:00.000000172,11.340974
2010-09-29 16:43:00.000000152,11.341816
2010-09-29 16:43:00.00000084,11.342584
2010-09-29 16:43:00.000000136,11.341695
2010-09-29 16:43:00.000000126,11.342641
2010-09-29 16:43:00.000000171,11.341711
2010-09-29 16:43:00.000000139,11.341611
2010-09-29 16:43:00.0000002,11.341743
2010-09-29 16:43:00.00000070,11.342507
2010-09-29 16:43:00.00000045,11.3411875
2010-09-29 16:43:00.0000009,11.342884
2010-09-29 16:43:00.00000057,11.343274
2010-09-29 16:43:00.000000118,11.342063
2010-09-29 16:43:00.00000042,11.343498
2010-09-29 16:43:00.000000130,11.342338
2010-09-29 16:43:00.00000039,11.341986
2010-09-29 16:43:00.00000032,11.342056
2014-10-27 14:58:00.000000101,11.342445
2014-10-27 14:58:00.00000023,11.342786
2014-10-27 14:58:00.0000006,11.342856
2014-10-27 14:58:00.000000113,11.341751
2014-10-27 14:58:00.000000143,11.341461
2014-10-27 14:58:00.00000090,11.341722
2014-10-27 14:58:00.000000104,11.344778
2014-10-27 14:58:00.000000148,11.348048
2014-10-27 14:58:00.00000060,11.341793
2014-10-27 14:58:00.000000129,11.346077
2014-10-27 14:58:00.00000012,11.344422
2014-10-27 14:58:00.00000035,11.344145
2014-10-27 14:58:00.00000036,11.342464
2014-10-27 14:58:00.000000150,11.342289
2014-10-27 14:58:00.00000050,11.341676
2014-10-27 14:58:00.000000103,11.342265
2014-10-27 14:58:00.00000067,11.3416605
2014-10-27 14:58:00.00000066,11.341806
2009-10-08 23:44:56.0000003,11.342837
2012-11-03 17:11:00.00000064,11.3437
2012-11-03 17:11:00.00000074,11.34182
2012-11-03 17:11:00.000000132,11.355864
2012-11-03 17:11:00.00000031,11.3424015
2012-11-03 17:11:00.00000028,11.342498
2012-11-03 17:11:00.000000102,11.342434
2012-11-03 17:11:00.00000067,11.342364
2012-11-03 17:11:00.000000162,11.342267
2012-11-03 17:11:00.00000054,11.343906
2012-11-03 17:11:00.00000046,11.341815
2012-11-03 17:11:00.000000113,11.347432
2012-11-03 17:11:00.00000093,11.341822
2012-11-03 17:11:00.00000032,11.342026
2012-11-03 17:11:00.00000052,11.344996
2012-11-03 17:11:00.000000147,11.34246
2012-11-03 17:11:00.000000125,11.34225
2012-11-03 17:11:00.00000086,11.342044
2012-11-03 17:11:00.0000009,11.342395
2012-11-03 17:11:00.000000136,11.342178
2012-11-03 17:11:00.00000077,11.342554
2012-11-03 17:11:00.00000099,11.344763
2012-11-03 17:11:00.00000096,11.342889
2012-11-03 17:11:00.000000161,11.34207
2012-11-03 17:11:00.000000124,11.342861
2012-11-03 17:11:00.00000016,11.346195
2012-11-03 17:11:00.00000058,11.341462
2012-11-03 17:11:00.00000083,11.34258
2012-11-03 17:11:00.00000082,11.342464
2012-11-03 17:11:00.00000075,11.344192
2012-11-03 17:11:00.00000061,11.34304
2012-11-03 17:11:00.00000012,11.342069
2012-11-03 17:11:00.00000057,11.341277
2012-11-03 17:11:00.00000037,11.341541
2012-11-03 17:11:00.000000106,11.341921
2009-05-07 13:58:32.0000002,11.349038
2011-05-28 17:29:44.0000001,11.364319
2011-05-28 17:29:44.0000004,11.348974
2011-12-25 21:26:32.0000002,11.342134
2009-05-06 01:49:12.0000002,11.345414
2009-05-06 01:49:12.0000004,11.341873
2011-03-11 01:44:00.00000030,11.3427515
2011-03-11 01:44:00.00000027,11.350935
2011-03-11 01:44:00.0000009,11.342743
2011-03-11 01:44:00.00000047,11.349109
2011-03-11 01:44:00.00000092,11.341158
2011-03-11 01:44:00.0000006,11.343762
2011-03-11 01:44:00.00000056,11.344438
2011-03-11 01:44:00.00000081,11.343505
2011-03-11 01:44:00.00000039,11.34242
2011-03-11 01:44:00.00000077,11.347257
2011-03-11 01:44:00.00000059,11.345019
2011-03-11 01:44:00.00000028,11.342215
2011-03-11 01:44:00.00000036,11.344026
2011-03-11 01:44:00.00000038,11.347191
2011-03-11 01:44:00.00000065,11.346527
2011-03-11 01:44:00.0000003,11.341508
2013-01-27 00:09:12.0000003,11.342297
2012-01-07 11:21:56.0000003,11.3413515
2012-01-07 11:21:56.0000001,11.342214
2012-10-31 12:17:24.0000002,11.343318
2012-10-20 02:05:08.0000003,11.342131
2014-10-11 15:11:24.0000003,11.34133
2009-08-17 12:27:08.0000002,11.342965
2014-04-09 09:23:12.0000004,11.343375
2009-11-25 19:32:52.0000004,11.341723
2014-05-30 00:09:16.0000007,11.341786
2014-05-30 00:09:16.0000006,11.345769
2013-01-07 17:08:32.0000002,11.342435
2013-02-18 17:37:28.0000001,11.341657
2011-10-04 09:37:00.00000038,11.344085
2011-10-04 09:37:00.00000095,11.3429365
2011-10-04 09:37:00.00000015,11.342436
2011-10-04 09:37:00.00000022,11.348325
2011-10-04 09:37:00.00000052,11.343018
2011-10-04 09:37:00.000000141,11.343587
2011-10-04 09:37:00.000000179,11.3449745
2011-10-04 09:37:00.000000148,11.341926
2011-10-04 09:37:00.00000014,11.342016
2011-10-04 09:37:00.00000085,11.341679
2011-10-04 09:37:00.000000162,11.343244
2011-10-04 09:37:00.00000034,11.347985
2011-10-04 09:37:00.00000037,11.34487
2011-10-04 09:37:00.000000111,11.34399
2011-10-04 09:37:00.00000061,11.341403
2011-10-04 09:37:00.000000199,11.342167
2011-10-04 09:37:00.000000158,11.345517
2011-10-04 09:37:00.000000149,11.342359
2011-10-04 09:37:00.00000069,11.346639
2011-10-04 09:37:00.00000077,11.340975
2011-10-04 09:37:00.000000165,11.344799
2011-10-04 09:37:00.00000044,11.343403
2011-10-04 09:37:00.000000191,11.343999
2011-10-04 09:37:00.000000164,11.341656
2011-10-04 09:37:00.000000135,11.341526
2011-10-04 09:37:00.000000190,11.344381
2011-10-04 09:37:00.000000163,11.345601
2011-10-04 09:37:00.00000054,11.348546
2011-10-04 09:37:00.000000177,11.342981
2011-10-04 09:37:00.00000064,11.341582
2011-10-04 09:37:00.0000003,11.3433075
2011-10-04 09:37:00.000000196,11.348704
2011-10-04 09:37:00.000000155,11.34177
2012-10-23 14:15:04.0000002,11.342657
2012-10-18 21:06:20.0000009,11.342391
2012-10-18 21:06:20.0000007,11.343142
2014-12-24 03:00:00.00000016,11.344456
2014-12-24 03:00:00.00000025,11.343216
2014-12-24 03:00:00.00000029,11.341908
2014-12-24 03:00:00.00000040,11.343301
2014-12-24 03:00:00.0000007,11.341496
2014-12-24 03:00:00.00000019,11.341969
2014-12-24 03:00:00.00000039,11.341797
2010-10-07 10:54:20.0000003,11.356314
2011-02-21 20:11:08.0000006,11.342952
2009-10-04 22:54:56.0000002,11.344686
2015-04-11 20:31:32.00000011,11.342048
2015-04-11 20:31:32.0000005,11.343446
2011-02-20 12:31:04.0000002,11.342152
2013-01-01 22:04:56.0000002,11.342599
2013-01-01 22:04:56.0000003,11.342425
2013-04-23 17:52:44.0000003,11.355382
2010-01-01 13:19:40.0000004,11.344341
2010-03-06 23:51:08.0000003,11.344885
2014-04-27 02:57:00.000000155,11.343311
2014-04-27 02:57:00.00000072,11.34312
2014-04-27 02:57:00.00000043,11.342448
2014-04-27 02:57:00.00000073,11.343688
2014-04-27 02:57:00.00000013,11.344529
2014-04-27 02:57:00.000000191,11.341863
2014-04-27 02:57:00.000000171,11.3449955
2014-04-27 02:57:00.000000162,11.34603
2014-04-27 02:57:00.00000082,11.344284
2014-04-27 02:57:00.00000023,11.342062
2014-04-27 02:57:00.000000137,11.341877
2014-04-27 02:57:00.00000057,11.345384
2014-04-27 02:57:00.000000174,11.341543
2014-04-27 02:57:00.00000012,11.341327
2014-04-27 02:57:00.000000158,11.341495
2014-04-27 02:57:00.000000138,11.348804
2014-04-27 02:57:00.000000172,11.343403
2014-04-27 02:57:00.000000195,11.3433485
2014-04-27 02:57:00.000000131,11.342137
2014-04-27 02:57:00.000000140,11.345095
2014-04-27 02:57:00.000000154,11.341505
2014-04-27 02:57:00.00000036,11.342043
2014-04-27 02:57:00.000000153,11.343601
2014-04-27 02:57:00.000000164,11.341995
2014-04-27 02:57:00.00000031,11.342134
2014-04-27 02:57:00.000000116,11.348452
2014-04-27 02:57:00.000000187,11.342722
2011-01-18 10:26:40.0000001,11.344676
2011-12-13 22:00:00.000000185,11.34383
2011-12-13 22:00:00.000000117,11.347911
2011-12-13 22:00:00.00000037,11.3444395
2011-12-13 22:00:00.000000171,11.342351
2011-12-13 22:00:00.000000194,11.344181
2011-12-13 22:00:00.000000237,11.341736
2011-12-13 22:00:00.000000160,11.342076
2011-12-13 22:00:00.000000145,11.341531
2011-12-13 22:00:00.00000035,11.3439045
2011-12-13 22:00:00.00000081,11.341527
2011-12-13 22:00:00.00000015,11.342668
2011-12-13 22:00:00.000000118,11.342663
2011-12-13 22:00:00.000000140,11.342708
2011-12-13 22:00:00.00000092,11.348346
2011-12-13 22:00:00.00000047,11.341889
2011-12-13 22:00:00.000000119,11.3420725
2011-12-13 22:00:00.00000077,11.34176
2011-12-13 22:00:00.00000096,11.342493
2011-12-13 22:00:00.000000152,11.345264
2011-12-13 22:00:00.000000198,11.342701
2011-12-13 22:00:00.00000043,11.341995
2011-12-13 22:00:00.000000115,11.341726
2011-12-13 22:00:00.000000236,11.341289
2011-12-13 22:00:00.000000200,11.341834
2011-12-13 22:00:00.0000001,11.345863
2011-12-13 22:00:00.000000251,11.342404
2011-12-13 22:00:00.00000049,11.342064
2011-12-13 22:00:00.00000034,11.343596
2011-12-13 22:00:00.000000262,11.341975
2011-12-13 22:00:00.00000018,11.346959
2011-12-13 22:00:00.000000108,11.341644
2011-12-13 22:00:00.00000084,11.342101
2014-05-13 07:33:52.0000005,11.341955
2011-06-30 09:37:08.0000001,11.342787
2009-01-28 16:36:28.0000004,11.342945
2010-07-21 22:06:12.0000004,11.344296
2013-05-24 13:37:32.0000003,11.343386
2013-05-24 13:37:32.0000002,11.341549
2014-03-05 21:07:12.0000002,11.341453
2014-03-05 21:07:12.0000005,11.341551
2009-11-28 15:07:24.0000002,11.341993
2010-07-31 15:47:28.0000002,11.344307
2013-11-22 15:36:36.0000001,11.342984
2011-06-26 18:48:08.0000003,11.342263
2011-10-17 18:49:20.0000001,11.343333
2011-10-17 18:49:20.0000004,11.342289
2014-07-21 18:19:00.00000053,11.3422
2014-07-21 18:19:00.00000085,11.342634
2014-07-21 18:19:00.000000175,11.341892
2014-07-21 18:19:00.00000076,11.343061
2014-07-21 18:19:00.000000147,11.343179
2014-07-21 18:19:00.0000001,11.344019
2014-07-21 18:19:00.0000007,11.342151
2014-07-21 18:19:00.000000234,11.342951
2014-07-21 18:19:00.000000188,11.342284
2014-07-21 18:19:00.00000024,11.34261
2014-07-21 18:19:00.000000158,11.341647
2014-07-21 18:19:00.00000093,11.343013
2014-07-21 18:19:00.00000081,11.341982
2014-07-21 18:19:00.000000206,11.341916
2014-07-21 18:19:00.00000095,11.346203
2014-07-21 18:19:00.000000164,11.341508
2014-07-21 18:19:00.00000062,11.341693
2014-07-21 18:19:00.000000140,11.342806
2014-07-21 18:19:00.000000155,11.3436165
2014-07-21 18:19:00.000000170,11.342553
2014-07-21 18:19:00.000000238,11.345877
2014-07-21 18:19:00.000000207,11.342436
2014-07-21 18:19:00.00000016,11.34401
2014-07-21 18:19:00.000000237,11.343233
2014-07-21 18:19:00.00000045,11.341742
2014-07-21 18:19:00.000000110,11.341863
2014-07-21 18:19:00.000000157,11.341548
2014-07-21 18:19:00.000000236,11.342938
2014-07-21 18:19:00.000000151,11.341943
2014-07-21 18:19:00.000000192,11.341551
2014-07-21 18:19:00.00000086,11.341739
2014-07-21 18:19:00.00000040,11.341903
2014-07-21 18:19:00.000000209,11.341576
2014-07-21 18:19:00.000000138,11.343362
2014-07-21 18:19:00.000000131,11.342973
2014-07-21 18:19:00.000000243,11.342144
2014-07-21 18:19:00.000000199,11.344396
2014-07-21 18:19:00.00000041,11.343302
2014-07-21 18:19:00.000000180,11.343218
2014-07-21 18:19:00.00000052,11.341996
2014-07-21 18:19:00.00000084,11.341802
2011-06-13 09:55:04.0000006,11.342385
2011-06-13 09:55:04.0000002,11.346206
2014-12-27 22:31:56.0000001,11.343053
2014-12-27 22:31:56.0000003,11.34918
2010-09-20 16:48:00.00000050,11.342716
2010-09-20 16:48:00.00000055,11.342332
2010-09-20 16:48:00.000000154,11.342841
2010-09-20 16:48:00.000000106,11.344611
2010-09-20 16:48:00.000000163,11.347182
2010-09-20 16:48:00.000000121,11.353209
2010-09-20 16:48:00.000000111,11.355059
2010-09-20 16:48:00.000000124,11.342791
2010-09-20 16:48:00.000000143,11.341447
2010-09-20 16:48:00.000000131,11.342179
2010-09-20 16:48:00.000000137,11.35006
2010-09-20 16:48:00.000000142,11.341051
2010-09-20 16:48:00.00000036,11.341924
2010-09-20 16:48:00.0000007,11.344327
2010-09-20 16:48:00.000000112,11.3435545
2010-09-20 16:48:00.000000104,11.342999
2010-09-20 16:48:00.00000056,11.345486
2010-09-20 16:48:00.000000114,11.342057
2010-09-20 16:48:00.000000152,11.34132
2010-09-20 16:48:00.00000072,11.345831
2010-09-20 16:48:00.0000004,11.343353
2010-09-20 16:48:00.00000058,11.3457575
2010-09-20 16:48:00.00000081,11.342542
2010-09-20 16:48:00.000000116,11.342183
2010-09-20 16:48:00.00000040,11.343707
2010-09-20 16:48:00.00000019,11.344314
2010-09-20 16:48:00.000000134,11.342518
2010-09-20 16:48:00.00000084,11.355399
2010-09-20 16:48:00.00000016,11.342717
2010-09-20 16:48:00.000000103,11.3415
2012-08-20 14:47:36.0000001,11.342067
2011-12-01 01:36:08.0000001,11.341457
2014-03-29 14:59:28.0000001,11.343423
2014-08-18 01:19:48.0000001,11.342631
2012-04-30 20:04:20.0000001,11.341544
2013-07-13 18:28:20.0000003,11.35432
2014-10-07 19:04:08.0000003,11.341562
2014-10-07 19:04:08.0000001,11.34172
2013-08-21 09:32:24.0000001,11.341201
2015-01-26 07:13:44.0000001,11.348021
2011-03-06 21:01:00.0000003,11.34414
2011-03-06 21:01:00.000000155,11.341364
2011-03-06 21:01:00.000000164,11.34152
2011-03-06 21:01:00.000000131,11.342621
2011-03-06 21:01:00.00000091,11.342654
2011-03-06 21:01:00.000000144,11.3445835
2011-03-06 21:01:00.000000132,11.341733
2011-03-06 21:01:00.000000134,11.341616
2011-03-06 21:01:00.000000110,11.341437
2011-03-06 21:01:00.00000058,11.341689
2011-03-06 21:01:00.00000081,11.340976
2011-03-06 21:01:00.00000048,11.346423
2011-03-06 21:01:00.00000079,11.342688
2011-03-06 21:01:00.000000142,11.34456
2011-03-06 21:01:00.00000090,11.3436365
2011-03-06 21:01:00.000000125,11.3420315
2011-03-06 21:01:00.000000119,11.341346
2011-03-06 21:01:00.000000117,11.34426
2011-03-06 21:01:00.00000065,11.34297
2011-03-06 21:01:00.000000163,11.341912
2011-03-06 21:01:00.000000159,11.342393
2011-03-06 21:01:00.000000112,11.341775
2011-03-06 21:01:00.00000013,11.347723
2011-03-06 21:01:00.000000121,11.342361
2011-03-06 21:01:00.000000152,11.341535
2011-03-06 21:01:00.00000059,11.344138
2011-03-06 21:01:00.00000041,11.341234
2011-03-06 21:01:00.000000174,11.342737
2011-03-06 21:01:00.000000171,11.342336
2011-03-06 21:01:00.00000069,11.345175
2011-03-06 21:01:00.00000050,11.341386
2011-03-06 21:01:00.00000039,11.34251
2011-03-06 21:01:00.00000082,11.343252
2011-03-06 21:01:00.000000165,11.342255
2011-03-06 21:01:00.000000103,11.341673
2011-03-06 21:01:00.00000063,11.341659
2011-03-06 21:01:00.000000100,11.344542
2011-03-06 21:01:00.000000124,11.343255
2011-03-06 21:01:00.000000126,11.342023
2011-03-06 21:01:00.00000068,11.34222
2011-03-06 21:01:00.00000030,11.342305
2009-11-24 08:58:48.0000008,11.342004
2009-11-24 08:58:48.0000004,11.34249
2011-05-30 09:32:56.0000002,11.3415785
2010-01-02 12:20:32.0000001,11.342522
2010-10-05 02:09:00.00000026,11.342246
2010-10-05 02:09:00.00000016,11.3417
2010-10-05 02:09:00.00000019,11.347302
2010-10-05 02:09:00.00000014,11.341852
2010-10-05 02:09:00.0000004,11.342717
2010-10-05 02:09:00.00000025,11.34519
2010-10-05 02:09:00.0000009,11.342919
2012-01-25 22:43:44.0000005,11.341711
2010-12-01 22:04:52.0000002,11.342338
2013-06-23 02:54:32.0000001,11.345281
2013-11-18 15:07:28.0000003,11.342699
2013-08-06 23:56:32.0000002,11.34198
2013-08-06 23:56:32.0000001,11.348619
2012-03-10 02:36:04.0000004,11.341228
2014-04-13 17:35:52.0000001,11.342691
2013-09-14 16:03:12.0000001,11.342943
2013-09-14 16:03:12.0000002,11.341769
2013-09-14 16:03:12.0000003,11.341762
2014-04-05 18:27:08.0000001,11.342419
2014-04-05 18:27:08.0000002,11.341582
2009-12-02 15:59:56.0000003,11.341606
2010-01-03 02:03:40.0000001,11.341372
2011-01-30 14:38:24.0000001,11.343308
2011-04-16 21:23:16.0000005,11.342564
2009-05-31 21:24:56.0000002,11.342876
2009-07-14 17:59:12.0000002,11.344096
2009-12-18 12:37:04.0000003,11.341907
2012-11-21 15:12:48.0000002,11.34147
2011-10-07 22:08:20.0000002,11.342209
2011-10-07 22:08:20.0000001,11.343402
2011-10-07 22:08:20.0000004,11.343097
2013-09-24 21:16:40.0000008,11.341626
2013-09-24 21:16:40.0000005,11.341404
2014-01-25 12:36:52.0000003,11.342921
2012-01-26 07:33:00.000000101,11.341761
2012-01-26 07:33:00.00000057,11.3439455
2012-01-26 07:33:00.000000175,11.34206
2012-01-26 07:33:00.00000024,11.3425665
2012-01-26 07:33:00.00000097,11.341154
2012-01-26 07:33:00.000000115,11.345708
2012-01-26 07:33:00.00000039,11.341643
2012-01-26 07:33:00.000000161,11.342262
2012-01-26 07:33:00.000000173,11.342601
2012-01-26 07:33:00.000000183,11.343487
2012-01-26 07:33:00.00000020,11.343839
2012-01-26 07:33:00.00000022,11.343082
2012-01-26 07:33:00.000000136,11.340975
2012-01-26 07:33:00.0000008,11.344753
2012-01-26 07:33:00.000000100,11.343299
2012-01-26 07:33:00.00000023,11.340974
2012-01-26 07:33:00.00000056,11.342214
2012-01-26 07:33:00.00000018,11.342745
2012-01-26 07:33:00.00000076,11.3465805
2012-01-26 07:33:00.00000080,11.342411
2012-01-26 07:33:00.000000104,11.342798
2012-01-26 07:33:00.00000082,11.3417425
2012-01-26 07:33:00.00000025,11.34162
2012-01-26 07:33:00.000000181,11.342006
2012-01-26 07:33:00.000000105,11.34177
2015-03-20 23:34:40.0000001,11.342333
2015-03-20 23:34:40.0000008,11.342281
2015-03-20 23:34:40.0000003,11.345384
2013-12-14 03:20:48.0000003,11.342812
2010-12-09 07:29:00.000000164,11.343861
2010-12-09 07:29:00.000000141,11.344265
2010-12-09 07:29:00.00000073,11.342825
2010-12-09 07:29:00.00000062,11.341757
2010-12-09 07:29:00.000000139,11.342284
2010-12-09 07:29:00.00000079,11.341597
2010-12-09 07:29:00.000000145,11.342646
2010-12-09 07:29:00.0000006,11.3416605
2010-12-09 07:29:00.00000066,11.34143
2010-12-09 07:29:00.000000171,11.34309
2010-12-09 07:29:00.000000136,11.34281
2010-12-09 07:29:00.00000026,11.347619
2010-12-09 07:29:00.00000044,11.341408
2010-12-09 07:29:00.00000083,11.340974
2010-12-09 07:29:00.00000028,11.342277
2010-12-09 07:29:00.000000168,11.344014
2010-12-09 07:29:00.000000180,11.341835
2010-12-09 07:29:00.00000094,11.342178
2010-12-09 07:29:00.00000080,11.355324
2010-12-09 07:29:00.000000181,11.343646
2010-12-09 07:29:00.00000086,11.343428
2011-09-25 13:01:20.0000002,11.341793
2014-02-20 18:49:04.0000001,11.342849
2010-08-21 23:02:28.0000004,11.341674
2010-08-21 23:02:28.0000001,11.344792
2010-08-21 23:02:28.0000002,11.342122
2012-05-08 03:50:00.00000017,11.348184
2012-05-08 03:50:00.00000010,11.342291
2012-05-08 03:50:00.0000005,11.342248
2009-07-31 07:30:56.0000003,11.346033
2012-03-06 07:33:04.0000001,11.343667
2015-03-12 19:43:24.0000006,11.3490305
2014-01-18 17:43:28.0000001,11.342513
2011-09-04 01:36:36.0000001,11.342094
2010-08-09 08:53:56.0000001,11.34205
2015-02-01 00:48:44.0000002,11.34136
2014-01-26 15:28:52.0000001,11.342791
2014-01-26 15:28:52.0000002,11.3436575
2011-12-06 11:07:40.0000004,11.343456
2011-07-12 19:41:48.0000001,11.342841
2010-09-16 14:27:16.0000002,11.342176
2015-02-14 20:20:56.0000003,11.341591
2009-01-22 12:27:20.0000002,11.343477
2011-04-23 21:22:20.0000003,11.343029
2011-04-23 21:22:20.0000004,11.345443
2015-02-21 18:39:16.0000003,11.341405
2015-02-21 18:39:16.0000004,11.34205
2009-04-23 00:05:40.0000002,11.342505
2013-03-09 21:40:52.0000001,11.342662
2010-07-22 09:37:12.0000002,11.3482485
2012-07-31 02:46:40.0000001,11.342464
2015-02-21 17:23:28.0000004,11.343835
2012-11-19 22:15:32.0000001,11.342473
2009-01-26 18:26:48.0000005,11.342063
2009-09-22 11:47:24.0000001,11.342848
2012-07-05 18:30:36.0000004,11.3416815
2012-11-20 21:54:00.000000225,11.341815
2012-11-20 21:54:00.00000025,11.343791
2012-11-20 21:54:00.00000036,11.344791
2012-11-20 21:54:00.000000102,11.3446665
2012-11-20 21:54:00.000000105,11.348942
2012-11-20 21:54:00.000000167,11.345409
2012-11-20 21:54:00.000000186,11.342083
2012-11-20 21:54:00.000000172,11.34192
2012-11-20 21:54:00.000000202,11.344731
2012-11-20 21:54:00.000000179,11.35102
2012-11-20 21:54:00.000000110,11.342681
2012-11-20 21:54:00.00000076,11.342201
2012-11-20 21:54:00.000000195,11.345934
2012-11-20 21:54:00.000000131,11.352618
2012-11-20 21:54:00.0000002,11.344115
2012-11-20 21:54:00.00000068,11.346166
2012-11-20 21:54:00.000000138,11.342552
2012-11-20 21:54:00.00000090,11.342388
2012-11-20 21:54:00.000000169,11.34207
2012-11-20 21:54:00.00000065,11.342301
2012-11-20 21:54:00.000000121,11.346452
2012-11-20 21:54:00.00000024,11.341577
2012-11-20 21:54:00.000000123,11.343009
2012-11-20 21:54:00.000000100,11.343362
2012-11-20 21:54:00.0000004,11.342202
2012-11-20 21:54:00.00000098,11.341491
2012-11-20 21:54:00.000000205,11.341793
2012-11-20 21:54:00.000000103,11.348026
2012-11-20 21:54:00.00000092,11.344754
2012-11-20 21:54:00.00000040,11.342061
2012-11-20 21:54:00.00000069,11.347111
2012-11-20 21:54:00.000000148,11.344776
2012-11-20 21:54:00.000000233,11.341725
2014-06-23 00:16:00.00000054,11.344504
2014-06-23 00:16:00.00000059,11.350259
2014-06-23 00:16:00.00000051,11.342328
2014-06-23 00:16:00.00000012,11.343457
2014-06-23 00:16:00.00000046,11.349245
2014-06-23 00:16:00.00000032,11.342025
2014-06-23 00:16:00.00000017,11.340992
2014-06-23 00:16:00.0000006,11.341605
2014-06-23 00:16:00.00000084,11.342721
2014-06-23 00:16:00.00000021,11.353385
2014-06-23 00:16:00.0000007,11.341012
2014-06-23 00:16:00.00000045,11.342393
2014-06-23 00:16:00.00000083,11.349294
2014-06-23 00:16:00.00000048,11.346946
2014-06-23 00:16:00.00000058,11.342422
2014-06-23 00:16:00.00000075,11.3426695
2014-06-23 00:16:00.00000027,11.342774
2014-06-23 00:16:00.00000031,11.342679
2009-04-25 10:52:56.0000001,11.341009
2009-04-25 10:52:56.0000003,11.341813
2009-04-20 11:11:40.0000002,11.342841
2009-10-22 21:57:36.0000001,11.34516
2013-11-28 11:00:04.0000001,11.34233
2014-05-25 15:07:04.0000001,11.341572
2011-08-18 13:00:16.0000001,11.341829
2013-09-25 22:00:00.000000167,11.342238
2013-09-25 22:00:00.00000033,11.341724
2013-09-25 22:00:00.000000122,11.343482
2013-09-25 22:00:00.000000236,11.342643
2013-09-25 22:00:00.000000193,11.344295
2013-09-25 22:00:00.000000239,11.341712
2013-09-25 22:00:00.00000086,11.344064
2013-09-25 22:00:00.000000201,11.343501
2013-09-25 22:00:00.000000170,11.345212
2013-09-25 22:00:00.00000080,11.341547
2013-09-25 22:00:00.00000021,11.341743
2013-09-25 22:00:00.000000240,11.342179
2013-09-25 22:00:00.00000046,11.344781
2013-09-25 22:00:00.000000231,11.346721
2013-09-25 22:00:00.00000027,11.342463
2013-09-25 22:00:00.00000045,11.341654
2013-09-25 22:00:00.000000108,11.342399
2013-09-25 22:00:00.000000125,11.342952
2013-09-25 22:00:00.000000232,11.341942
2013-09-25 22:00:00.000000184,11.344082
2013-09-25 22:00:00.00000096,11.343197
2013-09-25 22:00:00.000000158,11.3427515
2013-09-25 22:00:00.000000131,11.345223
2013-09-25 22:00:00.000000207,11.341779
2013-09-25 22:00:00.00000068,11.342254
2013-09-25 22:00:00.000000194,11.34385
2013-09-25 22:00:00.00000011,11.355806
2013-09-25 22:00:00.000000243,11.344868
2013-09-25 22:00:00.000000138,11.344069
2013-09-25 22:00:00.00000069,11.342404
2013-09-25 22:00:00.00000067,11.341929
2013-09-25 22:00:00.000000152,11.343778
2013-07-20 12:06:44.0000002,11.342787
2013-07-20 12:06:44.0000001,11.342475
2014-07-11 12:36:08.0000003,11.354661
2014-01-31 11:11:05.0000002,11.343353
2014-08-31 04:03:29.0000002,11.343089
2014-08-31 04:03:29.0000003,11.346403
2014-08-01 18:38:09.0000004,11.345833
2014-08-01 18:38:09.0000003,11.346203
2009-05-16 14:53:41.0000005,11.34414
2009-05-16 14:53:41.0000001,11.3458395
2009-05-16 14:53:41.0000004,11.3471575
2013-08-26 11:47:37.0000001,11.342506
2010-10-30 13:31:13.0000001,11.341375
2014-05-09 00:30:41.0000004,11.343439
2012-03-05 13:24:37.0000002,11.341815
2010-07-01 22:11:33.0000005,11.342462
2010-07-01 22:11:33.0000006,11.349859
2012-01-07 21:39:05.0000001,11.356587
2012-05-26 00:31:25.0000001,11.341605
2014-10-07 11:52:13.0000006,11.3425455
2015-06-13 19:17:09.0000005,11.342025
2009-11-28 13:50:17.0000004,11.341735
2009-11-28 13:50:17.0000002,11.34179
2015-01-13 12:07:53.0000005,11.341715
2015-01-13 12:07:53.0000003,11.341764
2012-01-31 09:15:49.0000001,11.342232
2011-03-22 12:59:49.0000002,11.347106
2011-03-22 12:59:49.0000006,11.342148
2013-07-05 00:58:17.0000001,11.341544
2010-01-30 00:57:21.0000002,11.3459015
2009-10-16 16:14:41.0000002,11.341819
2011-03-13 05:34:57.0000002,11.343576
2015-02-26 23:20:13.00000010,11.342622
2013-10-09 15:11:41.0000004,11.346469
2011-09-01 09:53:49.0000004,11.341561
2010-09-28 00:16:53.0000003,11.342512
2010-07-25 04:03:17.0000003,11.345365
2010-07-25 04:03:17.0000002,11.341398
2013-09-19 21:24:21.0000001,11.343135
2011-02-04 09:12:53.0000004,11.341429
2012-03-08 12:33:25.0000003,11.344421
2009-07-31 18:15:57.0000001,11.343351
2009-07-10 20:17:05.0000003,11.341474
2010-08-21 21:56:25.0000002,11.34409
2010-10-09 17:11:17.0000001,11.342367
2009-09-25 15:13:57.0000001,11.342628
2009-09-25 15:13:57.0000003,11.342073
2009-09-25 15:13:57.0000002,11.343647
2010-05-03 08:36:41.0000004,11.342168
2011-01-24 20:18:49.0000003,11.341907
2010-01-23 14:32:17.0000003,11.341727
2012-06-02 01:16:05.0000004,11.34529
2011-10-20 13:46:33.0000003,11.3428755
2014-10-28 12:23:09.0000001,11.344322
2011-07-11 20:43:33.0000004,11.344923
2011-07-11 20:43:33.0000005,11.349196
2011-07-11 20:43:33.0000001,11.341799
2013-02-23 14:25:29.0000002,11.343498
2010-01-30 18:58:33.0000008,11.3429575
2010-01-30 18:58:33.0000006,11.342251
2010-01-30 18:58:33.0000001,11.342129
2014-06-22 14:49:13.0000001,11.344255
2014-06-22 14:49:13.0000005,11.3443575
2015-03-14 02:23:17.0000006,11.344407
2015-03-14 02:23:17.0000002,11.342177
2015-03-14 02:23:17.0000004,11.344247
2012-03-12 01:08:09.0000001,11.342956
2014-09-25 20:52:09.0000002,11.341733
2014-09-25 20:52:09.0000005,11.346758
2012-12-15 06:35:45.0000001,11.340974
2012-01-05 05:51:01.0000001,11.34267
2013-10-15 08:16:21.0000002,11.346941
2014-08-26 23:35:49.0000002,11.341851
2009-08-28 23:01:41.0000001,11.3424835
2009-08-28 23:01:41.0000006,11.341304
2014-12-16 13:40:25.0000003,11.342704
2012-12-09 22:30:13.0000006,11.341907
2012-12-09 22:30:13.0000002,11.342498
2012-12-09 22:30:13.0000004,11.344723
2011-05-11 19:56:09.0000001,11.341367
2014-08-08 00:02:41.0000004,11.343543
2014-08-08 00:02:41.0000002,11.34429
2013-09-12 12:50:13.0000007,11.342499
2013-09-12 12:50:13.0000003,11.342204
2013-09-12 12:50:13.0000001,11.344165
2011-06-26 03:33:25.0000002,11.347062
2011-09-18 18:33:13.0000003,11.34216
2014-03-04 16:24:45.0000001,11.356106
2014-11-10 10:52:41.0000001,11.347532
2009-12-22 15:59:53.0000003,11.34374
2014-05-08 21:23:41.0000001,11.342587
2012-07-15 03:53:37.0000001,11.345386
2012-07-15 03:53:37.0000002,11.343628
2012-07-15 03:53:37.0000003,11.342402
2013-06-10 11:29:13.0000001,11.342937
2015-04-25 01:06:17.0000007,11.344437
2015-04-25 01:06:17.0000003,11.344391
2012-10-28 13:55:57.0000001,11.342366
2011-06-12 01:07:57.0000003,11.342097
2014-12-11 15:20:49.0000001,11.341233
2011-06-19 04:08:49.0000002,11.342954
2012-04-14 22:29:37.0000001,11.34157
2015-06-02 09:11:17.0000007,11.342491
2011-10-08 12:54:49.0000002,11.342064
2009-06-02 08:34:33.0000001,11.340974
2011-10-01 15:04:57.0000001,11.347091
2013-06-22 01:59:25.0000002,11.343658
2010-12-15 08:39:33.0000005,11.3415575
2012-05-26 11:54:53.0000001,11.342783
2012-05-26 11:54:53.0000002,11.342698
2014-01-11 19:20:17.0000001,11.341476
2015-01-05 21:43:13.0000001,11.345811
2011-07-19 22:20:41.0000002,11.344603
2011-07-19 22:20:41.0000004,11.342641
2011-07-19 22:20:41.0000001,11.346209
2012-03-18 02:27:41.0000001,11.341821
2009-01-19 19:48:17.0000001,11.341558
2009-01-19 19:48:17.0000002,11.341571
2013-01-13 00:20:53.0000001,11.34269
2013-11-28 13:17:13.0000002,11.347037
2012-06-10 00:46:17.0000006,11.34117
2012-06-10 00:46:17.0000003,11.343105
2012-06-10 00:46:17.0000005,11.343108
2010-02-20 04:04:13.0000004,11.3479185
2014-01-01 16:33:01.0000005,11.343798
2010-10-01 13:11:05.0000001,11.341623
2012-04-14 14:20:33.0000001,11.342903
2015-05-17 04:17:33.0000005,11.3413
2014-07-26 23:31:41.0000003,11.344807
2014-07-26 23:31:41.0000002,11.342833
2009-11-07 16:37:49.0000004,11.342101
2011-01-07 09:25:57.0000003,11.342346
2012-07-18 16:28:21.0000001,11.342126
2013-03-08 19:03:09.0000003,11.342564
2009-12-10 22:45:01.0000004,11.343634
2012-07-13 11:00:05.0000004,11.342288
2013-04-28 10:36:37.0000001,11.341903
2009-04-23 02:42:05.0000003,11.343417
2013-06-08 16:55:13.0000003,11.342329
2012-10-25 16:20:37.0000004,11.34213
2012-10-25 16:20:37.0000003,11.346376
2012-07-31 20:04:53.0000006,11.342698
2012-07-31 20:04:53.0000002,11.342165
2009-07-14 22:41:09.0000003,11.34204
2011-09-03 19:22:17.0000001,11.342604
2011-09-03 19:22:17.0000003,11.342495
2011-09-03 19:22:17.0000002,11.345211
2013-11-21 14:19:21.0000001,11.350854
2015-01-02 11:55:57.0000003,11.344738
2013-11-23 22:19:37.0000004,11.341777
2013-11-23 22:19:37.0000003,11.342175
2013-11-23 22:19:37.0000005,11.342845
2011-04-04 19:54:33.0000001,11.341905
2014-07-14 16:18:37.0000002,11.34192
2014-03-18 19:55:17.0000001,11.341816
2010-06-05 23:05:25.0000006,11.342305
2014-09-09 22:48:37.0000001,11.342279
2014-09-09 22:48:37.0000002,11.341798
2014-03-28 21:55:17.0000003,11.341425
2014-03-28 21:55:17.0000001,11.34203
2009-09-24 22:41:17.0000001,11.342794
2012-04-27 18:37:09.0000002,11.342448
2014-04-05 18:11:33.0000002,11.343793
2013-11-07 22:25:25.0000003,11.342087
2013-11-07 22:25:25.0000001,11.341223
2012-06-30 03:53:29.0000002,11.341613
2011-05-19 16:01:41.0000001,11.342036
2010-01-11 12:38:33.0000002,11.34132
2010-10-16 09:26:33.0000001,11.34323
2010-10-16 09:26:33.0000003,11.342335
2014-07-25 18:06:37.0000007,11.341797
2014-05-13 21:07:29.0000004,11.342441
2014-05-13 21:07:29.0000001,11.349893
2013-11-16 18:33:25.0000005,11.343044
2009-08-02 14:01:33.0000004,11.342046
2015-01-12 15:36:37.0000008,11.342953
2013-05-26 15:18:37.0000005,11.346473
2013-05-26 15:18:37.0000001,11.353076
2013-05-26 15:18:37.0000003,11.343873
2009-09-20 23:07:01.0000001,11.343053
2009-09-25 21:43:49.0000004,11.343008
2009-09-25 21:43:49.00000010,11.343635
2009-03-22 20:58:33.0000003,11.3454
2011-12-09 21:19:25.0000001,11.342188
2013-07-05 20:44:49.0000001,11.34306
2013-12-20 15:58:29.0000006,11.342998
2013-12-20 15:58:29.0000001,11.342485
2014-10-06 14:37:25.0000005,11.355437
2015-01-18 23:09:25.0000001,11.341492
2014-02-06 13:26:49.0000002,11.341301
2013-02-27 19:25:13.0000001,11.345349
2009-09-15 08:28:53.0000003,11.343477
2012-07-18 22:34:53.0000003,11.342489
2011-05-17 22:09:17.0000002,11.341473
2010-09-19 17:13:29.0000008,11.348747
2010-09-19 17:13:29.0000006,11.344474
2013-03-19 18:08:29.0000002,11.34098
2013-03-19 18:08:29.0000001,11.343063
2011-04-23 11:01:49.0000001,11.343143
2013-07-04 05:39:13.0000001,11.343309
2010-11-08 10:01:37.0000003,11.341359
2009-04-01 19:28:09.0000001,11.342191
2011-11-26 02:04:29.0000004,11.341674
2011-11-26 02:04:29.0000003,11.341223
2009-01-11 07:56:01.0000001,11.341661
2012-05-30 09:19:13.0000002,11.341609
2014-10-28 22:42:33.0000003,11.342914
2014-07-19 21:05:37.0000002,11.343328
2012-10-02 14:17:13.0000001,11.341312
2012-10-20 00:36:37.0000002,11.341937
2014-06-19 22:37:09.0000006,11.341964
2014-06-19 22:37:09.0000004,11.342557
2011-05-11 13:24:37.0000002,11.34317
2014-10-13 00:42:05.0000002,11.342721
2013-12-08 10:41:05.0000007,11.342624
2009-07-04 13:00:57.0000002,11.343766
2015-06-30 04:09:45.0000001,11.347423
2013-09-08 03:47:57.0000002,11.342729
2009-05-15 21:19:13.0000004,11.350276
2010-01-29 08:32:53.0000002,11.341073
2015-05-15 01:51:49.0000003,11.341733
2012-11-12 10:06:17.0000003,11.341989
2013-12-01 22:23:57.0000003,11.351638
2014-01-03 15:48:49.0000001,11.342502
2013-01-19 20:19:45.0000002,11.340974
2015-03-17 21:44:26.0000002,11.341447
2009-01-06 07:36:34.0000005,11.341632
2013-01-20 20:41:26.0000002,11.344242
2015-06-07 00:38:14.0000001,11.342588
2009-01-03 00:51:02.0000002,11.343319
2009-01-03 00:51:02.0000001,11.343568
2009-08-02 05:08:42.0000001,11.348765
2013-10-18 09:06:14.0000002,11.341744
2009-04-26 17:29:42.0000001,11.341205
2015-02-25 22:00:38.0000002,11.343993
2010-10-06 23:31:54.0000001,11.345131
2009-01-21 20:04:30.0000006,11.34288
2013-12-18 14:26:58.0000002,11.346081
2014-04-26 18:02:26.0000003,11.341629
2014-10-05 13:58:18.0000002,11.341937
2014-10-05 13:58:18.0000001,11.341756
2013-05-23 23:54:42.0000004,11.342502
2009-11-23 19:06:14.0000005,11.343988
2010-09-01 08:23:54.0000002,11.341851
2011-12-10 23:39:06.0000001,11.345057
2009-12-17 15:54:46.0000002,11.342757
2010-06-16 18:41:54.0000003,11.342459
2011-11-02 08:21:50.0000003,11.342697
2011-11-02 08:21:50.0000001,11.342667
2009-03-15 03:31:14.0000003,11.342026
2014-09-08 19:07:46.0000001,11.341959
2010-04-24 23:31:50.0000004,11.342041
2010-04-24 23:31:50.0000002,11.343209
2011-03-03 21:31:42.0000004,11.341888
2011-03-03 21:31:42.0000002,11.344989
2011-09-05 10:47:26.0000001,11.342233
2012-09-16 12:48:06.0000002,11.34221
2015-04-10 11:56:54.0000005,11.342762
2013-10-15 23:31:26.0000002,11.345159
2013-06-21 18:06:14.0000002,11.341828
2009-05-19 15:44:30.0000001,11.342704
2014-01-26 08:48:30.0000003,11.342663
2014-12-25 21:32:58.0000002,11.341961
2011-07-30 15:27:58.0000001,11.342516
2010-09-24 22:40:06.0000007,11.341651
2010-02-06 17:37:10.0000005,11.3547735
2010-02-06 17:37:10.0000001,11.344302
2012-08-13 15:02:26.0000001,11.342404
2013-01-14 18:42:54.0000004,11.341862
2013-01-14 18:42:54.0000005,11.342033
2009-11-11 21:20:18.0000002,11.342086
2009-04-18 02:44:34.0000004,11.350469
2009-04-18 02:44:34.0000001,11.342911
2014-01-10 12:28:38.0000002,11.341489
2014-10-11 00:26:38.0000004,11.345477
2010-01-30 02:13:06.0000004,11.341399
2009-08-26 23:55:38.0000001,11.342436
2012-09-07 23:20:34.0000002,11.342874
2012-09-07 23:20:34.0000005,11.3424635
2015-01-10 14:32:14.0000002,11.343532
2010-05-31 20:43:42.0000001,11.342037
2010-05-31 20:43:42.0000003,11.341747
2014-05-18 14:43:26.0000004,11.342046
2011-10-08 18:18:26.0000002,11.341679
2011-10-08 18:18:26.0000003,11.344203
2010-03-23 13:23:34.0000003,11.343977
2010-12-21 08:46:02.0000001,11.342921
2010-12-21 08:46:02.0000002,11.341675
2010-06-19 22:52:30.0000003,11.342703
2013-01-03 01:43:10.0000002,11.34378
2013-11-24 03:44:46.0000001,11.343248
2011-04-16 12:57:18.0000002,11.341461
2012-10-11 22:24:18.0000002,11.34198
2011-05-17 23:42:46.0000006,11.342136
2011-05-17 23:42:46.0000003,11.341232
2014-01-09 17:27:18.0000003,11.341649
2014-01-09 17:27:18.0000004,11.342148
2010-01-09 13:24:22.0000002,11.353456
2010-01-09 13:24:22.0000001,11.3426075
2009-03-11 21:46:54.0000006,11.342794
2012-08-22 20:54:46.0000004,11.342992
2012-08-22 20:54:46.0000005,11.348443
2009-02-21 20:49:34.0000002,11.343786
2012-08-10 14:04:14.0000001,11.342452
2009-10-17 03:52:42.0000005,11.343748
2014-02-27 09:36:26.0000001,11.34303
2014-03-11 20:24:02.0000005,11.3435
2014-03-11 20:24:02.0000001,11.341714
2015-05-07 15:33:26.0000004,11.341588
2012-09-10 21:07:54.0000008,11.342056
2012-04-20 00:06:10.0000003,11.341572
2012-04-20 00:06:10.0000004,11.345833
2012-06-12 23:10:42.0000004,11.343892
2013-04-21 19:50:54.0000002,11.342006
2013-02-06 18:21:18.0000005,11.345492
2014-05-01 21:05:34.0000001,11.347135
2011-04-22 19:23:54.0000004,11.341747
2011-09-17 15:41:06.0000002,11.342007
2015-03-05 13:21:58.0000001,11.354979
2015-06-21 17:16:10.0000001,11.341967
2010-06-02 22:04:10.0000002,11.348576
2010-06-02 22:04:10.0000001,11.342714
2015-02-27 19:36:02.0000008,11.343722
2015-02-27 19:36:02.0000005,11.342513
2013-04-06 19:16:10.0000002,11.342026
2014-03-08 16:08:26.0000006,11.344866
2014-03-08 16:08:26.0000005,11.341559
2013-12-06 23:40:42.0000004,11.341712
2013-12-06 23:40:42.0000005,11.344281
2014-09-13 19:05:02.0000001,11.341704
2015-03-12 13:01:54.0000003,11.341376
2015-03-12 13:01:54.0000006,11.341534
2014-10-04 21:48:22.0000001,11.343297
2012-01-22 04:13:34.0000001,11.348307
2012-01-22 04:13:34.0000003,11.34392
2010-12-17 10:33:34.0000003,11.344122
2010-12-17 10:33:34.0000001,11.347824
2012-06-04 11:34:58.0000002,11.342471
2012-12-08 20:08:38.0000001,11.344006
2012-12-08 20:08:38.0000002,11.342656
2013-12-29 01:20:50.0000002,11.346446
2014-03-28 22:34:26.0000002,11.34268
2013-09-07 19:43:18.0000002,11.344855
2013-09-07 19:43:18.0000007,11.342241
2010-03-07 00:47:26.0000002,11.344164
2010-03-07 00:47:26.0000003,11.342169
2010-10-31 18:45:58.0000004,11.341763
2015-02-03 09:00:58.0000003,11.347966
2012-08-08 08:58:50.0000002,11.34173
2011-04-08 15:01:02.0000002,11.341737
2015-01-10 09:38:54.0000006,11.34183
2015-01-10 09:38:54.0000002,11.343728
2015-01-10 09:38:54.0000005,11.343089
2015-01-10 09:38:54.0000001,11.342676
2014-10-03 00:50:06.0000003,11.342291
2010-06-18 19:19:26.0000004,11.34464
2013-06-21 00:00:34.0000004,11.34223
2012-02-29 12:03:34.0000003,11.342263
2013-09-16 14:16:34.0000002,11.347289
2011-03-10 18:16:14.0000002,11.341946
2011-05-19 02:06:46.0000001,11.342322
2014-08-08 15:26:18.0000001,11.342117
2009-03-11 12:01:30.0000003,11.341549
2012-07-26 12:40:38.0000004,11.342635
2014-05-26 22:57:10.0000001,11.343135
2010-09-04 18:31:42.0000004,11.343664
2011-09-22 20:05:22.0000002,11.341907
2011-09-22 20:05:22.0000004,11.341943
2014-08-09 01:27:30.0000001,11.343174
2014-10-31 12:04:26.0000003,11.342341
2013-04-10 21:03:42.0000006,11.343404
2011-12-29 19:29:50.0000002,11.342053
2013-03-14 21:43:46.0000002,11.341273
2009-02-08 00:04:06.0000003,11.341396
2012-02-04 22:47:18.0000002,11.341647
2012-05-06 03:01:10.0000001,11.34702
2014-07-08 08:56:58.0000002,11.341566
2014-07-08 08:56:58.0000005,11.341413
2014-07-08 08:56:58.0000004,11.343774
2014-07-08 08:56:58.0000003,11.342681
2011-02-19 10:14:58.0000001,11.342275
2010-08-16 17:14:18.0000002,11.342445
2012-12-27 21:01:54.0000002,11.344653
2015-05-31 20:48:54.0000002,11.344171
2013-01-06 12:39:54.0000006,11.34151
2010-12-24 04:23:06.0000001,11.35018
2010-11-10 23:21:50.0000001,11.342668
2011-10-01 00:42:26.0000002,11.346049
2013-03-31 00:09:58.0000001,11.347211
2011-07-20 08:05:02.0000001,11.340974
2009-05-03 16:02:54.0000004,11.341554
2012-09-06 17:58:06.0000002,11.342242
2014-04-06 16:47:14.0000001,11.343666
2014-04-06 16:47:14.0000002,11.347683
2014-09-06 03:52:50.0000001,11.342395
2014-01-01 13:06:34.0000002,11.34326
2011-12-25 15:35:54.0000002,11.341835
2011-12-25 15:35:54.0000005,11.341532
2011-12-25 15:35:54.0000001,11.341914
2015-05-14 23:11:58.0000004,11.343664
2015-04-22 09:54:06.0000001,11.341627
2012-09-01 19:04:18.0000001,11.343306
2013-06-06 02:54:50.0000001,11.350492
2011-09-03 00:03:42.0000007,11.356703
2013-07-02 22:27:14.0000002,11.341594
2011-07-18 00:04:54.0000001,11.340995
2011-04-03 03:46:18.0000001,11.341766
2010-06-25 14:00:14.0000001,11.342739
2014-09-10 16:40:02.0000001,11.3417425
2011-03-01 07:23:14.0000002,11.341798
2011-06-24 13:23:18.0000005,11.34319
2012-01-01 18:02:46.0000001,11.345201
2015-03-28 19:31:26.0000004,11.342299
2010-07-13 11:53:15.0000006,11.343201
2010-07-13 11:53:15.0000005,11.34223
2010-07-13 11:53:15.0000003,11.341531
2013-02-07 13:47:59.0000002,11.343882
2015-05-19 13:58:11.0000006,11.346939
2015-05-19 13:58:11.0000009,11.343286
2012-07-31 22:21:11.0000003,11.34266
2013-01-03 08:50:31.0000003,11.342362
2010-03-18 00:05:43.0000001,11.346483
2009-04-14 17:43:23.0000001,11.355571
2009-04-14 17:43:23.0000002,11.342234
2015-06-15 14:34:03.0000001,11.342885
2014-11-26 06:46:23.0000002,11.346253
2010-12-19 16:25:15.0000002,11.342603
2015-06-18 20:56:55.0000004,11.341389
2015-06-18 20:56:55.0000008,11.345083
2015-04-28 20:15:27.0000003,11.341865
2013-01-23 13:49:19.0000001,11.342135
2012-01-03 08:49:15.0000005,11.343339
2012-06-09 19:03:11.0000005,11.342362
2012-06-09 19:03:11.0000007,11.342954
2009-05-27 02:00:51.0000001,11.3461275
2014-06-07 12:21:11.0000003,11.342901
2011-09-08 22:37:43.0000001,11.342286
2010-06-18 22:52:11.0000001,11.347614
2011-09-13 13:31:51.0000001,11.343439
2011-09-13 13:31:51.0000005,11.342069
2014-10-06 09:24:11.0000005,11.346859
2012-03-15 18:23:55.0000002,11.342185
2013-12-22 21:24:47.0000002,11.341579
2011-11-23 21:07:43.0000001,11.342217
2010-11-17 19:10:23.0000003,11.342046
2010-11-17 19:10:23.0000005,11.342941
2015-02-14 13:15:19.0000007,11.342093
2013-01-12 22:40:39.0000008,11.342151
2013-01-12 22:40:39.0000009,11.3458
2013-01-12 22:40:39.0000007,11.342068
2010-02-15 14:20:31.0000002,11.346567
2010-02-15 14:20:31.0000003,11.341541
2013-03-23 15:41:07.0000003,11.342726
2009-05-08 22:14:51.0000002,11.341689
2010-01-31 00:33:03.0000005,11.34239
2009-01-18 18:22:07.0000002,11.342654
2009-01-28 11:27:19.0000001,11.341701
2015-05-20 19:39:11.0000003,11.344357
2014-01-11 17:47:47.0000001,11.342321
2012-07-12 02:46:07.0000001,11.343356
2014-03-05 23:16:07.0000001,11.343493
2014-12-17 20:56:31.0000003,11.342739
2010-10-09 15:48:51.0000003,11.3480215
2013-10-10 11:09:23.0000001,11.343548
2014-10-12 09:23:55.0000001,11.343247
2013-01-08 07:03:07.0000001,11.341961
2012-10-28 17:21:19.0000001,11.341881
2012-10-28 17:21:19.0000003,11.342743
2014-12-26 20:46:23.0000001,11.343028
2015-05-10 12:37:51.0000003,11.342984
2010-12-11 13:31:11.0000003,11.341766
2010-03-01 22:21:55.0000003,11.342205
2010-03-01 22:21:55.0000002,11.345594
2015-03-08 14:59:23.0000001,11.344769
2015-03-08 14:59:23.0000003,11.349217
2009-06-08 11:06:23.0000001,11.352831
2014-01-26 13:51:39.0000001,11.342165
2014-11-30 15:46:23.0000003,11.341458
2011-08-20 15:50:39.0000001,11.343653
2010-06-22 14:25:19.0000008,11.354814
2010-06-22 14:25:19.0000001,11.341841
2014-05-25 19:46:59.0000003,11.347435
2014-04-04 05:47:11.0000002,11.343674
2013-01-11 20:08:07.0000003,11.343023
2013-01-11 20:08:07.0000001,11.341487
2013-10-09 17:27:39.0000001,11.354856
2015-01-12 17:05:51.0000004,11.342098
2009-01-12 07:47:39.0000001,11.348646
2011-04-28 19:39:43.0000003,11.344366
2014-11-17 00:03:47.0000003,11.342266
2014-11-17 00:03:47.0000001,11.342995
2013-08-18 00:32:15.0000003,11.341644
2013-05-23 12:09:23.0000005,11.342044
2013-05-23 12:09:23.0000004,11.343394
2014-12-11 08:20:39.0000001,11.344361
2014-12-11 08:20:39.0000004,11.34352
2013-12-10 14:00:35.0000002,11.341467
2011-09-10 20:44:59.0000003,11.342223
2011-04-28 09:50:03.0000001,11.34186
2010-02-26 18:34:51.0000001,11.342735
2013-12-05 23:29:15.0000002,11.341571
2012-12-13 19:05:27.0000004,11.341542
2012-11-09 18:17:35.0000002,11.343832
2010-07-05 19:21:35.0000001,11.343579
2011-11-29 22:19:51.0000003,11.342219
2009-01-30 22:47:07.0000002,11.345385
2009-01-30 22:47:07.0000005,11.341715
2013-09-26 20:54:19.0000001,11.34358
2014-09-16 18:22:23.0000001,11.34178
2011-06-25 23:18:27.0000003,11.342301
2011-06-25 23:18:27.0000002,11.343838
2009-01-17 02:21:55.0000003,11.341857
2014-11-01 15:31:15.0000001,11.341585
2013-07-12 23:17:31.0000003,11.341965
2013-07-12 23:17:31.0000002,11.343336
2013-07-12 23:17:31.0000001,11.342522
2009-09-24 04:23:47.0000001,11.341766
2009-04-20 21:08:35.0000005,11.342416
2009-04-20 21:08:35.0000004,11.343033
2009-04-06 13:47:15.0000001,11.341436
2013-11-29 21:36:07.0000002,11.345842
2013-11-29 21:36:07.0000001,11.34238
2012-04-14 11:59:11.0000003,11.34316
2009-03-06 00:13:03.0000002,11.344775
2010-04-23 00:00:03.0000001,11.350018
2010-05-22 23:46:19.0000004,11.342613
2012-06-09 22:57:15.0000004,11.342292
2010-10-27 02:29:39.0000001,11.342352
2010-10-22 20:56:51.0000003,11.343759
2013-10-07 08:53:39.0000001,11.341562
2011-10-04 11:48:35.0000001,11.3424835
2010-12-31 13:32:39.0000002,11.341825
2010-08-21 20:25:07.0000002,11.342059
2009-11-16 21:03:31.0000005,11.344121
2009-11-16 21:03:31.0000006,11.342368
2010-12-01 21:02:35.0000003,11.344276
2010-04-20 11:53:23.0000001,11.342032
2013-09-20 13:38:55.0000005,11.341343
2013-09-20 13:38:55.0000004,11.355391
2012-09-09 23:40:03.0000002,11.342013
2012-09-09 23:40:03.0000004,11.343423
2010-05-23 15:28:55.0000002,11.341038
2012-10-15 20:10:31.0000005,11.34462
2013-06-07 13:52:55.0000005,11.342048
2009-06-04 19:34:15.0000005,11.342595
2013-09-29 22:12:07.0000001,11.347678
2010-05-02 12:39:55.0000003,11.341866
2010-05-02 12:39:55.0000001,11.345625
2015-05-20 00:59:15.0000001,11.342018
2009-12-03 18:02:47.0000003,11.342106
2009-12-03 18:02:47.0000002,11.355022
2009-09-28 19:21:59.0000007,11.341535
2009-09-28 19:21:59.0000006,11.342924
2015-05-23 12:59:39.0000003,11.344366
2014-01-11 23:10:59.0000006,11.3422985
2010-04-24 20:15:07.0000001,11.341668
2013-05-24 07:22:51.0000001,11.342433
2009-08-06 02:50:03.0000001,11.345517
2014-08-08 17:32:47.0000003,11.342393
2010-09-22 09:42:31.0000003,11.342472
2013-08-19 19:39:23.0000002,11.344511
2015-03-11 16:36:39.0000004,11.348144
2015-05-29 18:59:35.0000006,11.343408
2011-10-26 17:48:43.0000005,11.342633
2009-11-03 19:53:27.0000002,11.341853
2009-11-03 19:53:27.0000001,11.341798
2009-12-19 21:56:15.0000004,11.341593
2009-12-21 21:20:43.0000002,11.341803
2009-08-21 15:35:07.0000001,11.344036
2010-04-25 13:28:47.0000001,11.343048
2010-11-02 18:49:59.0000004,11.342421
2010-04-21 06:28:47.0000001,11.354767
2015-02-11 20:51:51.0000001,11.3413515
2013-12-07 01:41:59.0000002,11.342008
2013-05-21 06:52:59.0000003,11.34694
2014-07-12 00:15:59.0000001,11.342887
2010-06-13 19:39:51.0000002,11.34416
2009-03-31 10:27:19.0000003,11.343408
2013-09-14 18:28:03.0000001,11.341962
2015-02-14 09:08:11.0000002,11.342136
2012-01-19 20:26:35.0000002,11.342044
2012-01-19 20:26:35.0000003,11.341914
2012-01-19 20:26:35.0000006,11.345751
2015-02-25 18:00:51.0000001,11.341908
2015-02-25 18:00:51.0000007,11.3411045
2009-08-08 11:41:51.0000003,11.341939
2013-06-02 16:26:47.0000001,11.341784
2011-09-14 00:50:15.0000001,11.343302
2013-02-16 14:26:51.0000003,11.341359
2012-11-12 11:57:03.0000001,11.341896
2012-01-04 00:06:39.0000002,11.342003
2013-06-21 02:39:47.0000001,11.344554
2010-12-28 20:17:27.0000005,11.343022
2010-12-28 20:17:27.0000003,11.343512
2009-12-12 22:01:31.0000001,11.341368
2011-05-20 23:42:59.0000001,11.342085
2014-01-04 10:54:59.0000005,11.3422365
2014-01-04 10:54:59.0000002,11.342577
2012-02-11 04:52:35.0000001,11.341363
2014-09-14 23:26:11.0000001,11.342107
2014-04-05 01:52:27.0000002,11.346167
2010-02-23 20:29:51.0000004,11.3426075
2013-11-01 13:07:47.0000003,11.344833
2015-03-07 15:25:59.0000003,11.341447
2009-04-16 15:57:31.0000001,11.342703
2010-01-10 12:55:43.0000003,11.343319
2010-01-10 12:55:43.0000004,11.34854
2010-01-10 12:55:43.0000001,11.341589
2015-03-16 21:12:19.0000002,11.342112
2015-03-16 21:12:19.0000006,11.345176
2012-09-29 20:16:51.0000004,11.3415985
2009-07-30 15:49:15.0000002,11.340979
2009-07-30 15:49:15.0000004,11.342577
2013-11-18 16:18:39.0000001,11.355327
2015-01-18 14:06:23.0000001,11.342441
2015-01-18 14:06:23.0000004,11.341835
2015-01-18 14:06:23.0000003,11.342116
2009-09-07 19:35:39.0000001,11.342241
2014-06-14 13:39:00.000000155,11.341561
2014-06-14 13:39:00.000000174,11.34232
2014-06-14 13:39:00.000000104,11.34232
2014-06-14 13:39:00.00000083,11.354891
2014-06-14 13:39:00.00000056,11.341545
2014-06-14 13:39:00.000000102,11.342949
2014-06-14 13:39:00.00000065,11.346021
2014-06-14 13:39:00.000000137,11.343222
2014-06-14 13:39:00.0000002,11.355508
2014-06-14 13:39:00.00000028,11.341879
2014-06-14 13:39:00.000000194,11.341871
2013-06-27 00:20:40.0000002,11.341596
2014-12-30 20:29:24.0000001,11.341951
2011-03-24 15:57:04.0000002,11.341432
2012-06-09 16:53:44.0000001,11.342574
2011-10-02 23:36:00.0000001,11.345556
2011-10-02 23:36:00.00000050,11.347616
2011-10-02 23:36:00.00000069,11.342487
2011-10-02 23:36:00.00000093,11.343708
2011-10-02 23:36:00.00000010,11.343684
2011-10-02 23:36:00.00000017,11.343656
2011-10-02 23:36:00.00000072,11.344601
2011-10-02 23:36:00.00000025,11.342899
2011-10-02 23:36:00.00000019,11.341745
2013-03-21 12:47:28.0000001,11.34273
2013-06-07 03:02:56.0000003,11.343671
2009-06-10 16:55:00.000000123,11.341694
2009-06-10 16:55:00.000000150,11.343359
2009-06-10 16:55:00.00000064,11.341985
2009-06-10 16:55:00.00000062,11.343666
2009-06-10 16:55:00.0000005,11.3416
2009-06-10 16:55:00.0000006,11.346673
2009-06-10 16:55:00.000000130,11.3424425
2009-06-10 16:55:00.000000175,11.341527
2009-06-10 16:55:00.00000041,11.3554325
2009-06-10 16:55:00.000000152,11.34143
2009-06-10 16:55:00.000000155,11.340974
2009-06-10 16:55:00.00000061,11.341523
2011-06-24 12:03:00.000000131,11.340974
2011-06-24 12:03:00.000000184,11.343397
2011-06-24 12:03:00.00000081,11.34253
2011-06-24 12:03:00.0000007,11.342252
2011-06-24 12:03:00.00000028,11.341966
2011-06-24 12:03:00.000000198,11.341819
2014-06-15 07:06:00.0000004,11.344395
2014-06-15 07:06:00.00000011,11.342937
2014-06-06 16:22:20.0000001,11.342215
2009-09-14 02:19:00.00000043,11.341926
2009-09-14 02:19:00.00000027,11.343241
2009-09-14 02:19:00.00000042,11.34246
2009-09-14 02:19:00.00000034,11.346337
2009-09-14 02:19:00.00000033,11.342522
2010-08-21 22:21:32.0000001,11.343269
2010-08-21 22:21:32.0000002,11.342321
2012-05-06 23:37:24.0000003,11.3440075
2013-12-21 17:20:32.0000002,11.355106
2014-04-28 19:46:36.0000002,11.34206
2011-06-01 07:37:00.00000080,11.35429
2011-06-01 07:37:00.000000164,11.343719
2011-06-01 07:37:00.00000074,11.346243
2011-06-01 07:37:00.00000085,11.344844
2011-06-01 07:37:00.0000003,11.342383
2011-06-01 07:37:00.000000159,11.345685
2011-06-01 07:37:00.00000052,11.348091
2011-06-01 07:37:00.000000218,11.345502
2011-06-01 07:37:00.00000062,11.341934
2011-06-01 07:37:00.00000031,11.34198
2010-08-27 18:45:00.000000170,11.343874
2010-08-27 18:45:00.00000044,11.346117
2010-08-27 18:45:00.000000146,11.341821
2010-08-27 18:45:00.00000035,11.342701
2010-08-27 18:45:00.000000139,11.341788
2010-08-27 18:45:00.00000051,11.341698
2010-08-27 18:45:00.000000186,11.341677
2010-08-27 18:45:00.000000102,11.342347
2010-08-27 18:45:00.000000164,11.343789
2010-08-27 18:45:00.000000199,11.343953
2010-08-27 18:45:00.000000174,11.342386
2010-08-27 18:45:00.000000187,11.3417
2010-08-27 18:45:00.000000172,11.344671
2010-08-14 02:13:00.000000105,11.343141
2010-08-14 02:13:00.000000159,11.341401
2010-08-14 02:13:00.00000040,11.342063
2010-08-14 02:13:00.000000147,11.3433695
2010-08-14 02:13:00.000000145,11.342072
2010-08-14 02:13:00.00000061,11.342434
2010-08-14 02:13:00.000000150,11.344682
2010-08-14 02:13:00.00000024,11.342106
2010-08-14 02:13:00.000000167,11.342458
2010-08-14 02:13:00.00000099,11.342535
2010-08-14 02:13:00.000000120,11.343795
2010-08-14 02:13:00.00000027,11.341935
2010-08-14 02:13:00.00000063,11.343812
2010-08-14 02:13:00.000000164,11.341846
2010-08-14 02:13:00.000000143,11.346662
2010-08-14 02:13:00.000000156,11.3476095
2010-08-14 02:13:00.000000123,11.344919
2014-03-25 23:47:00.00000013,11.341442
2014-03-25 23:47:00.000000116,11.342795
2014-03-25 23:47:00.000000141,11.341626
2014-03-25 23:47:00.000000107,11.342432
2014-03-25 23:47:00.00000068,11.341769
2014-03-25 23:47:00.00000098,11.345806
2014-03-25 23:47:00.000000138,11.343669
2014-03-25 23:47:00.000000120,11.343398
2015-06-05 08:38:56.0000003,11.342332
2010-09-29 16:43:00.000000154,11.351657
2010-09-29 16:43:00.000000157,11.341604
2010-09-29 16:43:00.00000099,11.342551
2010-09-29 16:43:00.00000023,11.34228
2010-09-29 16:43:00.000000148,11.345008
2014-10-27 14:58:00.00000028,11.341885
2014-10-27 14:58:00.00000069,11.34245
2014-10-27 14:58:00.000000106,11.342078
2014-10-27 14:58:00.00000070,11.341535
2014-10-27 14:58:00.000000121,11.343662
2014-10-27 14:58:00.00000022,11.343221
2014-10-27 14:58:00.00000057,11.341068
2009-10-08 23:44:56.0000002,11.341694
2012-11-03 17:11:00.00000080,11.343044
2012-11-03 17:11:00.00000030,11.342169
2012-11-03 17:11:00.000000149,11.341637
2012-11-03 17:11:00.00000078,11.343137
2012-11-03 17:11:00.00000063,11.342673
2012-11-03 17:11:00.000000142,11.342037
2012-11-03 17:11:00.000000101,11.342788
2011-05-28 17:29:44.0000003,11.341877
2011-03-11 01:44:00.00000023,11.346891
2011-03-11 01:44:00.00000014,11.341502
2011-03-11 01:44:00.00000067,11.340974
2011-03-11 01:44:00.00000019,11.342141
2011-03-11 01:44:00.00000082,11.345294
2011-03-11 01:44:00.00000084,11.341331
2011-03-11 01:44:00.00000033,11.3438835
2011-03-11 01:44:00.00000051,11.344333
2011-03-11 01:44:00.00000011,11.34764
2013-12-16 19:06:44.0000001,11.342075
2009-05-08 18:00:36.0000001,11.34123
2013-01-27 00:09:12.0000008,11.343056
2013-09-15 02:37:52.0000002,11.343389
2009-04-05 09:48:20.0000001,11.341531
2009-11-25 19:32:52.0000001,11.409187
2011-10-04 09:37:00.00000099,11.341912
2011-10-04 09:37:00.00000019,11.342706
2011-10-04 09:37:00.000000132,11.34586
2011-10-04 09:37:00.00000043,11.352156
2011-10-04 09:37:00.000000122,11.347265
2011-10-04 09:37:00.0000002,11.34328
2011-10-04 09:37:00.000000109,11.341629
2014-04-29 08:15:56.0000003,11.341975
2014-12-24 03:00:00.00000035,11.341378
2009-10-04 22:54:56.0000001,11.346904
2015-04-11 20:31:32.0000008,11.34232
2015-04-11 20:31:32.00000013,11.344203
2011-02-06 17:08:24.0000003,11.342298
2014-04-27 02:57:00.00000010,11.345134
2014-04-27 02:57:00.00000053,11.342714
2014-04-27 02:57:00.000000128,11.341565
2014-04-27 02:57:00.0000008,11.34256
2014-04-27 02:57:00.00000067,11.343304
2014-04-27 02:57:00.0000009,11.341445
2014-04-27 02:57:00.000000159,11.344979
2014-04-27 02:57:00.000000127,11.343409
2014-04-27 02:57:00.000000112,11.342384
2011-12-13 22:00:00.000000147,11.345248
2011-12-13 22:00:00.000000164,11.341813
2011-12-13 22:00:00.00000078,11.342051
2011-12-13 22:00:00.000000103,11.343116
2011-12-13 22:00:00.000000226,11.342026
2011-12-13 22:00:00.000000215,11.343317
2011-12-13 22:00:00.00000013,11.342713
2011-12-13 22:00:00.000000258,11.342101
2011-12-13 22:00:00.00000087,11.353793
2011-12-13 22:00:00.000000270,11.341599
2011-12-13 22:00:00.00000073,11.342771
2011-12-13 22:00:00.000000203,11.341629
2011-12-13 22:00:00.000000184,11.341296
2011-12-13 22:00:00.00000019,11.342207
2011-12-13 22:00:00.000000101,11.349458
2011-12-13 22:00:00.000000122,11.34713
2011-12-13 22:00:00.000000190,11.342282
2011-12-13 22:00:00.00000021,11.341531
2011-12-13 22:00:00.00000051,11.341894
2011-12-13 22:00:00.00000036,11.342519
2011-12-13 22:00:00.00000022,11.342009
2009-04-12 16:00:56.0000002,11.344404
2014-03-05 21:07:12.0000001,11.341295
2015-04-11 14:16:12.0000009,11.342047
2014-07-21 18:19:00.000000203,11.342651
2014-07-21 18:19:00.000000229,11.343186
2014-07-21 18:19:00.000000146,11.341834
2014-07-21 18:19:00.000000108,11.342325
2014-07-21 18:19:00.000000171,11.34163
2014-07-21 18:19:00.00000090,11.343827
2014-07-21 18:19:00.00000020,11.341931
2014-07-21 18:19:00.00000059,11.345415
2014-07-21 18:19:00.000000185,11.341757
2014-07-21 18:19:00.000000186,11.343207
2014-07-21 18:19:00.000000201,11.343265
2014-07-21 18:19:00.000000217,11.341248
2014-07-21 18:19:00.00000017,11.342192
2014-07-21 18:19:00.00000079,11.342174
2014-07-21 18:19:00.00000087,11.342207
2011-06-13 09:55:04.0000003,11.344922
2010-09-20 16:48:00.00000025,11.343501
2010-09-20 16:48:00.00000085,11.354491
2010-09-20 16:48:00.00000069,11.349152
2010-09-20 16:48:00.00000086,11.342357
2010-09-20 16:48:00.00000021,11.340974
2010-09-20 16:48:00.00000024,11.342149
2010-09-20 16:48:00.000000100,11.343096
2010-09-20 16:48:00.0000008,11.345646
2010-09-20 16:48:00.00000074,11.343905
2012-08-20 14:47:36.0000002,11.343294
2014-12-01 00:12:44.0000002,11.347695
2009-03-16 09:55:24.0000001,11.342156
2011-03-06 21:01:00.00000017,11.342292
2011-03-06 21:01:00.000000161,11.342766
2011-03-06 21:01:00.000000170,11.342377
2011-03-06 21:01:00.00000078,11.343675
2011-03-06 21:01:00.000000160,11.343321
2013-02-26 01:38:20.0000001,11.342028
2014-09-22 07:14:16.0000001,11.341819
2010-10-05 02:09:00.00000017,11.34249
2010-10-05 02:09:00.00000024,11.345126
2010-10-05 02:09:00.00000020,11.341877
2011-04-16 21:23:16.0000001,11.341966
2013-10-05 19:51:04.0000001,11.341723
2011-10-07 22:08:20.0000005,11.342518
2012-03-14 19:10:48.0000003,11.341568
2009-06-21 04:28:48.0000001,11.345308
2011-06-25 11:42:36.0000001,11.343093
2012-01-26 07:33:00.000000145,11.342464
2012-01-26 07:33:00.00000030,11.341289
2012-01-26 07:33:00.000000121,11.341477
2012-01-26 07:33:00.000000151,11.34286
2012-01-26 07:33:00.00000044,11.342199
2015-03-20 23:34:40.0000009,11.345201
2015-03-20 23:34:40.0000005,11.341739
2015-05-21 07:08:08.0000001,11.342443
2010-12-09 07:29:00.000000156,11.341705
2010-12-09 07:29:00.0000002,11.342369
2010-12-09 07:29:00.00000081,11.344378
2010-08-21 23:02:28.0000003,11.344394
2009-10-29 10:48:40.0000003,11.340974
2015-02-01 00:48:44.0000003,11.342196
2015-02-01 00:48:44.0000005,11.341394
2011-12-06 11:07:40.0000002,11.34157
2011-12-06 11:07:40.0000003,11.344382
2013-05-18 15:28:40.0000001,11.342534
2013-09-01 17:57:04.0000001,11.342072
2015-02-21 18:39:16.0000001,11.34274
2013-07-22 15:05:16.0000005,11.342659
2010-12-25 13:54:12.0000002,11.341899
2013-11-29 20:09:12.0000001,11.344704
2011-10-25 20:34:20.0000002,11.343512
2012-11-20 21:54:00.000000152,11.341503
2012-11-20 21:54:00.00000071,11.347202
2012-11-20 21:54:00.00000078,11.343726
2012-11-20 21:54:00.00000073,11.342318
2012-11-20 21:54:00.00000066,11.343446
2012-11-20 21:54:00.000000189,11.342126
2012-11-20 21:54:00.00000016,11.344422
2012-11-20 21:54:00.0000007,11.343177
2012-11-20 21:54:00.000000161,11.344299
2012-11-20 21:54:00.000000174,11.342729
2012-11-20 21:54:00.00000084,11.342841
2012-11-20 21:54:00.000000173,11.34205
2014-06-23 00:16:00.00000086,11.342276
2014-06-23 00:16:00.00000042,11.351896
2014-06-23 00:16:00.00000010,11.34178
2011-09-30 03:23:32.0000001,11.34463
2011-01-03 21:51:28.0000003,11.342555
2013-09-25 22:00:00.00000018,11.342564
2013-09-25 22:00:00.00000071,11.34251
2013-09-25 22:00:00.000000114,11.343001
2013-09-25 22:00:00.000000191,11.342287
2013-09-25 22:00:00.0000006,11.342223
2013-09-25 22:00:00.000000113,11.34147
2013-09-25 22:00:00.000000212,11.34155
2013-09-25 22:00:00.00000066,11.341638
2011-07-06 18:07:44.0000004,11.341659
2014-07-11 12:36:08.0000001,11.343687
2015-02-20 11:08:29.0000007,11.3424
2009-05-16 14:53:41.0000003,11.341832
2010-07-01 22:11:33.0000003,11.341963
2014-10-07 11:52:13.0000008,11.341869
2015-02-26 23:20:13.0000008,11.343979
2011-11-28 14:13:37.0000002,11.342253
2013-08-30 11:20:21.0000003,11.347747
2014-10-25 23:23:05.0000001,11.342828
2014-10-25 23:23:05.0000002,11.343379
2011-07-02 00:38:01.0000001,11.342667
2014-02-08 17:24:57.0000002,11.342131
2013-02-16 16:03:17.0000001,11.343582
2011-01-24 20:18:49.0000005,11.343189
2012-04-07 12:14:05.0000001,11.343079
2011-10-20 13:46:33.0000002,11.3427305
2013-11-29 15:09:45.0000003,11.342098
2014-06-22 14:49:13.0000002,11.347828
2009-08-28 23:01:41.0000002,11.342187
2010-06-11 13:37:21.0000003,11.342657
2013-06-17 06:37:49.0000002,11.341322
2015-06-02 09:11:17.0000002,11.3509655
2014-12-07 19:56:45.0000001,11.3433275
2013-04-23 13:19:17.0000001,11.341819
2013-11-28 13:17:13.0000003,11.341665
2012-06-10 00:46:17.0000001,11.342782
2010-02-27 22:55:09.0000001,11.341704
2012-04-14 14:20:33.0000002,11.342313
2013-03-08 19:03:09.0000002,11.341769
2012-07-13 11:00:05.0000005,11.3413515
2014-07-01 11:05:21.0000003,11.342212
2012-10-25 16:20:37.0000005,11.342888
2011-03-24 17:44:01.0000002,11.343132
2014-07-25 18:06:37.0000006,11.343056
2009-08-02 14:01:33.0000005,11.342866
2009-09-25 21:43:49.0000009,11.343413
2011-12-09 21:19:25.0000003,11.342093
2011-12-09 21:19:25.0000004,11.343031
2012-02-08 11:14:49.0000003,11.344668
2012-07-18 22:34:53.0000002,11.341532
2012-07-18 22:34:53.0000004,11.342113
2009-09-04 18:43:33.0000002,11.341634
2011-04-23 11:01:49.0000002,11.347293
2014-10-28 22:42:33.0000004,11.341521
2010-06-20 12:42:37.0000002,11.341772
2015-02-19 11:39:21.0000004,11.347842
2013-12-08 10:41:05.0000002,11.34152
2009-05-15 21:19:13.0000003,11.341765
2011-08-18 08:36:13.0000005,11.341674
2012-12-20 23:43:09.0000004,11.345706
2009-06-13 18:40:13.0000001,11.344819
2009-01-06 07:36:34.0000001,11.34308
2015-04-12 21:56:22.0000003,11.342191
2010-03-21 16:52:58.0000003,11.3426
2013-07-09 21:59:42.0000001,11.347423
2012-06-23 09:43:42.0000002,11.341623
2012-06-23 09:43:42.0000004,11.341697
2013-10-26 10:46:46.0000003,11.348148
2013-09-14 18:51:46.0000001,11.342147
2009-11-23 19:06:14.0000001,11.342142
2010-01-24 14:09:58.0000002,11.342008
2011-12-10 23:39:06.0000003,11.341468
2011-01-15 04:13:38.0000001,11.341947
2011-03-03 21:31:42.0000003,11.341827
2012-08-04 23:34:58.0000003,11.3443775
2015-04-10 11:56:54.0000006,11.341733
2015-05-05 12:32:14.0000008,11.34409
2013-10-13 19:52:54.0000002,11.352791
2015-06-25 01:01:46.0000004,11.343613
2009-05-19 15:44:30.0000002,11.347336
2010-02-06 17:37:10.0000002,11.34169
2013-01-14 18:42:54.0000003,11.342051
2014-01-05 17:47:02.0000001,11.343512
2009-07-28 11:13:10.0000002,11.342121
2012-01-12 18:05:10.0000002,11.345309
2010-12-21 08:46:02.0000006,11.341667
2013-11-24 03:44:46.0000003,11.344369
2013-06-30 03:37:26.0000003,11.343942
2011-05-26 21:36:54.0000004,11.342037
2009-03-11 21:46:54.0000002,11.343382
2012-12-26 17:12:30.0000002,11.343368
2013-04-21 19:50:54.0000001,11.343167
2013-02-06 18:21:18.0000001,11.342606
2013-07-21 11:41:26.0000003,11.343185
2011-09-17 15:41:06.0000004,11.344284
2015-06-21 17:16:10.0000005,11.343084
2015-02-27 19:36:02.00000013,11.34217
2015-06-15 01:00:06.0000001,11.341347
2014-03-08 16:08:26.0000001,11.341398
2014-03-08 16:08:26.0000003,11.34237
2014-09-13 19:05:02.0000002,11.342287
2010-12-04 21:08:38.0000004,11.342096
2010-03-07 00:47:26.0000001,11.34128
2009-12-30 16:54:50.0000001,11.347036
2009-03-11 16:02:14.0000007,11.343409
2010-03-13 01:23:10.0000001,11.341686
2012-05-30 02:28:50.0000002,11.34314
2010-09-04 18:31:42.0000003,11.341706
2009-11-20 23:19:58.0000003,11.3430195
2011-09-22 20:05:22.0000003,11.343929
2009-02-08 00:04:06.0000001,11.347747
2014-05-17 10:51:46.0000003,11.343578
2010-05-06 11:35:26.0000002,11.343257
2011-10-01 00:42:26.0000001,11.342039
2014-12-26 20:19:38.0000001,11.34165
2015-04-22 09:54:06.0000004,11.342986
2009-01-25 21:17:18.0000001,11.34405
2011-08-01 17:44:30.0000003,11.346251
2012-03-25 04:50:39.0000001,11.347513
2012-12-26 18:28:55.0000004,11.342381
2011-07-06 19:56:23.0000005,11.344461
2012-08-19 12:06:39.0000002,11.344049
2015-04-28 20:15:27.0000004,11.341696
2015-04-28 20:15:27.0000007,11.3420725
2014-06-07 12:21:11.0000002,11.347439
2013-12-22 21:24:47.0000001,11.342537
2011-11-23 21:07:43.0000004,11.3426695
2011-08-08 11:18:15.0000001,11.342028
2015-05-20 19:39:11.0000004,11.342487
2015-03-20 16:33:07.0000003,11.349207
2015-04-26 21:44:23.0000002,11.341447
2010-10-09 15:48:51.0000004,11.341205
2012-04-27 22:32:19.0000002,11.342256
2012-10-12 15:21:55.0000002,11.343295
2009-12-26 09:23:19.0000001,11.341916
2014-11-30 15:46:23.0000002,11.341212
2010-06-22 14:25:19.0000007,11.342772
2013-01-03 11:41:47.0000002,11.348658
2015-01-12 17:05:51.0000005,11.3516865
2013-04-07 00:24:27.0000002,11.341843
2010-01-13 08:28:59.0000002,11.341357
2012-06-16 14:33:19.0000001,11.341929
2009-03-25 01:20:55.0000002,11.34367
2010-07-13 07:38:03.0000003,11.345543
2012-11-09 18:17:35.0000004,11.341751
2009-06-21 00:54:23.0000002,11.342796
2009-12-23 20:14:19.0000004,11.342571
2013-11-29 21:36:07.0000003,11.341507
2012-06-09 22:57:15.0000003,11.341884
2010-10-22 20:56:51.0000002,11.342252
2011-02-21 23:46:07.0000002,11.345776
2012-07-30 18:18:19.0000001,11.34717
2010-06-02 19:45:19.0000003,11.342069
2009-05-21 20:50:31.0000003,11.341918
2014-11-11 12:10:59.0000001,11.343433
2012-09-09 23:40:03.0000003,11.343197
2011-04-28 01:29:51.0000001,11.342276
2009-09-28 19:21:59.0000003,11.345111
2012-10-21 19:47:23.0000002,11.344866
2013-06-04 23:58:11.0000006,11.342857
2014-08-08 17:32:47.0000005,11.35479
2011-01-04 10:12:51.0000002,11.343045
2011-10-26 17:48:43.0000006,11.344087
2009-12-19 21:56:15.0000003,11.341399
2010-06-13 19:39:51.0000001,11.341685
2015-02-14 09:08:11.0000001,11.356337
2015-02-14 09:08:11.0000004,11.342406
2013-01-09 02:05:51.0000001,11.34372
2013-06-21 02:39:47.0000002,11.341656
2011-10-07 12:38:19.0000001,11.341884
2013-02-02 16:07:55.0000004,11.344077
2014-04-05 01:52:27.0000004,11.342792
2014-04-05 01:52:27.0000003,11.345416
2010-02-23 20:29:51.0000001,11.341606
2014-07-01 15:15:23.0000003,11.3418
2012-12-01 21:12:12.0000001,11.340975
2014-06-14 13:39:00.00000071,11.341765
2013-11-09 18:52:40.0000001,11.342784
2013-11-09 18:52:40.0000003,11.343577
2014-12-30 20:29:24.0000002,11.34225
2010-05-10 10:37:04.0000004,11.343174
2013-07-12 23:33:24.0000002,11.344783
2009-06-10 16:55:00.000000132,11.34274
2009-06-10 16:55:00.000000163,11.343092
2009-06-10 16:55:00.00000084,11.344663
2009-03-22 04:31:40.0000001,11.345045
2011-06-24 12:03:00.0000009,11.342722
2011-06-24 12:03:00.000000174,11.3477745
2011-06-24 12:03:00.000000158,11.343234
2014-06-15 07:06:00.00000044,11.355318
2015-05-30 21:29:04.0000006,11.34221
2009-09-14 02:19:00.00000037,11.344949
2011-10-02 22:31:44.0000001,11.347494
2011-07-20 16:34:48.0000002,11.342912
2011-06-01 07:37:00.00000012,11.345002
2011-06-01 07:37:00.000000111,11.343528
2011-06-01 07:37:00.00000014,11.342607
2010-08-27 18:45:00.0000002,11.345074
2010-08-27 18:45:00.000000118,11.341894
2010-08-27 18:45:00.000000143,11.34226
2010-08-27 18:45:00.000000233,11.345664
2010-08-27 18:45:00.000000156,11.342302
2010-08-27 18:45:00.000000167,11.34177
2010-08-27 18:45:00.000000168,11.341815
2010-08-27 18:45:00.000000149,11.341857
2010-08-27 18:45:00.00000091,11.341902
2010-08-27 18:45:00.000000126,11.342019
2010-08-27 18:45:00.00000020,11.342929
2010-08-14 02:13:00.000000154,11.342351
2010-08-14 02:13:00.00000098,11.341991
2015-04-16 22:32:48.0000003,11.346305
2014-03-25 23:47:00.00000021,11.34792
2014-03-25 23:47:00.00000084,11.343597
2010-09-29 16:43:00.000000161,11.34259
2010-09-29 16:43:00.00000093,11.348153
2014-10-27 14:58:00.00000088,11.342425
2014-10-27 14:58:00.00000092,11.356127
2014-10-27 14:58:00.00000094,11.342049
2012-11-03 17:11:00.00000013,11.34236
2012-11-03 17:11:00.0000001,11.341769
2012-11-03 17:11:00.000000150,11.342449
2011-05-28 17:29:44.0000002,11.3416605
2013-09-28 00:06:20.0000005,11.342584
2013-09-28 00:06:20.0000003,11.346106
2011-03-11 01:44:00.00000095,11.341407
2011-03-11 01:44:00.00000029,11.342301
2011-10-04 09:37:00.00000080,11.347794
2011-10-04 09:37:00.000000113,11.344248
2011-10-04 09:37:00.000000160,11.3423
2011-10-04 09:37:00.0000006,11.341771
2014-12-24 03:00:00.00000020,11.355594
2009-05-16 23:36:24.0000003,11.341243
2014-04-27 02:57:00.00000064,11.347677
2014-04-27 02:57:00.00000083,11.344167
2014-04-27 02:57:00.00000069,11.345226
2014-04-27 02:57:00.0000007,11.342865
2011-12-13 22:00:00.000000102,11.345696
2011-12-13 22:00:00.000000214,11.341409
2011-12-13 22:00:00.000000128,11.343313
2011-12-13 22:00:00.000000249,11.342361
2011-12-13 22:00:00.00000052,11.344762
2011-12-13 22:00:00.000000168,11.341891
2011-12-13 22:00:00.00000079,11.342899
2011-12-13 22:00:00.00000050,11.342185
2015-04-11 14:16:12.0000005,11.341667
2014-07-21 18:19:00.000000205,11.342023
2014-07-21 18:19:00.00000023,11.34559
2014-07-21 18:19:00.00000046,11.343217
2014-07-21 18:19:00.00000096,11.344354
2014-07-21 18:19:00.000000156,11.347146
2010-09-20 16:48:00.0000002,11.342532
2010-09-20 16:48:00.000000156,11.341703
2010-09-20 16:48:00.00000041,11.342757
2010-09-20 16:48:00.00000083,11.341729
2010-09-20 16:48:00.000000122,11.344513
2011-03-06 21:01:00.00000036,11.342544
2011-03-06 21:01:00.00000019,11.341725
2011-03-06 21:01:00.000000123,11.343451
2011-03-06 21:01:00.000000166,11.34313
2011-03-06 21:01:00.000000140,11.345273
2011-03-06 21:01:00.00000060,11.342315
2012-05-23 16:25:16.0000001,11.355429
2011-04-16 21:23:16.0000003,11.34129
2013-10-05 19:51:04.0000004,11.341652
2012-03-14 19:10:48.0000007,11.342151
2012-01-26 07:33:00.00000064,11.345789
2012-01-26 07:33:00.000000131,11.341794
2012-01-26 07:33:00.00000071,11.341845
2012-01-26 07:33:00.00000028,11.345384
2012-01-26 07:33:00.00000072,11.34241
2010-12-09 07:29:00.00000093,11.343228
2010-12-09 07:29:00.000000123,11.343075
2010-12-09 07:29:00.00000056,11.342226
2014-05-17 02:47:12.0000001,11.342051
2009-01-22 12:27:20.0000001,11.343754
2011-04-23 21:22:20.0000002,11.341526
2012-11-20 21:54:00.00000062,11.342072
2012-11-20 21:54:00.000000207,11.34266
2012-11-20 21:54:00.00000014,11.341502
2012-11-20 21:54:00.000000246,11.346083
2012-11-20 21:54:00.000000164,11.355801
2014-06-23 00:16:00.00000011,11.34541
2014-06-23 00:16:00.00000091,11.342514
2013-09-25 22:00:00.000000144,11.343457
2013-09-25 22:00:00.000000100,11.356109
2013-09-25 22:00:00.000000166,11.3431425
2013-09-25 22:00:00.000000105,11.344554
2013-09-25 22:00:00.00000015,11.342974
2011-07-06 18:07:44.0000002,11.353678
2009-05-16 14:53:41.0000002,11.342999
2013-10-17 22:21:57.0000003,11.343346
2015-03-04 21:42:57.00000011,11.342087
2011-03-22 12:59:49.0000001,11.343855
2013-07-05 00:58:17.0000004,11.344915
2010-01-30 00:57:21.0000001,11.3419895
2012-04-02 08:39:21.0000002,11.344676
2010-07-25 04:03:17.0000001,11.344358
2012-07-01 22:30:29.0000002,11.34565
2014-02-08 17:24:57.0000003,11.344251
2012-06-02 01:16:05.0000003,11.341369
2012-06-02 01:16:05.0000001,11.341102
2014-01-11 06:18:37.0000001,11.341707
2012-12-09 22:30:13.0000005,11.341716
2011-10-01 15:04:57.0000002,11.3417225
2012-01-01 00:37:29.0000004,11.34274
2012-04-14 14:20:33.0000003,11.343841
2010-02-01 20:28:45.0000004,11.342791
2013-08-19 16:21:05.0000001,11.344591
2014-06-05 22:56:05.0000004,11.342018
2013-11-07 22:25:25.0000004,11.345205
2010-06-19 03:06:33.0000001,11.345745
2012-07-18 09:44:53.0000003,11.341982
2009-09-25 21:43:49.0000002,11.342519
2009-09-04 18:43:33.0000001,11.341922
2012-10-20 00:36:37.0000001,11.342407
2014-06-19 22:37:09.0000002,11.349791
2012-12-20 23:43:09.0000001,11.346184
2015-05-23 01:00:22.0000002,11.342499
2012-11-18 14:55:42.0000001,11.3422365
2010-01-24 14:09:58.0000003,11.341848
2014-07-27 11:25:18.0000003,11.34542
2009-03-15 03:31:14.0000004,11.34146
2010-09-24 22:40:06.0000004,11.3418865
2009-04-18 23:09:34.0000001,11.353335
2014-08-26 16:39:54.0000001,11.344132
2009-05-31 20:56:38.0000004,11.341851
2015-05-29 10:02:42.0000002,11.341873
2011-04-17 14:55:58.0000002,11.342195
2011-05-26 21:36:54.0000003,11.3421335
2011-05-26 21:36:54.0000002,11.343164
2013-11-23 16:33:30.0000002,11.34294
2009-06-03 09:11:30.0000001,11.3426695
2010-12-04 21:08:38.0000005,11.342183
2013-09-07 19:43:18.0000003,11.342901
2011-03-10 18:16:14.0000005,11.341726
2011-05-19 02:06:46.0000002,11.342081
2009-08-03 17:06:06.0000002,11.345268
2015-04-14 19:20:46.0000008,11.342018
2011-09-08 13:39:06.0000002,11.342085
2012-03-03 02:30:54.0000003,11.343919
2012-12-27 21:01:54.0000004,11.341388
2012-12-27 21:01:54.0000005,11.343034
2014-06-20 02:16:34.0000002,11.341926
2014-01-14 18:48:06.0000008,11.342609
2011-09-03 00:03:42.0000008,11.342523
2013-07-02 22:27:14.0000004,11.34378
2013-07-02 22:27:14.0000001,11.340975
2015-05-09 11:33:58.0000002,11.342333
2015-03-28 19:31:26.0000003,11.343286
2013-08-08 14:38:43.0000002,11.342531
2009-11-19 22:48:27.0000001,11.3539505
2011-07-06 19:56:23.0000001,11.345009
2015-06-18 20:56:55.0000002,11.34143
2015-02-14 13:15:19.0000002,11.34174
2013-01-12 22:40:39.0000002,11.342411
2013-03-23 15:41:07.0000002,11.347398
2010-01-31 00:33:03.0000006,11.34248
2014-06-09 14:51:39.0000001,11.342033
2015-03-20 16:33:07.0000004,11.343798
2015-01-04 00:28:11.0000004,11.342102
2010-10-04 16:17:03.0000001,11.343281
2011-05-17 07:53:55.0000003,11.34179
2012-12-26 20:55:27.0000001,11.341336
2012-12-26 20:55:27.0000003,11.34139
2011-12-17 16:19:47.0000002,11.343818
2010-02-15 10:14:23.0000001,11.348372
2010-12-11 16:12:35.0000003,11.341575
2011-12-11 11:05:51.0000002,11.3438
2014-06-14 12:32:11.0000001,11.342635
2012-06-09 22:57:15.0000001,11.3422575
2009-05-21 20:50:31.0000004,11.34158
2010-09-22 09:42:31.0000005,11.342235
2014-07-08 10:21:39.0000007,11.345411
2012-09-16 18:14:55.0000002,11.344905
2013-10-05 13:45:39.0000001,11.341653
2014-07-31 10:39:39.0000001,11.343226
2013-02-16 14:26:51.0000001,11.343088
2014-01-04 10:54:59.0000004,11.355171
2015-03-07 15:25:59.0000005,11.342323
2009-04-16 15:57:31.0000003,11.341722
2011-10-23 17:43:43.0000002,11.342452
2014-06-14 13:39:00.000000189,11.342904
2014-06-14 13:39:00.000000153,11.342464
2014-06-14 13:39:00.00000088,11.341445
2014-06-14 13:39:00.000000157,11.343897
2014-06-14 13:39:00.00000046,11.342006
2014-06-14 13:39:00.000000110,11.341889
2014-06-14 13:39:00.000000106,11.352245
2014-06-14 13:39:00.00000019,11.344105
2014-06-14 13:39:00.000000186,11.341751
2014-06-14 13:39:00.00000037,11.34238
2014-06-14 13:39:00.00000057,11.342875
2014-06-14 13:39:00.000000127,11.343217
2014-06-14 13:39:00.0000009,11.34933
2014-06-14 13:39:00.000000173,11.342166
2014-06-14 13:39:00.00000027,11.341575
2014-06-14 13:39:00.000000100,11.34195
2011-10-02 23:36:00.00000060,11.34454
2011-10-02 23:36:00.00000057,11.345488
2011-10-02 23:36:00.00000044,11.341641
2011-10-02 23:36:00.00000087,11.349
2011-10-02 23:36:00.00000084,11.343624
2011-10-02 23:36:00.00000046,11.344529
2011-10-02 23:36:00.0000006,11.342193
2011-10-02 23:36:00.00000033,11.35269
2011-10-02 23:36:00.00000064,11.345957
2011-10-02 23:36:00.00000094,11.341034
2011-10-02 23:36:00.00000049,11.3417845
2011-10-02 23:36:00.00000066,11.342485
2011-10-02 23:36:00.00000080,11.343099
2011-10-02 23:36:00.00000029,11.351341
2011-10-02 23:36:00.00000055,11.341446
2011-10-02 23:36:00.00000079,11.345189
2011-10-02 23:36:00.00000053,11.34379
2009-06-10 16:55:00.00000014,11.342192
2009-06-10 16:55:00.00000052,11.342037
2009-06-10 16:55:00.00000065,11.342349
2009-06-10 16:55:00.000000169,11.343583
2009-06-10 16:55:00.000000172,11.342078
2009-06-10 16:55:00.000000105,11.34156
2009-06-10 16:55:00.00000073,11.341276
2009-06-10 16:55:00.000000157,11.343439
2009-06-10 16:55:00.000000156,11.34195
2009-06-10 16:55:00.000000116,11.342652
2009-06-10 16:55:00.00000022,11.341753
2009-06-10 16:55:00.00000013,11.341929
2009-06-10 16:55:00.000000126,11.341297
2009-06-10 16:55:00.00000023,11.34222
2009-06-10 16:55:00.00000086,11.342004
2009-06-10 16:55:00.00000040,11.343367
2009-06-10 16:55:00.00000058,11.342163
2009-06-10 16:55:00.000000170,11.341715
2009-06-10 16:55:00.00000027,11.3434305
2009-06-10 16:55:00.00000011,11.3442335
2009-06-10 16:55:00.000000129,11.341942
2009-06-10 16:55:00.000000121,11.341517
2009-06-10 16:55:00.00000080,11.3423195
2009-06-10 16:55:00.00000089,11.342535
2009-06-10 16:55:00.000000103,11.341972
2009-06-10 16:55:00.00000051,11.342407
2009-06-10 16:55:00.00000063,11.347117
2009-06-10 16:55:00.000000106,11.3416195
2009-06-10 16:55:00.00000091,11.341892
2009-06-10 16:55:00.00000095,11.3446
2009-06-10 16:55:00.000000137,11.341464
2009-06-10 16:55:00.000000113,11.341429
2009-06-10 16:55:00.000000173,11.341822
2009-06-10 16:55:00.00000077,11.341594
2009-06-10 16:55:00.00000036,11.341741
2011-06-24 12:03:00.000000148,11.3418455
2011-06-24 12:03:00.00000070,11.341645
2011-06-24 12:03:00.000000129,11.342798
2011-06-24 12:03:00.000000130,11.341507
2011-06-24 12:03:00.000000160,11.343361
2011-06-24 12:03:00.000000167,11.347149
2011-06-24 12:03:00.00000059,11.342155
2011-06-24 12:03:00.000000128,11.3423605
2011-06-24 12:03:00.000000112,11.341204
2011-06-24 12:03:00.000000134,11.341688
2011-06-24 12:03:00.00000021,11.344395
2011-06-24 12:03:00.00000039,11.343601
2011-06-24 12:03:00.00000083,11.344418
2011-06-24 12:03:00.00000029,11.34207
2011-06-24 12:03:00.00000037,11.342411
2011-06-24 12:03:00.0000004,11.344141
2011-06-24 12:03:00.000000117,11.348057
2011-06-24 12:03:00.000000147,11.341299
2011-06-24 12:03:00.00000043,11.34218
2011-06-24 12:03:00.000000172,11.342327
2011-06-24 12:03:00.00000011,11.341949
2011-06-24 12:03:00.00000036,11.34131
2011-06-24 12:03:00.00000015,11.341678
2011-06-24 12:03:00.00000065,11.341979
2011-06-24 12:03:00.000000169,11.350655
2011-06-24 12:03:00.000000164,11.343937
2011-06-24 12:03:00.000000163,11.341687
2011-06-24 12:03:00.00000096,11.342116
2011-06-24 12:03:00.00000030,11.343858
2014-06-15 07:06:00.00000018,11.342527
2014-06-15 07:06:00.00000034,11.345895
2014-06-15 07:06:00.00000022,11.355347
2014-06-15 07:06:00.00000012,11.342025
2014-06-15 07:06:00.0000005,11.342778
2014-06-15 07:06:00.00000023,11.341583
2014-06-15 07:06:00.0000001,11.343157
2009-09-14 02:19:00.0000005,11.341485
2009-09-14 02:19:00.00000032,11.341605
2009-09-14 02:19:00.00000015,11.341493
2009-09-14 02:19:00.00000029,11.34206
2009-09-14 02:19:00.00000012,11.341785
2009-09-14 02:19:00.00000019,11.34472
2011-06-01 07:37:00.000000193,11.341617
2011-06-01 07:37:00.000000135,11.341634
2011-06-01 07:37:00.000000124,11.34245
2011-06-01 07:37:00.00000071,11.342607
2011-06-01 07:37:00.000000191,11.345453
2011-06-01 07:37:00.00000073,11.341814
2011-06-01 07:37:00.000000134,11.344397
2011-06-01 07:37:00.000000195,11.3434725
2011-06-01 07:37:00.000000130,11.342873
2011-06-01 07:37:00.00000039,11.342377
2011-06-01 07:37:00.000000188,11.344548
2011-06-01 07:37:00.00000030,11.342672
2011-06-01 07:37:00.00000040,11.344146
2011-06-01 07:37:00.00000011,11.342948
2011-06-01 07:37:00.00000093,11.342303
2011-06-01 07:37:00.000000121,11.355302
2011-06-01 07:37:00.000000224,11.342098
2011-06-01 07:37:00.000000153,11.341276
2011-06-01 07:37:00.00000033,11.341737
2011-06-01 07:37:00.000000213,11.343286
2011-06-01 07:37:00.00000076,11.34161
2011-06-01 07:37:00.00000018,11.342221
2011-06-01 07:37:00.00000021,11.344002
2011-06-01 07:37:00.000000126,11.344401
2011-06-01 07:37:00.000000202,11.341888
2011-06-01 07:37:00.00000035,11.342795
2011-06-01 07:37:00.000000216,11.3439865
2011-06-01 07:37:00.00000067,11.342588
2011-06-01 07:37:00.00000013,11.343326
2011-06-01 07:37:00.00000024,11.342833
2011-06-01 07:37:00.000000148,11.341452
2011-06-01 07:37:00.000000200,11.341721
2011-06-01 07:37:00.00000042,11.3437
2011-06-01 07:37:00.00000066,11.343472
2011-06-01 07:37:00.00000056,11.344214
2011-06-01 07:37:00.00000063,11.345232
2011-06-01 07:37:00.0000009,11.341019
2011-06-01 07:37:00.000000187,11.342204
2011-06-01 07:37:00.000000225,11.341957
2010-08-27 18:45:00.0000009,11.351761
2010-08-27 18:45:00.000000120,11.342079
2010-08-27 18:45:00.00000019,11.342103
2010-08-27 18:45:00.0000001,11.342013
2010-08-27 18:45:00.00000080,11.3412285
2010-08-27 18:45:00.00000082,11.341646
2010-08-27 18:45:00.000000180,11.343345
2010-08-27 18:45:00.00000058,11.3454685
2010-08-27 18:45:00.000000178,11.34756
2010-08-27 18:45:00.000000117,11.342167
2010-08-27 18:45:00.00000079,11.343338
2010-08-27 18:45:00.000000200,11.341411
2010-08-27 18:45:00.000000108,11.342337
2010-08-27 18:45:00.00000098,11.342131
2010-08-27 18:45:00.00000059,11.354656
2010-08-27 18:45:00.000000138,11.3460865
2010-08-27 18:45:00.000000232,11.342397
2010-08-27 18:45:00.00000032,11.347641
2010-08-27 18:45:00.00000047,11.342803
2010-08-27 18:45:00.000000100,11.343187
2010-08-27 18:45:00.000000154,11.342091
2010-08-27 18:45:00.000000211,11.342558
2010-08-27 18:45:00.000000114,11.342177
2010-08-27 18:45:00.00000042,11.341662
2010-08-27 18:45:00.000000104,11.3458185
2010-08-27 18:45:00.000000162,11.342933
2010-08-27 18:45:00.00000095,11.3414
2010-08-27 18:45:00.000000150,11.342807
2010-08-27 18:45:00.00000052,11.344512
2010-08-27 18:45:00.000000225,11.341727
2010-08-27 18:45:00.00000064,11.342598
2010-08-27 18:45:00.000000215,11.340974
2010-08-27 18:45:00.000000206,11.341692
2010-08-27 18:45:00.000000122,11.341821
2010-08-27 18:45:00.000000221,11.343087
2010-08-27 18:45:00.00000027,11.341543
2010-08-27 18:45:00.000000115,11.342163
2010-08-27 18:45:00.000000218,11.342311
2010-08-27 18:45:00.000000212,11.344043
2010-08-27 18:45:00.000000229,11.342206
2010-08-27 18:45:00.000000213,11.342974
2010-08-27 18:45:00.00000099,11.352415
2010-08-27 18:45:00.000000176,11.343861
2010-08-27 18:45:00.000000132,11.345704
2010-08-27 18:45:00.0000007,11.3420725
2010-08-27 18:45:00.000000151,11.347655
2010-08-27 18:45:00.000000137,11.344944
2010-08-27 18:45:00.00000021,11.349818
2010-08-27 18:45:00.000000185,11.341749
2010-08-27 18:45:00.00000041,11.342275
2010-08-14 02:13:00.000000129,11.342948
2010-08-14 02:13:00.0000006,11.344977
2010-08-14 02:13:00.00000045,11.343452
2010-08-14 02:13:00.000000117,11.345846
2010-08-14 02:13:00.00000079,11.344092
2010-08-14 02:13:00.000000112,11.341849
2010-08-14 02:13:00.00000088,11.347187
2010-08-14 02:13:00.0000005,11.342515
2010-08-14 02:13:00.00000016,11.342889
2010-08-14 02:13:00.0000002,11.342645
2010-08-14 02:13:00.00000071,11.350193
2010-08-14 02:13:00.00000019,11.342809
2010-08-14 02:13:00.000000113,11.34155
2010-08-14 02:13:00.000000151,11.342067
2010-08-14 02:13:00.000000104,11.343757
2010-08-14 02:13:00.00000095,11.345093
2010-08-14 02:13:00.00000053,11.342437
2010-08-14 02:13:00.00000046,11.342601
2010-08-14 02:13:00.00000011,11.345491
2010-08-14 02:13:00.000000124,11.3481045
2010-08-14 02:13:00.000000153,11.347457
2010-08-14 02:13:00.00000081,11.355468
2010-08-14 02:13:00.00000062,11.343504
2010-08-14 02:13:00.000000103,11.345125
2010-08-14 02:13:00.000000144,11.342116
2010-08-14 02:13:00.00000082,11.341042
2010-08-14 02:13:00.00000093,11.34174
2010-08-14 02:13:00.00000058,11.3421335
2010-08-14 02:13:00.000000107,11.341788
2010-08-14 02:13:00.000000157,11.342178
2010-08-14 02:13:00.00000013,11.341674
2010-08-14 02:13:00.000000138,11.341223
2010-08-14 02:13:00.000000119,11.344643
2010-08-14 02:13:00.00000065,11.3413315
2010-08-14 02:13:00.00000039,11.341756
2010-08-14 02:13:00.000000118,11.342126
2010-08-14 02:13:00.00000048,11.345729
2010-08-14 02:13:00.00000067,11.344335
2010-08-14 02:13:00.00000096,11.346647
2010-08-14 02:13:00.00000091,11.344653
2010-08-14 02:13:00.000000114,11.342074
2010-08-14 02:13:00.00000023,11.352936
2010-08-14 02:13:00.000000106,11.341964
2014-03-25 23:47:00.000000102,11.3419695
2014-03-25 23:47:00.00000026,11.346875
2014-03-25 23:47:00.00000042,11.34349
2014-03-25 23:47:00.00000051,11.341606
2014-03-25 23:47:00.00000052,11.342306
2014-03-25 23:47:00.00000031,11.3437805
2014-03-25 23:47:00.00000096,11.343106
2014-03-25 23:47:00.000000134,11.341525
2014-03-25 23:47:00.00000019,11.343975
2014-03-25 23:47:00.00000020,11.342367
2014-03-25 23:47:00.000000115,11.348525
2014-03-25 23:47:00.00000035,11.341452
2014-03-25 23:47:00.000000132,11.345305
2014-03-25 23:47:00.00000085,11.347418
2014-03-25 23:47:00.00000064,11.355653
2014-03-25 23:47:00.00000011,11.342436
2014-03-25 23:47:00.000000124,11.3423395
2014-03-25 23:47:00.000000112,11.341987
2014-03-25 23:47:00.000000127,11.345762
2014-03-25 23:47:00.00000028,11.344565
2014-03-25 23:47:00.00000055,11.342403
2014-03-25 23:47:00.00000036,11.342147
2014-03-25 23:47:00.000000135,11.351659
2014-03-25 23:47:00.000000108,11.343181
2014-03-25 23:47:00.00000012,11.343719
2010-09-29 16:43:00.000000162,11.342236
2010-09-29 16:43:00.00000078,11.342536
2010-09-29 16:43:00.00000015,11.342655
2010-09-29 16:43:00.0000001,11.344171
2010-09-29 16:43:00.000000119,11.342328
2010-09-29 16:43:00.000000140,11.34259
2010-09-29 16:43:00.00000041,11.342338
2010-09-29 16:43:00.000000135,11.34435
2010-09-29 16:43:00.000000117,11.341976
2010-09-29 16:43:00.00000059,11.344379
2010-09-29 16:43:00.00000014,11.342407
2010-09-29 16:43:00.00000012,11.344127
2010-09-29 16:43:00.000000170,11.341774
2010-09-29 16:43:00.00000013,11.3423
2010-09-29 16:43:00.000000145,11.342213
2010-09-29 16:43:00.000000174,11.344446
2010-09-29 16:43:00.000000164,11.342146
2010-09-29 16:43:00.00000037,11.344098
2010-09-29 16:43:00.000000159,11.341581
2010-09-29 16:43:00.000000113,11.344148
2010-09-29 16:43:00.00000094,11.341456
2010-09-29 16:43:00.00000011,11.34168
2010-09-29 16:43:00.000000168,11.341343
2010-09-29 16:43:00.000000114,11.354778
2010-09-29 16:43:00.00000019,11.341515
2010-09-29 16:43:00.00000022,11.342387
2010-09-29 16:43:00.00000040,11.342131
2010-09-29 16:43:00.00000016,11.342068
2010-09-29 16:43:00.000000144,11.342093
2010-09-29 16:43:00.00000044,11.342713
2010-09-29 16:43:00.00000062,11.342733
2010-09-29 16:43:00.00000074,11.347429
2010-09-29 16:43:00.00000064,11.345961
2010-09-29 16:43:00.000000110,11.343966
2010-09-29 16:43:00.000000122,11.34234
2010-09-29 16:43:00.000000142,11.341196
2010-09-29 16:43:00.00000080,11.34134
2014-10-27 14:58:00.000000149,11.355604
2014-10-27 14:58:00.000000125,11.343306
2014-10-27 14:58:00.000000130,11.342372
2014-10-27 14:58:00.000000146,11.341813
2014-10-27 14:58:00.00000040,11.341837
2014-10-27 14:58:00.000000136,11.34186
2014-10-27 14:58:00.000000123,11.343004
2014-10-27 14:58:00.000000115,11.341658
2014-10-27 14:58:00.00000046,11.3418045
2014-10-27 14:58:00.0000009,11.355869
2014-10-27 14:58:00.00000059,11.353479
2014-10-27 14:58:00.000000111,11.342046
2014-10-27 14:58:00.00000054,11.355848
2014-10-27 14:58:00.00000024,11.34205
2014-10-27 14:58:00.00000065,11.342679
2014-10-27 14:58:00.00000087,11.343451
2014-10-27 14:58:00.00000099,11.34169
2014-10-27 14:58:00.000000144,11.341592
2014-10-27 14:58:00.00000081,11.341255
2014-10-27 14:58:00.00000056,11.342469
2012-11-03 17:11:00.000000115,11.341969
2012-11-03 17:11:00.00000079,11.342186
2012-11-03 17:11:00.00000081,11.340991
2012-11-03 17:11:00.00000085,11.344716
2012-11-03 17:11:00.000000128,11.341521
2012-11-03 17:11:00.000000160,11.342542
2012-11-03 17:11:00.000000118,11.342192
2012-11-03 17:11:00.00000076,11.342632
2012-11-03 17:11:00.000000114,11.342242
2012-11-03 17:11:00.00000091,11.342228
2012-11-03 17:11:00.00000060,11.342953
2012-11-03 17:11:00.000000155,11.342926
2012-11-03 17:11:00.000000117,11.343184
2012-11-03 17:11:00.000000105,11.341335
2012-11-03 17:11:00.0000007,11.3456545
2012-11-03 17:11:00.00000055,11.342133
2012-11-03 17:11:00.000000103,11.341886
2012-11-03 17:11:00.00000053,11.342335
2011-03-11 01:44:00.00000064,11.340974
2011-03-11 01:44:00.00000016,11.341578
2011-03-11 01:44:00.00000072,11.344284
2011-03-11 01:44:00.00000057,11.341653
2011-03-11 01:44:00.00000040,11.341719
2011-03-11 01:44:00.00000021,11.345562
2011-03-11 01:44:00.00000046,11.342832
2011-03-11 01:44:00.00000034,11.342331
2011-03-11 01:44:00.00000083,11.359932
2011-03-11 01:44:00.00000032,11.343511
2011-03-11 01:44:00.00000075,11.342409
2011-03-11 01:44:00.00000085,11.343057
2011-03-11 01:44:00.00000044,11.342059
2011-03-11 01:44:00.0000005,11.343216
2011-03-11 01:44:00.00000074,11.344989
2011-03-11 01:44:00.00000041,11.343384
2011-03-11 01:44:00.00000042,11.343079
2011-03-11 01:44:00.00000035,11.343583
2011-03-11 01:44:00.00000052,11.341416
2011-10-04 09:37:00.000000194,11.341686
2011-10-04 09:37:00.000000183,11.342089
2011-10-04 09:37:00.000000157,11.347913
2011-10-04 09:37:00.000000176,11.341861
2011-10-04 09:37:00.000000170,11.342616
2011-10-04 09:37:00.00000036,11.342693
2011-10-04 09:37:00.00000017,11.341372
2011-10-04 09:37:00.000000114,11.34555
2011-10-04 09:37:00.000000184,11.343662
2011-10-04 09:37:00.00000047,11.341742
2011-10-04 09:37:00.00000055,11.341896
2011-10-04 09:37:00.00000031,11.342243
2011-10-04 09:37:00.00000049,11.35524
2011-10-04 09:37:00.0000005,11.341575
2011-10-04 09:37:00.00000067,11.34143
2011-10-04 09:37:00.000000134,11.343539
2011-10-04 09:37:00.00000025,11.341895
2011-10-04 09:37:00.000000185,11.341959
2011-10-04 09:37:00.000000180,11.342143
2011-10-04 09:37:00.00000088,11.340974
2011-10-04 09:37:00.000000108,11.342513
2011-10-04 09:37:00.000000107,11.342918
2011-10-04 09:37:00.00000062,11.346842
2011-10-04 09:37:00.00000045,11.341599
2011-10-04 09:37:00.00000028,11.343126
2011-10-04 09:37:00.00000057,11.341902
2011-10-04 09:37:00.00000013,11.342893
2011-10-04 09:37:00.00000056,11.343668
2011-10-04 09:37:00.000000106,11.341685
2011-10-04 09:37:00.000000136,11.342501
2014-12-24 03:00:00.0000005,11.34669
2014-12-24 03:00:00.00000017,11.346348
2014-12-24 03:00:00.00000036,11.344987
2014-12-24 03:00:00.00000033,11.341476
2014-12-24 03:00:00.00000026,11.346333
2014-12-24 03:00:00.00000031,11.345538
2014-12-24 03:00:00.00000015,11.342943
2015-02-12 05:37:56.0000001,11.341492
2014-04-27 02:57:00.000000124,11.344145
2014-04-27 02:57:00.00000017,11.344943
2014-04-27 02:57:00.000000151,11.34172
2014-04-27 02:57:00.000000168,11.341225
2014-04-27 02:57:00.00000039,11.341502
2014-04-27 02:57:00.00000097,11.344241
2014-04-27 02:57:00.00000033,11.341855
2014-04-27 02:57:00.000000129,11.3426285
2014-04-27 02:57:00.000000141,11.342155
2014-04-27 02:57:00.00000074,11.344398
2014-04-27 02:57:00.00000047,11.345458
2014-04-27 02:57:00.00000076,11.3434105
2014-04-27 02:57:00.000000142,11.341783
2014-04-27 02:57:00.000000143,11.345685
2014-04-27 02:57:00.00000090,11.34557
2014-04-27 02:57:00.000000106,11.346453
2014-04-27 02:57:00.000000167,11.345143
2014-04-27 02:57:00.000000145,11.343645
2011-12-13 22:00:00.00000085,11.344698
2011-12-13 22:00:00.000000264,11.342677
2011-12-13 22:00:00.000000138,11.343652
2011-12-13 22:00:00.000000135,11.341933
2011-12-13 22:00:00.000000197,11.341694
2011-12-13 22:00:00.000000143,11.344013
2011-12-13 22:00:00.000000134,11.341577
2011-12-13 22:00:00.00000033,11.343588
2011-12-13 22:00:00.00000058,11.342112
2011-12-13 22:00:00.000000205,11.342628
2011-12-13 22:00:00.000000173,11.343754
2011-12-13 22:00:00.000000248,11.342098
2011-12-13 22:00:00.00000074,11.342031
2011-12-13 22:00:00.00000098,11.341408
2011-12-13 22:00:00.00000095,11.34352
2011-12-13 22:00:00.000000229,11.3474455
2011-12-13 22:00:00.000000186,11.3444
2011-12-13 22:00:00.0000005,11.347847
2011-12-13 22:00:00.000000246,11.345553
2011-12-13 22:00:00.000000180,11.342235
2011-12-13 22:00:00.00000044,11.340975
2011-12-13 22:00:00.000000110,11.342475
2011-12-13 22:00:00.000000231,11.341966
2011-12-13 22:00:00.000000144,11.343379
2011-12-13 22:00:00.00000070,11.352593
2011-12-13 22:00:00.000000116,11.342468
2011-12-13 22:00:00.000000156,11.341971
2011-12-13 22:00:00.000000148,11.342708
2011-12-13 22:00:00.00000072,11.342946
2011-12-13 22:00:00.00000028,11.343803
2011-12-13 22:00:00.00000066,11.343316
2011-12-13 22:00:00.000000121,11.344382
2011-12-13 22:00:00.00000094,11.35306
2011-12-13 22:00:00.000000266,11.34345
2015-04-11 14:16:12.0000004,11.342761
2015-05-10 19:54:00.0000002,11.344014
2014-07-21 18:19:00.00000054,11.342372
2014-07-21 18:19:00.000000230,11.341982
2014-07-21 18:19:00.000000187,11.344768
2014-07-21 18:19:00.000000100,11.342452
2014-07-21 18:19:00.00000071,11.343278
2014-07-21 18:19:00.000000172,11.342661
2014-07-21 18:19:00.00000025,11.340974
2014-07-21 18:19:00.000000191,11.342953
2014-07-21 18:19:00.00000034,11.3428955
2014-07-21 18:19:00.000000176,11.341714
2014-07-21 18:19:00.00000037,11.342051
2014-07-21 18:19:00.000000160,11.341754
2014-07-21 18:19:00.00000077,11.34267
2014-07-21 18:19:00.00000013,11.343054
2014-07-21 18:19:00.000000184,11.342073
2014-07-21 18:19:00.000000232,11.341801
2014-07-21 18:19:00.000000116,11.342653
2014-07-21 18:19:00.00000048,11.3422785
2014-07-21 18:19:00.00000067,11.342686
2014-07-21 18:19:00.00000099,11.341482
2014-07-21 18:19:00.000000223,11.34192
2014-07-21 18:19:00.000000162,11.344056
2014-07-21 18:19:00.00000068,11.342453
2014-07-21 18:19:00.000000144,11.34242
2014-07-21 18:19:00.00000035,11.347642
2014-07-21 18:19:00.00000029,11.34192
2014-07-21 18:19:00.00000032,11.341113
2014-07-21 18:19:00.00000082,11.341557
2014-07-21 18:19:00.000000132,11.341787
2014-07-21 18:19:00.000000152,11.341813
2014-07-21 18:19:00.00000039,11.341851
2014-07-21 18:19:00.000000241,11.341354
2014-07-21 18:19:00.00000088,11.341906
2010-09-20 16:48:00.000000159,11.349649
2010-09-20 16:48:00.0000006,11.342995
2010-09-20 16:48:00.000000166,11.342462
2010-09-20 16:48:00.000000110,11.342223
2010-09-20 16:48:00.000000139,11.3460455
2010-09-20 16:48:00.00000015,11.341225
2010-09-20 16:48:00.00000068,11.344735
2010-09-20 16:48:00.000000158,11.354627
2010-09-20 16:48:00.00000035,11.3444395
2010-09-20 16:48:00.000000148,11.341413
2010-09-20 16:48:00.00000023,11.344918
2010-09-20 16:48:00.00000027,11.342761
2010-09-20 16:48:00.00000092,11.349248
2010-09-20 16:48:00.000000151,11.348228
2010-09-20 16:48:00.00000071,11.342623
2010-09-20 16:48:00.000000132,11.342238
2010-09-20 16:48:00.00000099,11.3453865
2010-09-20 16:48:00.0000001,11.341704
2010-09-20 16:48:00.0000005,11.345686
2011-03-06 21:01:00.00000037,11.341495
2011-03-06 21:01:00.00000028,11.34429
2011-03-06 21:01:00.00000025,11.342191
2011-03-06 21:01:00.000000139,11.342026
2011-03-06 21:01:00.00000083,11.342716
2011-03-06 21:01:00.000000173,11.346434
2011-03-06 21:01:00.00000051,11.346511
2011-03-06 21:01:00.000000116,11.345271
2011-03-06 21:01:00.00000057,11.341836
2011-03-06 21:01:00.000000168,11.342528
2011-03-06 21:01:00.000000138,11.345693
2011-03-06 21:01:00.00000043,11.343349
2011-03-06 21:01:00.000000127,11.341388
2011-03-06 21:01:00.00000096,11.345309
2011-03-06 21:01:00.00000074,11.341155
2011-03-06 21:01:00.000000113,11.342454
2011-03-06 21:01:00.000000120,11.347466
2011-03-06 21:01:00.00000018,11.340974
2011-03-06 21:01:00.00000071,11.342153
2011-03-06 21:01:00.000000137,11.341146
2011-03-06 21:01:00.00000011,11.346466
2011-03-06 21:01:00.000000146,11.3425
2011-03-06 21:01:00.000000149,11.3414545
2011-03-06 21:01:00.00000056,11.34141
2011-03-06 21:01:00.00000052,11.344363
2011-03-06 21:01:00.000000109,11.341641
2012-01-26 07:33:00.000000167,11.342436
2012-01-26 07:33:00.000000114,11.344389
2012-01-26 07:33:00.00000031,11.343253
2012-01-26 07:33:00.000000133,11.346637
2012-01-26 07:33:00.000000180,11.34174
2012-01-26 07:33:00.000000120,11.343419
2012-01-26 07:33:00.000000168,11.342762
2012-01-26 07:33:00.000000122,11.341925
2012-01-26 07:33:00.000000166,11.343563
2012-01-26 07:33:00.000000186,11.342224
2012-01-26 07:33:00.00000068,11.3426285
2012-01-26 07:33:00.00000085,11.34732
2012-01-26 07:33:00.000000103,11.341463
2012-01-26 07:33:00.00000081,11.345749
2012-01-26 07:33:00.00000099,11.343817
2012-01-26 07:33:00.00000051,11.343018
2012-01-26 07:33:00.000000160,11.341335
2012-01-26 07:33:00.00000091,11.341759
2012-01-26 07:33:00.00000089,11.342951
2012-01-26 07:33:00.000000189,11.342251
2010-12-09 07:29:00.0000003,11.342501
2010-12-09 07:29:00.00000078,11.341691
2010-12-09 07:29:00.000000127,11.342218
2010-12-09 07:29:00.00000050,11.342408
2010-12-09 07:29:00.000000135,11.341663
2010-12-09 07:29:00.000000196,11.344222
2010-12-09 07:29:00.000000183,11.342702
2010-12-09 07:29:00.000000152,11.343574
2010-12-09 07:29:00.00000098,11.346786
2010-12-09 07:29:00.00000090,11.343402
2010-12-09 07:29:00.00000025,11.344436
2010-12-09 07:29:00.000000150,11.342384
2010-12-09 07:29:00.00000041,11.341304
2010-12-09 07:29:00.000000143,11.342862
2010-12-09 07:29:00.000000148,11.341668
2010-12-09 07:29:00.000000151,11.341924
2010-12-09 07:29:00.0000007,11.341531
2010-12-09 07:29:00.00000069,11.343286
2010-12-09 07:29:00.00000036,11.341639
2010-12-09 07:29:00.00000046,11.345706
2010-12-09 07:29:00.000000195,11.341998
2010-12-09 07:29:00.000000115,11.345905
2010-12-09 07:29:00.000000134,11.341742
2010-12-09 07:29:00.00000067,11.342716
2010-12-09 07:29:00.000000112,11.342058
2010-12-09 07:29:00.00000015,11.342732
2010-12-09 07:29:00.00000031,11.342786
2010-12-09 07:29:00.000000193,11.342549
2010-12-09 07:29:00.00000012,11.342847
2010-12-09 07:29:00.0000005,11.35539
2010-12-09 07:29:00.00000038,11.343502
2010-12-09 07:29:00.00000097,11.341605
2010-12-09 07:29:00.000000102,11.341554
2010-12-09 07:29:00.00000089,11.34247
2010-12-09 07:29:00.00000068,11.34218
2010-12-09 07:29:00.00000071,11.343505
2010-12-09 07:29:00.000000186,11.342177
2012-05-08 03:50:00.0000009,11.345837
2012-05-08 03:50:00.0000001,11.342091
2012-05-08 03:50:00.00000012,11.34393
2012-05-08 03:50:00.0000006,11.34534
2015-03-12 19:43:24.0000005,11.34153
2015-02-01 00:48:44.0000001,11.348001
2015-02-21 18:39:16.0000005,11.341751
2011-01-24 20:47:04.0000001,11.343352
2010-12-25 13:54:12.0000001,11.345453
2015-04-07 14:31:12.0000001,11.341957
2012-11-20 21:54:00.00000086,11.3451185
2012-11-20 21:54:00.000000150,11.342278
2012-11-20 21:54:00.000000184,11.3422
2012-11-20 21:54:00.00000080,11.346409
2012-11-20 21:54:00.00000021,11.341764
2012-11-20 21:54:00.00000019,11.3422785
2012-11-20 21:54:00.00000087,11.341534
2012-11-20 21:54:00.00000077,11.343903
2012-11-20 21:54:00.000000216,11.342308
2012-11-20 21:54:00.00000010,11.341858
2012-11-20 21:54:00.000000104,11.342434
2012-11-20 21:54:00.00000048,11.341816
2012-11-20 21:54:00.000000221,11.345587
2012-11-20 21:54:00.00000030,11.343119
2012-11-20 21:54:00.00000085,11.341617
2012-11-20 21:54:00.000000133,11.341786
2012-11-20 21:54:00.000000144,11.34251
2012-11-20 21:54:00.00000047,11.341713
2012-11-20 21:54:00.000000229,11.341536
2012-11-20 21:54:00.00000015,11.341831
2012-11-20 21:54:00.000000101,11.34222
2012-11-20 21:54:00.000000238,11.342019
2012-11-20 21:54:00.00000097,11.345509
2012-11-20 21:54:00.00000049,11.341886
2012-11-20 21:54:00.000000209,11.34496
2012-11-20 21:54:00.00000012,11.342733
2012-11-20 21:54:00.000000132,11.342809
2012-11-20 21:54:00.000000197,11.341733
2012-11-20 21:54:00.000000211,11.344255
2012-11-20 21:54:00.00000083,11.342035
2012-11-20 21:54:00.000000127,11.342259
2012-11-20 21:54:00.000000223,11.350719
2012-11-20 21:54:00.000000130,11.343784
2012-11-20 21:54:00.000000149,11.342736
2012-11-20 21:54:00.000000196,11.343024
2012-11-20 21:54:00.00000056,11.341756
2012-11-20 21:54:00.00000026,11.34338
2012-11-20 21:54:00.00000055,11.342388
2012-11-20 21:54:00.000000135,11.349657
2014-06-23 00:16:00.00000023,11.343944
2014-06-23 00:16:00.00000014,11.342347
2014-06-23 00:16:00.00000080,11.342337
2014-06-23 00:16:00.0000003,11.343585
2014-06-23 00:16:00.00000029,11.343756
2014-06-23 00:16:00.00000055,11.348594
2014-06-23 00:16:00.00000050,11.34346
2014-06-23 00:16:00.0000002,11.344422
2014-06-23 00:16:00.00000072,11.34197
2014-06-23 00:16:00.00000020,11.342893
2013-09-25 22:00:00.00000052,11.342945
2013-09-25 22:00:00.000000129,11.341873
2013-09-25 22:00:00.000000226,11.353834
2013-09-25 22:00:00.00000029,11.343682
2013-09-25 22:00:00.000000141,11.341688
2013-09-25 22:00:00.000000206,11.344376
2013-09-25 22:00:00.00000051,11.342227
2013-09-25 22:00:00.000000238,11.342675
2013-09-25 22:00:00.000000251,11.343625
2013-09-25 22:00:00.00000031,11.341869
2013-09-25 22:00:00.000000124,11.342684
2013-09-25 22:00:00.000000102,11.342228
2013-09-25 22:00:00.000000198,11.347041
2013-09-25 22:00:00.000000208,11.341356
2013-09-25 22:00:00.00000087,11.343813
2013-09-25 22:00:00.000000116,11.341392
2013-09-25 22:00:00.00000034,11.343752
2013-09-25 22:00:00.000000104,11.342989
2013-09-25 22:00:00.00000088,11.342199
2013-09-25 22:00:00.000000218,11.346518
2013-09-25 22:00:00.00000065,11.344405
2013-09-25 22:00:00.000000115,11.3434
2013-09-25 22:00:00.00000042,11.343123
2013-09-25 22:00:00.000000234,11.341836
2013-09-25 22:00:00.000000247,11.341462
2013-09-25 22:00:00.000000147,11.344175
2013-09-25 22:00:00.000000248,11.342163
2013-09-25 22:00:00.000000162,11.344082
2013-09-25 22:00:00.000000130,11.343171
2013-09-25 22:00:00.000000174,11.341484
2015-03-04 21:42:57.0000006,11.341641
2015-04-25 01:06:17.0000005,11.344496
2015-02-19 11:39:21.0000001,11.346007
2015-01-29 13:15:50.0000001,11.341515
2015-05-07 15:33:26.0000005,11.341575
2015-02-09 07:16:26.0000005,11.344647
2015-04-16 18:45:22.0000004,11.344662
2015-05-31 20:48:54.0000006,11.351173
2015-05-31 20:48:54.0000003,11.3419285
2015-06-18 20:56:55.0000001,11.345444
2015-02-14 13:15:19.0000005,11.3417845
2015-05-10 12:37:51.0000007,11.342234
2015-05-10 12:37:51.0000005,11.343093
2015-05-20 00:59:15.0000002,11.343981
2015-05-29 18:59:35.0000003,11.342684
2015-02-25 18:00:51.0000008,11.342009
2015-02-08 08:44:03.0000002,11.3420925
2015-05-12 08:31:07.0000003,11.342132
2015-03-16 21:12:19.0000007,11.342639
2014-06-14 13:39:00.000000117,11.341558
2014-06-14 13:39:00.000000187,11.341988
2014-06-14 13:39:00.00000099,11.341953
2014-06-14 13:39:00.000000112,11.345625
2014-06-14 13:39:00.00000039,11.343169
2014-06-14 13:39:00.00000078,11.354387
2014-06-14 13:39:00.00000084,11.341871
2014-06-14 13:39:00.000000166,11.341856
2014-06-14 13:39:00.00000089,11.341168
2014-06-14 13:39:00.00000047,11.342304
2014-06-14 13:39:00.0000001,11.344996
2015-01-31 20:54:04.0000002,11.342939
2011-10-02 23:36:00.0000002,11.342585
2011-10-02 23:36:00.00000051,11.343662
2011-06-24 12:03:00.000000182,11.34221
2011-06-24 12:03:00.000000103,11.342193
2011-06-24 12:03:00.0000003,11.342004
2011-06-01 07:37:00.00000050,11.342349
2010-08-27 18:45:00.000000216,11.341394
2010-08-14 02:13:00.000000135,11.342849
2014-03-25 23:47:00.00000022,11.341665
2014-03-25 23:47:00.000000128,11.344989
2014-03-25 23:47:00.000000105,11.342214
2014-03-25 23:47:00.00000091,11.341538
2014-03-25 23:47:00.00000054,11.342236
2014-03-25 23:47:00.000000129,11.34225
2014-03-25 23:47:00.00000063,11.348144
2014-03-25 23:47:00.00000060,11.341859
2014-03-25 23:47:00.00000075,11.346235
2010-09-29 16:43:00.00000083,11.342055
2014-10-27 14:58:00.000000145,11.348077
2014-10-27 14:58:00.0000007,11.343312
2014-10-27 14:58:00.00000031,11.342842
2014-10-27 14:58:00.000000128,11.345622
2014-10-27 14:58:00.00000097,11.341346
2014-10-27 14:58:00.00000078,11.347015
2014-10-27 14:58:00.000000135,11.342091
2012-11-03 17:11:00.00000044,11.341891
2012-11-03 17:11:00.00000050,11.343433
2012-11-03 17:11:00.00000024,11.342156
2012-11-03 17:11:00.00000072,11.343278
2012-11-03 17:11:00.000000159,11.34236
2012-11-03 17:11:00.000000126,11.341622
2012-11-03 17:11:00.00000090,11.34283
2011-03-11 01:44:00.00000062,11.351212
2015-02-22 09:48:32.0000004,11.345892
2011-10-04 09:37:00.000000102,11.342902
2011-10-04 09:37:00.00000023,11.342384
2014-12-24 03:00:00.0000003,11.34174
2014-12-24 03:00:00.00000014,11.341805
2014-12-24 03:00:00.0000002,11.344108
2014-12-24 03:00:00.00000027,11.344618
2015-04-11 20:31:32.0000004,11.341903
2014-04-27 02:57:00.000000123,11.342252
2014-04-27 02:57:00.00000078,11.341369
2014-04-27 02:57:00.00000075,11.34332
2014-04-27 02:57:00.000000178,11.34172
2014-04-27 02:57:00.0000004,11.342636
2014-04-27 02:57:00.000000166,11.343878
2014-04-27 02:57:00.00000091,11.343972
2014-04-27 02:57:00.000000173,11.342397
2014-04-27 02:57:00.00000066,11.3463335
2014-04-27 02:57:00.000000183,11.341556
2014-04-27 02:57:00.000000179,11.342774
2014-04-27 02:57:00.000000144,11.342276
2014-04-27 02:57:00.00000025,11.34534
2014-04-27 02:57:00.00000052,11.341923
2014-04-27 02:57:00.00000094,11.341686
2014-04-27 02:57:00.000000189,11.345771
2011-12-13 22:00:00.00000040,11.343643
2011-12-13 22:00:00.000000228,11.341982
2011-12-13 22:00:00.000000130,11.3481
2011-12-13 22:00:00.000000141,11.341986
2011-12-13 22:00:00.000000149,11.342355
2011-12-13 22:00:00.000000224,11.341757
2011-12-13 22:00:00.000000154,11.342293
2011-12-13 22:00:00.000000131,11.342596
2011-12-13 22:00:00.0000002,11.342167
2011-12-13 22:00:00.000000221,11.343066
2011-12-13 22:00:00.00000056,11.342109
2011-12-13 22:00:00.000000195,11.342304
2011-12-13 22:00:00.000000191,11.342066
2011-12-13 22:00:00.00000059,11.341688
2015-02-26 15:55:48.0000001,11.344454
2014-07-21 18:19:00.000000197,11.342037
2014-07-21 18:19:00.000000153,11.341179
2014-07-21 18:19:00.000000159,11.3419285
2014-07-21 18:19:00.000000212,11.350733
2014-07-21 18:19:00.00000091,11.34196
2014-07-21 18:19:00.0000002,11.341672
2014-07-21 18:19:00.000000142,11.341
2014-07-21 18:19:00.000000141,11.3439455
2014-07-21 18:19:00.000000149,11.341884
2014-07-21 18:19:00.00000065,11.340974
2014-07-21 18:19:00.00000033,11.341849
2010-09-20 16:48:00.000000146,11.3422985
2010-09-20 16:48:00.00000047,11.344554
2010-09-20 16:48:00.000000129,11.343108
2015-01-26 07:13:44.0000005,11.354599
2011-03-06 21:01:00.00000033,11.342395
2012-01-26 07:33:00.00000090,11.341882
2012-01-26 07:33:00.00000087,11.343326
2012-01-26 07:33:00.00000012,11.343675
2012-01-26 07:33:00.000000171,11.342522
2012-01-26 07:33:00.00000065,11.353931
2012-01-26 07:33:00.00000088,11.34286
2012-01-26 07:33:00.000000119,11.346846
2015-03-20 23:34:40.0000004,11.346248
2010-12-09 07:29:00.0000001,11.342828
2012-05-08 03:50:00.00000013,11.341932
2015-03-12 19:43:24.0000003,11.345504
2012-11-20 21:54:00.00000034,11.342829
2012-11-20 21:54:00.000000170,11.342173
2012-11-20 21:54:00.000000108,11.343147
2012-11-20 21:54:00.00000031,11.343454
2012-11-20 21:54:00.000000171,11.344048
2012-11-20 21:54:00.00000023,11.34217
2012-11-20 21:54:00.00000074,11.341827
2012-11-20 21:54:00.000000122,11.343675
2012-11-20 21:54:00.0000006,11.341995
2012-11-20 21:54:00.000000160,11.343073
2012-11-20 21:54:00.00000042,11.349344
2012-11-20 21:54:00.00000039,11.343019
2012-11-20 21:54:00.00000043,11.343052
2012-11-20 21:54:00.000000219,11.341512
2012-11-20 21:54:00.00000020,11.34175
2012-11-20 21:54:00.000000222,11.341712
2012-11-20 21:54:00.0000005,11.342253
2012-11-20 21:54:00.000000154,11.342597
2014-06-23 00:16:00.00000060,11.345776
2014-06-23 00:16:00.0000008,11.3425665
2014-06-23 00:16:00.00000035,11.348111
2014-06-23 00:16:00.00000052,11.343001
2014-06-23 00:16:00.00000053,11.342333
2013-09-25 22:00:00.00000056,11.346338
2013-09-25 22:00:00.00000083,11.341791
2013-09-25 22:00:00.000000128,11.341751
2013-09-25 22:00:00.00000037,11.3439865
2013-09-25 22:00:00.00000013,11.341683
2013-09-25 22:00:00.000000168,11.3420725
2013-09-25 22:00:00.000000181,11.341936
2013-09-25 22:00:00.00000016,11.343759
2013-09-25 22:00:00.00000063,11.344957
2013-09-25 22:00:00.00000047,11.342204
2013-09-25 22:00:00.000000220,11.344131
2013-09-25 22:00:00.000000163,11.342716
2013-09-25 22:00:00.00000077,11.34355
2013-09-25 22:00:00.00000060,11.351479
2013-09-25 22:00:00.000000213,11.344452
2013-09-25 22:00:00.000000150,11.346098
2013-09-25 22:00:00.00000010,11.342142
2013-09-25 22:00:00.000000146,11.340975
2013-09-25 22:00:00.00000041,11.342626
2013-09-25 22:00:00.000000109,11.3430195
2013-09-25 22:00:00.000000210,11.34511
2013-09-25 22:00:00.000000151,11.343024
2013-09-25 22:00:00.000000190,11.344264
2013-09-25 22:00:00.000000153,11.343128
2013-09-25 22:00:00.000000241,11.347226
2013-09-25 22:00:00.000000127,11.34264
2015-02-20 11:08:29.0000001,11.344504
2015-01-12 15:36:37.0000002,11.34136
2015-06-07 00:38:14.0000002,11.3448715
2015-04-12 21:56:22.0000005,11.342288
2015-04-10 11:56:54.0000004,11.342037
2015-06-25 01:01:46.0000002,11.3436775
2015-05-29 10:02:42.0000001,11.342571
2015-06-30 20:03:50.0000002,11.351459
2015-02-27 19:36:02.0000006,11.347652
2015-06-15 01:00:06.0000002,11.34123
2015-02-03 09:00:58.0000001,11.347869
2015-05-19 13:58:11.0000001,11.342112
2015-05-10 12:37:51.0000002,11.34245
2015-01-12 17:05:51.0000001,11.343246
2015-04-19 20:44:15.0000001,11.3543005
2015-01-31 01:05:19.0000005,11.34677
2015-01-18 14:06:23.0000006,11.341794
