key,fare_amount
2015-01-27 13:08:24.0000002,10.420698834996108
2015-01-27 13:08:24.0000003,11.595449426708825
2011-10-08 11:53:44.0000002,5.48900035500912
2012-12-01 21:12:12.0000002,8.88681773624551
2012-12-01 21:12:12.0000003,14.838257104295407
2012-12-01 21:12:12.0000005,11.139375664364628
2011-10-06 12:10:20.0000001,5.893844338068392
2011-10-06 12:10:20.0000003,50.089334479014795
2011-10-06 12:10:20.0000002,12.417070796392741
2014-02-18 15:22:20.0000002,7.511078790800076
2014-02-18 15:22:20.0000003,9.779076276413239
2014-02-18 15:22:20.0000001,13.5910872503122
2010-03-29 20:20:32.0000002,5.13501974330854
2010-03-29 20:20:32.0000001,7.490021021691044
2011-10-06 03:59:12.0000002,9.636142332268209
2011-10-06 03:59:12.0000001,13.658536502575824
2012-07-15 16:45:04.0000006,5.914654205686284
2012-07-15 16:45:04.0000002,8.01279740442648
2012-07-15 16:45:04.0000003,5.721583434468234
2012-07-15 16:45:04.0000004,5.39436655916136
2014-10-29 02:09:56.0000001,12.054931706906583
2014-06-14 13:39:00.00000010,8.69620229155749
2014-06-14 13:39:00.00000060,8.667653161063624
2014-06-14 13:39:00.00000087,9.202072427191638
2014-06-14 13:39:00.00000050,16.01563884156268
2014-06-14 13:39:00.0000003,8.530740358169574
2014-06-14 13:39:00.000000158,39.15676336176241
2014-06-14 13:39:00.00000015,24.335869397559904
2014-06-14 13:39:00.00000073,7.28187324291782
2014-06-14 13:39:00.00000077,13.991325727530706
2014-06-14 13:39:00.000000145,11.666134788406563
2014-06-14 13:39:00.00000079,8.050673758544342
2014-06-14 13:39:00.000000121,6.879307003429577
2014-06-14 13:39:00.00000021,9.506000467031008
2014-06-14 13:39:00.0000005,8.81008321768259
2014-06-14 13:39:00.000000165,8.720750790559428
2014-06-14 13:39:00.000000184,7.826068422672732
2014-06-14 13:39:00.00000059,7.416670998991066
2014-06-14 13:39:00.00000070,8.405100410796273
2014-06-14 13:39:00.00000068,6.750732028260211
2014-06-14 13:39:00.000000133,18.86718024509082
2014-06-14 13:39:00.000000128,10.096963311492665
2014-06-14 13:39:00.000000136,17.09061756599837
2014-06-14 13:39:00.00000017,10.261150366801624
2014-06-14 13:39:00.000000111,6.855631366587796
2014-06-14 13:39:00.000000115,11.240924532253207
2014-06-14 13:39:00.000000168,7.640858725958224
2014-06-14 13:39:00.00000031,7.625064332953784
2014-06-14 13:39:00.000000116,7.542152473876293
2014-06-14 13:39:00.00000051,6.961473550920839
2014-06-14 13:39:00.000000193,11.520075961709086
2014-06-14 13:39:00.000000132,11.064289310830002
2014-06-14 13:39:00.000000167,18.622343149340857
2014-06-14 13:39:00.00000044,7.2522133386057686
2014-06-14 13:39:00.000000138,7.92494894006844
2014-06-14 13:39:00.00000066,14.402709942842732
2014-06-14 13:39:00.00000063,13.493737551851972
2014-06-14 13:39:00.000000154,11.229054895713116
2014-06-14 13:39:00.00000097,13.241674208913828
2014-06-14 13:39:00.00000067,13.004743319497324
2014-06-14 13:39:00.000000179,10.617575350155619
2014-06-14 13:39:00.00000092,10.33496120558086
2014-06-14 13:39:00.00000029,7.21452933874502
2014-06-14 13:39:00.000000177,7.7044086025978356
2014-06-14 13:39:00.000000192,8.280735026813607
2014-06-14 13:39:00.000000181,7.549164714109453
2014-06-14 13:39:00.000000120,10.526130448942078
2014-06-14 13:39:00.0000008,6.478190996960581
2014-06-14 13:39:00.000000103,6.986553851513124
2014-06-14 13:39:00.00000049,15.637166633716484
2014-06-14 13:39:00.000000108,7.625891127433697
2014-06-14 13:39:00.00000072,6.489045344309593
2014-06-14 13:39:00.000000182,12.431282818952322
2014-06-14 13:39:00.00000061,8.327162083892176
2014-06-14 13:39:00.00000093,10.456184453926273
2014-06-14 13:39:00.000000170,11.078828035439647
2014-06-14 13:39:00.000000147,46.24567106919403
2014-06-14 13:39:00.000000140,6.243143298727933
2014-06-14 13:39:00.000000159,5.934973817443093
2014-06-14 13:39:00.00000012,6.057567708787095
2014-06-14 13:39:00.00000025,7.800284603066526
2014-06-14 13:39:00.000000156,6.969328503082944
2014-06-14 13:39:00.000000152,8.32552343391339
2014-06-14 13:39:00.000000129,10.701954585764378
2014-06-14 13:39:00.000000119,16.143202533223935
2014-06-14 13:39:00.000000118,7.288026281973769
2014-06-14 13:39:00.00000076,6.820889457416891
2014-06-14 13:39:00.000000135,8.274773952680036
2014-06-14 13:39:00.00000023,15.17338568880845
2014-06-14 13:39:00.00000082,10.506383144126007
2014-06-14 13:39:00.000000125,9.80185450419038
2014-06-14 13:39:00.00000075,9.008699344028543
2014-06-14 13:39:00.000000124,8.82085434627441
2014-06-14 13:39:00.000000172,7.720923308556216
2014-06-14 13:39:00.00000024,13.532307492681282
2014-06-14 13:39:00.000000169,12.60848679157899
2014-06-14 13:39:00.00000052,11.388147207516333
2014-06-14 13:39:00.000000161,12.336061599165813
2014-06-14 13:39:00.00000038,7.836490761341254
2014-06-14 13:39:00.00000035,9.640474695601982
2014-06-14 13:39:00.00000053,10.937985279248723
2014-06-14 13:39:00.000000183,8.767507521094487
2014-06-14 13:39:00.000000131,49.80465736380454
2014-06-14 13:39:00.000000180,8.583098728389958
2014-06-14 13:39:00.000000130,6.089217617254004
2014-06-14 13:39:00.00000032,6.412130751717342
2014-06-14 13:39:00.000000148,9.652147700066987
2014-06-14 13:39:00.0000007,10.280436037719616
2014-06-14 13:39:00.00000095,11.118003754811157
2014-06-14 13:39:00.000000144,27.612807335978687
2014-06-14 13:39:00.000000141,34.305058746407724
2014-06-14 13:39:00.000000162,16.815664080975377
2014-06-14 13:39:00.00000018,12.118280650307154
2014-06-14 13:39:00.00000054,10.536365234316692
2014-06-14 13:39:00.00000040,7.7607518133915345
2014-06-14 13:39:00.00000096,8.454291406111565
2014-06-14 13:39:00.00000055,21.760520516184634
2014-06-14 13:39:00.000000109,11.074482747342106
2014-06-14 13:39:00.000000151,8.303451354059955
2014-06-14 13:39:00.00000016,9.961481592785058
2014-06-14 13:39:00.00000062,10.452268006130575
2014-06-14 13:39:00.000000191,5.858041694672114
2014-06-14 13:39:00.00000034,8.478306594855788
2014-06-14 13:39:00.000000160,7.327056100204647
2014-06-14 13:39:00.00000013,7.325187839331244
2014-06-14 13:39:00.000000188,6.967200009965355
2014-06-14 13:39:00.00000086,8.761029031440515
2014-06-14 13:39:00.000000185,11.823077314336887
2014-06-14 13:39:00.00000074,8.343191260416116
2014-06-14 13:39:00.00000022,15.721210033771627
2014-06-14 13:39:00.00000036,6.744710022328718
2014-06-14 13:39:00.000000126,5.603823280038885
2014-06-14 13:39:00.000000190,7.340987893237541
2014-06-14 13:39:00.00000042,8.626116153624976
2014-06-14 13:39:00.000000178,7.970822888590436
2014-06-14 13:39:00.000000163,6.079236292205545
2014-06-14 13:39:00.00000020,11.992733991241991
2014-06-14 13:39:00.00000098,7.018400222894508
2014-06-14 13:39:00.000000114,17.71118154742917
2014-06-14 13:39:00.00000045,8.751077381515586
2014-06-14 13:39:00.00000094,6.404933804818064
2014-06-14 13:39:00.000000146,9.659788170448277
2014-06-14 13:39:00.00000033,9.342345856281952
2014-06-14 13:39:00.000000143,7.486922592706804
2014-06-14 13:39:00.000000107,6.95691725525473
2014-06-14 13:39:00.00000048,10.051340048365926
2014-06-14 13:39:00.00000043,10.892385203794214
2014-06-14 13:39:00.000000123,9.691150470061563
2014-06-14 13:39:00.000000134,7.906448352098922
2014-06-14 13:39:00.000000142,7.486984849286788
2014-06-14 13:39:00.000000122,10.73711826110536
2014-06-14 13:39:00.000000176,9.555954263938785
2011-12-12 09:42:12.0000004,7.339364376965719
2011-12-12 09:42:12.0000002,5.585798708077164
2011-12-12 09:42:12.0000001,11.40949003730216
2011-12-12 09:42:12.0000003,8.41957641856337
2011-12-12 09:42:12.0000005,7.939065341760757
2013-06-27 00:20:40.0000001,22.883382021949892
2013-06-27 00:20:40.0000003,10.446413411669809
2009-02-20 13:34:16.0000001,6.544156017071188
2009-02-20 13:34:16.0000002,12.479591110705263
2009-02-20 13:34:16.0000003,5.569497441146359
2010-08-22 21:14:08.0000001,23.526694726188982
2010-08-22 21:14:08.0000005,15.197073123818642
2010-08-22 21:14:08.0000003,5.417700499795336
2010-08-22 21:14:08.0000002,8.149626064861888
2012-08-06 08:58:08.0000002,5.163081620113827
2012-08-06 08:58:08.0000001,17.273869211855015
2013-11-04 08:34:12.0000003,6.8360669820981395
2013-11-04 08:34:12.0000001,11.631803717409175
2013-11-04 08:34:12.0000002,9.845384853669406
2011-06-24 20:34:48.0000002,9.249147266327036
2011-06-24 20:34:48.0000001,21.262783954858595
2011-03-28 20:38:36.0000003,7.007115235639163
2011-03-28 20:38:36.0000004,5.341094350812418
2011-03-28 20:38:36.0000002,9.515812551056111
2011-08-14 20:36:28.0000004,6.698282029709434
2011-08-14 20:36:28.0000001,7.925496498827695
2011-08-14 20:36:28.0000003,22.963756526405547
2011-08-14 20:36:28.0000002,7.2843450203720375
2015-02-21 15:52:44.0000004,15.854492354307622
2015-02-21 15:52:44.0000003,9.32298894071561
2015-02-21 15:52:44.0000002,16.652451801077135
2015-02-21 15:52:44.0000001,10.990732586877666
2013-01-29 11:29:52.0000001,9.868833646281582
2014-09-12 19:03:48.0000001,10.143024219315375
2013-11-09 18:52:40.0000004,8.571082862435254
2013-11-09 18:52:40.0000002,11.265045192164148
2013-04-25 16:10:04.0000001,49.407012056606504
2013-04-25 16:10:04.0000002,7.742614125966879
2013-09-07 14:37:52.0000001,9.309321024349074
2013-09-07 14:37:52.0000002,8.551281892096652
2013-09-07 14:37:52.0000003,8.124418177327488
2011-05-21 13:16:20.0000004,5.647891117730342
2011-05-21 13:16:20.0000001,5.944266298223562
2011-05-21 13:16:20.0000003,10.196893188697414
2011-11-25 16:36:24.0000002,7.246514410984274
2011-11-25 16:36:24.0000001,11.759040190161393
2015-01-31 20:54:04.0000001,7.568267552449182
2010-11-01 23:31:28.0000002,8.38026216160945
2010-11-01 23:31:28.0000001,9.93971760191361
2010-11-01 23:31:28.0000003,10.299448501485474
2011-03-24 15:57:04.0000003,5.129100346118829
2011-03-24 15:57:04.0000001,7.41173100230189
2010-05-10 10:37:04.0000005,6.250052408475145
2010-05-10 10:37:04.0000002,4.705962621797622
2010-05-10 10:37:04.0000003,8.330110478895433
2010-05-10 10:37:04.0000006,8.770223692090921
2012-06-09 16:53:44.0000002,8.478766450263574
2012-08-22 22:39:20.0000003,17.26059439113763
2012-08-22 22:39:20.0000001,7.658629043531549
2012-12-23 02:29:16.0000001,13.256632875433954
2012-06-30 15:55:12.0000004,10.892492677883649
2012-06-30 15:55:12.0000002,8.21505588320615
2012-06-30 15:55:12.0000003,11.957542728357762
2012-06-30 15:55:12.0000001,7.6297826098778865
2011-10-02 23:36:00.00000056,15.031240787486041
2011-10-02 23:36:00.00000086,16.650938884016153
2011-10-02 23:36:00.00000081,21.225252733717646
2011-10-02 23:36:00.0000009,4.915482376014337
2011-10-02 23:36:00.00000041,12.427939979142627
2011-10-02 23:36:00.00000091,5.560353652724226
2011-10-02 23:36:00.0000008,13.440970702362858
2011-10-02 23:36:00.00000015,25.711651232959266
2011-10-02 23:36:00.00000014,11.147814056157609
2011-10-02 23:36:00.00000047,7.275353186267285
2011-10-02 23:36:00.00000076,8.36516255002999
2011-10-02 23:36:00.00000011,8.920657368856292
2011-10-02 23:36:00.00000075,7.079641838102802
2011-10-02 23:36:00.00000035,8.243096467726135
2011-10-02 23:36:00.00000099,11.80019924346427
2011-10-02 23:36:00.00000062,10.143235324206064
2011-10-02 23:36:00.00000085,10.244403784872125
2011-10-02 23:36:00.00000043,21.244000576023517
2011-10-02 23:36:00.00000071,11.570039184651325
2011-10-02 23:36:00.00000023,7.16121107536146
2011-10-02 23:36:00.00000092,6.605284012637034
2011-10-02 23:36:00.00000037,9.672431155724206
2011-10-02 23:36:00.00000083,10.343942714640585
2011-10-02 23:36:00.00000054,12.922507472295019
2011-10-02 23:36:00.00000073,10.763925774214485
2011-10-02 23:36:00.0000005,7.7534661263180435
2011-10-02 23:36:00.00000095,6.518440842592092
2011-10-02 23:36:00.00000088,8.534593733924924
2011-10-02 23:36:00.00000030,8.936018608549045
2011-10-02 23:36:00.0000007,14.415786714059681
2011-10-02 23:36:00.00000013,10.513347139747966
2011-10-02 23:36:00.00000065,23.971067422815153
2011-10-02 23:36:00.00000089,51.268162387307996
2011-10-02 23:36:00.00000096,9.297067958194063
2011-10-02 23:36:00.00000039,8.518243810270352
2011-10-02 23:36:00.00000038,21.981873198448312
2011-10-02 23:36:00.00000067,20.680568195171254
2011-10-02 23:36:00.00000077,9.582723210204318
2011-10-02 23:36:00.00000020,18.43753257659366
2011-10-02 23:36:00.00000063,19.659814529978973
2011-10-02 23:36:00.00000012,8.605465471448037
2011-10-02 23:36:00.00000058,15.930953930251633
2011-10-02 23:36:00.00000026,10.845007307326984
2011-10-02 23:36:00.00000074,23.946045924451983
2011-10-02 23:36:00.00000059,12.417903083072119
2011-10-02 23:36:00.00000090,14.725941267447357
2011-10-02 23:36:00.0000004,30.426216716741507
2011-10-02 23:36:00.0000003,14.183193312977409
2011-10-02 23:36:00.00000021,17.358836479518395
2011-10-02 23:36:00.00000097,8.103451323324643
2011-10-02 23:36:00.00000036,16.50728975663281
2011-10-02 23:36:00.00000024,22.535092331544163
2011-10-02 23:36:00.00000082,45.910240569751934
2011-10-02 23:36:00.000000100,9.499300381129208
2011-10-02 23:36:00.00000040,5.008474040565719
2011-10-02 23:36:00.00000022,5.515097032775439
2013-03-21 12:47:28.0000006,10.646068874012183
2013-03-21 12:47:28.0000008,10.151191539135112
2013-03-21 12:47:28.0000003,11.717173031804705
2013-03-21 12:47:28.0000005,7.542556720817747
2013-03-21 12:47:28.0000002,7.677697462318644
2013-06-07 03:02:56.0000002,23.12797236773033
2013-06-07 03:02:56.0000001,9.365300427233779
2010-09-05 22:31:32.0000002,7.799345517239757
2013-07-12 23:33:24.0000001,10.713908462959019
2009-12-03 02:32:08.0000001,21.82581014731802
2009-10-15 03:50:36.0000001,6.162649615536241
2011-09-25 22:36:32.0000002,24.052221124634237
2011-09-25 22:36:32.0000001,11.171390539645135
2015-06-08 20:02:56.0000001,12.282387134848593
2014-07-16 08:03:32.0000002,11.649512547562106
2014-07-16 08:03:32.0000001,13.106558417797295
2011-12-15 13:14:32.0000002,9.530667645062719
2011-12-15 13:14:32.0000001,6.703807246914996
2011-10-11 22:13:48.0000002,15.062978182274254
2011-10-11 22:13:48.0000005,9.70857523386456
2011-10-11 22:13:48.0000003,8.986909118839957
2013-09-14 16:53:20.0000001,9.974335120039738
2013-09-14 16:53:20.0000002,9.856072870246768
2014-02-06 09:09:56.0000004,6.728332929138353
2014-02-06 09:09:56.0000003,7.057849392606199
2014-02-06 09:09:56.0000001,7.601443562121122
2009-06-10 16:55:00.00000081,26.525176071469346
2009-06-10 16:55:00.00000029,5.456493282541849
2009-06-10 16:55:00.000000109,7.220433844326424
2009-06-10 16:55:00.00000098,44.61369943055857
2009-06-10 16:55:00.00000054,11.210886026047238
2009-06-10 16:55:00.00000021,31.839729903837863
2009-06-10 16:55:00.00000012,6.873263159816671
2009-06-10 16:55:00.00000033,3.991282653367204
2009-06-10 16:55:00.00000024,8.640542822543322
2009-06-10 16:55:00.00000099,9.085553915563235
2009-06-10 16:55:00.0000009,6.596069174944289
2009-06-10 16:55:00.000000158,5.875034835494249
2009-06-10 16:55:00.000000141,4.981623148242531
2009-06-10 16:55:00.00000093,7.789363404267087
2009-06-10 16:55:00.000000161,8.618897513587315
2009-06-10 16:55:00.00000088,4.800323836561768
2009-06-10 16:55:00.0000003,7.538523225581416
2009-06-10 16:55:00.00000018,4.610685528784123
2009-06-10 16:55:00.00000047,5.398469230744869
2009-06-10 16:55:00.000000154,7.5546929264155755
2009-06-10 16:55:00.000000131,3.7664765504889868
2009-06-10 16:55:00.00000046,11.052280694708825
2009-06-10 16:55:00.0000004,6.067286514457578
2009-06-10 16:55:00.000000107,4.011754220827437
2009-06-10 16:55:00.000000114,7.648099546210199
2009-06-10 16:55:00.000000117,6.789937201325765
2009-06-10 16:55:00.000000162,8.929405410015189
2009-06-10 16:55:00.00000049,10.373522626083144
2009-06-10 16:55:00.00000069,9.26954456115333
2009-06-10 16:55:00.000000111,6.640801945038899
2009-06-10 16:55:00.00000083,3.8129821964478685
2009-06-10 16:55:00.000000166,60.909898715928804
2009-06-10 16:55:00.000000135,8.160936826929921
2009-06-10 16:55:00.00000044,26.098412610536204
2009-06-10 16:55:00.00000085,8.491894990906934
2009-06-10 16:55:00.000000115,5.611285760759791
2009-06-10 16:55:00.000000108,5.016243523550054
2009-06-10 16:55:00.00000034,5.21559273410719
2009-06-10 16:55:00.00000060,16.912875544822676
2009-06-10 16:55:00.000000120,5.005871281139052
2009-06-10 16:55:00.000000174,22.16831752300171
2009-06-10 16:55:00.0000007,5.734908029093477
2009-06-10 16:55:00.000000159,8.701281527226584
2009-06-10 16:55:00.000000171,15.674442908763634
2009-06-10 16:55:00.000000145,10.728842251867931
2009-06-10 16:55:00.00000074,7.1614692099674215
2009-06-10 16:55:00.000000138,10.534585321277104
2009-06-10 16:55:00.00000048,5.640447684890275
2009-06-10 16:55:00.000000101,5.54867227849946
2009-06-10 16:55:00.000000153,4.438762769358847
2009-06-10 16:55:00.0000002,10.9114875023761
2009-06-10 16:55:00.00000037,7.807137511953929
2009-06-10 16:55:00.000000151,9.053642777202297
2009-06-10 16:55:00.000000127,23.08651148681778
2009-06-10 16:55:00.000000144,16.611189864481993
2009-06-10 16:55:00.000000165,11.437973501279195
2009-06-10 16:55:00.0000008,4.88237450771779
2009-06-10 16:55:00.000000122,7.417567666472946
2009-06-10 16:55:00.00000055,24.1880606418557
2009-06-10 16:55:00.00000079,4.309523567450251
2009-06-10 16:55:00.00000016,15.042046835163427
2009-06-10 16:55:00.000000160,16.607645409811738
2009-06-10 16:55:00.000000139,4.22990599915846
2009-06-10 16:55:00.00000075,5.605899001297133
2009-06-10 16:55:00.00000017,6.359965105714939
2009-06-10 16:55:00.00000070,5.911168805426904
2009-06-10 16:55:00.000000118,10.069711002311635
2009-06-10 16:55:00.00000066,10.58560611163205
2009-06-10 16:55:00.000000164,5.10150637106333
2009-06-10 16:55:00.000000100,8.84988533253007
2009-06-10 16:55:00.00000082,6.914761527298536
2009-06-10 16:55:00.00000090,12.360863373052862
2009-06-10 16:55:00.000000125,11.105062516021304
2009-06-10 16:55:00.000000149,6.558278230363539
2009-06-10 16:55:00.00000068,10.221383021813548
2009-06-10 16:55:00.00000039,5.195274481954433
2009-06-10 16:55:00.000000124,4.204518435864442
2009-06-10 16:55:00.00000053,6.152017384169454
2009-06-10 16:55:00.00000045,8.122826419636661
2009-06-10 16:55:00.000000102,4.995718590010238
2009-06-10 16:55:00.000000140,8.560742988148776
2009-06-10 16:55:00.000000148,6.177986605897215
2009-06-10 16:55:00.000000147,5.262826789313165
2009-06-10 16:55:00.00000097,6.687091271102183
2009-06-10 16:55:00.00000094,7.120896637398937
2009-06-10 16:55:00.00000078,7.421140247434092
2009-06-10 16:55:00.00000035,5.8514037882828696
2009-06-10 16:55:00.00000072,5.850497118718037
2009-06-10 16:55:00.00000031,4.848001944494641
2009-06-10 16:55:00.00000056,5.5201826078582
2009-06-10 16:55:00.000000128,16.60254725969091
2009-06-10 16:55:00.00000057,5.601625262726387
2009-06-10 16:55:00.00000030,6.307838490630969
2009-06-10 16:55:00.00000043,8.12540255103367
2009-06-10 16:55:00.000000146,7.417888275133185
2009-06-10 16:55:00.00000010,5.997729016365037
2009-06-10 16:55:00.00000067,12.751010595017963
2009-06-10 16:55:00.000000119,5.679951534486261
2009-06-10 16:55:00.00000076,17.107732132991337
2009-06-10 16:55:00.00000025,6.656496236369085
2009-06-10 16:55:00.00000071,15.781078774254954
2009-06-10 16:55:00.000000143,7.790309050001139
2013-06-26 11:19:36.0000002,5.760096337162272
2014-09-05 10:02:48.0000004,7.359053654712707
2014-09-05 10:02:48.0000002,8.325226521471665
2014-09-05 10:02:48.0000001,26.75703475173159
2014-09-05 10:02:48.0000003,10.444188366231257
2012-09-19 12:31:40.0000001,10.509611853659448
2012-09-19 12:31:40.0000002,6.704622322460496
2009-03-22 04:31:40.0000002,18.8563053145795
2009-08-27 02:31:44.0000001,23.622504113297204
2009-05-02 20:11:32.0000001,9.89260528126855
2009-05-02 20:11:32.0000004,7.75737898294593
2011-02-20 02:31:16.0000002,8.715636807788764
2011-02-20 02:31:16.0000001,21.964445297234278
2011-06-24 12:03:00.00000010,6.173501880777288
2011-06-24 12:03:00.00000067,12.519403352703305
2011-06-24 12:03:00.00000071,11.739637812091125
2011-06-24 12:03:00.000000100,6.1641104348463
2011-06-24 12:03:00.000000145,3.119672584627069
2011-06-24 12:03:00.000000152,8.022001057369579
2011-06-24 12:03:00.00000026,12.410372904990895
2011-06-24 12:03:00.000000199,5.8692608146097385
2011-06-24 12:03:00.000000195,6.0649487274613385
2011-06-24 12:03:00.000000119,6.027433436590471
2011-06-24 12:03:00.00000086,3.8766268297478383
2011-06-24 12:03:00.00000012,6.703582327722054
2011-06-24 12:03:00.00000097,25.445126350938416
2011-06-24 12:03:00.00000058,5.251234677998156
2011-06-24 12:03:00.000000176,4.82602190996526
2011-06-24 12:03:00.000000139,4.4616293071696145
2011-06-24 12:03:00.00000048,8.237699074873248
2011-06-24 12:03:00.000000159,7.848902720045104
2011-06-24 12:03:00.00000079,7.127420147564436
2011-06-24 12:03:00.000000138,7.008675707600267
2011-06-24 12:03:00.000000135,11.61836411313572
2011-06-24 12:03:00.000000173,3.3364909383917425
2011-06-24 12:03:00.000000162,11.988107345941774
2011-06-24 12:03:00.00000018,8.449739008867807
2011-06-24 12:03:00.000000136,6.7875617353885485
2011-06-24 12:03:00.000000185,8.014163245905651
2011-06-24 12:03:00.00000069,5.7377274298230825
2011-06-24 12:03:00.000000105,7.292620364214253
2011-06-24 12:03:00.000000180,6.374203972451178
2011-06-24 12:03:00.00000053,9.742310972418693
2011-06-24 12:03:00.000000142,7.365158421469122
2011-06-24 12:03:00.000000188,9.21166286210607
2011-06-24 12:03:00.00000089,4.382801618973806
2011-06-24 12:03:00.000000109,7.364340848059584
2011-06-24 12:03:00.00000074,7.677785234648482
2011-06-24 12:03:00.000000113,10.468818369619187
2011-06-24 12:03:00.00000044,5.598349970319532
2011-06-24 12:03:00.000000183,5.96553423720173
2011-06-24 12:03:00.00000047,3.877483091471209
2011-06-24 12:03:00.0000006,10.411935555820428
2011-06-24 12:03:00.0000005,7.506162690613342
2011-06-24 12:03:00.000000200,8.371611643730251
2011-06-24 12:03:00.000000127,8.572803412968891
2011-06-24 12:03:00.000000120,9.903745500684542
2011-06-24 12:03:00.000000133,6.199329458902136
2011-06-24 12:03:00.00000073,6.584779673030549
2011-06-24 12:03:00.000000101,5.8759987795905255
2011-06-24 12:03:00.000000187,9.865083798984465
2011-06-24 12:03:00.000000122,9.89546771106405
2011-06-24 12:03:00.000000175,6.836271355847098
2011-06-24 12:03:00.000000154,10.750981296963516
2011-06-24 12:03:00.000000197,8.866640251134456
2011-06-24 12:03:00.00000017,9.269366003121526
2011-06-24 12:03:00.000000186,9.698037147102669
2011-06-24 12:03:00.00000020,9.085070096625435
2011-06-24 12:03:00.00000035,10.32917211075417
2011-06-24 12:03:00.000000193,7.73024402307551
2011-06-24 12:03:00.000000201,7.259000092303804
2011-06-24 12:03:00.00000054,19.72092482270221
2011-06-24 12:03:00.00000075,7.949963254576009
2011-06-24 12:03:00.000000114,8.137402886365816
2011-06-24 12:03:00.00000062,24.073837558821296
2011-06-24 12:03:00.00000055,27.962582080921432
2011-06-24 12:03:00.00000025,7.250037449479961
2011-06-24 12:03:00.00000022,5.819602011778164
2011-06-24 12:03:00.000000144,15.637509151291502
2011-06-24 12:03:00.000000177,5.650571500523721
2011-06-24 12:03:00.000000124,6.6300648334705565
2011-06-24 12:03:00.00000094,5.295742232802382
2011-06-24 12:03:00.00000041,6.714667963323385
2011-06-24 12:03:00.000000141,7.192483017363616
2011-06-24 12:03:00.00000092,9.567666135811143
2011-06-24 12:03:00.000000189,18.22298659140229
2011-06-24 12:03:00.000000171,11.441091277352125
2011-06-24 12:03:00.000000157,7.001361269352119
2011-06-24 12:03:00.000000179,8.186679777872968
2011-06-24 12:03:00.000000107,11.306263560069292
2011-06-24 12:03:00.00000095,15.446845489029563
2011-06-24 12:03:00.00000076,12.277486190197038
2011-06-24 12:03:00.000000156,6.882032790858064
2011-06-24 12:03:00.000000111,26.93556217577037
2011-06-24 12:03:00.000000116,8.66371520928117
2011-06-24 12:03:00.00000033,10.878611369144084
2011-06-24 12:03:00.00000082,4.871602631324544
2011-06-24 12:03:00.00000078,6.524610292896583
2011-06-24 12:03:00.00000051,5.24556165734044
2011-06-24 12:03:00.000000143,10.902135664775521
2011-06-24 12:03:00.000000126,12.496117617253418
2011-06-24 12:03:00.00000088,9.977685264064124
2011-06-24 12:03:00.000000191,17.01913281230108
2011-06-24 12:03:00.00000063,12.581862640393757
2011-06-24 12:03:00.00000045,15.973665420824759
2011-06-24 12:03:00.00000060,8.513594384450057
2011-06-24 12:03:00.00000040,24.62705363875867
2011-06-24 12:03:00.00000057,9.209628271369173
2011-06-24 12:03:00.00000013,6.124471031632077
2011-06-24 12:03:00.00000068,28.641992102079648
2011-06-24 12:03:00.000000165,4.806589467801279
2011-06-24 12:03:00.00000056,6.411158974582944
2011-06-24 12:03:00.000000150,7.787241656382902
2011-06-24 12:03:00.00000052,6.429311146322954
2011-06-24 12:03:00.00000085,46.07603695210173
2011-06-24 12:03:00.000000190,7.843234634917327
2011-06-24 12:03:00.00000072,6.625576297587374
2011-06-24 12:03:00.000000137,5.192422466894561
2011-06-24 12:03:00.000000102,7.13893701000994
2011-06-24 12:03:00.000000106,7.605874234468372
2011-06-24 12:03:00.000000118,4.9514311560915685
2011-06-24 12:03:00.00000046,12.81948860743519
2011-06-24 12:03:00.000000110,11.457821725416675
2011-06-24 12:03:00.000000181,6.701673580064046
2011-06-24 12:03:00.000000194,6.482967275231838
2011-06-24 12:03:00.00000061,4.267171929000112
2011-06-24 12:03:00.0000001,9.794373994522717
2011-06-24 12:03:00.00000087,8.438167863252463
2011-06-24 12:03:00.00000066,6.03629694989765
2011-06-24 12:03:00.000000146,6.5831635552017715
2011-06-24 12:03:00.000000149,47.53769109169605
2011-06-24 12:03:00.00000038,9.750696962409787
2011-06-24 12:03:00.000000196,7.3320283824244905
2011-06-24 12:03:00.00000093,7.926042813810677
2011-06-24 12:03:00.000000170,5.72977476271546
2011-06-24 12:03:00.000000168,8.51546077234382
2011-06-24 12:03:00.0000002,12.483246585024387
2011-06-24 12:03:00.00000042,12.824221774833466
2014-06-15 07:06:00.0000006,6.665790150697211
2014-06-15 07:06:00.00000037,10.521000450126058
2014-06-15 07:06:00.00000025,7.626066184068161
2014-06-15 07:06:00.0000008,11.971739253296503
2014-06-15 07:06:00.00000036,42.72809692115861
2014-06-15 07:06:00.00000042,21.668658137362833
2014-06-15 07:06:00.00000033,7.051435945304026
2014-06-15 07:06:00.00000013,5.2427153273492175
2014-06-15 07:06:00.00000035,51.083219324491836
2014-06-15 07:06:00.00000030,10.814832677920954
2014-06-15 07:06:00.00000024,8.478943889348999
2014-06-15 07:06:00.00000031,11.227376882406137
2014-06-15 07:06:00.0000009,15.006736222310046
2014-06-15 07:06:00.00000039,50.646931369696716
2014-06-15 07:06:00.00000010,6.193387903244307
2014-06-15 07:06:00.00000019,18.193832478284133
2014-06-15 07:06:00.00000041,8.564639067643553
2014-06-15 07:06:00.00000028,16.985812154985005
2014-06-15 07:06:00.00000014,46.25882755689648
2014-06-15 07:06:00.0000003,14.616811280494986
2014-06-15 07:06:00.00000017,49.5663030478142
2014-06-15 07:06:00.00000015,16.836656583395
2014-06-15 07:06:00.00000026,7.370069357914463
2014-06-15 07:06:00.0000002,16.506802687367003
2014-06-15 07:06:00.00000040,6.746499299774591
2014-06-15 07:06:00.00000016,7.390626961278868
2014-06-06 16:22:20.0000003,6.8930400359432
2014-06-06 16:22:20.0000002,8.727285563615272
2015-05-30 21:29:04.0000004,13.721095354743623
2015-05-30 21:29:04.0000007,15.097985107582629
2015-05-30 21:29:04.0000003,11.549107965971025
2015-05-30 21:29:04.0000001,9.071597620515455
2009-10-26 12:01:36.0000001,8.892619484078415
2009-10-26 12:01:36.0000002,7.951552962877055
2009-10-26 12:01:36.0000005,5.342783628610601
2009-10-26 12:01:36.0000003,5.806344467751519
2013-02-02 15:45:08.0000003,7.506234225632816
2013-02-02 15:45:08.0000001,11.106127792097503
2013-02-02 15:45:08.0000002,8.526726069386047
2015-04-15 06:47:04.0000001,10.502263642704783
2015-04-15 06:47:04.0000002,12.948868692908295
2010-12-14 23:27:36.0000001,7.2144930980365185
2009-03-05 11:03:04.0000002,4.269973475513104
2009-03-05 11:03:04.0000001,11.421284533279135
2013-07-18 12:23:40.0000003,6.232137037848796
2013-07-18 12:23:40.0000002,6.300163463013124
2013-07-18 12:23:40.0000001,8.569949095837737
2014-04-14 13:48:32.0000004,9.008919488754167
2014-04-14 13:48:32.0000003,6.350205066646019
2014-08-18 05:33:08.0000001,10.440195890309878
2012-01-28 03:14:28.0000001,36.13470314681142
2009-09-14 02:19:00.00000014,10.692935541318576
2009-09-14 02:19:00.00000035,9.910073405056075
2009-09-14 02:19:00.00000040,7.278639338352298
2009-09-14 02:19:00.00000031,4.546527499774765
2009-09-14 02:19:00.0000003,4.662672912837238
2009-09-14 02:19:00.00000025,8.25964061626733
2009-09-14 02:19:00.0000008,8.081928403713238
2009-09-14 02:19:00.00000024,9.187804821027072
2009-09-14 02:19:00.00000021,14.456678000476028
2009-09-14 02:19:00.00000036,9.704680571199628
2009-09-14 02:19:00.0000009,55.74939055704874
2009-09-14 02:19:00.0000001,9.45341955872619
2009-09-14 02:19:00.00000018,5.335699446644436
2009-09-14 02:19:00.00000039,6.718826507469216
2009-09-14 02:19:00.0000002,11.412343985053866
2009-09-14 02:19:00.00000038,9.684801059867173
2009-09-14 02:19:00.00000020,16.27393975132503
2009-09-14 02:19:00.00000028,6.432412154726361
2009-09-14 02:19:00.00000026,20.686107811819376
2009-09-14 02:19:00.00000017,7.782337766418995
2009-09-14 02:19:00.00000030,7.91606867536877
2009-09-14 02:19:00.00000016,5.231401051353322
2009-09-14 02:19:00.0000006,7.358911280642182
2009-09-14 02:19:00.0000007,7.982094601602274
2011-08-14 14:17:28.0000003,8.20063371382956
2011-08-14 14:17:28.0000001,6.188342313409779
2011-08-14 14:17:28.0000004,7.5193897029065
2011-08-14 14:17:28.0000002,8.440535268135077
2011-08-14 14:17:28.0000005,14.251463663336082
2014-03-17 16:07:56.0000002,49.7795039841413
2010-11-03 21:09:56.0000002,6.671194547108603
2010-11-03 21:09:56.0000001,11.411410664333687
2012-12-11 23:37:08.0000002,10.516620574741811
2012-12-11 23:37:08.0000005,9.238976905067611
2012-12-11 23:37:08.0000004,8.558394661755598
2012-12-11 23:37:08.0000006,9.189916162664096
2012-12-11 23:37:08.0000003,6.408141768926957
2012-12-11 23:37:08.0000001,16.58990386548857
2015-06-24 14:19:52.0000001,12.987691005780604
2015-06-24 14:19:52.0000002,53.27305809372555
2015-06-24 14:19:52.0000004,9.709272249830923
2010-08-21 22:21:32.0000004,13.666002631146617
2011-02-19 10:20:28.0000003,4.173852857510674
2011-02-19 10:20:28.0000002,11.154719010916486
2011-02-19 10:20:28.0000001,7.229732160243643
2011-02-19 10:20:28.0000004,7.851223397382633
2011-10-02 22:31:44.0000004,10.878057698809968
2011-10-02 22:31:44.0000002,20.27358329315986
2011-10-02 22:31:44.0000003,18.60751274755799
2012-01-26 11:17:36.0000002,5.623898100840565
2012-05-06 23:37:24.0000002,26.040762147777226
2012-05-06 23:37:24.0000001,23.39600144452324
2013-06-12 20:03:36.0000001,8.785696696102045
2013-06-12 20:03:36.0000002,48.36698366983104
2015-02-27 14:15:52.0000003,71.70662408878955
2013-12-21 17:20:32.0000001,9.996468756162992
2009-06-29 08:09:40.0000002,7.417740210272735
2009-06-29 08:09:40.0000001,10.38603854096562
2014-09-14 17:22:12.0000002,8.946068425409049
2014-09-14 17:22:12.0000001,10.469068520595924
2014-09-14 17:22:12.0000003,15.297840735116523
2014-09-14 17:22:12.0000005,8.807087008076994
2014-08-20 14:37:56.0000001,13.57558070777311
2011-07-20 16:34:48.0000001,5.379254486958187
2011-07-20 16:34:48.0000003,7.306625750904374
2009-10-05 10:11:32.0000001,6.893241887636289
2009-10-05 10:11:32.0000002,13.612036868687845
2011-02-16 08:44:04.0000001,13.907754331300907
2011-02-16 08:44:04.0000007,8.138605011998859
2011-02-16 08:44:04.0000004,8.63207902938396
2011-02-16 08:44:04.0000003,7.234747506883042
2011-02-16 08:44:04.0000002,5.150121925867699
2011-02-16 08:44:04.0000006,18.050927321466908
2011-02-16 08:44:04.0000005,7.711789643208244
2009-01-01 11:04:24.0000002,4.728665169383252
2014-04-28 19:46:36.0000003,8.511284702528672
2012-11-11 20:35:40.0000001,41.41153926961202
2012-11-11 20:35:40.0000002,4.886898688859957
2011-06-01 07:37:00.000000171,9.779246491825582
2011-06-01 07:37:00.000000199,7.510762682593192
2011-06-01 07:37:00.00000032,6.031054541934164
2011-06-01 07:37:00.000000175,9.493659792931819
2011-06-01 07:37:00.00000095,6.622856268518423
2011-06-01 07:37:00.000000106,6.0142821999934455
2011-06-01 07:37:00.00000090,9.255566062324052
2011-06-01 07:37:00.000000169,14.652458491097484
2011-06-01 07:37:00.0000007,5.736309630083826
2011-06-01 07:37:00.000000151,14.619378282286963
2011-06-01 07:37:00.000000101,6.250356797883602
2011-06-01 07:37:00.00000099,13.164602142374516
2011-06-01 07:37:00.00000084,5.902927455147995
2011-06-01 07:37:00.00000083,5.639934860603318
2011-06-01 07:37:00.00000043,7.4175382786470685
2011-06-01 07:37:00.00000029,6.948399526427637
2011-06-01 07:37:00.000000132,20.04433207494165
2011-06-01 07:37:00.000000208,6.8286576993080415
2011-06-01 07:37:00.000000221,6.031884773376831
2011-06-01 07:37:00.000000131,6.05998447051109
2011-06-01 07:37:00.000000220,8.33448234433728
2011-06-01 07:37:00.000000207,7.09572054468803
2011-06-01 07:37:00.000000205,5.22285271620269
2011-06-01 07:37:00.000000180,7.555316103492027
2011-06-01 07:37:00.000000103,11.648932991409941
2011-06-01 07:37:00.00000098,18.66995333895106
2011-06-01 07:37:00.000000189,8.086720834623044
2011-06-01 07:37:00.000000165,5.773246456345639
2011-06-01 07:37:00.000000184,41.29667004073083
2011-06-01 07:37:00.00000092,7.806875680982786
2011-06-01 07:37:00.00000020,11.155713883634839
2011-06-01 07:37:00.000000105,8.604048987379
2011-06-01 07:37:00.00000088,11.067001446938493
2011-06-01 07:37:00.000000122,8.3924891240647
2011-06-01 07:37:00.000000219,13.09401567975999
2011-06-01 07:37:00.000000222,7.510466449319543
2011-06-01 07:37:00.00000049,8.203471343070143
2011-06-01 07:37:00.000000114,6.444456481148933
2011-06-01 07:37:00.000000181,5.543155691233281
2011-06-01 07:37:00.000000144,59.68226752173807
2011-06-01 07:37:00.000000155,7.374297002610372
2011-06-01 07:37:00.000000118,6.637897274863917
2011-06-01 07:37:00.000000142,6.439453672684085
2011-06-01 07:37:00.000000223,7.514956972645725
2011-06-01 07:37:00.00000057,7.591368701556377
2011-06-01 07:37:00.000000168,5.30317979039655
2011-06-01 07:37:00.000000226,8.638266546271982
2011-06-01 07:37:00.000000177,12.514220069648644
2011-06-01 07:37:00.000000185,30.12784390229565
2011-06-01 07:37:00.000000178,14.60942222132037
2011-06-01 07:37:00.000000140,10.09850645681726
2011-06-01 07:37:00.000000141,11.92077995540905
2011-06-01 07:37:00.00000045,8.783235210009147
2011-06-01 07:37:00.00000086,8.061318276534669
2011-06-01 07:37:00.000000145,6.186811353194278
2011-06-01 07:37:00.00000037,8.989484516668139
2011-06-01 07:37:00.00000094,8.01353330775924
2011-06-01 07:37:00.00000082,6.79248218121705
2011-06-01 07:37:00.000000179,10.117299321143864
2011-06-01 07:37:00.000000197,6.5195095351065
2011-06-01 07:37:00.000000154,13.22978581061879
2011-06-01 07:37:00.00000019,10.45100839193055
2011-06-01 07:37:00.00000075,6.228576367201006
2011-06-01 07:37:00.000000110,12.244290453423236
2011-06-01 07:37:00.00000078,6.940351644484869
2011-06-01 07:37:00.000000146,9.118714700953857
2011-06-01 07:37:00.000000143,9.099341091351071
2011-06-01 07:37:00.000000227,13.89802463256838
2011-06-01 07:37:00.00000070,5.845897893125288
2011-06-01 07:37:00.000000176,7.958219221294937
2011-06-01 07:37:00.000000217,9.030450151783214
2011-06-01 07:37:00.00000026,7.192439871781135
2011-06-01 07:37:00.000000209,6.794776191793654
2011-06-01 07:37:00.000000183,9.689026793002402
2011-06-01 07:37:00.000000210,6.476162410542208
2011-06-01 07:37:00.00000060,10.831740671046722
2011-06-01 07:37:00.000000174,7.498415935173851
2011-06-01 07:37:00.000000203,11.170294977721154
2011-06-01 07:37:00.000000139,7.950970664858158
2011-06-01 07:37:00.000000162,7.90384330620704
2011-06-01 07:37:00.000000125,8.29897342350852
2011-06-01 07:37:00.000000198,10.256450912877115
2011-06-01 07:37:00.00000055,12.71988320897229
2011-06-01 07:37:00.00000016,7.704937349070846
2011-06-01 07:37:00.00000027,8.882572676537702
2011-06-01 07:37:00.00000053,19.03787392961721
2011-06-01 07:37:00.000000201,21.38080840988859
2011-06-01 07:37:00.000000138,6.613135910898153
2011-06-01 07:37:00.00000077,5.626693665294387
2011-06-01 07:37:00.00000022,9.85970406966942
2011-06-01 07:37:00.000000182,11.163907594782609
2011-06-01 07:37:00.000000163,7.851801912172627
2011-06-01 07:37:00.000000204,10.32417436082884
2011-06-01 07:37:00.000000137,9.138680682264392
2011-06-01 07:37:00.000000152,8.181567591098379
2011-06-01 07:37:00.00000048,7.776781294678732
2011-06-01 07:37:00.00000025,8.71217982756525
2011-06-01 07:37:00.000000100,14.825568965311653
2011-06-01 07:37:00.00000015,5.904067711975241
2011-06-01 07:37:00.00000097,16.827626697930253
2011-06-01 07:37:00.000000127,9.527925934845605
2011-06-01 07:37:00.000000170,6.95338692374587
2011-06-01 07:37:00.00000091,14.144337281358137
2011-06-01 07:37:00.000000109,9.072957228312601
2011-06-01 07:37:00.00000028,9.08601542092884
2011-06-01 07:37:00.000000129,21.609800062966258
2011-06-01 07:37:00.000000158,5.6154708334546655
2011-06-01 07:37:00.0000005,5.763251675000248
2011-06-01 07:37:00.00000034,8.779049236964596
2011-06-01 07:37:00.000000107,8.668492535505395
2011-06-01 07:37:00.00000036,7.306140950657112
2011-06-01 07:37:00.00000046,8.997286049509254
2011-06-01 07:37:00.000000108,6.17538470925179
2011-06-01 07:37:00.0000008,7.772273696240834
2011-06-01 07:37:00.000000212,4.612091410647207
2011-06-01 07:37:00.00000068,8.68012930828905
2011-06-01 07:37:00.00000065,6.521207020924567
2011-06-01 07:37:00.000000116,5.939699397509392
2011-06-01 07:37:00.000000196,8.166847053820316
2011-06-01 07:37:00.000000172,10.734066760244252
2011-06-01 07:37:00.00000059,14.761811340234761
2011-06-01 07:37:00.000000167,5.2508536649793065
2011-06-01 07:37:00.00000058,9.43561064089416
2011-06-01 07:37:00.00000061,5.782340555289064
2011-06-01 07:37:00.000000156,15.487801111589985
2011-06-01 07:37:00.000000128,9.454800101709429
2011-06-01 07:37:00.00000079,6.068647529574918
2011-06-01 07:37:00.000000206,8.822831203162448
2011-06-01 07:37:00.00000069,7.403688797459244
2011-06-01 07:37:00.000000190,7.1265320061436865
2011-06-01 07:37:00.000000112,5.088655103706956
2011-06-01 07:37:00.000000104,7.487464129532122
2011-06-01 07:37:00.000000194,6.112160804390157
2011-06-01 07:37:00.0000002,7.106517229203892
2011-06-01 07:37:00.00000044,6.821682669012779
2011-06-01 07:37:00.00000010,8.50480036762849
2011-06-01 07:37:00.000000157,19.28301932160086
2011-06-01 07:37:00.000000147,7.291898577235999
2011-06-01 07:37:00.000000120,6.009516227138662
2011-06-01 07:37:00.000000149,11.627782106417927
2011-06-01 07:37:00.000000119,8.961612435073128
2011-06-01 07:37:00.00000023,6.017861538223068
2011-06-01 07:37:00.00000017,9.199610775098348
2011-06-01 07:37:00.00000038,15.768484008183165
2011-06-01 07:37:00.000000113,9.25144084848328
2011-06-01 07:37:00.000000211,9.36405961465025
2011-06-01 07:37:00.00000051,8.26492735948135
2011-06-01 07:37:00.00000054,7.424918087856415
2011-06-01 07:37:00.000000186,10.794130997411784
2009-02-16 03:13:40.0000001,7.810049930492546
2010-08-27 18:45:00.000000234,4.586892677550177
2010-08-27 18:45:00.00000057,7.135913724493662
2010-08-27 18:45:00.00000039,11.81661086315337
2010-08-27 18:45:00.000000161,8.515718079005692
2010-08-27 18:45:00.000000220,9.224271061054205
2010-08-27 18:45:00.00000028,8.448909214092227
2010-08-27 18:45:00.00000014,14.006690911723101
2010-08-27 18:45:00.000000226,12.17164325227436
2010-08-27 18:45:00.000000175,6.031759175340579
2010-08-27 18:45:00.00000040,19.869905961959113
2010-08-27 18:45:00.000000144,14.766495685198079
2010-08-27 18:45:00.00000085,8.911870795992373
2010-08-27 18:45:00.000000194,7.635149315665543
2010-08-27 18:45:00.00000094,8.151753574593835
2010-08-27 18:45:00.000000141,14.701856519468521
2010-08-27 18:45:00.00000067,4.605350748794255
2010-08-27 18:45:00.000000231,6.238706384123793
2010-08-27 18:45:00.000000214,12.758094394812247
2010-08-27 18:45:00.00000037,15.265807645987673
2010-08-27 18:45:00.000000165,5.3027411330564105
2010-08-27 18:45:00.000000158,13.059307232522048
2010-08-27 18:45:00.000000217,8.084768259089332
2010-08-27 18:45:00.00000090,14.699549846231637
2010-08-27 18:45:00.000000142,9.268492501061871
2010-08-27 18:45:00.0000004,6.828689901850392
2010-08-27 18:45:00.00000070,5.417998472423424
2010-08-27 18:45:00.000000202,7.68814667326725
2010-08-27 18:45:00.000000177,7.602478367273792
2010-08-27 18:45:00.00000084,12.008120954252288
2010-08-27 18:45:00.000000209,10.07957867023319
2010-08-27 18:45:00.000000184,34.73907059871844
2010-08-27 18:45:00.000000173,7.796819510127701
2010-08-27 18:45:00.00000029,6.238839963904871
2010-08-27 18:45:00.00000025,6.377843340317851
2010-08-27 18:45:00.00000012,5.870596989133714
2010-08-27 18:45:00.00000010,5.446043648002207
2010-08-27 18:45:00.000000136,7.780089652777314
2010-08-27 18:45:00.00000073,10.640986605432598
2010-08-27 18:45:00.000000124,7.2584185960251215
2010-08-27 18:45:00.000000125,5.816468096614106
2010-08-27 18:45:00.000000169,5.382289331576359
2010-08-27 18:45:00.000000208,4.94722482795113
2010-08-27 18:45:00.000000152,6.060213293787697
2010-08-27 18:45:00.000000196,4.697414448534313
2010-08-27 18:45:00.0000005,11.171361066310084
2010-08-27 18:45:00.00000077,6.260473920548755
2010-08-27 18:45:00.000000123,10.04432442897423
2010-08-27 18:45:00.00000046,10.455240899863083
2010-08-27 18:45:00.00000033,7.035926676832738
2010-08-27 18:45:00.000000166,10.50767060370538
2010-08-27 18:45:00.000000190,5.934857280473327
2010-08-27 18:45:00.00000043,7.560337937125381
2010-08-27 18:45:00.00000081,6.327415833209017
2010-08-27 18:45:00.00000034,8.884557837196775
2010-08-27 18:45:00.00000089,17.120606985072193
2010-08-27 18:45:00.000000189,5.897612183965954
2010-08-27 18:45:00.00000078,7.468449569488881
2010-08-27 18:45:00.00000053,9.293705933313428
2010-08-27 18:45:00.000000188,7.720007661816448
2010-08-27 18:45:00.00000071,7.850769395489299
2010-08-27 18:45:00.00000097,16.158846820994732
2010-08-27 18:45:00.00000031,6.88725520514782
2010-08-27 18:45:00.000000101,11.97277758503527
2010-08-27 18:45:00.000000140,6.216617520378372
2010-08-27 18:45:00.00000054,24.252778858551036
2010-08-27 18:45:00.0000006,9.552212394192622
2010-08-27 18:45:00.00000011,8.567789308460197
2010-08-27 18:45:00.00000055,7.009592604501462
2010-08-27 18:45:00.000000160,10.610765183045078
2010-08-27 18:45:00.00000024,10.39337020358742
2010-08-27 18:45:00.000000106,5.943322535435998
2010-08-27 18:45:00.000000131,6.74333721062498
2010-08-27 18:45:00.00000087,11.321306019285124
2010-08-27 18:45:00.000000110,10.403800997281312
2010-08-27 18:45:00.000000197,12.186248782387334
2010-08-27 18:45:00.00000066,8.524732880336979
2010-08-27 18:45:00.000000205,9.908088107545044
2010-08-27 18:45:00.00000086,6.164757646528306
2010-08-27 18:45:00.000000207,7.363218359773789
2010-08-27 18:45:00.00000068,14.39443133213509
2010-08-27 18:45:00.00000050,6.094570779910297
2010-08-27 18:45:00.00000045,27.868216465194365
2010-08-27 18:45:00.00000093,4.547046769874649
2010-08-27 18:45:00.00000061,10.249266355829874
2010-08-27 18:45:00.00000022,5.910385691978486
2010-08-27 18:45:00.00000018,5.680258069292948
2010-08-27 18:45:00.000000192,9.369361927551628
2010-08-27 18:45:00.000000148,4.996137371821689
2010-08-27 18:45:00.000000195,5.413693559129585
2010-08-27 18:45:00.000000155,5.176348480956649
2010-08-27 18:45:00.000000129,8.882290338168703
2010-08-27 18:45:00.000000133,4.86598009966861
2010-08-27 18:45:00.00000063,11.59748391113331
2010-08-27 18:45:00.00000076,6.249266692284657
2010-08-27 18:45:00.000000204,15.067967458458002
2010-08-27 18:45:00.000000179,4.8761355504483355
2010-08-27 18:45:00.000000219,16.48820562374063
2010-08-27 18:45:00.000000107,6.700639982704032
2010-08-27 18:45:00.000000153,8.994929430524648
2010-08-27 18:45:00.00000026,11.26479896271607
2010-08-27 18:45:00.000000198,7.53766605658671
2010-08-27 18:45:00.00000016,10.630114102241555
2010-08-27 18:45:00.00000060,7.33546007998644
2010-08-27 18:45:00.00000017,24.78009801739372
2010-08-27 18:45:00.000000109,13.217851655945532
2010-08-27 18:45:00.000000227,10.421355212774621
2010-08-27 18:45:00.000000181,6.243775372475421
2010-08-27 18:45:00.000000191,7.107081083513812
2010-08-27 18:45:00.000000228,6.9427192244235485
2010-08-27 18:45:00.00000069,12.071113185674129
2010-08-27 18:45:00.000000113,8.451382152301019
2010-08-27 18:45:00.00000049,9.003741329155623
2010-08-27 18:45:00.000000103,5.967518288786241
2010-08-27 18:45:00.0000003,6.103352767159766
2010-08-27 18:45:00.0000008,7.818844107127465
2010-08-27 18:45:00.000000134,6.397950185824264
2010-08-27 18:45:00.000000183,27.10613592162222
2010-08-27 18:45:00.00000013,13.736974872484765
2010-08-27 18:45:00.000000235,6.0569652522108495
2010-08-27 18:45:00.00000038,9.18636850483365
2010-08-27 18:45:00.00000030,16.34533067828404
2010-08-27 18:45:00.000000203,9.670037981350978
2010-08-27 18:45:00.000000182,10.606493992354038
2010-08-27 18:45:00.000000230,8.16658750342757
2010-08-27 18:45:00.00000065,7.782852580196117
2011-02-12 00:43:24.0000003,10.328622764593248
2011-02-12 00:43:24.0000001,3.1912054858471883
2014-05-07 06:50:20.0000002,8.110375963004921
2014-05-07 06:50:20.0000001,8.12904298495766
2014-05-07 06:50:20.0000003,9.581026457137323
2011-04-27 20:59:24.0000002,9.440214650457433
2011-04-27 20:59:24.0000003,11.963003205624272
2011-04-27 20:59:24.0000004,6.387843395464417
2011-04-27 20:59:24.0000001,7.938876418965628
2011-04-27 20:59:24.0000005,7.661684218789141
2010-08-14 02:13:00.00000069,7.512748698904849
2010-08-14 02:13:00.00000049,7.767157039607704
2010-08-14 02:13:00.00000059,5.895810691096914
2010-08-14 02:13:00.00000075,17.876719500561926
2010-08-14 02:13:00.00000020,6.275361375339118
2010-08-14 02:13:00.000000102,16.442571918091254
2010-08-14 02:13:00.00000060,5.210282320806021
2010-08-14 02:13:00.00000033,17.36444910574199
2010-08-14 02:13:00.000000166,12.456922127145313
2010-08-14 02:13:00.000000111,7.249268470030158
2010-08-14 02:13:00.00000056,10.077967912928498
2010-08-14 02:13:00.00000044,6.574817706058209
2010-08-14 02:13:00.000000132,5.8390891112125
2010-08-14 02:13:00.00000073,5.622116194158206
2010-08-14 02:13:00.00000043,7.271221883535141
2010-08-14 02:13:00.00000085,12.047408728735792
2010-08-14 02:13:00.000000108,21.516662942086867
2010-08-14 02:13:00.00000028,16.46809115483399
2010-08-14 02:13:00.00000076,6.051916714043482
2010-08-14 02:13:00.00000066,33.43312413400977
2010-08-14 02:13:00.00000080,23.372968859115417
2010-08-14 02:13:00.000000149,11.247839534308403
2010-08-14 02:13:00.00000054,9.944180013038915
2010-08-14 02:13:00.000000130,11.85430442873311
2010-08-14 02:13:00.00000032,3.794532679279035
2010-08-14 02:13:00.000000158,6.24546245991994
2010-08-14 02:13:00.000000171,13.678493493938207
2010-08-14 02:13:00.00000092,6.150085406897228
2010-08-14 02:13:00.000000155,8.98438934315975
2010-08-14 02:13:00.000000116,3.8250847778626014
2010-08-14 02:13:00.000000109,12.683928619326062
2010-08-14 02:13:00.00000030,7.046754179247136
2010-08-14 02:13:00.00000015,13.897787370664634
2010-08-14 02:13:00.000000133,7.9678089364150875
2010-08-14 02:13:00.00000072,8.748968908819997
2010-08-14 02:13:00.00000052,11.666546402491882
2010-08-14 02:13:00.000000170,14.967719519870375
2010-08-14 02:13:00.0000007,10.126536054184983
2010-08-14 02:13:00.000000165,9.742470451449403
2010-08-14 02:13:00.00000026,11.445504965782579
2010-08-14 02:13:00.000000148,6.062203581974735
2010-08-14 02:13:00.00000034,9.987230702181177
2010-08-14 02:13:00.00000022,26.938016518992185
2010-08-14 02:13:00.000000100,5.134611579896344
2010-08-14 02:13:00.000000160,5.8008490873969905
2010-08-14 02:13:00.0000009,16.12141904848781
2010-08-14 02:13:00.00000038,10.452264503440666
2010-08-14 02:13:00.0000001,8.692939006740687
2010-08-14 02:13:00.00000078,7.288583032135365
2010-08-14 02:13:00.000000134,8.23844789562506
2010-08-14 02:13:00.00000077,20.692973819102782
2010-08-14 02:13:00.000000168,6.651835918488182
2010-08-14 02:13:00.000000161,8.815764440284386
2010-08-14 02:13:00.000000122,6.427145094596858
2010-08-14 02:13:00.00000035,5.825553991218413
2010-08-14 02:13:00.000000110,6.293713209394088
2010-08-14 02:13:00.000000146,10.846481251063885
2010-08-14 02:13:00.00000010,14.737989756558939
2010-08-14 02:13:00.000000141,4.91935539991451
2010-08-14 02:13:00.00000087,20.27265916753101
2010-08-14 02:13:00.000000137,6.108094652538013
2010-08-14 02:13:00.00000064,7.235223744844373
2010-08-14 02:13:00.00000084,8.08270517874693
2010-08-14 02:13:00.000000139,19.265372143856794
2010-08-14 02:13:00.00000089,36.019284515988495
2010-08-14 02:13:00.000000140,46.30410684131998
2010-08-14 02:13:00.00000012,9.059669520058986
2010-08-14 02:13:00.00000025,5.614645864831621
2010-08-14 02:13:00.00000070,4.584355218331418
2010-08-14 02:13:00.0000004,11.931857127211472
2010-08-14 02:13:00.00000090,10.589489525049832
2010-08-14 02:13:00.000000101,14.778341275519411
2010-08-14 02:13:00.00000017,5.678844606246447
2010-08-14 02:13:00.00000055,6.622563154704473
2010-08-14 02:13:00.00000014,9.917315558529001
2010-08-14 02:13:00.000000142,16.935235261081132
2010-08-14 02:13:00.00000021,15.608390802483726
2010-08-14 02:13:00.00000047,14.614116081842589
2010-08-14 02:13:00.00000083,4.475626901026416
2010-08-14 02:13:00.000000162,7.544784313734385
2015-04-16 22:32:48.0000006,11.736223577487108
2015-04-16 22:32:48.0000001,8.757680406881427
2015-04-16 22:32:48.0000004,8.264729721593243
2015-04-16 22:32:48.0000002,13.731282286141996
2015-04-16 22:32:48.0000005,10.320298915951353
2013-03-15 11:57:04.0000002,7.316618719234644
2013-03-15 11:57:04.0000001,8.06258461962539
2014-11-16 08:47:12.0000002,12.742064091796426
2014-11-16 08:47:12.0000001,8.02770358975998
2013-02-20 16:10:28.0000001,6.691900524453242
2011-07-03 00:36:04.0000001,6.0831465351570655
2014-03-25 23:47:00.00000074,8.916077370932857
2014-03-25 23:47:00.00000088,11.342217105993162
2014-03-25 23:47:00.000000100,8.378866947720217
2014-03-25 23:47:00.00000094,7.096706322607897
2014-03-25 23:47:00.00000059,12.52848132221748
2014-03-25 23:47:00.00000066,9.67971509740477
2014-03-25 23:47:00.00000016,7.039686428754846
2014-03-25 23:47:00.0000003,15.905601053754435
2014-03-25 23:47:00.00000080,6.881047399440576
2014-03-25 23:47:00.00000048,42.52007804181994
2014-03-25 23:47:00.00000058,11.527475709826941
2014-03-25 23:47:00.00000070,24.592921299484352
2014-03-25 23:47:00.00000046,15.974079089292875
2014-03-25 23:47:00.00000053,7.405943543732412
2014-03-25 23:47:00.00000029,8.581508288385564
2014-03-25 23:47:00.00000087,11.337866795145077
2014-03-25 23:47:00.000000126,9.662956368287265
2014-03-25 23:47:00.00000024,11.417130454106957
2014-03-25 23:47:00.0000007,13.849151066002847
2014-03-25 23:47:00.00000071,17.09608834255244
2014-03-25 23:47:00.0000008,11.472691093671745
2014-03-25 23:47:00.00000049,20.18632581733111
2014-03-25 23:47:00.00000090,22.746981586258254
2014-03-25 23:47:00.00000089,21.00343534673076
2014-03-25 23:47:00.000000117,7.792896225519364
2014-03-25 23:47:00.00000043,11.203603169502564
2014-03-25 23:47:00.00000032,9.153098867145172
2014-03-25 23:47:00.00000081,8.046673766762513
2014-03-25 23:47:00.00000023,8.527258802125706
2014-03-25 23:47:00.00000099,30.419522554075474
2014-03-25 23:47:00.00000077,8.45927722947252
2014-03-25 23:47:00.00000065,8.664038806951709
2014-03-25 23:47:00.000000111,13.55715296681447
2014-03-25 23:47:00.000000118,24.11387536077161
2014-03-25 23:47:00.00000038,10.920829326351136
2014-03-25 23:47:00.000000110,7.896534264063111
2014-03-25 23:47:00.00000014,14.22020877769065
2014-03-25 23:47:00.00000086,36.65983783175467
2014-03-25 23:47:00.00000097,9.253055130724187
2014-03-25 23:47:00.00000092,20.178603427218977
2014-03-25 23:47:00.000000140,10.688191926752433
2014-03-25 23:47:00.000000123,22.36568559683263
2014-03-25 23:47:00.000000131,7.935234794129703
2014-03-25 23:47:00.00000033,13.960239067681783
2014-03-25 23:47:00.00000015,8.041617941676716
2014-03-25 23:47:00.000000125,22.740989563370007
2014-03-25 23:47:00.00000061,19.958485172976303
2014-03-25 23:47:00.00000027,13.593266979365463
2014-03-25 23:47:00.000000101,25.38204736820993
2014-03-25 23:47:00.000000136,9.38142039144899
2014-03-25 23:47:00.000000133,8.761933561471137
2014-03-25 23:47:00.0000006,28.81841021270066
2014-03-25 23:47:00.00000047,11.442741655833672
2014-03-25 23:47:00.00000056,10.438204842938184
2014-03-25 23:47:00.0000001,6.756319406905751
2014-03-25 23:47:00.00000045,8.142702194989052
2014-03-25 23:47:00.00000073,8.61099835106048
2014-03-25 23:47:00.00000030,18.59507092665477
2014-03-25 23:47:00.00000010,26.89744172330588
2014-03-25 23:47:00.00000072,13.107144751675289
2014-03-25 23:47:00.0000009,17.931668082302544
2014-03-25 23:47:00.00000082,10.807497145369384
2014-03-25 23:47:00.00000017,7.997764530629373
2014-03-25 23:47:00.00000050,10.628136412315936
2014-03-25 23:47:00.000000121,10.321525719954113
2014-03-25 23:47:00.000000109,19.884414672391742
2014-03-25 23:47:00.00000018,6.444927035525661
2014-03-25 23:47:00.00000078,8.729011011316782
2014-03-25 23:47:00.00000025,6.715005712819485
2014-03-25 23:47:00.00000044,7.915213277870632
2014-03-25 23:47:00.0000005,7.314939983757683
2014-03-25 23:47:00.00000062,8.733660174086195
2014-03-25 23:47:00.000000130,40.14817268873473
2014-03-25 23:47:00.00000037,10.33772664078114
2014-03-25 23:47:00.000000114,13.25193868337235
2014-03-25 23:47:00.0000002,23.49899381094339
2014-03-25 23:47:00.000000103,22.541092097116476
2014-03-25 23:47:00.000000106,13.579195799457306
2014-03-25 23:47:00.00000095,9.97451024872949
2014-03-25 23:47:00.000000113,25.27447648630633
2014-03-25 23:47:00.0000004,17.46410313817163
2014-03-25 23:47:00.00000041,17.98529376888645
2014-03-25 23:47:00.00000079,16.97187711748578
2011-06-21 13:19:20.0000001,8.733555061850728
2011-06-21 13:19:20.0000003,7.226299323944954
2011-06-21 13:19:20.0000002,11.249255830134507
2013-01-02 20:53:44.0000001,7.384404561573188
2013-01-02 20:53:44.0000002,7.911622170879334
2009-10-07 08:16:24.0000001,10.60339440308898
2012-08-25 22:18:36.0000003,13.917887855190065
2012-08-25 22:18:36.0000004,10.735393136536972
2012-08-25 22:18:36.0000001,9.153686305450373
2012-08-25 22:18:36.0000002,9.977222439299645
2015-06-05 08:38:56.0000005,9.029859931798136
2015-06-05 08:38:56.0000007,11.133818158372044
2015-06-05 08:38:56.0000006,8.794373516965342
2015-06-05 08:38:56.0000004,28.575053394656003
2015-06-05 08:38:56.0000001,28.53539736307637
2015-06-05 08:38:56.0000002,14.804729146366839
2013-02-26 11:10:24.0000002,8.936859626248989
2013-02-26 11:10:24.0000001,28.805600911754166
2014-04-29 00:02:40.0000001,9.494029376489062
2014-04-29 00:02:40.0000002,15.667206529002083
2014-04-29 00:02:40.0000003,14.124362359164685
2010-08-06 20:27:12.0000002,13.93294559216526
2010-08-06 20:27:12.0000005,9.834962683901521
2010-08-06 20:27:12.0000004,5.463617009771635
2010-08-06 20:27:12.0000001,11.040063827376905
2012-06-07 00:25:40.0000001,9.530970621603759
2012-06-07 00:25:40.0000002,18.92168543993177
2011-09-24 07:42:32.0000001,7.360347547752474
2011-09-28 10:58:48.0000002,8.179159880212046
2011-09-28 10:58:48.0000001,7.539946103600835
2011-09-28 10:58:48.0000005,6.37386013643119
2011-09-28 10:58:48.0000004,13.428753046337443
2011-09-28 10:58:48.0000003,19.18436556437898
2011-09-28 10:58:48.0000006,11.363837776200672
2009-11-01 05:04:12.0000001,9.119566885620362
2009-11-01 05:04:12.0000002,12.734590114501945
2014-04-23 22:54:12.0000002,8.123011167337655
2014-04-23 22:54:12.0000001,25.674896297436227
2014-04-23 22:54:12.0000004,31.56949220402853
2014-04-23 22:54:12.0000003,11.8240872894174
2014-04-23 22:54:12.0000005,7.735826478671499
2014-04-23 22:54:12.0000006,14.179414214282634
2012-02-28 19:18:44.0000001,6.897554149787597
2012-02-28 19:18:44.0000002,10.864210366238039
2010-09-29 16:43:00.0000003,46.85012827634722
2010-09-29 16:43:00.000000143,5.879473700156025
2010-09-29 16:43:00.000000150,4.803890558575798
2010-09-29 16:43:00.00000077,6.667757687646142
2010-09-29 16:43:00.000000153,13.449385926210383
2010-09-29 16:43:00.00000048,5.195575355389337
2010-09-29 16:43:00.00000086,4.042762340311777
2010-09-29 16:43:00.000000108,9.645199514905817
2010-09-29 16:43:00.000000101,6.6586661086947805
2010-09-29 16:43:00.000000132,7.109952149146126
2010-09-29 16:43:00.00000033,4.161423965347046
2010-09-29 16:43:00.00000055,5.941280448423432
2010-09-29 16:43:00.000000107,10.19726586756191
2010-09-29 16:43:00.000000147,4.48920663844261
2010-09-29 16:43:00.00000098,8.694550229696143
2010-09-29 16:43:00.00000053,12.994857577364755
2010-09-29 16:43:00.00000052,9.77312321858183
2010-09-29 16:43:00.00000085,6.696289654360766
2010-09-29 16:43:00.000000115,6.171751525636841
2010-09-29 16:43:00.000000133,3.122467113447894
2010-09-29 16:43:00.000000131,11.55446089334431
2010-09-29 16:43:00.00000031,14.018347521486087
2010-09-29 16:43:00.00000096,3.7943351131974
2010-09-29 16:43:00.000000120,6.369997083729734
2010-09-29 16:43:00.000000175,14.21478396226193
2010-09-29 16:43:00.00000072,10.697367695828564
2010-09-29 16:43:00.00000038,9.52117105577763
2010-09-29 16:43:00.00000043,7.289012235640978
2010-09-29 16:43:00.0000007,40.433088522873206
2010-09-29 16:43:00.000000111,7.198529310053045
2010-09-29 16:43:00.00000067,7.704300315567304
2010-09-29 16:43:00.00000065,7.809271200742328
2010-09-29 16:43:00.00000046,5.392940508446266
2010-09-29 16:43:00.00000075,9.818478991546622
2010-09-29 16:43:00.000000155,6.734527336866399
2010-09-29 16:43:00.00000087,46.927792832303766
2010-09-29 16:43:00.000000160,9.114011463499683
2010-09-29 16:43:00.00000060,7.9973557030460025
2010-09-29 16:43:00.00000020,7.9748037076347025
2010-09-29 16:43:00.00000091,9.179588519598541
2010-09-29 16:43:00.00000068,14.54447438478302
2010-09-29 16:43:00.000000165,9.402707777496529
2010-09-29 16:43:00.000000146,5.917087025004401
2010-09-29 16:43:00.000000169,9.516535555695985
2010-09-29 16:43:00.000000141,6.532764819234538
2010-09-29 16:43:00.00000018,7.94645678573174
2010-09-29 16:43:00.000000100,8.950636161645674
2010-09-29 16:43:00.000000163,19.349344873888924
2010-09-29 16:43:00.00000076,5.108554355351817
2010-09-29 16:43:00.00000027,34.668907863698756
2010-09-29 16:43:00.000000137,9.023564724154204
2010-09-29 16:43:00.00000021,7.064730144954711
2010-09-29 16:43:00.00000063,8.042287672545715
2010-09-29 16:43:00.00000058,9.363065162102753
2010-09-29 16:43:00.00000090,17.603718224616216
2010-09-29 16:43:00.00000066,10.560655189534105
2010-09-29 16:43:00.000000156,6.636978590216969
2010-09-29 16:43:00.000000104,5.894062885864123
2010-09-29 16:43:00.00000089,38.918713609348885
2010-09-29 16:43:00.00000029,25.91760636609239
2010-09-29 16:43:00.0000004,6.889643960478912
2010-09-29 16:43:00.00000051,11.026919446192682
2010-09-29 16:43:00.00000036,7.518642189867007
2010-09-29 16:43:00.000000158,8.65995134473359
2010-09-29 16:43:00.000000106,9.620599049715306
2010-09-29 16:43:00.00000047,6.163289985189881
2010-09-29 16:43:00.00000073,9.08708757525723
2010-09-29 16:43:00.00000024,7.409625225896896
2010-09-29 16:43:00.000000151,7.767679472787991
2010-09-29 16:43:00.000000134,4.144153074436389
2010-09-29 16:43:00.000000138,5.837399000180277
2010-09-29 16:43:00.000000125,7.282090079554663
2010-09-29 16:43:00.000000112,6.898752158190708
2010-09-29 16:43:00.0000006,6.266221810232786
2010-09-29 16:43:00.00000025,15.469467078475148
2010-09-29 16:43:00.0000008,6.597724658750141
2010-09-29 16:43:00.00000049,24.59368860274624
2010-09-29 16:43:00.000000173,6.6694838645021655
2010-09-29 16:43:00.00000050,7.257052050813154
2010-09-29 16:43:00.00000035,5.628106003812842
2010-09-29 16:43:00.00000097,43.558610443363094
2010-09-29 16:43:00.00000054,7.621297985066797
2010-09-29 16:43:00.000000166,6.43336272739828
2010-09-29 16:43:00.0000005,6.224091733823741
2010-09-29 16:43:00.00000030,26.401735787559222
2010-09-29 16:43:00.000000102,15.975896022140423
2010-09-29 16:43:00.00000056,9.666753358837441
2010-09-29 16:43:00.000000103,6.5347864328133936
2010-09-29 16:43:00.00000092,35.97060007017929
2010-09-29 16:43:00.00000079,5.838955897585517
2010-09-29 16:43:00.000000149,6.493579025254608
2010-09-29 16:43:00.000000123,5.00493097079984
2010-09-29 16:43:00.000000128,5.578999760195071
2010-09-29 16:43:00.000000121,8.216283763571138
2010-09-29 16:43:00.000000105,29.226207100053074
2010-09-29 16:43:00.00000026,12.295836344797518
2010-09-29 16:43:00.000000109,9.60506637545293
2010-09-29 16:43:00.000000124,4.582327047212731
2010-09-29 16:43:00.00000071,5.752914816383903
2010-09-29 16:43:00.00000061,19.753434546699104
2010-09-29 16:43:00.000000129,9.665230729568988
2010-09-29 16:43:00.00000095,6.394637905396663
2010-09-29 16:43:00.00000010,11.07547133579162
2010-09-29 16:43:00.00000081,8.347347180081465
2010-09-29 16:43:00.00000017,11.282885142713635
2010-09-29 16:43:00.00000028,8.151857038018912
2010-09-29 16:43:00.000000167,4.275280659084666
2010-09-29 16:43:00.00000082,13.384484610178443
2010-09-29 16:43:00.000000116,9.540441855337885
2010-09-29 16:43:00.000000127,40.02491154881632
2014-10-27 14:58:00.00000095,8.692021597125605
2014-10-27 14:58:00.000000118,9.922470101555724
2014-10-27 14:58:00.00000098,9.354756703769963
2014-10-27 14:58:00.000000108,12.982471062676051
2014-10-27 14:58:00.00000074,6.503186303336094
2014-10-27 14:58:00.00000079,13.652462257319408
2014-10-27 14:58:00.000000137,8.518137282011178
2014-10-27 14:58:00.0000001,11.733831871133535
2014-10-27 14:58:00.00000018,7.683262100229733
2014-10-27 14:58:00.000000142,7.9200871076515735
2014-10-27 14:58:00.00000082,8.53586529159138
2014-10-27 14:58:00.0000008,18.35473013574514
2014-10-27 14:58:00.00000016,8.649602273953676
2014-10-27 14:58:00.000000117,9.076321523741214
2014-10-27 14:58:00.00000048,9.976927036625685
2014-10-27 14:58:00.00000075,7.940238586664926
2014-10-27 14:58:00.000000112,16.494970810797845
2014-10-27 14:58:00.00000029,8.281831019439318
2014-10-27 14:58:00.00000058,9.16108999816012
2014-10-27 14:58:00.00000053,12.317599160194483
2014-10-27 14:58:00.00000052,7.417669075780349
2014-10-27 14:58:00.00000071,12.244623026979308
2014-10-27 14:58:00.00000044,11.580975475757787
2014-10-27 14:58:00.000000120,8.033870315480511
2014-10-27 14:58:00.00000034,10.911205071474383
2014-10-27 14:58:00.000000105,8.002409152217453
2014-10-27 14:58:00.000000147,8.400821223775868
2014-10-27 14:58:00.00000030,8.00078035250076
2014-10-27 14:58:00.000000100,9.645796368667714
2014-10-27 14:58:00.00000086,8.91905841716194
2014-10-27 14:58:00.00000047,24.925078479651475
2014-10-27 14:58:00.000000107,26.688374571031517
2014-10-27 14:58:00.000000127,25.633593938406282
2014-10-27 14:58:00.000000119,7.251246754287884
2014-10-27 14:58:00.00000013,26.513189161813614
2014-10-27 14:58:00.00000076,29.09584865998737
2014-10-27 14:58:00.00000085,8.518633212627078
2014-10-27 14:58:00.00000038,8.92612933560479
2014-10-27 14:58:00.0000004,8.362349025552827
2014-10-27 14:58:00.00000037,30.102646293010352
2014-10-27 14:58:00.00000041,6.646203366727485
2014-10-27 14:58:00.000000141,6.990496437894653
2014-10-27 14:58:00.000000140,9.796513704050744
2014-10-27 14:58:00.00000042,9.513492553918798
2014-10-27 14:58:00.000000109,8.12026809246268
2014-10-27 14:58:00.00000077,10.81257499531731
2014-10-27 14:58:00.00000026,16.82029360042075
2014-10-27 14:58:00.000000151,7.054398786592522
2014-10-27 14:58:00.00000061,9.138501025753257
2014-10-27 14:58:00.000000114,16.077730644505642
2014-10-27 14:58:00.00000021,15.03616687749022
2014-10-27 14:58:00.00000063,8.477461639314907
2014-10-27 14:58:00.00000072,50.40816118105124
2014-10-27 14:58:00.000000131,9.978837685571472
2014-10-27 14:58:00.0000005,29.873547708170044
2014-10-27 14:58:00.000000110,8.03061951915128
2014-10-27 14:58:00.00000011,8.435943512519508
2014-10-27 14:58:00.00000064,8.039495833897906
2014-10-27 14:58:00.00000033,7.38800341953522
2014-10-27 14:58:00.00000091,8.459895247710369
2014-10-27 14:58:00.0000003,12.349525091616643
2014-10-27 14:58:00.00000096,6.3688043097423614
2014-10-27 14:58:00.00000051,10.31869491952929
2014-10-27 14:58:00.00000020,8.791042287279026
2014-10-27 14:58:00.000000138,49.49286212789795
2014-10-27 14:58:00.0000002,17.907698047058776
2014-10-27 14:58:00.00000039,11.191447680173177
2014-10-27 14:58:00.00000073,9.96708454674949
2014-10-27 14:58:00.000000116,9.613343680506585
2014-10-27 14:58:00.00000049,8.389093932856522
2014-10-27 14:58:00.00000025,14.290848548823128
2014-10-27 14:58:00.000000133,6.3696259608446955
2014-10-27 14:58:00.00000043,9.846130881178532
2014-10-27 14:58:00.00000055,8.718531850475067
2014-10-27 14:58:00.000000124,24.085768395675395
2014-10-27 14:58:00.00000083,11.321212163423695
2014-10-27 14:58:00.00000010,8.963279959335503
2014-10-27 14:58:00.000000126,7.004878554415867
2014-10-27 14:58:00.00000017,11.442377918835186
2014-10-27 14:58:00.000000139,11.184325828621105
2014-10-27 14:58:00.00000014,7.43092721893412
2014-10-27 14:58:00.00000045,10.28953632835736
2014-10-27 14:58:00.000000132,7.8198337962642395
2014-10-27 14:58:00.00000080,30.848729800931757
2014-10-27 14:58:00.00000019,8.502918499702066
2014-10-27 14:58:00.000000102,13.123934788828752
2014-10-27 14:58:00.00000062,11.498223715524126
2014-10-27 14:58:00.000000122,32.25109417977096
2014-10-27 14:58:00.00000032,15.315857758849624
2014-10-27 14:58:00.00000015,9.578579393368114
2014-10-27 14:58:00.00000084,50.593165270294634
2014-10-27 14:58:00.000000134,7.1101254148983255
2014-10-27 14:58:00.00000093,10.673716466337966
2014-10-27 14:58:00.00000068,7.788158549024413
2014-10-27 14:58:00.00000089,45.597223943534544
2014-10-27 14:58:00.00000027,49.188897509334936
2009-10-08 23:44:56.0000004,15.506151905143259
2009-10-08 23:44:56.0000001,12.077718825213001
2012-11-03 17:11:00.00000035,6.402781902638793
2012-11-03 17:11:00.000000107,12.30153640586538
2012-11-03 17:11:00.00000069,9.789100287636781
2012-11-03 17:11:00.000000116,11.703047110995762
2012-11-03 17:11:00.000000145,6.650794508202706
2012-11-03 17:11:00.00000097,6.182019789882652
2012-11-03 17:11:00.000000119,6.520694905083433
2012-11-03 17:11:00.000000134,6.405156923007391
2012-11-03 17:11:00.000000137,7.890958863023391
2012-11-03 17:11:00.00000010,15.700445559500874
2012-11-03 17:11:00.000000157,6.603999219739006
2012-11-03 17:11:00.000000121,17.795474135835022
2012-11-03 17:11:00.00000073,50.518243672015956
2012-11-03 17:11:00.00000062,8.894517075997186
2012-11-03 17:11:00.000000130,7.523029604582157
2012-11-03 17:11:00.000000141,9.127204043071503
2012-11-03 17:11:00.00000098,12.166613071312634
2012-11-03 17:11:00.00000066,7.227026570522803
2012-11-03 17:11:00.00000036,10.166171271797966
2012-11-03 17:11:00.00000026,5.484697287248947
2012-11-03 17:11:00.000000110,7.746532257882405
2012-11-03 17:11:00.00000021,8.250927615293575
2012-11-03 17:11:00.00000040,7.8386150810230335
2012-11-03 17:11:00.00000087,10.05793981117635
2012-11-03 17:11:00.00000039,12.959575181999716
2012-11-03 17:11:00.00000033,11.400861064551329
2012-11-03 17:11:00.0000006,6.225514713433791
2012-11-03 17:11:00.00000025,15.666942295578558
2012-11-03 17:11:00.000000129,10.18003155250679
2012-11-03 17:11:00.000000153,12.242070161645211
2012-11-03 17:11:00.000000138,13.031333760305378
2012-11-03 17:11:00.000000143,4.5404946137241655
2012-11-03 17:11:00.000000109,10.986528602832102
2012-11-03 17:11:00.00000042,12.483635890421555
2012-11-03 17:11:00.000000104,20.05582224515578
2012-11-03 17:11:00.0000005,7.897381875456322
2012-11-03 17:11:00.00000056,47.6234160412168
2012-11-03 17:11:00.00000045,5.451856525573497
2012-11-03 17:11:00.00000034,12.602800924750335
2012-11-03 17:11:00.000000120,9.850157251555792
2012-11-03 17:11:00.000000127,10.92574548739694
2012-11-03 17:11:00.00000022,5.668231389665446
2012-11-03 17:11:00.0000003,15.520574017928924
2012-11-03 17:11:00.00000084,8.09431594994773
2012-11-03 17:11:00.00000089,9.776921891740079
2012-11-03 17:11:00.00000041,13.12596670207097
2012-11-03 17:11:00.000000108,11.518064228601691
2012-11-03 17:11:00.000000158,8.332243581985878
2012-11-03 17:11:00.000000122,5.373631200950221
2012-11-03 17:11:00.000000111,16.503145178634867
2012-11-03 17:11:00.00000027,9.087853829873108
2012-11-03 17:11:00.0000008,6.010986528367372
2012-11-03 17:11:00.000000148,18.14312127672534
2012-11-03 17:11:00.000000144,41.69083432883407
2012-11-03 17:11:00.00000029,9.967109425791026
2012-11-03 17:11:00.00000049,8.035389596274303
2012-11-03 17:11:00.00000011,6.306995441639698
2012-11-03 17:11:00.00000094,16.101927079454214
2012-11-03 17:11:00.000000152,15.59519874619937
2012-11-03 17:11:00.00000051,9.42085688866235
2012-11-03 17:11:00.00000048,7.9716054969881105
2012-11-03 17:11:00.00000043,9.838703229006695
2012-11-03 17:11:00.00000059,8.406601466624195
2012-11-03 17:11:00.00000019,6.510960195252107
2012-11-03 17:11:00.000000135,10.34208711475583
2012-11-03 17:11:00.00000017,10.75477988130424
2012-11-03 17:11:00.000000146,8.334243879944164
2012-11-03 17:11:00.00000068,11.69994178411356
2012-11-03 17:11:00.00000092,11.667354348485732
2012-11-03 17:11:00.0000002,18.75253619688624
2012-11-03 17:11:00.000000133,6.605962966738691
2012-11-03 17:11:00.00000038,12.82055996183448
2012-11-03 17:11:00.000000123,7.113571661591565
2012-11-03 17:11:00.00000015,6.029402460449662
2012-11-03 17:11:00.000000131,6.881141525949314
2012-11-03 17:11:00.000000112,6.3654109503427865
2012-11-03 17:11:00.000000100,7.749178143552222
2012-11-03 17:11:00.00000095,13.448081301194703
2012-11-03 17:11:00.0000004,7.439756993337793
2012-11-03 17:11:00.00000047,17.108549269427478
2012-11-03 17:11:00.00000020,18.537793372178175
2012-11-03 17:11:00.000000156,18.956959358334053
2012-11-03 17:11:00.00000014,6.101150500866865
2012-11-03 17:11:00.000000139,10.065499446549673
2012-11-03 17:11:00.000000154,8.39395006340178
2012-11-03 17:11:00.000000151,7.162225553797184
2012-11-03 17:11:00.00000070,9.641544522485205
2012-11-03 17:11:00.00000023,10.898200334442329
2012-11-03 17:11:00.00000065,7.860627403449175
2012-11-03 17:11:00.00000018,8.981928943348306
2012-11-03 17:11:00.00000088,6.335400486968323
2012-11-03 17:11:00.000000140,14.187365356785772
2012-11-03 17:11:00.00000071,9.0444905993642
2009-05-07 13:58:32.0000003,6.517134393569766
2009-05-07 13:58:32.0000001,5.426996343659698
2011-12-25 21:26:32.0000001,6.0130377073603745
2015-01-12 19:01:00.0000001,11.960636259870938
2015-01-12 19:01:00.0000003,6.556626407901916
2015-01-12 19:01:00.0000004,13.783416853170241
2015-01-12 19:01:00.0000002,8.56253048880081
2009-10-06 16:09:24.0000001,6.89154273364898
2009-10-06 16:09:24.0000003,6.406747213525899
2009-10-06 16:09:24.0000002,5.1932041517184855
2009-05-06 01:49:12.0000003,34.2416018903463
2009-05-06 01:49:12.0000005,6.157468769713275
2009-05-06 01:49:12.0000001,12.166883074655285
2009-05-06 01:49:12.0000006,7.03966367146027
2014-10-07 11:20:56.0000002,35.25478011032227
2014-10-07 11:20:56.0000001,10.196550841303194
2014-10-07 11:20:56.0000003,9.491092416852211
2009-02-10 15:30:04.0000002,10.723884928583795
2009-02-10 15:30:04.0000001,7.207489070625821
2013-09-28 00:06:20.0000004,17.504688673286743
2013-09-28 00:06:20.0000001,15.222575078888964
2013-09-28 00:06:20.0000009,13.869531165013994
2013-09-28 00:06:20.0000008,11.535468103676607
2013-09-28 00:06:20.0000007,7.236117709668974
2013-09-28 00:06:20.0000006,12.939530201540977
2013-09-28 00:06:20.0000002,17.19346560484642
2013-07-18 08:25:04.0000001,8.552068562496112
2013-07-18 08:25:04.0000002,7.423234585337865
2013-07-18 08:25:04.0000003,8.486346909433076
2011-03-11 01:44:00.00000010,6.928888073005889
2011-03-11 01:44:00.00000070,8.222414293809749
2011-03-11 01:44:00.00000088,21.324022055626937
2011-03-11 01:44:00.00000063,14.673976535390874
2011-03-11 01:44:00.00000058,17.255342351122653
2011-03-11 01:44:00.00000086,23.023182621224535
2011-03-11 01:44:00.00000053,6.647591695926515
2011-03-11 01:44:00.00000094,10.177880222848678
2011-03-11 01:44:00.00000069,5.785888080850988
2011-03-11 01:44:00.00000061,15.890801602094436
2011-03-11 01:44:00.0000008,5.776275661641259
2011-03-11 01:44:00.0000002,15.573585481332735
2011-03-11 01:44:00.00000050,4.700746930051989
2011-03-11 01:44:00.00000068,10.551400106947959
2011-03-11 01:44:00.00000018,9.81843596751509
2011-03-11 01:44:00.00000079,14.706117731022282
2011-03-11 01:44:00.00000037,5.209593632030064
2011-03-11 01:44:00.00000015,8.815592727142267
2011-03-11 01:44:00.00000071,5.6124798444028094
2011-03-11 01:44:00.00000054,15.154600696942097
2011-03-11 01:44:00.00000080,4.865686474813254
2011-03-11 01:44:00.00000078,9.341935583805046
2011-03-11 01:44:00.00000055,8.89095268266537
2011-03-11 01:44:00.00000026,21.96804133601493
2011-03-11 01:44:00.00000045,10.576547582855277
2011-03-11 01:44:00.00000013,6.953866618674585
2011-03-11 01:44:00.0000007,24.22657675200532
2011-03-11 01:44:00.00000024,5.503989858628779
2011-03-11 01:44:00.00000093,6.165899694261682
2011-03-11 01:44:00.00000089,9.848792376133584
2011-03-11 01:44:00.00000022,9.626935975928026
2011-03-11 01:44:00.00000020,5.767192183460414
2011-03-11 01:44:00.00000025,4.988807600569357
2011-03-11 01:44:00.00000090,25.69548459521521
2011-03-11 01:44:00.00000087,16.251372281212376
2011-03-11 01:44:00.00000017,18.552656560063262
2011-03-11 01:44:00.00000031,23.11421691661171
2011-03-11 01:44:00.00000048,13.484471327411507
2011-03-11 01:44:00.00000076,19.248098919182173
2011-03-11 01:44:00.00000012,15.520017003469576
2011-03-11 01:44:00.00000066,11.031745695431207
2011-03-11 01:44:00.0000001,9.16670286074839
2011-03-11 01:44:00.00000091,15.407654368400143
2011-03-11 01:44:00.00000043,7.955529444410208
2011-03-11 01:44:00.00000060,7.318144117415324
2011-03-11 01:44:00.00000049,15.86159908238999
2011-03-11 01:44:00.00000073,7.574165752818122
2011-03-11 01:44:00.0000004,14.959747091908715
2013-12-16 19:06:44.0000002,7.398889776767438
2013-12-18 03:49:24.0000001,8.8917090092083
2013-08-05 19:04:36.0000002,10.72305990988555
2013-08-05 19:04:36.0000001,8.224011332749937
2009-05-08 18:00:36.0000002,5.089930222876207
2013-01-27 00:09:12.0000002,11.10909632457008
2013-01-27 00:09:12.0000006,7.2089788019589225
2013-01-27 00:09:12.0000009,8.26311745502419
2013-01-27 00:09:12.0000001,6.186793325333232
2013-01-27 00:09:12.0000004,7.670546258351558
2013-01-27 00:09:12.0000007,15.886032203146577
2013-01-27 00:09:12.0000005,8.292217872091559
2012-06-18 22:51:56.0000002,7.1682353279965785
2012-06-18 22:51:56.0000001,6.060121728407028
2011-06-20 09:55:24.0000004,4.653167591240624
2011-06-20 09:55:24.0000003,5.926382982355779
2011-06-20 09:55:24.0000001,8.706052941250158
2011-06-20 09:55:24.0000002,4.8492040793917806
2011-06-20 09:55:24.0000005,9.013080341992456
2015-02-22 09:48:32.0000002,8.520546128665933
2015-02-22 09:48:32.0000001,14.791951971134964
2015-02-22 09:48:32.0000003,20.656569033464052
2010-08-25 23:40:32.0000001,12.522342764349382
2012-01-07 11:21:56.0000002,13.942355424984118
2012-10-31 12:17:24.0000003,7.280947665123887
2012-10-31 12:17:24.0000001,7.24611051923158
2012-10-20 02:05:08.0000001,14.37919218885618
2012-10-20 02:05:08.0000002,7.217213601054727
2012-05-06 08:52:08.0000001,11.724546376589405
2014-10-11 15:11:24.0000002,8.813267374892177
2014-10-11 15:11:24.0000004,33.488897771657804
2014-10-11 15:11:24.0000005,12.819524299708254
2014-10-11 15:11:24.0000006,45.01569568365156
2014-10-11 15:11:24.0000001,9.292723596039526
2009-08-17 12:27:08.0000004,5.266676654161867
2009-08-17 12:27:08.0000001,18.29501251739113
2009-08-17 12:27:08.0000003,5.351787970553337
2011-10-28 07:45:04.0000001,16.277921579415427
2011-10-28 07:45:04.0000003,7.6100615866948935
2011-10-28 07:45:04.0000002,5.266569819634018
2014-04-09 09:23:12.0000003,8.023735862274066
2014-04-09 09:23:12.0000005,8.589187674756683
2014-04-09 09:23:12.0000002,6.818875174242768
2014-04-09 09:23:12.0000001,10.025653048166784
2013-09-15 02:37:52.0000001,13.093154694684038
2013-09-15 02:37:52.0000003,9.217212348021954
2009-11-25 19:32:52.0000005,12.677442967731896
2009-11-25 19:32:52.0000002,9.608211332729923
2009-11-25 19:32:52.0000003,17.708217846404395
2014-05-30 00:09:16.0000002,12.31113055616527
2014-05-30 00:09:16.0000005,11.770683101779445
2014-05-30 00:09:16.0000003,7.537606360638613
2014-05-30 00:09:16.0000004,7.404271128170518
2014-05-30 00:09:16.0000001,9.693064733921226
2013-10-24 14:18:20.0000001,6.218881232876759
2013-10-24 14:18:20.0000002,5.770496478762379
2013-10-24 14:18:20.0000003,12.232663787356364
2014-06-07 22:07:12.0000002,14.917058603244076
2014-06-07 22:07:12.0000001,11.74065755113914
2013-01-07 17:08:32.0000003,7.10693794628167
2013-01-07 17:08:32.0000001,7.993604445803501
2010-08-11 00:12:08.0000001,5.990600795183196
2011-10-04 09:37:00.0000007,6.949215604723582
2011-10-04 09:37:00.00000092,6.625586622528461
2011-10-04 09:37:00.000000150,6.487499612304704
2011-10-04 09:37:00.00000010,7.118627009370269
2011-10-04 09:37:00.00000065,24.615722898117284
2011-10-04 09:37:00.000000151,7.371005877505927
2011-10-04 09:37:00.00000089,6.634242225340987
2011-10-04 09:37:00.000000120,7.675664669746946
2011-10-04 09:37:00.0000009,7.15819046365192
2011-10-04 09:37:00.000000110,6.0327394882361185
2011-10-04 09:37:00.00000098,14.85264226875288
2011-10-04 09:37:00.00000011,5.698616550582518
2011-10-04 09:37:00.00000042,8.231048785043958
2011-10-04 09:37:00.00000024,7.982635344693334
2011-10-04 09:37:00.000000188,16.15144888499669
2011-10-04 09:37:00.00000071,10.10480141761374
2011-10-04 09:37:00.000000168,10.928129097581218
2011-10-04 09:37:00.000000159,9.477026529482561
2011-10-04 09:37:00.000000171,11.341118079815159
2011-10-04 09:37:00.000000129,7.3822911602921435
2011-10-04 09:37:00.000000186,6.592741633629437
2011-10-04 09:37:00.000000123,13.188373252690363
2011-10-04 09:37:00.00000020,5.6004163702498335
2011-10-04 09:37:00.00000033,7.3749224018874635
2011-10-04 09:37:00.00000058,12.32483701435596
2011-10-04 09:37:00.00000068,10.07004373015751
2011-10-04 09:37:00.000000131,6.346782452987567
2011-10-04 09:37:00.000000178,31.25870835738606
2011-10-04 09:37:00.000000103,23.15920456294608
2011-10-04 09:37:00.00000026,9.321372482116246
2011-10-04 09:37:00.000000115,7.552246584207548
2011-10-04 09:37:00.00000059,41.02536532948429
2011-10-04 09:37:00.00000090,13.922826939717682
2011-10-04 09:37:00.00000063,8.322878456719298
2011-10-04 09:37:00.000000169,5.836033319449626
2011-10-04 09:37:00.00000066,10.175100891846384
2011-10-04 09:37:00.000000181,5.6106544510375675
2011-10-04 09:37:00.00000018,4.473585451960123
2011-10-04 09:37:00.000000112,6.716260325450617
2011-10-04 09:37:00.00000094,10.563206655984455
2011-10-04 09:37:00.0000001,6.369540486554413
2011-10-04 09:37:00.000000139,11.321478913361666
2011-10-04 09:37:00.000000152,9.871806106736875
2011-10-04 09:37:00.000000187,6.558483598400345
2011-10-04 09:37:00.00000070,8.235527387114725
2011-10-04 09:37:00.00000050,6.055301790777319
2011-10-04 09:37:00.0000004,14.3719783938911
2011-10-04 09:37:00.000000153,12.40421039281733
2011-10-04 09:37:00.00000076,30.643687536350317
2011-10-04 09:37:00.00000079,25.194195541194237
2011-10-04 09:37:00.000000146,7.084988424150094
2011-10-04 09:37:00.000000192,9.376706970444122
2011-10-04 09:37:00.000000172,9.567895521415117
2011-10-04 09:37:00.000000154,7.6160091041380005
2011-10-04 09:37:00.000000124,7.757686961690189
2011-10-04 09:37:00.000000142,6.861602387148578
2011-10-04 09:37:00.000000167,9.697352055502817
2011-10-04 09:37:00.00000048,10.286301930777723
2011-10-04 09:37:00.00000074,12.670555376360326
2011-10-04 09:37:00.000000193,10.099129743228888
2011-10-04 09:37:00.000000166,6.950138172040424
2011-10-04 09:37:00.000000147,6.994213291056658
2011-10-04 09:37:00.000000189,6.917674069793452
2011-10-04 09:37:00.0000008,7.788262784773343
2011-10-04 09:37:00.000000125,6.585067271796316
2011-10-04 09:37:00.00000051,5.62655727953753
2011-10-04 09:37:00.000000173,8.81220091418979
2011-10-04 09:37:00.00000096,11.111797294942319
2011-10-04 09:37:00.000000174,6.359608436779213
2011-10-04 09:37:00.000000130,7.236932485729315
2011-10-04 09:37:00.00000016,7.499019459613838
2011-10-04 09:37:00.000000145,7.341600050292729
2011-10-04 09:37:00.000000140,8.175941699762149
2011-10-04 09:37:00.00000040,24.358285156795603
2011-10-04 09:37:00.000000118,11.29669111092088
2011-10-04 09:37:00.00000081,7.040650007578492
2011-10-04 09:37:00.000000175,4.850844343203951
2011-10-04 09:37:00.00000072,8.564013407131467
2011-10-04 09:37:00.000000143,6.276129579739218
2011-10-04 09:37:00.000000104,7.630965474953777
2011-10-04 09:37:00.00000053,7.083934541477145
2011-10-04 09:37:00.00000084,6.209173029015077
2011-10-04 09:37:00.00000030,9.810704104304573
2011-10-04 09:37:00.000000100,7.770870596576496
2011-10-04 09:37:00.000000105,7.484236501176902
2011-10-04 09:37:00.00000041,5.964341255592013
2011-10-04 09:37:00.00000091,12.011794442558774
2011-10-04 09:37:00.00000078,7.655305715862687
2011-10-04 09:37:00.000000197,8.095432964269111
2011-10-04 09:37:00.000000119,9.343433250990062
2011-10-04 09:37:00.000000161,7.407659312587125
2011-10-04 09:37:00.00000039,7.224953744294244
2011-10-04 09:37:00.00000086,7.832515217807682
2011-10-04 09:37:00.000000195,8.651030456932517
2011-10-04 09:37:00.000000182,7.060769681533582
2011-10-04 09:37:00.000000133,7.452608293554517
2011-10-04 09:37:00.00000029,8.186402985340298
2011-10-04 09:37:00.000000144,7.051952658081178
2011-10-04 09:37:00.000000128,7.295965258333064
2011-10-04 09:37:00.00000027,8.47776520337413
2011-10-04 09:37:00.00000032,7.6302181526857655
2011-10-04 09:37:00.00000073,9.020342122302553
2011-10-04 09:37:00.00000083,8.94712849771451
2011-10-04 09:37:00.00000021,6.921607586984482
2011-10-04 09:37:00.000000137,5.590942702236115
2011-10-04 09:37:00.00000087,45.30287018244735
2011-10-04 09:37:00.00000060,26.181184864433092
2011-10-04 09:37:00.000000138,9.859274515793238
2011-10-04 09:37:00.00000046,8.227963784428782
2011-10-04 09:37:00.00000075,5.211960795346885
2011-10-04 09:37:00.000000198,5.904812933963683
2011-10-04 09:37:00.000000121,8.816853220870193
2011-10-04 09:37:00.000000116,5.681642701052926
2011-10-04 09:37:00.000000117,8.587138583815959
2011-10-04 09:37:00.00000097,13.774747319355395
2011-10-04 09:37:00.00000012,5.551474913404949
2011-10-04 09:37:00.00000093,34.59695149925799
2011-10-04 09:37:00.000000101,6.888136899444834
2011-10-04 09:37:00.00000082,20.327993230149293
2011-10-04 09:37:00.000000126,4.03766544138777
2011-10-04 09:37:00.00000035,10.724711420407592
2011-10-04 09:37:00.000000127,16.472458905033793
2011-10-04 09:37:00.000000156,7.2005194991373
2014-04-29 08:15:56.0000002,7.156160508059369
2014-04-29 08:15:56.0000001,7.549835253247289
2012-10-23 14:15:04.0000003,10.315107095373977
2012-10-23 14:15:04.0000004,13.554271860089345
2012-10-23 14:15:04.0000001,6.866378657087369
2012-08-31 08:01:16.0000001,7.301331057560864
2012-10-18 21:06:20.0000003,10.097647214183525
2012-10-18 21:06:20.0000006,38.66134865689723
2012-10-18 21:06:20.0000002,8.901363256399975
2012-10-18 21:06:20.0000005,5.240863939123338
2012-10-18 21:06:20.0000004,9.261579824621478
2012-10-18 21:06:20.0000008,9.315485090967
2012-10-18 21:06:20.00000010,9.436987670246083
2012-10-18 21:06:20.0000001,28.5354725078726
2014-02-26 04:36:28.0000001,12.58365562900974
2010-02-20 00:43:28.0000002,7.815447554639752
2010-02-20 00:43:28.0000004,27.608256581844593
2010-02-20 00:43:28.0000003,7.827611198751358
2010-02-20 00:43:28.0000001,10.87774901144546
2009-08-21 08:00:48.0000002,7.132404724416942
2009-08-21 08:00:48.0000001,6.76458465432104
2009-08-21 08:00:48.0000003,6.092470804647022
2014-12-24 03:00:00.00000034,10.273783178696851
2014-12-24 03:00:00.00000013,26.32231596311337
2014-12-24 03:00:00.0000001,15.197674686018932
2014-12-24 03:00:00.00000032,10.07858266439274
2014-12-24 03:00:00.0000006,9.90773154812275
2014-12-24 03:00:00.00000037,8.688998450925705
2014-12-24 03:00:00.00000012,10.81867686218518
2014-12-24 03:00:00.00000023,22.301965896249172
2014-12-24 03:00:00.00000041,8.351339918490094
2014-12-24 03:00:00.0000008,8.990883747512722
2014-12-24 03:00:00.00000024,19.047891872081344
2014-12-24 03:00:00.00000038,11.344757877931182
2014-12-24 03:00:00.0000009,10.094477406859173
2014-12-24 03:00:00.00000018,15.49419351613394
2014-12-24 03:00:00.00000011,29.32073574017572
2014-12-24 03:00:00.00000021,12.77718780526349
2014-12-24 03:00:00.00000030,10.533544159146443
2014-12-24 03:00:00.00000010,8.212353635187712
2014-12-24 03:00:00.0000004,12.214942753046008
2014-12-24 03:00:00.00000022,19.734802269389736
2014-12-24 03:00:00.00000028,8.488337175112752
2012-08-19 12:46:40.0000003,14.849773761645462
2012-08-19 12:46:40.0000002,5.537158689712869
2012-08-19 12:46:40.0000001,9.692315262700337
2013-12-02 17:53:24.0000003,11.106388349567968
2013-12-02 17:53:24.0000001,11.632371876381688
2013-12-02 17:53:24.0000002,9.855198639040772
2011-11-07 18:53:08.0000002,11.005722317294609
2011-11-07 18:53:08.0000001,12.912905711918835
2009-05-16 23:36:24.0000001,6.464129740523308
2009-05-16 23:36:24.0000002,4.7187709491845515
2011-01-10 10:56:56.0000003,7.710547540387222
2011-01-10 10:56:56.0000002,25.98832389115863
2011-01-10 10:56:56.0000001,5.373337553745598
2010-10-07 10:54:20.0000002,9.750701881383026
2010-10-07 10:54:20.0000005,13.395521883038054
2010-10-07 10:54:20.0000001,5.6859019802647826
2010-10-07 10:54:20.0000004,7.007127188646308
2011-02-21 20:11:08.0000001,8.693191240935258
2011-02-21 20:11:08.0000005,6.015874920403291
2011-02-21 20:11:08.0000002,10.30757028173191
2011-02-21 20:11:08.0000003,8.090253633148567
2011-02-21 20:11:08.0000004,39.16529574394934
2009-10-04 22:54:56.0000003,8.486530541420297
2015-04-11 20:31:32.0000007,7.682557616130804
2015-04-11 20:31:32.00000012,7.7463592781045065
2015-04-11 20:31:32.0000003,35.310140542737955
2015-04-11 20:31:32.0000006,14.631660377759202
2015-04-11 20:31:32.0000002,19.83871999577815
2015-04-11 20:31:32.0000009,11.819661995534467
2015-04-11 20:31:32.00000010,7.1197845288312855
2015-04-11 20:31:32.0000001,9.510385764568788
2012-04-02 02:53:24.0000001,12.522393999406315
2014-04-21 16:00:36.0000001,6.810593072428621
2014-04-21 16:00:36.0000003,4.994455741854589
2014-04-21 16:00:36.0000002,6.967533231937708
2012-03-22 21:11:36.0000006,19.00131427243046
2012-03-22 21:11:36.0000008,9.794037653105187
2012-03-22 21:11:36.0000005,10.52071050302777
2012-03-22 21:11:36.0000001,10.896439185868713
2012-03-22 21:11:36.0000004,6.327843580574751
2012-03-22 21:11:36.0000007,7.1486216628589965
2012-03-22 21:11:36.0000002,10.74570055046157
2012-03-22 21:11:36.0000003,22.72046943814364
2011-04-08 00:57:44.0000001,5.769032011581037
2011-02-20 12:31:04.0000001,9.51139888492178
2011-02-20 12:31:04.0000003,3.843803329424775
2011-02-06 17:08:24.0000004,17.14666413057178
2011-02-06 17:08:24.0000002,7.825223133343794
2011-02-06 17:08:24.0000001,8.478461156534127
2013-01-01 22:04:56.0000001,9.081290359681011
2013-04-23 17:52:44.0000001,15.07913393982427
2013-04-23 17:52:44.0000002,7.362098629748477
2013-07-02 21:47:24.0000003,7.214317787949575
2013-07-02 21:47:24.0000002,18.072926180833726
2013-07-02 21:47:24.0000001,17.8682394313083
2010-01-01 13:19:40.0000002,16.789909620204067
2010-01-01 13:19:40.0000005,8.021638616716496
2010-01-01 13:19:40.0000001,9.559276886006494
2010-01-01 13:19:40.0000003,68.59406754117063
2013-04-26 20:41:16.0000001,9.426882767520787
2010-03-06 23:51:08.0000002,10.66643178151596
2010-03-06 23:51:08.0000001,8.530621575016738
2014-04-17 16:58:28.0000001,8.972274000588417
2014-04-17 16:58:28.0000002,11.704333602991031
2014-01-06 16:39:16.0000001,23.58467136842544
2015-02-12 05:37:56.0000002,8.097402470542546
2011-12-22 01:00:08.0000001,19.15820072256056
2011-12-22 01:00:08.0000002,8.974110313694972
2011-08-20 17:04:24.0000001,5.92036425999975
2011-06-30 13:07:36.0000001,6.88376433331193
2011-06-30 13:07:36.0000005,9.198711113847217
2011-06-30 13:07:36.0000002,7.2327169645392075
2011-06-30 13:07:36.0000004,7.5194339757640245
2011-06-30 13:07:36.0000003,8.90836642627963
2014-04-27 02:57:00.000000100,6.6184641233051416
2014-04-27 02:57:00.000000130,8.928709837989109
2014-04-27 02:57:00.000000109,25.6722824397265
2014-04-27 02:57:00.00000096,19.530357138288082
2014-04-27 02:57:00.00000063,19.87489773811003
2014-04-27 02:57:00.000000177,5.940818704198612
2014-04-27 02:57:00.000000132,12.954507124905597
2014-04-27 02:57:00.000000170,19.419023709727313
2014-04-27 02:57:00.00000021,12.87352635737941
2014-04-27 02:57:00.000000136,11.838061149088574
2014-04-27 02:57:00.00000032,11.71916350660016
2014-04-27 02:57:00.000000107,7.080293915187926
2014-04-27 02:57:00.00000028,42.45844766566586
2014-04-27 02:57:00.00000026,14.88341355048777
2014-04-27 02:57:00.000000139,9.647534482638816
2014-04-27 02:57:00.00000015,19.168265628817082
2014-04-27 02:57:00.00000095,6.205020134417588
2014-04-27 02:57:00.000000105,22.873599792005308
2014-04-27 02:57:00.000000196,9.536734324446016
2014-04-27 02:57:00.0000001,7.1400039537635
2014-04-27 02:57:00.000000175,13.127261728600658
2014-04-27 02:57:00.000000188,17.889409959619314
2014-04-27 02:57:00.00000051,19.335991095468337
2014-04-27 02:57:00.00000055,8.280197702558105
2014-04-27 02:57:00.00000016,18.053965700796393
2014-04-27 02:57:00.000000169,7.386281620050433
2014-04-27 02:57:00.00000086,13.469483252015834
2014-04-27 02:57:00.000000148,16.028056181800224
2014-04-27 02:57:00.00000087,16.503864823280654
2014-04-27 02:57:00.00000027,14.893784286736535
2014-04-27 02:57:00.000000120,22.313563301698956
2014-04-27 02:57:00.00000068,6.876908359938229
2014-04-27 02:57:00.00000099,9.122175939090654
2014-04-27 02:57:00.000000193,10.35466597468926
2014-04-27 02:57:00.00000081,17.615080732317836
2014-04-27 02:57:00.000000135,21.67780554076803
2014-04-27 02:57:00.000000181,7.239626519872601
2014-04-27 02:57:00.00000020,7.496842483896228
2014-04-27 02:57:00.000000157,15.803438448546014
2014-04-27 02:57:00.00000079,19.647572617140224
2014-04-27 02:57:00.00000019,8.875668490777784
2014-04-27 02:57:00.000000126,15.01452237566696
2014-04-27 02:57:00.0000002,7.184452985565566
2014-04-27 02:57:00.00000062,10.661000159993614
2014-04-27 02:57:00.00000085,11.464467056653502
2014-04-27 02:57:00.00000014,14.35592749194273
2014-04-27 02:57:00.000000161,9.282181155928834
2014-04-27 02:57:00.00000084,14.243224153028809
2014-04-27 02:57:00.000000122,17.977803082370876
2014-04-27 02:57:00.000000111,9.427743833377741
2014-04-27 02:57:00.000000113,10.711262557098559
2014-04-27 02:57:00.00000071,10.482853927592124
2014-04-27 02:57:00.00000077,11.481253521773061
2014-04-27 02:57:00.000000134,41.0926753030047
2014-04-27 02:57:00.000000103,12.64072015606628
2014-04-27 02:57:00.000000102,12.938701347800055
2014-04-27 02:57:00.000000160,18.670592928964233
2014-04-27 02:57:00.00000042,6.7398426015738835
2014-04-27 02:57:00.00000054,5.608498984121943
2014-04-27 02:57:00.00000049,15.99635682441727
2014-04-27 02:57:00.000000147,12.099846744083749
2014-04-27 02:57:00.00000045,9.240536077549862
2014-04-27 02:57:00.0000003,18.739054991264563
2014-04-27 02:57:00.000000182,13.381171388213033
2014-04-27 02:57:00.000000180,9.841011669870307
2014-04-27 02:57:00.00000038,18.561588081340457
2014-04-27 02:57:00.0000005,10.580235412755943
2014-04-27 02:57:00.000000108,6.850694482488579
2014-04-27 02:57:00.00000092,6.773237482110197
2014-04-27 02:57:00.000000192,10.381306952627817
2014-04-27 02:57:00.000000165,8.200781419129939
2014-04-27 02:57:00.000000115,8.90025173867937
2014-04-27 02:57:00.00000029,10.923826699840616
2014-04-27 02:57:00.00000050,7.589293084412841
2014-04-27 02:57:00.000000119,9.351780210625213
2014-04-27 02:57:00.00000011,17.991440708699667
2014-04-27 02:57:00.000000114,13.092385852801687
2014-04-27 02:57:00.000000190,14.298805293709107
2014-04-27 02:57:00.00000061,5.533521543460578
2014-04-27 02:57:00.00000098,11.841439728840427
2014-04-27 02:57:00.00000040,8.77148583172354
2014-04-27 02:57:00.000000117,17.576759947733343
2014-04-27 02:57:00.000000150,8.875125818964905
2014-04-27 02:57:00.00000035,9.641440617152249
2014-04-27 02:57:00.00000022,21.665645218143773
2014-04-27 02:57:00.000000146,7.844293389495219
2014-04-27 02:57:00.00000018,9.632648092561118
2014-04-27 02:57:00.00000041,17.226866370147842
2014-04-27 02:57:00.00000089,16.764933051777795
2014-04-27 02:57:00.00000088,11.808977298722809
2014-04-27 02:57:00.000000101,11.537483825940903
2014-04-27 02:57:00.00000058,25.560962106516126
2014-04-27 02:57:00.00000030,10.762385450846768
2014-04-27 02:57:00.000000156,12.971060271675135
2014-04-27 02:57:00.00000024,9.338076572200755
2014-04-27 02:57:00.000000163,7.76607586473801
2014-04-27 02:57:00.000000152,11.716450242493138
2014-04-27 02:57:00.00000037,7.432163744108284
2014-04-27 02:57:00.00000065,7.462555191451594
2014-04-27 02:57:00.0000006,25.014373099763272
2014-04-27 02:57:00.00000060,9.332441061363012
2014-04-27 02:57:00.000000110,8.876166008939725
2014-04-27 02:57:00.00000034,7.494852296646094
2014-04-27 02:57:00.000000149,23.283954349818497
2014-04-27 02:57:00.000000176,6.881875262588399
2014-04-27 02:57:00.000000184,8.212496524807635
2014-04-27 02:57:00.000000118,9.342731867709622
2014-04-27 02:57:00.000000186,14.506545313022809
2014-04-27 02:57:00.000000104,10.368048076485481
2014-04-27 02:57:00.00000080,26.35422163685384
2014-04-27 02:57:00.000000121,9.426984103931693
2014-04-27 02:57:00.00000093,7.888205170324824
2014-04-27 02:57:00.00000056,10.265401148536572
2014-04-27 02:57:00.00000044,16.44032005379568
2014-04-27 02:57:00.00000048,9.049828091268862
2014-04-27 02:57:00.00000059,13.493651550240171
2014-04-27 02:57:00.000000194,19.118247278032968
2014-04-27 02:57:00.000000185,21.433476499241333
2014-04-27 02:57:00.000000125,20.009749517346624
2014-04-27 02:57:00.00000046,13.03491185588921
2014-04-27 02:57:00.00000070,17.230957398686524
2014-04-27 02:57:00.000000133,14.328557451617037
2011-01-18 10:26:40.0000003,5.793692083815254
2011-01-18 10:26:40.0000002,8.249311098593205
2012-04-20 07:57:20.0000001,10.991059472543522
2012-04-20 07:57:20.0000004,6.931729113986799
2012-04-20 07:57:20.0000003,6.011307208121497
2012-04-20 07:57:20.0000002,5.795597292501066
2011-12-13 22:00:00.00000071,13.947788767853574
2011-12-13 22:00:00.000000178,5.942728209161324
2011-12-13 22:00:00.00000016,9.593309553655748
2011-12-13 22:00:00.000000127,9.179513953039773
2011-12-13 22:00:00.00000065,6.479346438726404
2011-12-13 22:00:00.000000227,5.539232240505089
2011-12-13 22:00:00.000000257,7.5984188362973955
2011-12-13 22:00:00.000000238,7.626225602728427
2011-12-13 22:00:00.0000008,9.412493394954339
2011-12-13 22:00:00.000000252,7.153133145259053
2011-12-13 22:00:00.000000204,14.315079090801976
2011-12-13 22:00:00.000000120,9.41122179145467
2011-12-13 22:00:00.000000175,6.135338900847257
2011-12-13 22:00:00.00000010,12.513325318363092
2011-12-13 22:00:00.00000048,8.568072182526915
2011-12-13 22:00:00.000000189,6.317611855112839
2011-12-13 22:00:00.00000011,6.413820824693005
2011-12-13 22:00:00.000000247,8.33753729049649
2011-12-13 22:00:00.000000261,4.845398118909309
2011-12-13 22:00:00.0000004,15.091486265256808
2011-12-13 22:00:00.00000014,10.6687793269971
2011-12-13 22:00:00.000000151,38.86914277192821
2011-12-13 22:00:00.00000025,7.870689213759691
2011-12-13 22:00:00.00000039,11.702099584351878
2011-12-13 22:00:00.000000179,9.10045361758836
2011-12-13 22:00:00.000000137,12.183752194358961
2011-12-13 22:00:00.00000091,13.736252851643396
2011-12-13 22:00:00.000000109,7.468247278099254
2011-12-13 22:00:00.000000174,9.83006047217384
2011-12-13 22:00:00.000000225,16.747990771793823
2011-12-13 22:00:00.000000207,8.955174779836728
2011-12-13 22:00:00.000000269,25.72642839861594
2011-12-13 22:00:00.000000234,8.000675058246692
2011-12-13 22:00:00.00000017,9.138444445879422
2011-12-13 22:00:00.00000046,6.574750689119159
2011-12-13 22:00:00.00000057,13.871957774123276
2011-12-13 22:00:00.000000105,9.08532784088052
2011-12-13 22:00:00.000000114,15.263892886558253
2011-12-13 22:00:00.00000030,6.918159471846703
2011-12-13 22:00:00.000000100,7.278889321714794
2011-12-13 22:00:00.00000088,17.628001452471278
2011-12-13 22:00:00.000000242,10.27234428022701
2011-12-13 22:00:00.000000113,8.029219813400305
2011-12-13 22:00:00.000000157,13.043239164892054
2011-12-13 22:00:00.000000177,13.810517354319966
2011-12-13 22:00:00.000000169,10.578781775881081
2011-12-13 22:00:00.000000123,5.871208773247197
2011-12-13 22:00:00.000000182,27.57667295589746
2011-12-13 22:00:00.000000129,8.476962821610895
2011-12-13 22:00:00.000000136,29.721228128285393
2011-12-13 22:00:00.000000187,7.169590120140097
2011-12-13 22:00:00.000000218,9.26894661659412
2011-12-13 22:00:00.000000167,31.80246834024445
2011-12-13 22:00:00.000000192,11.951287783898447
2011-12-13 22:00:00.00000024,8.18426126856363
2011-12-13 22:00:00.00000093,10.428281944369296
2011-12-13 22:00:00.000000260,6.2239024401910035
2011-12-13 22:00:00.00000038,6.380409753981732
2011-12-13 22:00:00.000000208,7.755221558258542
2011-12-13 22:00:00.000000210,7.681944307065753
2011-12-13 22:00:00.000000181,7.421980894077142
2011-12-13 22:00:00.000000111,12.298540751615423
2011-12-13 22:00:00.000000161,16.505641391764428
2011-12-13 22:00:00.000000209,7.690407400008368
2011-12-13 22:00:00.00000029,7.772575880850221
2011-12-13 22:00:00.00000067,6.965226013536583
2011-12-13 22:00:00.000000202,6.165753921943034
2011-12-13 22:00:00.000000245,9.804585165795128
2011-12-13 22:00:00.000000206,11.457155788247118
2011-12-13 22:00:00.0000003,7.6576854114553825
2011-12-13 22:00:00.00000060,13.609658734410589
2011-12-13 22:00:00.00000053,7.7159963182514995
2011-12-13 22:00:00.000000201,9.301905855077441
2011-12-13 22:00:00.000000212,10.654594990445556
2011-12-13 22:00:00.000000235,18.85822103369702
2011-12-13 22:00:00.000000170,26.26908744184727
2011-12-13 22:00:00.000000253,7.131452315861877
2011-12-13 22:00:00.000000172,19.136681649342307
2011-12-13 22:00:00.00000086,6.381025632231221
2011-12-13 22:00:00.000000223,46.75383585688897
2011-12-13 22:00:00.0000009,14.517072583847053
2011-12-13 22:00:00.00000031,13.792334707482123
2011-12-13 22:00:00.000000243,10.077377334469753
2011-12-13 22:00:00.000000133,11.581031777693175
2011-12-13 22:00:00.000000199,8.867596875748946
2011-12-13 22:00:00.000000104,19.91848391724839
2011-12-13 22:00:00.00000023,48.45877725382471
2011-12-13 22:00:00.00000075,33.24778466220069
2011-12-13 22:00:00.000000217,6.1270866066883185
2011-12-13 22:00:00.000000220,8.873826929775838
2011-12-13 22:00:00.000000211,5.5752008344290855
2011-12-13 22:00:00.000000150,9.82875727765729
2011-12-13 22:00:00.00000020,6.577220342915822
2011-12-13 22:00:00.000000254,5.460462760488834
2011-12-13 22:00:00.000000183,8.47567360585288
2011-12-13 22:00:00.000000166,11.642705535810705
2011-12-13 22:00:00.00000063,8.263870187368614
2011-12-13 22:00:00.000000124,7.200500139981822
2011-12-13 22:00:00.000000219,9.816359035343627
2011-12-13 22:00:00.00000099,16.037920763088295
2011-12-13 22:00:00.00000041,8.981090231134464
2011-12-13 22:00:00.00000080,11.367916361190714
2011-12-13 22:00:00.000000216,25.582169248157605
2011-12-13 22:00:00.000000240,7.336731564220544
2011-12-13 22:00:00.000000153,9.650549318444199
2011-12-13 22:00:00.00000068,4.93699502340327
2011-12-13 22:00:00.000000263,9.8766436757667
2011-12-13 22:00:00.00000061,14.03044944070249
2011-12-13 22:00:00.000000162,6.956226923429981
2011-12-13 22:00:00.00000045,6.254963218522132
2011-12-13 22:00:00.000000193,14.427847734552456
2011-12-13 22:00:00.000000112,25.995377662216377
2011-12-13 22:00:00.000000165,7.4270966781163015
2011-12-13 22:00:00.000000255,13.721336538568496
2011-12-13 22:00:00.000000106,26.55664334117956
2011-12-13 22:00:00.000000125,16.50439309234602
2011-12-13 22:00:00.000000250,8.175569995004869
2011-12-13 22:00:00.0000006,6.976814447116403
2011-12-13 22:00:00.00000090,5.825430419565074
2011-12-13 22:00:00.00000055,6.282731207561226
2011-12-13 22:00:00.000000188,9.116616877669113
2011-12-13 22:00:00.000000259,13.941091982209588
2011-12-13 22:00:00.000000142,17.218249176751726
2011-12-13 22:00:00.000000155,9.221707868338157
2011-12-13 22:00:00.00000082,6.167668306468126
2011-12-13 22:00:00.00000069,10.220642222676908
2011-12-13 22:00:00.00000097,19.09204566352355
2011-12-13 22:00:00.000000107,23.621523260525628
2011-12-13 22:00:00.000000126,6.846739971422258
2011-12-13 22:00:00.00000012,11.681146731738789
2011-12-13 22:00:00.000000158,8.369383115372163
2011-12-13 22:00:00.000000196,8.248976590350258
2011-12-13 22:00:00.000000132,25.093990878269633
2011-12-13 22:00:00.000000244,8.161216790488778
2011-12-13 22:00:00.000000268,10.161591030998256
2011-12-13 22:00:00.00000064,7.079731864722624
2011-12-13 22:00:00.000000159,11.27618087405397
2011-12-13 22:00:00.000000163,20.08616457507037
2011-12-13 22:00:00.000000232,20.159379130116047
2011-12-13 22:00:00.0000007,5.107363116335492
2011-12-13 22:00:00.00000054,6.441559123482431
2011-12-13 22:00:00.000000230,22.294519533191917
2011-12-13 22:00:00.000000256,6.71028038460555
2011-12-13 22:00:00.000000146,7.5891536944837235
2011-12-13 22:00:00.000000265,9.547254877152191
2011-12-13 22:00:00.00000076,8.44016757807435
2011-12-13 22:00:00.00000062,18.17019082639412
2011-12-13 22:00:00.00000032,7.285519407136478
2011-12-13 22:00:00.000000213,7.378553668760283
2011-12-13 22:00:00.00000083,13.362741847507293
2011-12-13 22:00:00.00000026,17.368131129955266
2011-12-13 22:00:00.000000239,13.363971819182028
2011-12-13 22:00:00.000000233,12.030592906809767
2011-12-13 22:00:00.00000089,5.306839969230076
2011-12-13 22:00:00.000000267,9.221157487269826
2011-12-13 22:00:00.000000176,8.725294568105568
2011-12-13 22:00:00.000000139,6.659724280358349
2011-12-13 22:00:00.00000027,5.5596290073104155
2011-12-13 22:00:00.00000042,9.46986141967486
2011-12-13 22:00:00.000000241,14.704356077219433
2011-12-13 22:00:00.000000222,8.107213177749449
2012-03-12 09:50:24.0000001,4.151943574780177
2012-03-12 09:50:24.0000003,6.528809953590586
2012-03-12 09:50:24.0000002,7.303075818677243
2014-05-13 07:33:52.0000006,6.729565951614905
2014-05-13 07:33:52.0000004,7.678839366859338
2014-05-13 07:33:52.0000001,9.076482757528476
2014-05-13 07:33:52.0000002,6.671153397923502
2014-05-13 07:33:52.0000003,14.022884160589145
2011-06-30 09:37:08.0000002,9.907294964418565
2011-06-30 09:37:08.0000003,3.857994562937007
2012-09-18 17:13:40.0000002,7.656704766579583
2012-09-18 17:13:40.0000001,7.4329138832380455
2011-06-07 12:11:56.0000004,24.125368845912906
2011-06-07 12:11:56.0000001,10.614002861200223
2011-06-07 12:11:56.0000003,26.155999399464733
2011-06-07 12:11:56.0000002,5.603247888106697
2011-06-07 12:11:56.0000005,6.991402702422425
2010-05-21 23:04:44.0000002,18.671208656921443
2010-05-21 23:04:44.0000001,14.489609193859831
2009-01-28 16:36:28.0000002,5.424502428004043
2009-01-28 16:36:28.0000003,49.1442064034286
2009-01-28 16:36:28.0000005,6.23018889322875
2009-01-28 16:36:28.0000006,8.902112554937684
2009-01-28 16:36:28.0000001,4.679810733737417
2012-03-12 02:58:56.0000001,18.779174228866044
2010-07-21 22:06:12.0000005,9.346627483104987
2010-07-21 22:06:12.0000003,7.959380718275701
2010-07-21 22:06:12.0000001,22.41371523882811
2010-07-21 22:06:12.0000002,12.809704339761307
2009-04-12 16:00:56.0000001,10.649517090999131
2013-05-24 13:37:32.0000001,7.420973921511097
2011-07-29 20:50:36.0000001,13.491531758941438
2011-07-29 20:50:36.0000003,19.534078766908422
2011-07-29 20:50:36.0000002,6.290804007371672
2014-03-05 21:07:12.0000003,13.92088864833266
2014-03-05 21:07:12.0000004,9.661270987172017
2009-11-28 15:07:24.0000004,52.74969956824958
2009-11-28 15:07:24.0000001,13.289027540157896
2009-11-28 15:07:24.0000003,6.061992420286943
2015-04-11 14:16:12.0000003,6.904060790318638
2015-04-11 14:16:12.00000010,6.744905517707302
2015-04-11 14:16:12.00000011,7.540621592807399
2015-04-11 14:16:12.0000001,8.103489944818527
2015-04-11 14:16:12.0000002,7.615997155728834
2015-04-11 14:16:12.0000006,50.859700410507386
2015-04-11 14:16:12.0000007,7.206923630689142
2015-04-11 14:16:12.0000008,10.264361851426631
2014-11-15 10:57:20.0000002,6.053258593709119
2014-11-15 10:57:20.0000001,7.978267124851973
2010-07-31 15:47:28.0000001,4.864307208965344
2014-05-12 20:56:48.0000005,7.279285588878499
2014-05-12 20:56:48.0000001,9.632528175013116
2014-05-12 20:56:48.0000004,4.517711935502055
2014-05-12 20:56:48.0000003,8.883922222450906
2014-05-12 20:56:48.0000002,11.495532354580265
2014-01-16 06:00:48.0000001,12.971384208712907
2014-04-23 11:18:40.0000003,9.991219224579938
2014-04-23 11:18:40.0000002,8.922021225872642
2014-04-23 11:18:40.0000001,10.040196431975605
2011-09-22 04:49:56.0000001,35.1445936297484
2011-10-28 07:35:52.0000003,6.933353710025543
2011-10-28 07:35:52.0000002,11.328964775525254
2011-10-28 07:35:52.0000001,7.32270437211479
2015-05-10 19:54:00.0000001,10.414159483594922
2015-05-10 19:54:00.0000003,8.229176554837853
2015-05-10 19:54:00.0000005,10.42131251454591
2015-05-10 19:54:00.0000004,11.66862795204565
2011-03-28 23:18:48.0000001,11.714707572493518
2014-08-26 01:31:04.0000001,26.075171308295733
2015-02-26 15:55:48.0000004,11.538787657932167
2015-02-26 15:55:48.0000003,9.89573090119105
2015-02-26 15:55:48.0000002,7.330828583862289
2013-11-22 15:36:36.0000002,5.988617491804643
2010-02-13 11:03:04.0000002,5.88186895983554
2010-02-13 11:03:04.0000001,4.536779553706539
2010-02-13 11:03:04.0000004,6.057544751350855
2010-02-13 11:03:04.0000003,5.418244134534208
2011-06-26 18:48:08.0000004,9.719159899169988
2011-06-26 18:48:08.0000005,16.129880292032837
2011-06-26 18:48:08.0000002,5.059325347947215
2011-06-26 18:48:08.0000001,7.8939249185354505
2010-10-14 23:48:56.0000001,7.070967422144115
2010-10-14 23:48:56.0000002,47.1311104148639
2010-10-14 23:48:56.0000003,12.881797130245003
2010-10-14 23:48:56.0000004,6.639816409541309
2011-01-22 07:48:28.0000001,9.145119379538816
2011-10-17 18:49:20.0000003,14.96285639295941
2011-10-17 18:49:20.0000002,6.285820865301045
2011-10-17 18:49:20.0000005,9.126228183279752
2009-03-24 16:39:12.0000002,8.713969580360864
2009-03-24 16:39:12.0000004,7.200205211968916
2009-03-24 16:39:12.0000003,9.723074452281281
2009-03-24 16:39:12.0000001,5.143295649400919
2014-07-21 18:19:00.000000102,9.002259056873871
2014-07-21 18:19:00.000000106,9.691678765712219
2014-07-21 18:19:00.000000107,7.438817766915608
2014-07-21 18:19:00.00000094,44.09459246715208
2014-07-21 18:19:00.000000161,8.241996325053574
2014-07-21 18:19:00.000000129,14.292392568167507
2014-07-21 18:19:00.00000083,7.423228385143425
2014-07-21 18:19:00.000000163,13.868900930168758
2014-07-21 18:19:00.000000117,11.940668418284616
2014-07-21 18:19:00.00000028,6.291869805987394
2014-07-21 18:19:00.00000089,13.104487313605258
2014-07-21 18:19:00.000000130,7.736959259381512
2014-07-21 18:19:00.000000105,7.5878068086192165
2014-07-21 18:19:00.000000123,14.912032046239286
2014-07-21 18:19:00.000000103,48.72791187201412
2014-07-21 18:19:00.000000227,5.169452062786253
2014-07-21 18:19:00.000000189,10.76553910086302
2014-07-21 18:19:00.000000168,9.814899712661894
2014-07-21 18:19:00.000000173,10.421367035985336
2014-07-21 18:19:00.000000128,13.957969943989914
2014-07-21 18:19:00.000000143,24.753194435685778
2014-07-21 18:19:00.00000018,19.33956059223771
2014-07-21 18:19:00.00000049,9.998596565757273
2014-07-21 18:19:00.00000022,8.000443596678597
2014-07-21 18:19:00.000000200,8.830388219098056
2014-07-21 18:19:00.000000193,9.774405613742369
2014-07-21 18:19:00.000000231,9.627064951135921
2014-07-21 18:19:00.000000202,12.816626954780325
2014-07-21 18:19:00.00000092,26.053486535635564
2014-07-21 18:19:00.000000148,7.560588870522912
2014-07-21 18:19:00.00000057,6.7801782402575945
2014-07-21 18:19:00.00000074,8.617468986701313
2014-07-21 18:19:00.000000183,12.930326296899036
2014-07-21 18:19:00.000000221,19.323110204159867
2014-07-21 18:19:00.00000078,8.211615683512605
2014-07-21 18:19:00.00000058,8.73178865252975
2014-07-21 18:19:00.000000214,8.77182161701323
2014-07-21 18:19:00.000000122,9.59747802913826
2014-07-21 18:19:00.000000137,6.1665159101950975
2014-07-21 18:19:00.00000027,9.116032549400606
2014-07-21 18:19:00.00000047,19.642337659459933
2014-07-21 18:19:00.00000061,11.741503851668032
2014-07-21 18:19:00.000000196,10.924949739406822
2014-07-21 18:19:00.000000125,14.593896638580361
2014-07-21 18:19:00.000000126,17.10630092882139
2014-07-21 18:19:00.000000145,6.488629729245658
2014-07-21 18:19:00.00000080,13.181464776337585
2014-07-21 18:19:00.00000055,9.435936053453556
2014-07-21 18:19:00.00000066,10.03280754546522
2014-07-21 18:19:00.000000111,7.648172155252242
2014-07-21 18:19:00.00000042,8.43398984744309
2014-07-21 18:19:00.000000215,9.38630407271686
2014-07-21 18:19:00.00000043,22.936273926090863
2014-07-21 18:19:00.000000119,16.98372463333557
2014-07-21 18:19:00.000000115,11.987434785234743
2014-07-21 18:19:00.0000009,10.548757278061231
2014-07-21 18:19:00.00000075,10.173289525865593
2014-07-21 18:19:00.000000118,6.067577037396935
2014-07-21 18:19:00.00000038,16.818533406477492
2014-07-21 18:19:00.000000124,11.009879023219904
2014-07-21 18:19:00.000000242,11.57864621872957
2014-07-21 18:19:00.00000019,8.699766902707315
2014-07-21 18:19:00.00000056,12.233284069625777
2014-07-21 18:19:00.000000239,8.189511660488662
2014-07-21 18:19:00.000000101,9.971701466090845
2014-07-21 18:19:00.000000216,32.49896787435391
2014-07-21 18:19:00.000000198,7.533366367845366
2014-07-21 18:19:00.000000174,25.417970835891015
2014-07-21 18:19:00.00000070,7.550732783627457
2014-07-21 18:19:00.0000004,11.521377812679704
2014-07-21 18:19:00.000000135,10.924897820197977
2014-07-21 18:19:00.000000165,9.052473270649495
2014-07-21 18:19:00.00000010,11.10266744077472
2014-07-21 18:19:00.000000211,8.20241671826795
2014-07-21 18:19:00.000000190,8.402170559571138
2014-07-21 18:19:00.00000021,7.975058675301614
2014-07-21 18:19:00.000000204,7.934392094791907
2014-07-21 18:19:00.000000112,8.44644935708854
2014-07-21 18:19:00.000000169,18.572019686201322
2014-07-21 18:19:00.000000226,8.357781856233741
2014-07-21 18:19:00.000000109,8.307806943394889
2014-07-21 18:19:00.000000113,17.02615879519926
2014-07-21 18:19:00.000000127,17.979142560722597
2014-07-21 18:19:00.000000182,11.37838895161336
2014-07-21 18:19:00.00000036,9.362043227644318
2014-07-21 18:19:00.000000220,6.135991954464395
2014-07-21 18:19:00.000000121,7.854417861328655
2014-07-21 18:19:00.00000050,9.394903710673015
2014-07-21 18:19:00.000000178,7.216394623197308
2014-07-21 18:19:00.000000166,9.46929012532755
2014-07-21 18:19:00.000000224,7.57706905006866
2014-07-21 18:19:00.000000134,7.871825954803096
2014-07-21 18:19:00.000000195,12.526090083115049
2014-07-21 18:19:00.00000015,28.062481127321934
2014-07-21 18:19:00.0000005,45.03433662751881
2014-07-21 18:19:00.000000120,13.5702667266296
2014-07-21 18:19:00.000000133,9.000647119772257
2014-07-21 18:19:00.00000044,9.742295375415154
2014-07-21 18:19:00.000000233,8.121548278042678
2014-07-21 18:19:00.00000063,11.120521867661747
2014-07-21 18:19:00.000000167,11.797802901822122
2014-07-21 18:19:00.000000208,7.722005507601471
2014-07-21 18:19:00.00000030,11.732721373594513
2014-07-21 18:19:00.00000098,7.817770539432752
2014-07-21 18:19:00.000000179,8.425923203238185
2014-07-21 18:19:00.000000219,7.289559733372534
2014-07-21 18:19:00.0000006,6.777174894476631
2014-07-21 18:19:00.0000008,12.362085876758224
2014-07-21 18:19:00.00000031,23.595998157196274
2014-07-21 18:19:00.000000225,7.973805418594958
2014-07-21 18:19:00.000000235,9.830614880369843
2014-07-21 18:19:00.000000104,10.708714729926486
2014-07-21 18:19:00.00000011,6.461411357472561
2014-07-21 18:19:00.00000026,7.386089277555302
2014-07-21 18:19:00.000000228,7.576418108294398
2014-07-21 18:19:00.000000154,8.819710949145566
2014-07-21 18:19:00.000000240,7.697622112900916
2014-07-21 18:19:00.00000069,14.357538581143913
2014-07-21 18:19:00.000000210,8.684965081968594
2014-07-21 18:19:00.00000097,26.82568475544174
2014-07-21 18:19:00.000000136,8.943927607587332
2014-07-21 18:19:00.000000150,10.92489291428475
2014-07-21 18:19:00.00000060,6.010332173366408
2014-07-21 18:19:00.00000073,6.9519294781120475
2014-07-21 18:19:00.000000177,13.826988494263805
2014-07-21 18:19:00.000000222,9.136711812253955
2014-07-21 18:19:00.0000003,16.866412514700443
2014-07-21 18:19:00.00000012,6.93523537766375
2014-07-21 18:19:00.000000139,7.775666729800887
2014-07-21 18:19:00.000000194,10.95719974503857
2014-07-21 18:19:00.00000014,10.003967436861707
2014-07-21 18:19:00.00000051,8.158781266749797
2014-07-21 18:19:00.000000218,6.358901122546545
2014-07-21 18:19:00.000000181,7.866658885109913
2014-07-21 18:19:00.000000114,12.65043119835531
2014-07-21 18:19:00.00000072,8.936083164414594
2014-07-21 18:19:00.000000213,8.441066367071887
2014-07-21 18:19:00.00000064,6.558941245037789
2012-12-07 16:13:08.0000001,15.830957648241471
2011-06-13 09:55:04.0000005,8.687890557692755
2011-06-13 09:55:04.0000004,4.836872736005844
2011-06-13 09:55:04.0000001,10.412333306490847
2014-12-27 22:31:56.0000002,12.77726023872735
2014-11-24 09:50:20.0000001,6.888257504862954
2014-11-24 09:50:20.0000002,16.767362206420156
2015-02-17 12:29:52.0000003,7.990516465286419
2015-02-17 12:29:52.0000002,9.145744278958983
2015-02-17 12:29:52.0000004,14.393596213485612
2015-02-17 12:29:52.0000001,6.833239259040324
2010-02-21 21:57:20.0000001,3.4940836530454042
2010-02-21 21:57:20.0000002,4.462460529565958
2010-09-20 16:48:00.000000101,11.64871369151771
2010-09-20 16:48:00.000000140,7.393233031206687
2010-09-20 16:48:00.00000052,6.048658757927671
2010-09-20 16:48:00.00000038,10.466927129869346
2010-09-20 16:48:00.000000135,7.827887182279965
2010-09-20 16:48:00.000000145,9.30044714690366
2010-09-20 16:48:00.00000090,10.90989946086215
2010-09-20 16:48:00.00000088,33.51254877974682
2010-09-20 16:48:00.000000161,15.380342376445128
2010-09-20 16:48:00.000000160,7.702404677746655
2010-09-20 16:48:00.00000012,6.616299458913165
2010-09-20 16:48:00.00000028,48.28572964730536
2010-09-20 16:48:00.000000117,23.538424602022523
2010-09-20 16:48:00.00000018,5.271663632425947
2010-09-20 16:48:00.00000059,8.670076475250617
2010-09-20 16:48:00.00000061,5.1456904235114775
2010-09-20 16:48:00.00000037,6.156742293875022
2010-09-20 16:48:00.000000133,11.880716364632288
2010-09-20 16:48:00.000000141,9.304752268336454
2010-09-20 16:48:00.000000113,27.889935611328404
2010-09-20 16:48:00.00000067,16.76663022717102
2010-09-20 16:48:00.00000066,28.93501194726867
2010-09-20 16:48:00.000000128,11.06443679402538
2010-09-20 16:48:00.000000109,9.68862965558279
2010-09-20 16:48:00.000000167,33.85844785977873
2010-09-20 16:48:00.00000065,5.711964276298904
2010-09-20 16:48:00.000000157,40.03618444938884
2010-09-20 16:48:00.00000045,11.038080282584053
2010-09-20 16:48:00.00000054,8.017689104855787
2010-09-20 16:48:00.00000076,6.225173558060289
2010-09-20 16:48:00.000000125,13.697204028520847
2010-09-20 16:48:00.00000031,12.303927210168112
2010-09-20 16:48:00.000000105,5.850481298588004
2010-09-20 16:48:00.00000017,8.016814443288501
2010-09-20 16:48:00.000000127,5.7894647999373365
2010-09-20 16:48:00.000000149,46.52803788444511
2010-09-20 16:48:00.00000039,22.904515237394435
2010-09-20 16:48:00.00000095,43.46463133179503
2010-09-20 16:48:00.00000062,7.798874223409238
2010-09-20 16:48:00.00000029,7.324753074296059
2010-09-20 16:48:00.000000155,24.78661792996145
2010-09-20 16:48:00.000000123,7.31462314639887
2010-09-20 16:48:00.00000020,9.680954548847879
2010-09-20 16:48:00.0000003,9.967292115750842
2010-09-20 16:48:00.000000102,5.743904243840545
2010-09-20 16:48:00.00000096,7.811621768630385
2010-09-20 16:48:00.00000087,9.434508556085555
2010-09-20 16:48:00.00000063,25.995098195493135
2010-09-20 16:48:00.00000078,7.048957904180115
2010-09-20 16:48:00.00000049,4.702452541366062
2010-09-20 16:48:00.000000115,16.883653155971842
2010-09-20 16:48:00.00000080,9.555209992846892
2010-09-20 16:48:00.00000046,20.670790808608146
2010-09-20 16:48:00.00000048,7.735286540833133
2010-09-20 16:48:00.00000033,23.935563287640676
2010-09-20 16:48:00.000000136,5.7949994711718515
2010-09-20 16:48:00.00000032,15.934805391259836
2010-09-20 16:48:00.00000082,16.663631021343033
2010-09-20 16:48:00.00000091,13.565121204499828
2010-09-20 16:48:00.00000051,30.885182079193466
2010-09-20 16:48:00.000000107,9.552804960985968
2010-09-20 16:48:00.000000150,6.371318378024345
2010-09-20 16:48:00.00000070,6.080786300791449
2010-09-20 16:48:00.000000165,21.85045741570628
2010-09-20 16:48:00.00000097,30.088915261865868
2010-09-20 16:48:00.00000075,6.283640772854589
2010-09-20 16:48:00.000000164,10.083379811505228
2010-09-20 16:48:00.000000162,5.496450406109064
2010-09-20 16:48:00.00000026,6.351831149855811
2010-09-20 16:48:00.000000126,8.946224075831061
2010-09-20 16:48:00.00000077,13.631185814125992
2010-09-20 16:48:00.000000138,6.512380446007491
2010-09-20 16:48:00.000000118,21.676751352644658
2010-09-20 16:48:00.00000011,14.926315469805466
2010-09-20 16:48:00.00000073,17.70747302930654
2010-09-20 16:48:00.000000120,7.080352249881261
2010-09-20 16:48:00.00000034,22.336104216767055
2010-09-20 16:48:00.00000057,9.44923976744476
2010-09-20 16:48:00.00000044,14.895397580198132
2010-09-20 16:48:00.00000079,8.867311282319234
2010-09-20 16:48:00.00000013,10.928618243909987
2010-09-20 16:48:00.00000060,6.73180080720144
2010-09-20 16:48:00.00000098,24.897670702259177
2010-09-20 16:48:00.00000022,5.036669433391937
2010-09-20 16:48:00.00000043,11.530161735000943
2010-09-20 16:48:00.000000130,5.3697453558109185
2010-09-20 16:48:00.00000094,11.683913760542806
2010-09-20 16:48:00.000000153,13.834218887117864
2010-09-20 16:48:00.0000009,15.631622330770737
2010-09-20 16:48:00.000000119,7.631256198235473
2010-09-20 16:48:00.00000089,4.085904802618086
2010-09-20 16:48:00.00000053,12.588757250199881
2010-09-20 16:48:00.00000014,10.941012787032076
2010-09-20 16:48:00.00000093,13.450470493525135
2010-09-20 16:48:00.000000144,7.814254704517053
2010-09-20 16:48:00.00000030,20.078834199966863
2010-09-20 16:48:00.000000147,21.231780403212973
2010-09-20 16:48:00.000000108,15.670535167744614
2010-09-20 16:48:00.00000064,6.752948382541448
2010-09-20 16:48:00.00000010,11.966268138588845
2010-09-20 16:48:00.00000042,11.0814440119734
2012-04-01 22:22:28.0000001,4.887997109884642
2012-03-05 09:19:32.0000001,7.003742496831081
2012-03-05 09:19:32.0000002,7.4358477887061945
2012-03-05 09:19:32.0000005,49.01505178296114
2012-03-05 09:19:32.0000003,8.999967807803372
2012-03-05 09:19:32.0000004,6.999048284670858
2012-08-20 14:47:36.0000003,7.514760014790237
2012-08-20 14:47:36.0000004,43.632426914569976
2011-12-01 01:36:08.0000002,6.684751094171601
2013-06-21 11:33:28.0000002,8.277146614230613
2013-06-21 11:33:28.0000004,8.190861972588202
2013-06-21 11:33:28.0000001,7.204193324381436
2013-06-21 11:33:28.0000003,14.058087529568695
2013-04-10 11:33:28.0000001,15.530842218104286
2013-04-10 11:33:28.0000002,9.845823940593222
2014-03-29 14:59:28.0000003,5.475642231722839
2014-03-29 14:59:28.0000002,7.558241609188384
2010-04-05 06:01:24.0000001,7.098019994527997
2014-12-01 00:12:44.0000001,28.97476386675382
2012-08-01 18:54:24.0000001,9.101176637728164
2012-08-01 18:54:24.0000002,7.026914749166165
2012-08-01 18:54:24.0000003,7.676318838507143
2013-07-13 18:28:20.0000005,7.324268092364806
2013-07-13 18:28:20.0000001,6.574255465792184
2013-07-13 18:28:20.0000002,8.76455050289622
2013-07-13 18:28:20.0000004,8.874128904743761
2014-03-06 04:23:32.0000001,9.491021405478437
2014-10-07 19:04:08.0000002,11.689244672650027
2014-10-07 19:04:08.0000005,11.416387321682611
2014-10-07 19:04:08.0000006,6.3264300535724765
2014-10-07 19:04:08.0000004,7.147816928936489
2013-08-21 09:32:24.0000002,9.42255932754006
2013-08-21 09:32:24.0000004,11.97247937435339
2013-08-21 09:32:24.0000003,10.312006791841188
2015-01-26 07:13:44.0000006,9.112587097972051
2015-01-26 07:13:44.0000002,10.244735798091627
2015-01-26 07:13:44.0000004,8.647702278748778
2015-01-26 07:13:44.0000003,11.101099560621625
2009-03-16 09:55:24.0000003,4.836895377504355
2009-03-16 09:55:24.0000005,3.9247812285934964
2009-03-16 09:55:24.0000004,8.841461778309329
2009-03-16 09:55:24.0000006,6.0872562638417715
2009-03-16 09:55:24.0000002,3.9766342994069994
2011-03-06 21:01:00.000000150,7.277253911889285
2011-03-06 21:01:00.00000026,4.677185428182651
2011-03-06 21:01:00.000000148,7.317941470543187
2011-03-06 21:01:00.00000088,6.117811726437172
2011-03-06 21:01:00.00000098,6.283969559958741
2011-03-06 21:01:00.00000054,11.791491416021952
2011-03-06 21:01:00.000000101,10.551191265635088
2011-03-06 21:01:00.000000175,8.365238989340531
2011-03-06 21:01:00.00000029,9.877785888746386
2011-03-06 21:01:00.000000106,6.681387370902219
2011-03-06 21:01:00.00000099,7.001393574926434
2011-03-06 21:01:00.000000158,8.052242318735164
2011-03-06 21:01:00.000000130,6.101117565419345
2011-03-06 21:01:00.00000027,6.772501379739194
2011-03-06 21:01:00.00000032,23.168438785030048
2011-03-06 21:01:00.000000111,14.180187529084076
2011-03-06 21:01:00.00000024,11.130655221987965
2011-03-06 21:01:00.000000118,9.284495631326958
2011-03-06 21:01:00.00000016,8.237814443784803
2011-03-06 21:01:00.00000066,11.097126859616125
2011-03-06 21:01:00.000000133,13.613207274590057
2011-03-06 21:01:00.00000070,5.981926725642063
2011-03-06 21:01:00.000000104,6.568212208946542
2011-03-06 21:01:00.00000076,9.621279157261455
2011-03-06 21:01:00.000000141,7.03250619497869
2011-03-06 21:01:00.000000145,6.379464667304844
2011-03-06 21:01:00.000000143,6.975146646557561
2011-03-06 21:01:00.00000092,5.831792273441226
2011-03-06 21:01:00.00000080,5.877766284728551
2011-03-06 21:01:00.00000015,22.29641654010131
2011-03-06 21:01:00.000000153,15.811983872169776
2011-03-06 21:01:00.00000093,10.485035204591027
2011-03-06 21:01:00.000000162,30.47052348537449
2011-03-06 21:01:00.00000062,7.955760079853317
2011-03-06 21:01:00.000000129,16.653049837298223
2011-03-06 21:01:00.000000107,18.974715715358236
2011-03-06 21:01:00.00000045,5.474975246116087
2011-03-06 21:01:00.000000115,11.946139324614666
2011-03-06 21:01:00.0000002,3.970307147535464
2011-03-06 21:01:00.00000044,7.688288343299385
2011-03-06 21:01:00.000000167,6.994941007042033
2011-03-06 21:01:00.000000169,4.878738042993909
2011-03-06 21:01:00.00000067,42.41776390652073
2011-03-06 21:01:00.0000007,6.042423282117277
2011-03-06 21:01:00.000000135,48.654607165032246
2011-03-06 21:01:00.000000128,15.45856057083288
2011-03-06 21:01:00.0000004,7.04114357667769
2011-03-06 21:01:00.00000010,9.587279786017364
2011-03-06 21:01:00.000000151,10.290755369186416
2011-03-06 21:01:00.00000055,9.06700552705227
2011-03-06 21:01:00.00000095,8.495465277611945
2011-03-06 21:01:00.000000102,10.664446268125536
2011-03-06 21:01:00.00000034,10.76595581881508
2011-03-06 21:01:00.000000108,4.963932716067469
2011-03-06 21:01:00.00000012,5.829766767093872
2011-03-06 21:01:00.00000085,4.890164658827307
2011-03-06 21:01:00.0000001,9.32955883221121
2011-03-06 21:01:00.00000035,5.406393545750636
2011-03-06 21:01:00.00000097,10.298337056051334
2011-03-06 21:01:00.000000105,8.41761040960704
2011-03-06 21:01:00.00000020,11.352534942318144
2011-03-06 21:01:00.000000114,4.494812245935437
2011-03-06 21:01:00.00000038,4.863438489128312
2011-03-06 21:01:00.0000006,10.53323842334952
2011-03-06 21:01:00.00000086,9.055794259920619
2011-03-06 21:01:00.00000049,6.246917020791968
2011-03-06 21:01:00.000000147,6.866630595309005
2011-03-06 21:01:00.00000040,5.102189251259469
2011-03-06 21:01:00.00000064,7.186407393782057
2011-03-06 21:01:00.00000061,19.105653383267043
2011-03-06 21:01:00.0000005,4.757352672848713
2011-03-06 21:01:00.0000009,6.766519850823579
2011-03-06 21:01:00.00000042,6.207963273147829
2011-03-06 21:01:00.00000022,24.31049517129853
2011-03-06 21:01:00.00000021,17.41973451552593
2011-03-06 21:01:00.00000094,5.676641038157865
2011-03-06 21:01:00.000000156,7.9906825769951215
2011-03-06 21:01:00.00000072,5.516394508387003
2011-03-06 21:01:00.00000031,14.740483263367997
2011-03-06 21:01:00.00000089,7.3909325601399205
2011-03-06 21:01:00.00000023,11.443368619312555
2011-03-06 21:01:00.00000046,4.557442035264567
2011-03-06 21:01:00.00000087,5.794724328834978
2011-03-06 21:01:00.00000053,13.757078875790876
2011-03-06 21:01:00.0000008,5.537224275175121
2011-03-06 21:01:00.000000157,6.3202407471777
2011-03-06 21:01:00.00000077,11.738709565259356
2011-03-06 21:01:00.00000073,8.52305746850568
2011-03-06 21:01:00.00000047,4.621948319566861
2011-03-06 21:01:00.000000172,7.108001081539613
2011-03-06 21:01:00.00000084,11.061662868044161
2011-03-06 21:01:00.000000122,8.350556537787353
2011-03-06 21:01:00.000000154,15.772862088839496
2011-03-06 21:01:00.000000136,10.449084441722903
2011-03-06 21:01:00.00000075,4.332399957783749
2011-03-06 21:01:00.00000014,6.986919591793263
2009-09-04 20:52:28.0000002,5.522187315286187
2009-09-04 20:52:28.0000003,5.342341047512164
2009-09-04 20:52:28.0000004,5.24721327077029
2009-09-04 20:52:28.0000001,5.045885216971275
2013-09-25 05:52:12.0000002,13.041121815729705
2013-09-25 05:52:12.0000001,31.88726458682214
2010-04-16 10:32:24.0000002,7.492529790229536
2010-04-16 10:32:24.0000001,23.010468177471694
2011-10-12 07:24:40.0000001,11.029785166878158
2011-10-12 07:24:40.0000003,8.72473639413875
2011-10-12 07:24:40.0000002,22.723107459343822
2010-06-13 13:34:56.0000001,7.575210891099417
2011-11-20 02:39:04.0000002,17.216263347909862
2011-11-20 02:39:04.0000001,5.075459356157111
2010-12-13 06:42:16.0000002,4.771139867093947
2010-12-13 06:42:16.0000001,9.262368651891896
2009-11-24 08:58:48.0000003,7.5248885604553415
2009-11-24 08:58:48.0000001,4.933098543807702
2009-11-24 08:58:48.0000006,4.32898713166443
2009-11-24 08:58:48.0000002,8.104120391240063
2009-11-24 08:58:48.0000005,7.820084897043351
2009-11-24 08:58:48.0000007,9.361068901958545
2014-09-22 07:14:16.0000002,15.823919504749608
2011-05-30 09:32:56.0000001,7.602784166209128
2012-09-21 05:41:36.0000001,5.602714910452595
2010-11-22 19:30:04.0000002,9.894024270070975
2010-11-22 19:30:04.0000001,11.507973959985215
2010-10-05 02:09:00.0000005,6.607243518462912
2010-10-05 02:09:00.0000006,27.40562131702363
2010-10-05 02:09:00.0000007,12.169481553976693
2010-10-05 02:09:00.00000018,27.276403051775887
2010-10-05 02:09:00.00000011,23.54636750530281
2010-10-05 02:09:00.00000023,13.41204991942922
2010-10-05 02:09:00.00000012,11.248316376001203
2010-10-05 02:09:00.00000022,5.559402925867485
2010-10-05 02:09:00.00000013,20.75876156955173
2010-10-05 02:09:00.0000003,21.83481516580533
2010-10-05 02:09:00.00000010,5.990551893292818
2010-10-05 02:09:00.0000001,7.360112726735727
2010-10-05 02:09:00.00000021,6.997098500539595
2010-10-05 02:09:00.0000008,16.269567530624172
2010-10-05 02:09:00.00000027,7.7702011483374465
2010-10-05 02:09:00.0000002,19.103645429319204
2010-10-05 02:09:00.00000015,7.04281564899795
2014-08-23 16:30:24.0000002,8.614118133915671
2014-08-23 16:30:24.0000001,7.687468851186882
2012-03-15 08:17:36.0000001,8.887837249510222
2012-03-15 08:17:36.0000002,7.000827285449149
2012-03-15 08:17:36.0000005,18.187010227558602
2012-03-15 08:17:36.0000004,17.299159524133714
2012-03-15 08:17:36.0000003,6.512097550456973
2013-10-04 02:53:20.0000001,8.367721989698127
2013-10-04 02:53:20.0000002,5.141685758941167
2009-03-28 15:09:20.0000001,8.313004855889863
2009-03-28 15:09:20.0000003,16.934423042950915
2009-03-28 15:09:20.0000002,14.33648955493047
2012-01-25 22:43:44.0000003,13.474680382854384
2012-01-25 22:43:44.0000004,9.630457594173638
2012-01-25 22:43:44.0000002,6.021784615462613
2012-01-25 22:43:44.0000001,18.816212079142794
2011-07-21 07:51:32.0000002,6.733324185444262
2011-07-21 07:51:32.0000003,12.684225168773562
2011-07-21 07:51:32.0000001,6.884486926398871
2010-12-01 22:04:52.0000001,9.359756505423224
2013-06-23 02:54:32.0000003,7.721606488841217
2013-06-23 02:54:32.0000002,7.82610907134287
2014-03-24 22:36:24.0000004,10.85981734326533
2014-03-24 22:36:24.0000002,9.943785741907883
2014-03-24 22:36:24.0000001,7.172457962887036
2014-03-24 22:36:24.0000003,9.995058529093704
2013-09-13 01:54:20.0000001,9.162182652894922
2013-10-14 18:30:36.0000003,14.606010860142282
2013-10-14 18:30:36.0000002,7.766078213176701
2013-10-14 18:30:36.0000004,12.30717083750421
2013-10-14 18:30:36.0000001,6.181879557154566
2013-11-18 15:07:28.0000006,10.333771779344348
2013-11-18 15:07:28.0000004,49.083670194229754
2013-11-18 15:07:28.0000001,6.91920673801123
2013-11-18 15:07:28.0000005,6.423954018246727
2013-11-18 15:07:28.0000002,8.813443153553287
2011-02-20 23:35:12.0000001,8.507423295381042
2011-02-20 23:35:12.0000004,9.289070083222501
2011-02-20 23:35:12.0000005,19.440422333176112
2011-02-20 23:35:12.0000003,12.919827185974642
2011-02-20 23:35:12.0000002,14.299190912071998
2010-02-06 19:59:16.0000001,10.872026697489675
2012-03-10 02:36:04.0000003,11.663861436529531
2012-03-10 02:36:04.0000002,11.912690486637107
2012-03-10 02:36:04.0000001,6.4096233780117124
2014-04-13 17:35:52.0000002,8.189181606677339
2010-04-04 21:59:56.0000002,7.5631979952256865
2010-04-04 21:59:56.0000001,13.272526669482172
2010-04-04 21:59:56.0000003,11.635166388800442
2010-04-04 21:59:56.0000004,5.6088537412170805
2013-03-23 04:51:12.0000001,17.341027111887264
2010-06-29 00:22:24.0000002,50.27299849488854
2010-06-29 00:22:24.0000001,5.048207463843697
2011-10-17 12:37:56.0000002,6.275482346343399
2011-10-17 12:37:56.0000001,8.355785797190261
2012-01-30 19:07:52.0000003,11.642733247492496
2012-01-30 19:07:52.0000002,7.753373442863121
2012-01-30 19:07:52.0000004,11.031008983068656
2012-01-30 19:07:52.0000001,6.904640574460151
2012-01-30 19:07:52.0000005,10.397274847043082
2011-05-30 01:44:40.0000001,8.90315433824743
2011-05-30 01:44:40.0000002,6.1382235800727525
2011-02-08 01:04:08.0000001,9.084898225830923
2012-05-23 16:25:16.0000002,6.8500829936791785
2011-09-20 18:02:28.0000001,4.971844334780028
2009-10-08 10:04:36.0000001,26.825397995762888
2009-10-08 10:04:36.0000003,10.04910341609737
2009-10-08 10:04:36.0000002,23.555909842455172
2010-07-02 22:03:04.0000002,12.958843590212133
2010-07-02 22:03:04.0000001,12.137306543064906
2012-05-03 14:11:36.0000002,7.132740607454933
2012-05-03 14:11:36.0000005,11.171696287086004
2012-05-03 14:11:36.0000004,22.56193426538869
2012-05-03 14:11:36.0000003,15.26254858910045
2012-05-03 14:11:36.0000001,6.817672967358833
2013-04-04 16:31:56.0000001,17.587928439725406
2013-04-04 16:31:56.0000002,9.242416346187122
2009-12-02 15:59:56.0000001,22.305400937983258
2009-12-02 15:59:56.0000002,5.9032022174672045
2010-01-03 02:03:40.0000002,7.650780931117872
2010-01-03 02:03:40.0000003,6.96993538247727
2011-08-21 10:54:24.0000003,8.774971921718253
2011-08-21 10:54:24.0000002,67.32900520783372
2011-08-21 10:54:24.0000001,15.38452585109575
2011-01-30 14:38:24.0000003,5.298907232683925
2011-01-30 14:38:24.0000002,13.760225660594624
2011-04-16 21:23:16.0000004,17.58753495397083
2011-04-16 21:23:16.0000002,9.886857870371674
2011-04-16 21:23:16.0000006,5.48904231670325
2013-10-05 19:51:04.0000006,8.723088645601614
2013-10-05 19:51:04.0000005,12.524829775546328
2013-10-05 19:51:04.0000003,14.559670454099217
2013-10-05 19:51:04.0000002,13.29354913765058
2014-10-31 08:17:44.0000002,9.544066138011091
2014-10-31 08:17:44.0000004,9.509161489619501
2014-10-31 08:17:44.0000005,9.829615720092452
2014-10-31 08:17:44.0000001,10.071200115206787
2014-10-31 08:17:44.0000003,18.586399600207265
2009-05-31 21:24:56.0000001,13.286578200187163
2014-06-04 01:50:40.0000001,11.555068399430501
2009-07-14 17:59:12.0000001,5.633302016499648
2009-07-14 17:59:12.0000003,4.697267559236319
2012-12-05 16:33:52.0000002,12.956561046119067
2012-12-05 16:33:52.0000001,31.01369970112687
2009-12-18 12:37:04.0000005,7.9592141806879875
2009-12-18 12:37:04.0000001,7.050124643502081
2009-12-18 12:37:04.0000006,11.931369241902136
2009-12-18 12:37:04.0000004,8.700688816661675
2009-12-18 12:37:04.0000007,8.546905069687693
2009-12-18 12:37:04.0000002,8.794238131058437
2012-11-21 15:12:48.0000001,6.312526849587836
2011-05-03 07:01:40.0000001,11.670904734092545
2011-05-03 07:01:40.0000002,5.20802851412423
2011-05-03 07:01:40.0000003,6.230280312602952
2010-09-21 06:27:32.0000002,19.44815485532201
2010-09-21 06:27:32.0000001,9.649389002198255
2011-10-07 22:08:20.0000003,6.001906219861031
2011-10-07 22:08:20.0000006,9.998991169160114
2009-02-08 08:48:20.0000001,4.035085499992768
2013-09-24 21:16:40.0000006,8.656965170682648
2013-09-24 21:16:40.0000003,11.063842216697514
2013-09-24 21:16:40.0000001,10.316692108117511
2013-09-24 21:16:40.0000007,12.188882982103188
2013-09-24 21:16:40.0000002,13.296080353052462
2013-09-24 21:16:40.0000004,11.513520193224888
2012-03-14 19:10:48.0000005,14.213695843752099
2012-03-14 19:10:48.0000008,5.985183610777138
2012-03-14 19:10:48.0000002,10.919317077731362
2012-03-14 19:10:48.0000004,8.097395597405875
2012-03-14 19:10:48.0000001,8.194786506305814
2012-03-14 19:10:48.0000009,10.329533226348762
2012-03-14 19:10:48.0000006,12.476562834054189
2009-11-12 11:01:20.0000001,6.414169295784973
2009-11-12 11:01:20.0000002,4.350719910411585
2009-06-21 04:28:48.0000002,14.400754773073874
2009-06-21 04:28:48.0000003,11.602634393916569
2014-01-25 12:36:52.0000002,9.981745051416848
2014-01-25 12:36:52.0000001,7.272286956049402
2012-12-27 13:23:48.0000001,9.598284393895689
2011-06-28 16:09:44.0000001,6.183395700029891
2010-12-01 08:35:20.0000001,10.16132775897033
2012-11-19 12:40:40.0000005,6.037223666179546
2012-11-19 12:40:40.0000001,6.290023081485175
2012-11-19 12:40:40.0000002,7.798719648714574
2012-11-19 12:40:40.0000003,11.51235357253207
2012-11-19 12:40:40.0000004,42.14564453680521
2009-07-13 17:58:04.0000001,9.916087822680161
2009-07-13 17:58:04.0000003,5.917100584735254
2009-07-13 17:58:04.0000002,6.53764195599139
2011-06-25 11:42:36.0000003,4.903772557390642
2011-06-25 11:42:36.0000002,23.019988990196225
2012-01-26 07:33:00.000000128,12.330260428397937
2012-01-26 07:33:00.00000032,10.991934492939377
2012-01-26 07:33:00.000000163,7.018958076135471
2012-01-26 07:33:00.000000155,7.058056023158063
2012-01-26 07:33:00.000000153,8.623476186824965
2012-01-26 07:33:00.00000049,6.74022387011907
2012-01-26 07:33:00.00000095,5.92173232430636
2012-01-26 07:33:00.000000158,16.310103771346828
2012-01-26 07:33:00.00000050,7.172480427076021
2012-01-26 07:33:00.00000015,8.38749804855574
2012-01-26 07:33:00.00000062,7.716494007340829
2012-01-26 07:33:00.00000037,17.800979382426625
2012-01-26 07:33:00.00000069,13.326679778102136
2012-01-26 07:33:00.000000142,5.201358513355812
2012-01-26 07:33:00.000000150,6.0628721237618315
2012-01-26 07:33:00.000000147,8.840798402750139
2012-01-26 07:33:00.000000125,6.442764690385829
2012-01-26 07:33:00.000000124,27.36197511817668
2012-01-26 07:33:00.000000129,7.876407964275998
2012-01-26 07:33:00.00000033,9.546338398425492
2012-01-26 07:33:00.0000004,24.84005247019102
2012-01-26 07:33:00.00000029,12.891327452899905
2012-01-26 07:33:00.000000113,6.3496475844553375
2012-01-26 07:33:00.00000017,11.618662119964126
2012-01-26 07:33:00.00000067,11.334526490080298
2012-01-26 07:33:00.000000141,33.755270364665435
2012-01-26 07:33:00.00000036,13.73739427970025
2012-01-26 07:33:00.000000162,20.4189282659555
2012-01-26 07:33:00.000000118,10.408196251661533
2012-01-26 07:33:00.000000154,22.815895335566474
2012-01-26 07:33:00.000000143,11.447530413241287
2012-01-26 07:33:00.00000083,9.15936688762988
2012-01-26 07:33:00.000000191,8.32790275905319
2012-01-26 07:33:00.000000140,13.044740598194537
2012-01-26 07:33:00.00000086,5.8940152831433945
2012-01-26 07:33:00.0000002,8.936879994159307
2012-01-26 07:33:00.000000170,6.620174373645963
2012-01-26 07:33:00.00000010,8.728425062719475
2012-01-26 07:33:00.00000053,7.853048040027845
2012-01-26 07:33:00.000000102,11.893053386972777
2012-01-26 07:33:00.00000055,7.729897200920989
2012-01-26 07:33:00.0000007,10.812544071023833
2012-01-26 07:33:00.00000013,6.919634841308404
2012-01-26 07:33:00.000000165,27.417449518155593
2012-01-26 07:33:00.00000026,6.181039617989936
2012-01-26 07:33:00.000000137,7.527488868941273
2012-01-26 07:33:00.00000048,10.076837187240091
2012-01-26 07:33:00.00000059,11.816930055500533
2012-01-26 07:33:00.000000132,8.48079222715374
2012-01-26 07:33:00.00000096,13.562612604164176
2012-01-26 07:33:00.000000190,4.929956808436163
2012-01-26 07:33:00.000000156,7.998924993108576
2012-01-26 07:33:00.00000075,8.36358358653483
2012-01-26 07:33:00.00000084,7.456475332620835
2012-01-26 07:33:00.0000006,5.204238646684416
2012-01-26 07:33:00.00000021,8.211280397358669
2012-01-26 07:33:00.0000001,14.437035874331514
2012-01-26 07:33:00.0000005,5.866306823640812
2012-01-26 07:33:00.00000034,6.884404146201466
2012-01-26 07:33:00.000000117,5.3163674619459105
2012-01-26 07:33:00.000000106,10.763681656108474
2012-01-26 07:33:00.00000077,8.694793001872908
2012-01-26 07:33:00.00000045,5.875644738822255
2012-01-26 07:33:00.000000116,10.360390299963774
2012-01-26 07:33:00.0000009,7.945129058675855
2012-01-26 07:33:00.000000146,5.959227881980617
2012-01-26 07:33:00.00000027,21.932013770872132
2012-01-26 07:33:00.000000127,8.879188446871275
2012-01-26 07:33:00.000000172,6.043615385721672
2012-01-26 07:33:00.00000074,5.917563346785158
2012-01-26 07:33:00.00000014,23.255228672243057
2012-01-26 07:33:00.000000108,12.092997379443329
2012-01-26 07:33:00.000000109,15.934729009634514
2012-01-26 07:33:00.000000152,7.3287647158271
2012-01-26 07:33:00.00000047,6.963768453566281
2012-01-26 07:33:00.000000192,11.064412709939749
2012-01-26 07:33:00.00000054,6.585727112547837
2012-01-26 07:33:00.000000185,6.79364817683841
2012-01-26 07:33:00.000000187,10.719156448702241
2012-01-26 07:33:00.00000060,11.884907057416875
2012-01-26 07:33:00.000000130,10.30422326639138
2012-01-26 07:33:00.00000046,8.894519080647308
2012-01-26 07:33:00.000000182,8.274900856745447
2012-01-26 07:33:00.000000177,12.860462760186195
2012-01-26 07:33:00.000000135,24.873809634811515
2012-01-26 07:33:00.00000063,5.2756355755607265
2012-01-26 07:33:00.00000079,6.8370879443941135
2012-01-26 07:33:00.000000169,9.649679883680006
2012-01-26 07:33:00.00000094,9.319987349820249
2012-01-26 07:33:00.000000176,12.620160261870236
2012-01-26 07:33:00.00000061,6.996707854941639
2012-01-26 07:33:00.000000188,6.8366417890235835
2012-01-26 07:33:00.000000174,11.600756790504793
2012-01-26 07:33:00.000000126,7.0290407968001185
2012-01-26 07:33:00.000000139,33.660583647904225
2012-01-26 07:33:00.000000184,5.975326084035435
2012-01-26 07:33:00.000000107,5.612378701290848
2012-01-26 07:33:00.00000038,6.155823108585189
2012-01-26 07:33:00.000000134,6.518620512941368
2012-01-26 07:33:00.00000058,21.22726546175107
2012-01-26 07:33:00.00000078,4.148574236624277
2012-01-26 07:33:00.00000019,5.844202233214416
2012-01-26 07:33:00.000000111,10.093094333702716
2012-01-26 07:33:00.000000178,18.58518852390399
2012-01-26 07:33:00.0000003,13.101898057011876
2012-01-26 07:33:00.00000052,16.402396151644954
2012-01-26 07:33:00.00000040,9.918706389833586
2012-01-26 07:33:00.000000148,9.761468426352868
2012-01-26 07:33:00.00000066,12.586092017222493
2012-01-26 07:33:00.00000041,5.891568658651121
2012-01-26 07:33:00.00000070,10.807481411819824
2012-01-26 07:33:00.000000157,31.20979494957508
2012-01-26 07:33:00.000000179,8.671046415815146
2012-01-26 07:33:00.000000112,18.89544072844809
2012-01-26 07:33:00.00000073,8.126117730384182
2012-01-26 07:33:00.000000138,18.516251503783536
2012-01-26 07:33:00.00000092,12.195965971676786
2012-01-26 07:33:00.000000164,16.880812999667945
2012-01-26 07:33:00.000000123,4.79482865771479
2012-01-26 07:33:00.00000043,5.911846102430255
2012-01-26 07:33:00.00000093,6.2444699687406136
2012-01-26 07:33:00.00000016,12.369650060328997
2012-01-26 07:33:00.000000144,8.355985173196032
2012-01-26 07:33:00.00000042,7.568102322147252
2012-01-26 07:33:00.00000011,10.944098831868724
2012-01-26 07:33:00.00000035,10.006063083237914
2012-01-26 07:33:00.00000098,5.143489036898993
2012-01-26 07:33:00.000000149,18.986942074929214
2012-01-26 07:33:00.000000110,5.795189115206152
2012-01-26 07:33:00.000000159,11.722841047472574
2015-03-20 23:34:40.0000007,10.098374174684496
2015-03-20 23:34:40.0000002,20.986754141509678
2015-03-20 23:34:40.0000006,7.860081893243849
2013-12-14 03:20:48.0000001,27.176059293664284
2013-12-14 03:20:48.0000002,7.11467171947543
2014-04-14 07:03:52.0000001,9.27048802994172
2014-04-14 07:03:52.0000002,12.875712382850926
2015-05-21 07:08:08.0000002,8.753589830475367
2011-08-30 16:48:24.0000003,7.821300417339667
2011-08-30 16:48:24.0000002,10.347176513320603
2011-08-30 16:48:24.0000001,7.964781331286542
2010-12-09 07:29:00.000000189,4.98387888171022
2010-12-09 07:29:00.00000027,18.71833498829441
2010-12-09 07:29:00.000000184,11.025122400696795
2010-12-09 07:29:00.00000030,5.312488788499085
2010-12-09 07:29:00.00000011,4.797427537585558
2010-12-09 07:29:00.00000065,11.022445834888728
2010-12-09 07:29:00.00000063,10.929128590527208
2010-12-09 07:29:00.000000133,15.276064392479842
2010-12-09 07:29:00.00000054,6.777386438357134
2010-12-09 07:29:00.00000021,13.812631655570968
2010-12-09 07:29:00.000000162,7.468108897146496
2010-12-09 07:29:00.000000144,8.699016978402813
2010-12-09 07:29:00.000000116,10.906968178691134
2010-12-09 07:29:00.000000142,6.35347905808645
2010-12-09 07:29:00.000000113,11.20662159348467
2010-12-09 07:29:00.000000105,3.473575128845434
2010-12-09 07:29:00.00000047,5.96720437966837
2010-12-09 07:29:00.0000008,7.011546784211892
2010-12-09 07:29:00.00000099,6.1999825150159396
2010-12-09 07:29:00.00000048,5.9292838851095455
2010-12-09 07:29:00.00000076,12.658245706881663
2010-12-09 07:29:00.000000174,16.169034187900355
2010-12-09 07:29:00.000000130,22.072179544271847
2010-12-09 07:29:00.000000177,8.314720788100692
2010-12-09 07:29:00.00000088,8.102790302576352
2010-12-09 07:29:00.00000091,6.2951679180364835
2010-12-09 07:29:00.00000072,6.2755703516429335
2010-12-09 07:29:00.00000014,12.426371962121808
2010-12-09 07:29:00.000000157,7.437700167827842
2010-12-09 07:29:00.000000109,4.822556136206005
2010-12-09 07:29:00.00000016,7.8235795042969425
2010-12-09 07:29:00.00000023,6.526167263305192
2010-12-09 07:29:00.000000118,7.5637825745200065
2010-12-09 07:29:00.00000017,6.25387351552315
2010-12-09 07:29:00.00000032,10.181257362823587
2010-12-09 07:29:00.000000188,9.545619446586862
2010-12-09 07:29:00.00000040,5.738312844075008
2010-12-09 07:29:00.00000037,10.545432583640686
2010-12-09 07:29:00.000000128,8.312925719205623
2010-12-09 07:29:00.00000057,6.268850378209924
2010-12-09 07:29:00.000000125,9.428187358838251
2010-12-09 07:29:00.000000159,8.278656595271725
2010-12-09 07:29:00.00000018,6.6472998073183245
2010-12-09 07:29:00.000000107,5.973652130346421
2010-12-09 07:29:00.00000051,16.77336558052519
2010-12-09 07:29:00.00000042,7.570305462983741
2010-12-09 07:29:00.00000059,6.468185024472405
2010-12-09 07:29:00.00000075,5.875850858431378
2010-12-09 07:29:00.00000035,9.538579365272902
2010-12-09 07:29:00.00000029,7.251325216056632
2010-12-09 07:29:00.00000045,8.502613793814625
2010-12-09 07:29:00.00000055,6.702098543513916
2010-12-09 07:29:00.000000140,7.577282606271853
2010-12-09 07:29:00.00000060,10.448306170205212
2010-12-09 07:29:00.000000185,18.613554475811444
2010-12-09 07:29:00.000000120,5.622847368939924
2010-12-09 07:29:00.000000104,7.579581179045622
2010-12-09 07:29:00.000000191,5.916927537242411
2010-12-09 07:29:00.000000106,5.6069224191250715
2010-12-09 07:29:00.00000039,6.217833806188996
2010-12-09 07:29:00.000000132,5.0560326812305085
2010-12-09 07:29:00.00000019,6.820982137799902
2010-12-09 07:29:00.000000166,4.964726546473527
2010-12-09 07:29:00.000000111,8.785988549838352
2010-12-09 07:29:00.00000013,5.708032635803788
2010-12-09 07:29:00.000000138,6.261348047482256
2010-12-09 07:29:00.00000085,22.717585945756973
2010-12-09 07:29:00.000000169,6.521780515776154
2010-12-09 07:29:00.000000153,12.607779336411776
2010-12-09 07:29:00.00000033,47.60868549857123
2010-12-09 07:29:00.000000173,9.331927479544484
2010-12-09 07:29:00.00000077,5.7284509328327555
2010-12-09 07:29:00.000000190,5.84578995289818
2010-12-09 07:29:00.000000137,6.621818023605172
2010-12-09 07:29:00.0000009,8.55501717740246
2010-12-09 07:29:00.000000155,8.565428160072186
2010-12-09 07:29:00.0000004,18.368382142474857
2010-12-09 07:29:00.000000119,6.047773594000491
2010-12-09 07:29:00.000000100,7.824498305132308
2010-12-09 07:29:00.00000024,5.8948323994862
2010-12-09 07:29:00.00000096,12.329719825267656
2010-12-09 07:29:00.000000170,9.237494238675025
2010-12-09 07:29:00.000000131,7.084636313434105
2010-12-09 07:29:00.00000022,14.057182804743409
2010-12-09 07:29:00.00000053,6.5640616901058415
2010-12-09 07:29:00.000000165,66.38254172085205
2010-12-09 07:29:00.000000114,9.413882034496423
2010-12-09 07:29:00.00000074,10.25184020873369
2010-12-09 07:29:00.00000070,8.1285598751091
2010-12-09 07:29:00.000000167,6.081272968734481
2010-12-09 07:29:00.000000110,7.235265284445263
2010-12-09 07:29:00.00000020,11.703646187812069
2010-12-09 07:29:00.000000147,7.036500417667721
2010-12-09 07:29:00.000000178,26.5346529423561
2010-12-09 07:29:00.000000146,7.181086673086384
2010-12-09 07:29:00.000000103,8.102101098339789
2010-12-09 07:29:00.000000149,12.179249842588387
2010-12-09 07:29:00.000000182,9.31597888370821
2010-12-09 07:29:00.000000124,7.004927650028767
2010-12-09 07:29:00.000000154,14.528985549680431
2010-12-09 07:29:00.000000117,9.256360509967632
2010-12-09 07:29:00.00000034,11.609524070235171
2010-12-09 07:29:00.00000084,11.323675240874323
2010-12-09 07:29:00.00000064,6.675256459715142
2010-12-09 07:29:00.000000126,16.181751248155045
2010-12-09 07:29:00.00000082,7.351796327889564
2010-12-09 07:29:00.00000092,12.292943051344725
2010-12-09 07:29:00.00000087,6.322294395240116
2010-12-09 07:29:00.00000095,23.448748970360022
2010-12-09 07:29:00.000000101,9.125448737519054
2010-12-09 07:29:00.000000122,7.328128936933631
2010-12-09 07:29:00.000000160,8.041166458166671
2010-12-09 07:29:00.000000175,9.65432845248759
2010-12-09 07:29:00.00000043,8.63468662667484
2010-12-09 07:29:00.00000061,13.014480019174345
2010-12-09 07:29:00.000000179,5.486943160214729
2010-12-09 07:29:00.00000049,8.549739342160121
2010-12-09 07:29:00.000000172,43.02423064958941
2010-12-09 07:29:00.000000192,6.1331883785675
2010-12-09 07:29:00.000000194,6.401507946941528
2010-12-09 07:29:00.00000052,10.328116436383443
2010-12-09 07:29:00.00000058,5.8871161470021836
2010-12-09 07:29:00.00000010,6.50882702800382
2010-12-09 07:29:00.000000108,5.771166331451031
2010-12-09 07:29:00.000000129,9.666282283392189
2010-12-09 07:29:00.000000163,8.69214788527232
2010-12-09 07:29:00.000000161,9.683406829596697
2010-12-09 07:29:00.000000187,6.742623517982077
2010-12-09 07:29:00.000000158,6.407877963432879
2010-12-09 07:29:00.000000121,11.369072937191937
2010-12-09 07:29:00.000000176,7.313916993462022
2011-09-25 13:01:20.0000005,9.095492232890347
2011-09-25 13:01:20.0000001,8.236436748869476
2011-09-25 13:01:20.0000004,7.450404432198275
2011-09-25 13:01:20.0000006,13.218619306976786
2011-09-25 13:01:20.0000003,5.988965475498927
2012-09-08 04:35:16.0000001,26.722048513016517
2012-05-08 03:50:00.00000011,22.99263048495836
2012-05-08 03:50:00.0000002,6.843585140105263
2012-05-08 03:50:00.0000008,17.814169119458384
2012-05-08 03:50:00.0000007,9.51421748274605
2012-05-08 03:50:00.00000015,16.024966401001222
2012-05-08 03:50:00.00000016,9.656166625978742
2012-05-08 03:50:00.0000003,7.137481370614918
2012-05-08 03:50:00.00000014,7.010406373140796
2012-05-08 03:50:00.0000004,19.06645473456189
2010-10-06 21:23:24.0000003,6.225379034589191
2010-10-06 21:23:24.0000001,8.335666707754973
2010-10-06 21:23:24.0000005,9.66394503374976
2010-10-06 21:23:24.0000002,8.395233827935114
2010-10-06 21:23:24.0000004,5.96770844153897
2014-05-17 02:47:12.0000002,13.095171711148751
2009-07-31 07:30:56.0000002,4.933503831337634
2009-07-31 07:30:56.0000001,3.726054178988808
2012-03-06 07:33:04.0000002,10.731490828388074
2009-01-29 22:15:48.0000001,11.205740697618863
2013-03-17 12:44:04.0000001,7.859664562481719
2014-06-18 09:23:32.0000001,17.488572795432603
2011-09-21 13:15:36.0000004,7.887842941083373
2011-09-21 13:15:36.0000003,9.474439636039353
2011-09-21 13:15:36.0000001,7.603111105560638
2011-09-21 13:15:36.0000002,49.98992806351474
2015-03-12 19:43:24.0000001,20.88749929646152
2015-03-12 19:43:24.0000002,32.16733227203994
2015-03-12 19:43:24.0000007,9.577348971581934
2015-03-12 19:43:24.0000004,13.349299962155879
2014-01-18 17:43:28.0000005,7.843886307164615
2014-01-18 17:43:28.0000003,7.076657547404098
2014-01-18 17:43:28.0000002,14.56278695449232
2014-01-18 17:43:28.0000004,11.780309873460759
2011-04-05 01:15:44.0000001,12.107806200275448
2011-04-05 01:15:44.0000002,12.444759245510827
2011-09-04 01:36:36.0000002,16.78282309381196
2010-08-09 08:53:56.0000004,10.184775422728297
2010-08-09 08:53:56.0000006,7.676128117407739
2010-08-09 08:53:56.0000002,12.175347695788897
2010-08-09 08:53:56.0000003,17.624419000240124
2010-08-09 08:53:56.0000005,8.990655697259875
2010-03-27 07:05:08.0000001,4.96941215737994
2011-11-16 12:52:52.0000002,7.875196321563417
2011-11-16 12:52:52.0000003,6.172470534175741
2011-11-16 12:52:52.0000001,48.73342248935717
2009-10-29 10:48:40.0000002,7.910586782234092
2009-10-29 10:48:40.0000001,10.03639421433551
2015-02-01 00:48:44.0000009,20.950834824008535
2015-02-01 00:48:44.0000004,10.768310200871293
2015-02-01 00:48:44.0000008,10.010692452240317
2015-02-01 00:48:44.0000006,8.823493540697513
2015-02-01 00:48:44.0000007,14.399997485228107
2014-04-03 02:31:08.0000001,9.398528109058176
2010-07-04 03:28:44.0000001,19.04565358780632
2009-03-31 23:01:36.0000002,7.865887638347166
2009-03-31 23:01:36.0000001,23.151447337279176
2009-03-31 23:01:36.0000003,13.279465329005305
2012-02-02 00:49:56.0000002,7.2066057422856655
2012-02-02 00:49:56.0000001,19.19595892569194
2012-02-02 00:49:56.0000003,17.524059606588153
2012-02-02 00:49:56.0000004,15.926667372054908
2014-01-26 15:28:52.0000003,8.172975905006114
2012-02-14 15:32:40.0000002,6.635645628622283
2012-02-14 15:32:40.0000004,6.123426325938659
2012-02-14 15:32:40.0000001,8.554282756629467
2012-02-14 15:32:40.0000003,7.289579947803468
2011-12-06 11:07:40.0000001,15.63199276753081
2011-12-06 11:07:40.0000005,6.500226151662508
2011-07-12 19:41:48.0000002,13.95190308659658
2011-07-12 19:41:48.0000003,9.611066580800827
2011-07-12 19:41:48.0000004,9.02320048410303
2010-09-16 14:27:16.0000001,8.219064576250373
2010-09-16 14:27:16.0000003,11.22396798379632
2010-09-16 14:27:16.0000004,10.624545728573517
2010-09-16 14:27:16.0000005,11.06177005898887
2014-06-11 01:13:40.0000001,12.460142891106816
2013-05-18 15:28:40.0000003,10.56041008392229
2013-05-18 15:28:40.0000002,8.419429536428565
2015-02-14 20:20:56.0000001,10.326395905070994
2015-02-14 20:20:56.0000002,9.037228643965278
2015-02-14 20:20:56.0000004,7.578019580858925
2009-01-22 12:27:20.0000003,5.572812483885379
2011-04-23 21:22:20.0000001,5.378168490939528
2013-09-01 17:57:04.0000002,7.247904419492826
2013-09-01 17:57:04.0000003,8.846461359479267
2013-04-22 13:19:16.0000001,14.9728894424377
2013-04-22 13:19:16.0000002,8.570801030185736
2013-04-22 13:19:16.0000003,7.657539431856559
2015-02-21 18:39:16.0000002,7.045022394743709
2009-04-23 00:05:40.0000001,26.08930252848073
2009-04-23 00:05:40.0000003,8.633651343787765
2012-05-28 05:48:40.0000001,34.632535219970485
2010-01-03 20:04:52.0000001,14.70937774401531
2013-03-09 21:40:52.0000003,12.247508595953578
2013-03-09 21:40:52.0000002,8.948541088186087
2011-04-21 08:22:32.0000001,4.765152784196149
2011-02-20 09:22:16.0000002,28.3120214103144
2011-02-20 09:22:16.0000001,8.812531838060638
2010-07-22 09:37:12.0000003,7.97270653116048
2010-07-22 09:37:12.0000004,6.503052755067193
2010-07-22 09:37:12.0000001,9.172215895210888
2011-01-24 20:47:04.0000002,11.104318687176471
2013-07-22 15:05:16.0000004,10.409865577502723
2013-07-22 15:05:16.0000001,6.488242254371999
2013-07-22 15:05:16.0000002,21.190125663072532
2013-07-22 15:05:16.0000003,6.711385259700409
2013-01-23 16:22:04.0000003,11.018695893861317
2013-01-23 16:22:04.0000002,8.270364120236016
2013-01-23 16:22:04.0000001,9.259487963683181
2013-01-06 12:46:36.0000001,4.892948182466807
2013-01-06 12:46:36.0000002,7.432578884147688
2012-02-13 04:52:32.0000001,46.57164160165691
2013-02-07 08:34:24.0000001,8.227501219117384
2013-02-07 08:34:24.0000003,9.978425164805165
2013-02-07 08:34:24.0000004,9.366806625859684
2013-02-07 08:34:24.0000002,11.766744246824345
2015-02-21 17:23:28.0000005,13.850942409346908
2015-02-21 17:23:28.0000003,8.859387744227218
2015-02-21 17:23:28.0000002,12.285161427908497
2015-02-21 17:23:28.0000001,10.18865617011494
2015-02-21 17:23:28.0000006,6.503989719963263
2013-06-19 13:36:52.0000004,9.429509644052324
2013-06-19 13:36:52.0000001,7.851102311838482
2013-06-19 13:36:52.0000002,8.95244642489077
2013-06-19 13:36:52.0000005,39.1795205905544
2013-06-19 13:36:52.0000003,17.03431488019357
2015-06-26 16:04:04.0000002,8.023197366183682
2015-06-26 16:04:04.0000001,6.815498097197034
2010-06-05 07:08:36.0000001,8.35211408149192
2011-10-28 13:48:16.0000002,9.008603038426914
2011-10-28 13:48:16.0000001,8.326359036603098
2011-10-28 13:48:16.0000003,6.858159658089731
2012-09-29 02:53:20.0000001,10.452696133384148
2011-08-06 12:59:12.0000001,14.609055772010828
2012-11-19 22:15:32.0000002,26.293402034484316
2013-11-29 20:09:12.0000002,10.261868013734814
2012-05-31 17:54:48.0000003,10.953003839666518
2012-05-31 17:54:48.0000002,4.293001786128051
2012-05-31 17:54:48.0000001,6.75129002416409
2012-05-31 17:54:48.0000004,8.636251143634174
2012-04-20 08:03:52.0000001,10.938836500022983
2012-04-20 08:03:52.0000002,7.464794590994865
2012-04-20 08:03:52.0000003,8.695868697070102
2009-01-26 18:26:48.0000001,6.123310576633402
2009-01-26 18:26:48.0000003,4.6725781639173976
2009-01-26 18:26:48.0000004,11.312795737371443
2009-01-26 18:26:48.0000002,6.210101019582693
2011-10-20 00:50:48.0000003,17.783010579189895
2011-10-20 00:50:48.0000002,8.460864311677904
2011-10-20 00:50:48.0000001,6.750613241096497
2011-06-03 11:45:16.0000002,10.990588110580237
2011-06-03 11:45:16.0000004,8.527657782823129
2011-06-03 11:45:16.0000005,6.15583827387215
2011-06-03 11:45:16.0000001,4.2154592059908635
2011-06-03 11:45:16.0000003,5.745519714791017
2011-10-25 20:34:20.0000001,8.586760822781441
2012-07-05 18:30:36.0000005,11.959848656633817
2012-07-05 18:30:36.0000006,8.537079080892827
2012-07-05 18:30:36.0000003,6.3880459330468415
2012-07-05 18:30:36.0000001,10.84616324955205
2012-07-05 18:30:36.0000007,8.866795203108857
2012-07-05 18:30:36.0000002,6.640633101857238
2015-04-07 14:31:12.0000002,10.12457185594899
2015-04-07 14:31:12.0000003,9.115778075741122
2013-08-28 00:27:36.0000002,10.82035041474273
2013-08-28 00:27:36.0000001,10.89551709810885
2012-11-20 21:54:00.00000037,7.949272064601454
2012-11-20 21:54:00.00000081,11.602414279953344
2012-11-20 21:54:00.000000210,5.876513635975695
2012-11-20 21:54:00.00000050,5.811847717664357
2012-11-20 21:54:00.000000175,50.128672060674475
2012-11-20 21:54:00.000000208,7.433135902534599
2012-11-20 21:54:00.000000198,6.767800976533744
2012-11-20 21:54:00.000000185,8.836603439664163
2012-11-20 21:54:00.00000028,11.09793632747601
2012-11-20 21:54:00.000000134,9.261687458197839
2012-11-20 21:54:00.00000091,7.52026434464295
2012-11-20 21:54:00.00000033,6.122174525714348
2012-11-20 21:54:00.00000082,8.565501836417383
2012-11-20 21:54:00.000000142,25.957145795726426
2012-11-20 21:54:00.000000180,26.673791650312896
2012-11-20 21:54:00.00000093,15.356536932028144
2012-11-20 21:54:00.000000159,6.492789790123421
2012-11-20 21:54:00.000000165,8.543725147502695
2012-11-20 21:54:00.000000235,10.053806920445895
2012-11-20 21:54:00.00000089,6.116379104527111
2012-11-20 21:54:00.000000168,16.607634632589296
2012-11-20 21:54:00.000000224,6.8668247430296585
2012-11-20 21:54:00.000000158,7.485044519110789
2012-11-20 21:54:00.000000212,48.967885358305
2012-11-20 21:54:00.000000147,32.98381298224793
2012-11-20 21:54:00.000000140,13.578027575099258
2012-11-20 21:54:00.00000018,18.827429150446854
2012-11-20 21:54:00.000000124,7.297404253731417
2012-11-20 21:54:00.000000181,8.574273522994872
2012-11-20 21:54:00.000000187,12.939764209402952
2012-11-20 21:54:00.00000058,20.947413787546026
2012-11-20 21:54:00.000000151,18.822800261699747
2012-11-20 21:54:00.000000126,7.862959692310877
2012-11-20 21:54:00.00000099,13.53823781473577
2012-11-20 21:54:00.000000120,8.971227245064528
2012-11-20 21:54:00.0000009,6.133773326556348
2012-11-20 21:54:00.000000206,7.741000042389473
2012-11-20 21:54:00.00000079,7.629806110955482
2012-11-20 21:54:00.000000237,13.30478711842764
2012-11-20 21:54:00.000000143,14.378583186623741
2012-11-20 21:54:00.000000111,7.717489908972239
2012-11-20 21:54:00.000000106,9.60534065929769
2012-11-20 21:54:00.000000245,6.597372061895474
2012-11-20 21:54:00.00000032,11.220533693643361
2012-11-20 21:54:00.00000075,10.174545023695444
2012-11-20 21:54:00.000000244,23.21122241262444
2012-11-20 21:54:00.00000094,5.465889056832527
2012-11-20 21:54:00.000000118,35.102699423995546
2012-11-20 21:54:00.000000188,9.175758557907322
2012-11-20 21:54:00.00000051,18.14467284504185
2012-11-20 21:54:00.000000109,12.786486069972893
2012-11-20 21:54:00.0000003,9.037492486549082
2012-11-20 21:54:00.000000114,32.34374172479332
2012-11-20 21:54:00.00000013,7.489039497644992
2012-11-20 21:54:00.000000192,8.35061351464972
2012-11-20 21:54:00.000000228,5.984427576125954
2012-11-20 21:54:00.000000236,10.252375031289397
2012-11-20 21:54:00.000000178,13.172566427398738
2012-11-20 21:54:00.00000027,12.645381534236432
2012-11-20 21:54:00.000000176,6.17530986608183
2012-11-20 21:54:00.0000008,8.252995709919775
2012-11-20 21:54:00.00000061,20.275145364395357
2012-11-20 21:54:00.00000011,13.89545343265294
2012-11-20 21:54:00.00000096,8.258640019751171
2012-11-20 21:54:00.000000231,11.480872051164063
2012-11-20 21:54:00.000000190,13.620944007830325
2012-11-20 21:54:00.000000166,41.378825420742416
2012-11-20 21:54:00.00000022,7.0450413627935715
2012-11-20 21:54:00.000000234,14.401979566632386
2012-11-20 21:54:00.00000035,8.433047626452495
2012-11-20 21:54:00.00000041,14.335826461331568
2012-11-20 21:54:00.000000113,4.775896735991094
2012-11-20 21:54:00.00000045,12.4331952535412
2012-11-20 21:54:00.000000157,13.636352032121609
2012-11-20 21:54:00.000000163,17.330327973599523
2012-11-20 21:54:00.000000193,13.071391873163455
2012-11-20 21:54:00.00000063,8.348820422880994
2012-11-20 21:54:00.000000183,8.125357682089447
2012-11-20 21:54:00.000000182,17.19259680743955
2012-11-20 21:54:00.000000117,9.278710771438416
2012-11-20 21:54:00.000000156,16.980912544385255
2012-11-20 21:54:00.000000220,9.543841268999103
2012-11-20 21:54:00.000000227,8.93960239080819
2012-11-20 21:54:00.000000194,12.970372985253963
2012-11-20 21:54:00.000000201,8.428002179589084
2012-11-20 21:54:00.000000115,46.00443255704627
2012-11-20 21:54:00.000000217,10.83236978891842
2012-11-20 21:54:00.00000017,11.787119651071208
2012-11-20 21:54:00.000000139,5.962377499735162
2012-11-20 21:54:00.00000038,11.45799912931343
2012-11-20 21:54:00.000000107,6.252089295892608
2012-11-20 21:54:00.000000218,17.159160409084407
2012-11-20 21:54:00.000000214,21.214570383108452
2012-11-20 21:54:00.000000213,11.724247001636542
2012-11-20 21:54:00.000000215,30.902684088175224
2012-11-20 21:54:00.000000112,10.053499858664061
2012-11-20 21:54:00.00000067,24.02278597060907
2012-11-20 21:54:00.00000044,14.220171383965873
2012-11-20 21:54:00.00000029,10.57033539473055
2012-11-20 21:54:00.000000119,14.719531837063155
2012-11-20 21:54:00.000000203,7.66502206513724
2012-11-20 21:54:00.000000239,6.996573741154691
2012-11-20 21:54:00.000000125,15.886888685919942
2012-11-20 21:54:00.00000064,8.909124852163865
2012-11-20 21:54:00.000000153,7.878199392279848
2012-11-20 21:54:00.00000054,8.621190178211512
2012-11-20 21:54:00.000000177,10.010773494827717
2012-11-20 21:54:00.000000243,11.968546204281072
2012-11-20 21:54:00.000000128,7.076729443417291
2012-11-20 21:54:00.00000095,8.813649547571094
2012-11-20 21:54:00.00000088,11.258056561664567
2012-11-20 21:54:00.000000200,8.713011488306424
2012-11-20 21:54:00.00000053,9.03029557622391
2012-11-20 21:54:00.000000199,7.377622742631761
2012-11-20 21:54:00.000000191,13.58660954916731
2012-11-20 21:54:00.00000057,8.172103149620671
2012-11-20 21:54:00.000000145,11.113983669268283
2012-11-20 21:54:00.00000072,10.755526342823012
2012-11-20 21:54:00.0000001,8.833504530333645
2012-11-20 21:54:00.000000241,7.939750108108514
2012-11-20 21:54:00.000000230,10.735462483473565
2012-11-20 21:54:00.000000146,28.164029496793475
2012-11-20 21:54:00.000000155,10.34449301776888
2012-11-20 21:54:00.00000046,9.66050624239468
2012-11-20 21:54:00.000000242,23.9674701304726
2012-11-20 21:54:00.00000060,10.082305895078132
2012-11-20 21:54:00.000000116,9.09347427857093
2012-11-20 21:54:00.00000059,11.335000965692007
2012-11-20 21:54:00.000000232,7.161385547357231
2012-11-20 21:54:00.000000162,9.698408389741001
2012-11-20 21:54:00.00000070,10.076308085925355
2012-11-20 21:54:00.00000052,30.70029053054465
2012-11-20 21:54:00.000000129,28.32773460275617
2012-11-20 21:54:00.000000136,15.376592891317351
2012-11-20 21:54:00.000000226,11.55648975027092
2012-11-20 21:54:00.000000240,13.191411033131683
2012-11-20 21:54:00.000000141,10.280835887849845
2012-11-20 21:54:00.000000204,14.048431622537276
2012-11-20 21:54:00.000000137,6.5647999184241055
2011-02-22 14:18:40.0000001,8.326488350352498
2014-06-23 00:16:00.00000066,35.395123484112844
2014-06-23 00:16:00.00000039,9.174560924086824
2014-06-23 00:16:00.00000076,9.797907787983952
2014-06-23 00:16:00.00000030,30.03325711699116
2014-06-23 00:16:00.00000070,14.893827129593056
2014-06-23 00:16:00.00000065,8.587543236029827
2014-06-23 00:16:00.00000056,26.74318568183421
2014-06-23 00:16:00.00000038,8.339754893958009
2014-06-23 00:16:00.00000071,26.12077527138467
2014-06-23 00:16:00.00000013,10.07645632234995
2014-06-23 00:16:00.00000073,11.742304284653576
2014-06-23 00:16:00.0000001,17.607310890715645
2014-06-23 00:16:00.00000026,12.836473535241595
2014-06-23 00:16:00.00000090,10.942452750228416
2014-06-23 00:16:00.00000092,21.47218354963428
2014-06-23 00:16:00.00000044,9.827272407290119
2014-06-23 00:16:00.00000064,10.229791121413529
2014-06-23 00:16:00.00000068,26.431652246392773
2014-06-23 00:16:00.00000033,10.482872954874484
2014-06-23 00:16:00.00000089,30.890829018544068
2014-06-23 00:16:00.0000004,8.571531272320009
2014-06-23 00:16:00.00000062,11.121496637222785
2014-06-23 00:16:00.00000019,9.315964620926001
2014-06-23 00:16:00.00000041,11.00676723169629
2014-06-23 00:16:00.00000024,18.12043017350578
2014-06-23 00:16:00.00000074,20.629784556677727
2014-06-23 00:16:00.00000018,13.727566007404006
2014-06-23 00:16:00.00000043,7.114368660563072
2014-06-23 00:16:00.00000022,8.655870886920786
2014-06-23 00:16:00.00000088,9.352295398466342
2014-06-23 00:16:00.00000057,5.668517499809605
2014-06-23 00:16:00.00000087,9.724300563938929
2014-06-23 00:16:00.00000016,27.091055999113188
2014-06-23 00:16:00.00000078,6.069148652761429
2014-06-23 00:16:00.00000040,11.710611615288563
2014-06-23 00:16:00.00000077,10.236914323495972
2014-06-23 00:16:00.00000015,14.201799060495862
2014-06-23 00:16:00.00000047,8.356941119123142
2014-06-23 00:16:00.0000005,6.880890122868063
2014-06-23 00:16:00.00000034,46.65216687440464
2014-06-23 00:16:00.00000028,12.980430806188892
2014-06-23 00:16:00.00000081,21.289762272053217
2014-06-23 00:16:00.00000067,10.595359943525116
2014-06-23 00:16:00.00000085,7.412576524751614
2014-06-23 00:16:00.00000082,9.9040050783847
2014-06-23 00:16:00.00000063,21.88769457937551
2014-06-23 00:16:00.00000079,8.214053379200562
2014-06-23 00:16:00.00000061,8.293412686764086
2014-06-23 00:16:00.00000037,18.76954221185988
2014-06-23 00:16:00.00000036,7.426461670401992
2014-06-23 00:16:00.00000049,16.059835065694948
2014-06-23 00:16:00.00000025,41.829908131155904
2014-06-23 00:16:00.0000009,8.758150033321245
2014-06-23 00:16:00.00000069,15.475713685820711
2011-11-24 02:36:48.0000003,13.986878808439142
2011-11-24 02:36:48.0000002,7.517011767079129
2011-11-24 02:36:48.0000001,14.523612319697769
2013-06-05 01:34:56.0000001,12.405928426279107
2013-03-18 12:51:12.0000001,9.015823086426224
2013-03-18 12:51:12.0000003,5.358693825782232
2013-03-18 12:51:12.0000002,13.955832465759244
2014-12-14 09:04:36.0000001,9.550800045208286
2014-12-14 09:04:36.0000003,8.04977745962221
2014-12-14 09:04:36.0000002,8.590621247529493
2012-05-31 13:14:12.0000004,7.609990781060042
2012-05-31 13:14:12.0000001,12.177789950864986
2012-05-31 13:14:12.0000002,9.860254626203961
2012-05-31 13:14:12.0000003,6.245353395558428
2011-01-16 18:57:12.0000001,6.259510335012738
2011-01-16 18:57:12.0000002,4.6431396060448975
2009-04-25 10:52:56.0000004,8.401882071963954
2009-04-25 10:52:56.0000002,9.680384871974024
2009-04-25 10:52:56.0000005,7.295281878981024
2009-04-20 11:11:40.0000001,5.047375550558973
2012-07-20 06:53:32.0000001,5.5742500699196
2009-10-22 21:57:36.0000005,12.594943103760382
2009-10-22 21:57:36.0000002,16.655066640283724
2009-10-22 21:57:36.0000004,7.15897894046654
2009-10-22 21:57:36.0000003,5.454813415359447
2009-03-16 10:30:12.0000001,10.73663397726671
2009-07-14 12:12:36.0000004,6.5339256195141475
2009-07-14 12:12:36.0000001,7.336466007796094
2009-07-14 12:12:36.0000003,9.403065514671209
2009-07-14 12:12:36.0000007,10.116370189299706
2009-07-14 12:12:36.0000002,11.960798253159396
2009-07-14 12:12:36.0000005,10.287597052913423
2009-07-14 12:12:36.0000008,8.169784486099003
2009-07-14 12:12:36.0000006,5.599661585008108
2014-11-12 09:06:32.0000004,7.905380774443157
2014-11-12 09:06:32.0000001,7.633306983448614
2014-11-12 09:06:32.0000003,8.534493222681268
2014-11-12 09:06:32.0000005,17.290946062146762
2014-11-12 09:06:32.0000002,9.217383231074518
2011-04-10 11:57:12.0000002,8.96232143759653
2011-04-10 11:57:12.0000003,3.438606547738913
2011-04-10 11:57:12.0000004,5.32723982861121
2011-04-10 11:57:12.0000001,6.876578772265671
2011-09-20 11:58:52.0000003,5.183113854082544
2011-09-20 11:58:52.0000001,11.748994576746364
2011-09-20 11:58:52.0000002,14.27621210388912
2010-09-24 17:16:16.0000001,7.574931118656883
2010-02-12 13:51:28.0000004,9.349759782509986
2010-02-12 13:51:28.0000005,8.232225514617001
2010-02-12 13:51:28.0000001,5.981171850164188
2010-02-12 13:51:28.0000003,6.436979061794824
2010-02-12 13:51:28.0000002,10.822508350654577
2011-01-03 21:51:28.0000002,8.591024709189231
2011-01-03 21:51:28.0000001,4.301428651791251
2011-07-26 13:10:56.0000003,5.2284907713698985
2011-07-26 13:10:56.0000002,8.569469240839132
2011-07-26 13:10:56.0000001,6.848577548722757
2011-08-18 13:00:16.0000003,10.971921614766808
2011-08-18 13:00:16.0000002,7.3179396921261795
2013-06-20 19:49:52.0000004,8.578201634745163
2013-06-20 19:49:52.0000001,8.041635884298525
2013-06-20 19:49:52.0000005,6.254807138477352
2013-06-20 19:49:52.0000002,18.28953511430086
2013-06-20 19:49:52.0000003,10.937035427176383
2013-09-25 22:00:00.00000079,12.191474391579519
2013-09-25 22:00:00.00000025,11.443787085990802
2013-09-25 22:00:00.000000225,9.688568551008938
2013-09-25 22:00:00.000000204,13.324529704380392
2013-09-25 22:00:00.00000053,20.836021921663473
2013-09-25 22:00:00.000000111,14.023127559817716
2013-09-25 22:00:00.00000014,8.952765763752094
2013-09-25 22:00:00.000000172,49.873412979502476
2013-09-25 22:00:00.000000154,7.421153369634525
2013-09-25 22:00:00.000000133,6.361432739910541
2013-09-25 22:00:00.000000160,10.126769519975948
2013-09-25 22:00:00.000000119,7.362061934138885
2013-09-25 22:00:00.000000223,7.851219263180087
2013-09-25 22:00:00.0000008,9.384498049763696
2013-09-25 22:00:00.000000103,11.09636116995657
2013-09-25 22:00:00.000000178,8.607722361224099
2013-09-25 22:00:00.00000023,7.545684421376574
2013-09-25 22:00:00.00000022,7.636645565044374
2013-09-25 22:00:00.00000076,8.25032482803208
2013-09-25 22:00:00.00000020,8.778983687889415
2013-09-25 22:00:00.000000142,12.518560283460195
2013-09-25 22:00:00.00000059,8.350892457161985
2013-09-25 22:00:00.000000110,8.204017888712702
2013-09-25 22:00:00.000000205,11.096851493329353
2013-09-25 22:00:00.000000182,11.688706158817187
2013-09-25 22:00:00.00000081,9.254948319030623
2013-09-25 22:00:00.000000230,22.40436480205681
2013-09-25 22:00:00.000000164,11.430160428287355
2013-09-25 22:00:00.00000090,10.885037986576817
2013-09-25 22:00:00.000000106,9.870788414022236
2013-09-25 22:00:00.00000078,9.458914962438918
2013-09-25 22:00:00.0000001,46.75850141666227
2013-09-25 22:00:00.000000126,11.469464272668562
2013-09-25 22:00:00.000000156,8.568186155346636
2013-09-25 22:00:00.000000137,11.833814783254956
2013-09-25 22:00:00.00000039,9.70989949132931
2013-09-25 22:00:00.00000017,16.538055729101547
2013-09-25 22:00:00.00000054,13.085158552277253
2013-09-25 22:00:00.000000135,17.375408309602044
2013-09-25 22:00:00.000000112,18.704772071879912
2013-09-25 22:00:00.000000148,7.674991942676124
2013-09-25 22:00:00.000000143,28.901858206920163
2013-09-25 22:00:00.00000043,7.526928288342292
2013-09-25 22:00:00.000000203,8.789946626640003
2013-09-25 22:00:00.00000040,9.53777325526766
2013-09-25 22:00:00.00000035,11.631805420473416
2013-09-25 22:00:00.000000117,15.869289713217212
2013-09-25 22:00:00.000000244,9.197178525826901
2013-09-25 22:00:00.0000002,17.504922162229256
2013-09-25 22:00:00.000000246,66.58117087970714
2013-09-25 22:00:00.00000091,18.32002786935836
2013-09-25 22:00:00.000000235,9.095108520137048
2013-09-25 22:00:00.000000237,28.99491026578234
2013-09-25 22:00:00.000000185,8.645154545563116
2013-09-25 22:00:00.000000233,9.25866985340167
2013-09-25 22:00:00.00000075,8.659365311961073
2013-09-25 22:00:00.00000026,13.173756922938683
2013-09-25 22:00:00.00000061,10.465399903438215
2013-09-25 22:00:00.000000179,13.657834842188747
2013-09-25 22:00:00.000000120,10.30313917786212
2013-09-25 22:00:00.000000165,19.22636408342842
2013-09-25 22:00:00.000000224,12.02918536782903
2013-09-25 22:00:00.000000192,20.63543798889215
2013-09-25 22:00:00.00000084,13.522184309315408
2013-09-25 22:00:00.000000169,7.479165289496895
2013-09-25 22:00:00.000000175,27.1096414251942
2013-09-25 22:00:00.000000132,8.905461847885544
2013-09-25 22:00:00.00000048,12.72491736181518
2013-09-25 22:00:00.000000229,9.06006387524064
2013-09-25 22:00:00.00000036,18.23738927621334
2013-09-25 22:00:00.000000177,9.512213400223889
2013-09-25 22:00:00.000000217,8.748694393160358
2013-09-25 22:00:00.000000183,11.407278299673095
2013-09-25 22:00:00.000000107,12.756100682420094
2013-09-25 22:00:00.00000058,13.122020059079556
2013-09-25 22:00:00.00000073,8.857810809313232
2013-09-25 22:00:00.000000245,8.625352362210954
2013-09-25 22:00:00.000000157,15.982577005822426
2013-09-25 22:00:00.000000227,23.004256787609066
2013-09-25 22:00:00.00000064,13.759895640233058
2013-09-25 22:00:00.00000024,45.83151161736221
2013-09-25 22:00:00.000000221,10.196918237309584
2013-09-25 22:00:00.000000139,28.492743287005627
2013-09-25 22:00:00.00000028,9.296554187683393
2013-09-25 22:00:00.00000057,9.117293640512573
2013-09-25 22:00:00.000000222,12.23180352383486
2013-09-25 22:00:00.000000215,21.56912856691153
2013-09-25 22:00:00.00000094,15.00491877852895
2013-09-25 22:00:00.000000214,11.167628778632366
2013-09-25 22:00:00.000000101,7.94352799856735
2013-09-25 22:00:00.00000055,8.947942226083477
2013-09-25 22:00:00.00000049,21.59998877889658
2013-09-25 22:00:00.000000216,16.748163335237276
2013-09-25 22:00:00.000000123,9.999036334908165
2013-09-25 22:00:00.000000136,8.107799265699565
2013-09-25 22:00:00.000000211,16.18223723846853
2013-09-25 22:00:00.000000145,7.49653678322291
2013-09-25 22:00:00.000000250,44.29123706013651
2013-09-25 22:00:00.000000188,11.37181965151796
2013-09-25 22:00:00.000000202,7.947348595535137
2013-09-25 22:00:00.000000242,11.595039215018323
2013-09-25 22:00:00.000000140,9.549134147612952
2013-09-25 22:00:00.000000171,9.183107959616226
2013-09-25 22:00:00.00000099,7.466270062436028
2013-09-25 22:00:00.000000187,8.806893901807477
2013-09-25 22:00:00.000000161,10.506622855921172
2013-09-25 22:00:00.000000189,10.010449102924222
2013-09-25 22:00:00.0000003,11.280758691793707
2013-09-25 22:00:00.000000249,9.551038307813728
2013-09-25 22:00:00.000000195,8.18409177271321
2013-09-25 22:00:00.00000072,11.528328519133701
2013-09-25 22:00:00.00000012,11.635739965893261
2013-09-25 22:00:00.000000149,10.010523681684312
2013-09-25 22:00:00.000000197,11.928223380909218
2013-09-25 22:00:00.00000038,48.214861944718834
2013-09-25 22:00:00.0000009,17.39227475594588
2013-09-25 22:00:00.00000089,14.641214692957213
2013-09-25 22:00:00.000000199,23.334951745074505
2013-09-25 22:00:00.000000219,8.343969938198178
2013-09-25 22:00:00.000000159,11.765781653389112
2013-09-25 22:00:00.000000173,10.794663622345546
2013-09-25 22:00:00.000000209,19.52796111127197
2013-09-25 22:00:00.000000196,12.333055027294058
2013-09-25 22:00:00.00000093,7.815285298569923
2013-09-25 22:00:00.000000155,18.28896095765937
2013-09-25 22:00:00.000000121,9.175442954597656
2013-09-25 22:00:00.000000134,12.667517658806918
2013-09-25 22:00:00.000000228,9.416807188519831
2013-09-25 22:00:00.00000092,11.596437967358938
2013-09-25 22:00:00.00000030,7.820313149551513
2013-09-25 22:00:00.00000062,12.18186914764058
2013-09-25 22:00:00.0000005,10.252501472126413
2013-09-25 22:00:00.00000097,36.09428719464188
2013-09-25 22:00:00.00000019,16.939737693865183
2013-09-25 22:00:00.000000180,8.371639781746435
2013-09-25 22:00:00.000000200,16.052798230837723
2013-09-25 22:00:00.000000186,6.2907564151355375
2013-09-25 22:00:00.000000176,9.358217270556713
2013-09-25 22:00:00.00000082,9.107920026923466
2013-09-25 22:00:00.00000098,9.721392508589958
2013-09-25 22:00:00.00000085,10.776135136938072
2013-09-25 22:00:00.0000004,7.285520248066527
2013-09-25 22:00:00.00000032,18.040852916440272
2013-09-25 22:00:00.00000070,9.370242767997276
2013-09-25 22:00:00.00000074,12.638772715285192
2013-09-25 22:00:00.000000118,11.935330571811058
2013-09-25 22:00:00.0000007,9.240405085960136
2013-09-25 22:00:00.00000050,11.004730167566585
2013-09-25 22:00:00.00000044,8.667079884944288
2013-09-25 22:00:00.00000095,6.929928346752066
2009-01-15 02:42:48.0000001,3.212665489293035
2011-07-06 18:07:44.0000001,10.108056079410334
2011-07-06 18:07:44.0000003,6.7954179824529835
2011-07-06 18:07:44.0000005,7.127848895871362
2011-09-08 01:28:24.0000001,40.76361193365305
2014-07-11 12:36:08.0000002,8.00000015404761
2010-11-04 05:01:44.0000001,5.837224340043874
2009-10-04 10:04:12.0000001,6.073236296577666
2009-10-04 10:04:12.0000003,4.166454708498128
2009-10-04 10:04:12.0000002,4.492944649663877
2009-10-04 10:04:12.0000004,3.956613074543184
2013-02-28 12:52:44.0000001,8.331228192476255
2013-02-28 12:52:44.0000003,8.056528283424667
2013-02-28 12:52:44.0000004,7.761239280016042
2013-02-28 12:52:44.0000002,5.755753174282912
2013-08-03 07:11:53.0000001,25.971887995808014
2015-01-26 23:13:33.0000001,11.84237853729496
2012-10-31 11:09:53.0000001,10.88787645891298
2012-10-31 11:09:53.0000002,16.067961962192864
2011-12-23 23:30:09.0000001,10.867352160941687
2015-01-29 11:01:21.0000001,7.436496166274825
2015-01-29 11:01:21.0000002,8.957179736039897
2014-01-31 11:11:05.0000001,16.538943464594187
2014-01-31 11:11:05.0000003,9.902793299186477
2014-01-31 11:11:05.0000004,8.504434083898708
2014-01-31 11:11:05.0000006,7.864617847264982
2014-01-31 11:11:05.0000005,8.625915768103926
2015-02-20 11:08:29.0000006,7.724971996073148
2015-02-20 11:08:29.0000002,12.574387310829586
2015-02-20 11:08:29.0000004,10.528662916600714
2015-02-20 11:08:29.0000003,8.768856839176035
2015-02-20 11:08:29.0000005,7.015409551827536
2014-08-31 04:03:29.0000001,8.462337298307125
2014-08-01 18:38:09.0000001,8.450975511974653
2014-08-01 18:38:09.0000002,8.23840985584106
2009-05-16 14:53:41.0000007,5.391597356577965
2009-05-16 14:53:41.0000006,5.470831248325982
2009-12-17 06:28:05.0000001,8.390802205931703
2009-12-17 06:28:05.0000002,4.329774550466978
2009-12-17 06:28:05.0000003,8.222346710467686
2010-02-23 17:25:09.0000001,5.784190344997548
2010-02-23 17:25:09.0000002,4.872242434554745
2012-07-30 16:54:49.0000003,7.654113450023171
2012-07-30 16:54:49.0000001,12.664726324820002
2012-07-30 16:54:49.0000005,8.090243773165051
2012-07-30 16:54:49.0000004,6.748953953618753
2012-07-30 16:54:49.0000002,12.194325324210443
2013-08-26 11:47:37.0000003,16.507248611923806
2013-08-26 11:47:37.0000002,8.030760510545777
2013-08-26 11:47:37.0000004,33.74562288396582
2013-03-06 23:49:53.0000006,7.0017163246081005
2013-03-06 23:49:53.0000005,8.321776176434783
2013-03-06 23:49:53.0000003,9.50331296380956
2013-03-06 23:49:53.0000002,7.592914364227095
2013-03-06 23:49:53.0000001,16.6089879094651
2013-03-06 23:49:53.0000004,10.760032172373357
2010-10-30 13:31:13.0000005,7.671157092340437
2010-10-30 13:31:13.0000003,4.887078056162524
2010-10-30 13:31:13.0000004,3.650210647882128
2010-10-30 13:31:13.0000002,6.6376094665408605
2012-03-25 16:56:01.0000001,6.4497363857200725
2012-03-25 16:56:01.0000002,8.356004658031988
2013-10-17 22:21:57.0000002,11.530255167487468
2013-10-17 22:21:57.0000004,13.820121726771253
2013-10-17 22:21:57.0000005,14.892716175505873
2013-10-17 22:21:57.0000001,14.431512456423818
2010-09-15 16:44:25.0000001,14.252441698281453
2010-09-15 16:44:25.0000002,12.896177397221848
2010-09-15 16:44:25.0000003,7.761106132316268
2014-05-09 00:30:41.0000003,12.591704892712844
2014-05-09 00:30:41.0000001,45.919890636999725
2014-05-09 00:30:41.0000002,15.815329417808583
2010-12-11 17:32:33.0000001,5.733954143295405
2010-06-14 05:10:09.0000001,10.566414823351609
2012-03-05 13:24:37.0000003,8.9662935271887
2012-03-05 13:24:37.0000001,6.986316915384633
2011-03-03 07:09:09.0000002,10.160933346723171
2011-03-03 07:09:09.0000001,9.966535243882511
2010-07-01 22:11:33.0000001,10.126495045926879
2010-07-01 22:11:33.0000002,8.264555046222071
2010-07-01 22:11:33.0000004,5.675386255147203
2012-01-07 21:39:05.0000002,10.014052985621031
2010-08-22 12:30:21.0000002,5.218582020274563
2010-08-22 12:30:21.0000001,5.199174442434806
2012-05-26 00:31:25.0000002,24.34282726210882
2011-12-16 09:20:01.0000001,12.863027043373162
2012-01-26 20:09:45.0000003,11.671343296418765
2012-01-26 20:09:45.0000004,11.236615570182508
2012-01-26 20:09:45.0000002,7.743389595320039
2012-01-26 20:09:45.0000001,8.685837300691665
2010-02-03 11:33:29.0000002,5.835491041086125
2010-02-03 11:33:29.0000001,7.404674303247447
2014-10-07 11:52:13.0000005,30.12651446581794
2014-10-07 11:52:13.0000001,7.8116411507299555
2014-10-07 11:52:13.0000004,13.199704955101826
2014-10-07 11:52:13.0000002,7.751124978231231
2014-10-07 11:52:13.0000007,8.946079560079708
2014-10-07 11:52:13.0000003,9.032510020957293
2013-05-06 23:46:25.0000001,9.837612858967255
2015-06-13 19:17:09.0000006,10.309116616994425
2015-06-13 19:17:09.0000004,10.970895110226893
2015-06-13 19:17:09.0000002,18.022620665953106
2015-06-13 19:17:09.0000003,13.967961693347117
2015-06-13 19:17:09.0000001,7.026007612254716
2011-06-29 00:15:21.0000001,8.094263211973567
2011-06-29 00:15:21.0000002,6.659221328708552
2011-06-29 00:15:21.0000003,12.135073459323
2009-11-28 13:50:17.0000003,6.823106873099036
2009-11-28 13:50:17.0000001,4.596821563614164
2010-05-02 12:05:45.0000001,7.995119326745678
2009-10-12 14:18:01.0000001,6.710017347504956
2015-01-13 12:07:53.0000002,8.851986811073767
2015-01-13 12:07:53.0000007,11.048089392415967
2015-01-13 12:07:53.0000001,13.441578063711201
2015-01-13 12:07:53.0000004,5.980644956652037
2015-01-13 12:07:53.0000006,9.46117106358475
2015-03-04 21:42:57.0000002,9.254953203179712
2015-03-04 21:42:57.0000009,8.309447940402796
2015-03-04 21:42:57.0000005,9.210851660725515
2015-03-04 21:42:57.0000003,13.918275623492372
2015-03-04 21:42:57.00000010,10.090787794670824
2015-03-04 21:42:57.0000004,20.201226825217454
2015-03-04 21:42:57.0000008,7.429314367869395
2015-03-04 21:42:57.0000001,13.068507615914157
2015-03-04 21:42:57.0000007,8.278096863724537
2012-01-31 09:15:49.0000005,7.072415557257127
2012-01-31 09:15:49.0000002,8.599598448455712
2012-01-31 09:15:49.0000006,10.774392862846863
2012-01-31 09:15:49.0000003,7.008343751378188
2012-01-31 09:15:49.0000004,9.615332236403304
2011-03-22 12:59:49.0000003,12.936162121784406
2011-03-22 12:59:49.0000005,5.05572829189386
2011-03-22 12:59:49.0000004,7.100025859405412
2014-10-05 17:21:45.0000001,7.308235022377299
2013-07-05 00:58:17.0000003,11.4659555260347
2013-07-05 00:58:17.0000002,18.364457050182924
2010-09-28 21:50:05.0000001,5.719855732292114
2010-09-28 21:50:05.0000003,23.21089529871725
2010-09-28 21:50:05.0000002,6.943111774286791
2010-09-28 21:50:05.0000004,12.14694747367799
2010-09-28 21:50:05.0000005,5.60890521143091
2012-05-25 09:21:17.0000001,6.1093927316311785
2012-05-25 09:21:17.0000002,7.853359563297735
2012-05-25 09:21:17.0000003,7.19355375510621
2010-01-30 00:57:21.0000003,7.838737514422077
2010-01-30 00:57:21.0000004,5.909988243834931
2009-10-16 16:14:41.0000004,5.186541971844689
2009-10-16 16:14:41.0000001,5.51651788354617
2009-10-16 16:14:41.0000003,5.371922798754765
2012-04-02 08:39:21.0000003,7.152726520244997
2012-04-02 08:39:21.0000001,5.779054704973658
2009-09-04 06:54:49.0000001,6.669856143519098
2012-08-29 09:53:33.0000002,10.907571410279923
2012-08-29 09:53:33.0000001,10.710734068526314
2011-03-13 05:34:57.0000001,12.055790340671813
2010-10-22 00:49:05.0000001,7.576795712484048
2010-09-12 22:12:53.0000001,11.610839277362523
2014-09-13 04:51:21.0000001,22.99918060155118
2014-09-13 04:51:21.0000002,15.068384131007344
2010-08-17 07:59:05.0000003,8.976480240876766
2010-08-17 07:59:05.0000001,4.121176963699826
2010-08-17 07:59:05.0000002,8.976362022938789
2011-03-06 23:14:17.0000001,10.295839617813602
2014-06-19 08:41:17.0000001,7.4106102871932205
2014-06-19 08:41:17.0000002,7.814942814536301
2014-06-19 08:41:17.0000006,14.316101235939731
2014-06-19 08:41:17.0000004,11.037579513018894
2014-06-19 08:41:17.0000003,7.998863254565282
2014-06-19 08:41:17.0000005,7.233524076114621
2015-02-26 23:20:13.0000004,8.380538573069364
2015-02-26 23:20:13.0000002,9.317813076093811
2015-02-26 23:20:13.0000009,20.308414404465097
2015-02-26 23:20:13.0000007,8.523074833714347
2015-02-26 23:20:13.0000005,11.130693497972038
2015-02-26 23:20:13.0000001,22.453698430662634
2015-02-26 23:20:13.0000006,21.252597458288854
2015-02-26 23:20:13.0000003,8.016123831160236
2013-10-09 15:11:41.0000001,8.537370577821356
2013-10-09 15:11:41.0000003,7.229464263162765
2013-10-09 15:11:41.0000002,19.281644155005445
2011-09-01 09:53:49.0000002,6.0525071003214865
2011-09-01 09:53:49.0000003,11.518339860986579
2011-09-01 09:53:49.0000005,5.933872348019255
2011-09-01 09:53:49.0000001,10.540828859172914
2011-11-28 14:13:37.0000001,10.307783314121464
2011-11-28 14:13:37.0000003,7.305223893069879
2010-09-28 00:16:53.0000002,20.704824027939974
2010-09-28 00:16:53.0000004,11.221340275294232
2010-09-28 00:16:53.0000001,6.15000671282067
2013-08-30 11:20:21.0000002,15.02278552970682
2013-08-30 11:20:21.0000001,12.952985629475577
2013-09-19 21:24:21.0000002,6.7499762192754424
2013-09-19 21:24:21.0000003,7.403913766322342
2012-07-01 22:30:29.0000001,6.8390971935160865
2013-01-19 08:04:21.0000001,7.837202729910204
2011-07-02 00:38:01.0000003,7.317723235809077
2011-07-02 00:38:01.0000002,8.52022199984943
2014-02-08 17:24:57.0000001,12.944666173354287
2010-01-13 01:56:57.0000001,5.623143888986523
2014-01-05 12:00:13.0000005,9.132445632734443
2014-01-05 12:00:13.0000003,10.03680187797314
2014-01-05 12:00:13.0000002,8.348463695918294
2014-01-05 12:00:13.0000004,8.200208474285898
2014-01-05 12:00:13.0000006,6.150235532505258
2014-01-05 12:00:13.0000001,31.139075788018033
2011-02-04 09:12:53.0000003,9.611021473767046
2011-02-04 09:12:53.0000001,9.287168563748093
2011-02-04 09:12:53.0000005,5.511781341686922
2011-02-04 09:12:53.0000002,7.124131678337528
2012-03-08 12:33:25.0000005,7.123445396125911
2012-03-08 12:33:25.0000002,14.779436141606759
2012-03-08 12:33:25.0000001,7.9466035695847905
2012-03-08 12:33:25.0000004,14.463414978991882
2009-07-31 18:15:57.0000002,5.102941802373623
2009-07-10 20:17:05.0000001,5.184968806348182
2009-07-10 20:17:05.0000002,3.7278061528186344
2010-11-05 14:33:37.0000002,18.645940882441312
2010-11-05 14:33:37.0000003,6.901561322342059
2010-11-05 14:33:37.0000001,12.678893031443351
2010-11-05 14:33:37.0000004,25.055038734099945
2010-03-09 08:49:13.0000002,7.261386748045985
2010-03-09 08:49:13.0000001,6.256294349014637
2010-03-09 08:49:13.0000003,4.750103357076791
2010-08-21 21:56:25.0000001,6.060955978063232
2011-07-27 09:24:33.0000004,6.841721957508906
2011-07-27 09:24:33.0000002,5.035971100698937
2011-07-27 09:24:33.0000005,11.82193964344507
2011-07-27 09:24:33.0000001,8.037669515851722
2011-07-27 09:24:33.0000003,8.241270703425283
2010-10-09 17:11:17.0000002,6.623500305877823
2014-01-16 23:24:37.0000001,14.040866794601826
2009-09-25 15:13:57.0000005,26.597463817040452
2009-09-25 15:13:57.0000007,5.763939384819839
2009-09-25 15:13:57.0000006,5.75762140571722
2009-09-25 15:13:57.0000004,8.189585899140999
2009-12-13 20:44:37.0000001,8.387203120159443
2009-12-13 20:44:37.0000004,9.610406932264434
2009-12-13 20:44:37.0000002,7.188641621355142
2009-12-13 20:44:37.0000003,6.617503797572808
2010-05-26 21:31:05.0000004,8.400761715941597
2010-05-26 21:31:05.0000003,12.032159644482324
2010-05-26 21:31:05.0000005,5.232994274497662
2010-05-26 21:31:05.0000001,10.343186003602895
2010-05-26 21:31:05.0000002,6.657848348974488
2010-05-03 08:36:41.0000003,4.755400211508638
2010-05-03 08:36:41.0000005,5.838602247780112
2010-05-03 08:36:41.0000001,6.001402581629999
2010-05-03 08:36:41.0000002,6.428779270511841
2009-06-22 08:08:29.0000001,14.216841763937028
2009-06-22 08:08:29.0000002,8.09385233913162
2009-01-20 17:38:05.0000003,5.393335016923441
2009-01-20 17:38:05.0000005,3.56753259690929
2009-01-20 17:38:05.0000004,6.094337727793867
2009-01-20 17:38:05.0000001,4.6877372839788904
2009-01-20 17:38:05.0000002,35.22004776884317
2013-02-04 16:08:01.0000002,11.512410410610721
2013-02-04 16:08:01.0000001,7.977587749551504
2009-07-22 09:50:25.0000001,4.664770825123384
2009-07-22 09:50:25.0000002,6.257593364109264
2009-07-22 09:50:25.0000003,5.250144460380342
2013-07-17 06:50:17.0000001,17.026556495716846
2011-01-24 20:18:49.0000002,8.546972733884425
2011-01-24 20:18:49.0000004,6.9276867946743925
2011-01-24 20:18:49.0000001,5.208407662957947
2012-04-25 17:29:21.0000002,16.832569331005054
2012-04-25 17:29:21.0000004,6.901908471475849
2012-04-25 17:29:21.0000001,10.001339887194256
2012-04-25 17:29:21.0000003,13.188720077657058
2010-01-23 14:32:17.0000001,5.7760762801410195
2010-01-23 14:32:17.0000002,4.932523605232483
2012-03-07 01:22:57.0000001,9.723412281921544
2012-03-07 01:22:57.0000002,13.788407370180835
2012-06-02 01:16:05.0000002,5.649049327521459
2012-06-02 01:16:05.0000005,42.65772128993311
2011-02-18 20:57:57.0000003,6.462211277718188
2011-02-18 20:57:57.0000001,12.656881364164022
2011-02-18 20:57:57.0000002,5.246472678114579
2010-11-03 17:52:21.0000001,5.808670750343646
2011-10-20 13:46:33.0000004,11.365734768034129
2011-10-20 13:46:33.0000001,43.63579346549335
2013-11-29 15:09:45.0000002,8.080529377584467
2013-11-29 15:09:45.0000001,11.28658036919396
2015-06-24 07:28:01.0000001,7.118174143377489
2015-06-24 07:28:01.0000003,66.28754005502905
2015-06-24 07:28:01.0000004,8.059562947950734
2015-06-24 07:28:01.0000002,14.91165750747211
2015-06-24 07:28:01.0000005,7.202268543954238
2010-03-27 11:29:05.0000001,5.611061192093585
2010-03-27 11:29:05.0000003,5.135086147467147
2010-03-27 11:29:05.0000002,3.8415677587839507
2014-06-09 11:18:25.0000005,7.327103050812822
2014-06-09 11:18:25.0000003,10.320627506322296
2014-06-09 11:18:25.0000001,7.8571123849638
2014-06-09 11:18:25.0000004,6.156690348447618
2014-06-09 11:18:25.0000002,9.138243627668645
2012-08-08 09:47:53.0000002,6.665926955993077
2012-08-08 09:47:53.0000003,6.351695153081615
2012-08-08 09:47:53.0000001,9.259284381891442
2014-10-28 12:23:09.0000003,15.705558459372059
2014-10-28 12:23:09.0000006,10.537877192546967
2014-10-28 12:23:09.0000004,9.680872136696932
2014-10-28 12:23:09.0000005,9.329419148876205
2014-10-28 12:23:09.0000002,7.418338831446762
2013-04-04 02:55:13.0000001,19.168326422033935
2011-07-11 20:43:33.0000003,13.337845591629112
2011-07-11 20:43:33.0000002,8.067275923498379
2013-02-23 14:25:29.0000001,11.985535152660772
2010-01-30 18:58:33.0000007,6.640114209505801
2010-01-30 18:58:33.0000002,10.719259555849304
2010-01-30 18:58:33.0000003,4.700168379234908
2010-01-30 18:58:33.0000004,14.507269320928279
2010-01-30 18:58:33.0000005,6.187831267181771
2013-10-07 11:12:33.0000003,9.725202775259463
2013-10-07 11:12:33.0000002,7.711673785156789
2013-10-07 11:12:33.0000001,8.204441648149565
2012-10-08 12:29:21.0000001,7.937150517060938
2014-08-22 06:49:41.0000002,10.237214839957934
2014-08-22 06:49:41.0000001,8.106307840908642
2014-04-26 22:02:17.0000001,11.611627417281387
2010-05-13 08:48:41.0000004,20.115600997083718
2010-05-13 08:48:41.0000002,5.225492460783015
2010-05-13 08:48:41.0000001,13.949980998196839
2010-05-13 08:48:41.0000003,8.330056363541267
2014-06-22 14:49:13.0000004,6.804698257273435
2014-06-22 14:49:13.0000003,7.318973008418858
2013-01-22 14:06:33.0000002,6.878071718714282
2013-01-22 14:06:33.0000004,8.349545521489514
2013-01-22 14:06:33.0000001,8.896544458876015
2013-01-22 14:06:33.0000003,46.2434428386603
2010-10-08 11:25:09.0000001,6.5176001697825665
2010-10-08 11:25:09.0000002,6.133750056874952
2015-03-14 02:23:17.0000001,6.016775100634299
2015-03-14 02:23:17.0000005,22.601973932791225
2015-03-14 02:23:17.0000007,17.09408867476752
2015-03-14 02:23:17.0000003,23.36944818606819
2014-09-20 00:55:21.0000001,10.921758514660674
2014-09-25 20:52:09.0000003,16.70209603564676
2014-09-25 20:52:09.0000007,17.45435139926371
2014-09-25 20:52:09.0000008,9.824603393468388
2014-09-25 20:52:09.0000006,9.434567076717016
2014-09-25 20:52:09.0000001,8.055491265955032
2014-09-25 20:52:09.0000004,14.339315497388943
2013-08-20 09:05:33.0000001,9.19551564918826
2012-01-19 00:39:29.0000001,12.58537841765581
2009-12-23 09:09:21.0000002,14.572822031695651
2009-12-23 09:09:21.0000003,10.156668432490498
2009-12-23 09:09:21.0000001,12.569020607919764
2012-12-15 06:35:45.0000002,13.96095193749315
2012-12-15 06:35:45.0000003,51.140414561705455
2012-12-15 06:35:45.0000004,7.195090412180562
2013-09-30 07:03:29.0000001,10.11857954706721
2014-06-10 11:21:37.0000001,7.977165365124967
2014-06-10 11:21:37.0000002,10.72414958066039
2015-05-30 05:00:57.0000001,9.031345777686203
2015-05-30 05:00:57.0000002,17.152644069794498
2014-04-15 08:04:25.0000001,7.755137584789066
2014-04-15 08:04:25.0000002,9.866538296288189
2012-09-04 21:59:45.0000001,7.3699924482878085
2012-06-23 19:15:29.0000001,7.947093173737336
2014-09-23 18:20:01.0000002,9.952321520280103
2014-09-23 18:20:01.0000001,9.67744808523822
2011-06-30 21:50:17.0000002,10.032826290871652
2011-06-30 21:50:17.0000006,7.433420920430773
2011-06-30 21:50:17.0000005,8.811608510509009
2011-06-30 21:50:17.0000004,10.726740198240572
2011-06-30 21:50:17.0000001,6.671758084621413
2011-06-30 21:50:17.0000003,8.398968642242615
2013-04-09 08:59:41.0000001,6.392841569836027
2013-02-14 03:56:45.0000001,8.359378947258307
2009-02-23 21:09:17.0000002,8.615299822487511
2009-02-23 21:09:17.0000003,4.121064666524905
2009-02-23 21:09:17.0000001,5.407206751612868
2013-04-05 20:47:57.0000001,13.232364141025286
2013-04-05 20:47:57.0000003,11.155339468680321
2013-04-05 20:47:57.0000002,14.828638451037307
2013-03-11 06:58:05.0000001,8.988147455580135
2012-01-05 05:51:01.0000002,8.67841894619392
2009-05-11 10:47:33.0000001,14.265314298010978
2014-02-22 02:07:01.0000001,14.87597979215983
2014-02-22 02:07:01.0000004,8.459104445929817
2014-02-22 02:07:01.0000005,7.731271043270853
2014-02-22 02:07:01.0000002,12.296797376606758
2014-02-22 02:07:01.0000003,11.840492313991888
2013-07-25 01:56:37.0000002,16.398710728615853
2013-07-25 01:56:37.0000001,11.406674061460347
2013-10-15 08:16:21.0000001,7.638941748634076
2014-08-26 23:35:49.0000003,14.264173566332449
2014-08-26 23:35:49.0000004,16.87724153685816
2014-08-26 23:35:49.0000001,10.055970097013715
2009-08-28 23:01:41.0000007,8.33071659563529
2009-08-28 23:01:41.0000004,6.451265487112927
2009-08-28 23:01:41.0000003,4.688683121955374
2009-08-28 23:01:41.0000005,47.364559444322936
2009-08-07 07:07:37.0000003,11.485502036132795
2009-08-07 07:07:37.0000002,12.603995177115833
2009-08-07 07:07:37.0000001,9.360624503076782
2013-11-11 13:49:53.0000004,49.34339674143196
2013-11-11 13:49:53.0000003,10.689074883102087
2013-11-11 13:49:53.0000006,16.152656769493333
2013-11-11 13:49:53.0000005,6.933123372786511
2013-11-11 13:49:53.0000001,7.867028386936313
2013-11-11 13:49:53.0000002,8.82514982547981
2012-08-11 19:58:29.0000002,8.648328416653108
2012-08-11 19:58:29.0000003,6.686791045395676
2012-08-11 19:58:29.0000004,8.362054777986046
2012-08-11 19:58:29.0000001,10.506504410883577
2011-06-29 06:25:41.0000001,32.14175288093368
2014-10-19 15:14:45.0000001,19.221043756087234
2014-12-16 13:40:25.0000001,8.930540419850834
2014-12-16 13:40:25.0000002,10.387275967338713
2010-06-11 13:37:21.0000004,190.6209968233853
2010-06-11 13:37:21.0000001,5.193759412577387
2010-06-11 13:37:21.0000002,9.035695801425717
2012-12-09 22:30:13.0000003,17.295400966002674
2012-12-09 22:30:13.0000001,12.884502768249147
2010-06-21 20:21:45.0000001,20.09838292909306
2011-05-11 19:56:09.0000002,11.520709668431088
2013-06-17 06:37:49.0000001,6.301853638708525
2009-07-29 07:52:01.0000004,5.349708189019452
2009-07-29 07:52:01.0000002,14.834602575359085
2009-07-29 07:52:01.0000003,5.2444333245806956
2009-07-29 07:52:01.0000001,5.180987766222122
2014-08-08 00:02:41.0000001,10.540358122479194
2014-08-08 00:02:41.0000003,14.184223578201308
2014-08-08 00:02:41.0000005,12.846780215748922
2009-02-19 09:17:21.0000001,8.98414991804913
2013-09-12 12:50:13.0000004,6.5698145085794835
2013-09-12 12:50:13.0000002,12.73637216273218
2013-09-12 12:50:13.0000006,41.62713256636441
2013-09-12 12:50:13.0000005,9.031757767962771
2011-06-26 03:33:25.0000001,18.935904150461628
2013-09-28 09:59:33.0000002,9.252443994958073
2013-09-28 09:59:33.0000001,7.270946885191249
2010-04-20 07:32:21.0000001,7.835955571563093
2010-04-20 07:32:21.0000002,7.379490286066172
2011-04-16 06:38:33.0000001,6.823699199389807
2011-09-18 18:33:13.0000001,7.4352458334828775
2011-09-18 18:33:13.0000002,23.263088369054902
2014-03-04 16:24:45.0000003,14.618412420254437
2014-03-04 16:24:45.0000002,8.87088908418201
2013-08-03 15:48:29.0000001,7.199582463795452
2012-06-21 19:47:25.0000003,7.038477174867661
2012-06-21 19:47:25.0000001,8.62290201498728
2012-06-21 19:47:25.0000002,8.113503461548278
2014-03-10 12:25:21.0000003,7.436129804004139
2014-03-10 12:25:21.0000002,9.365389096900747
2014-03-10 12:25:21.0000001,12.080198192671865
2014-11-10 10:52:41.0000002,18.925524113737968
2014-11-10 10:52:41.0000003,13.783911472935365
2010-10-17 23:04:25.0000001,8.331294535416907
2009-12-22 15:59:53.0000001,5.169936946428846
2009-12-22 15:59:53.0000002,4.724541753632673
2009-12-22 15:59:53.0000004,12.895356591382416
2014-05-08 21:23:41.0000002,7.6424503901210485
2014-05-08 21:23:41.0000003,11.223696269899413
2014-05-08 21:23:41.0000004,8.64492926974088
2014-05-08 21:23:41.0000005,11.35744552504204
2009-10-28 17:56:45.0000002,5.7758296520927
2009-10-28 17:56:45.0000001,5.2795215681704395
2014-07-10 07:03:29.0000002,12.791841190363808
2014-07-10 07:03:29.0000001,8.862026837209028
2012-07-15 03:53:37.0000004,15.458263459549112
2010-03-31 05:33:53.0000001,5.981747541037781
2010-03-31 05:33:53.0000002,11.524541404918734
2010-07-06 20:52:53.0000003,8.329950062446889
2010-07-06 20:52:53.0000001,6.798236789745639
2010-07-06 20:52:53.0000002,6.334492231125366
2013-06-10 11:29:13.0000002,6.487512360611506
2013-06-10 11:29:13.0000006,6.744228026783365
2013-06-10 11:29:13.0000004,7.004704508205032
2013-06-10 11:29:13.0000005,6.728120740367712
2013-06-10 11:29:13.0000003,11.921854167739617
2015-04-25 01:06:17.0000008,8.71690473152619
2015-04-25 01:06:17.0000004,7.5805215813021904
2015-04-25 01:06:17.0000001,7.712795236505958
2015-04-25 01:06:17.0000006,9.87140833588532
2015-04-25 01:06:17.0000002,11.544411076696083
2011-05-27 14:47:09.0000001,7.412827470463774
2011-05-27 14:47:09.0000004,9.098872584162487
2011-05-27 14:47:09.0000002,9.087523028086988
2011-05-27 14:47:09.0000003,8.168587598887793
2012-10-28 13:55:57.0000002,8.402051744905997
2011-06-12 01:07:57.0000002,21.59071974269028
2011-06-12 01:07:57.0000001,13.467721957301412
2014-12-11 15:20:49.0000002,42.518040817809705
2014-12-11 15:20:49.0000003,9.091536702659361
2011-06-19 04:08:49.0000001,9.16109601331968
2015-06-02 09:11:17.0000003,8.469545955639822
2015-06-02 09:11:17.0000006,7.697841432536049
2015-06-02 09:11:17.0000001,11.034778498424156
2015-06-02 09:11:17.0000004,7.376018391499853
2015-06-02 09:11:17.0000005,12.422290748714076
2014-05-09 02:23:21.0000001,11.878536470783128
2011-10-08 12:54:49.0000003,8.761084286002596
2011-10-08 12:54:49.0000001,12.483632846356732
2009-06-02 08:34:33.0000003,7.661456712154643
2009-06-02 08:34:33.0000002,5.674313703936031
2010-12-09 17:21:29.0000001,6.728862736242829
2013-06-22 01:59:25.0000001,7.683789019899933
2014-12-07 19:56:45.0000002,7.945111151972712
2014-12-07 19:56:45.0000003,10.125068266917076
2013-12-04 17:40:13.0000006,8.890826114766142
2013-12-04 17:40:13.0000004,9.774665333052742
2013-12-04 17:40:13.0000002,10.025824665414314
2013-12-04 17:40:13.0000005,6.097628379807009
2013-12-04 17:40:13.0000001,6.937856505588611
2013-12-04 17:40:13.0000007,12.506841686530713
2013-12-04 17:40:13.0000003,25.68914702084926
2014-07-20 17:05:09.0000001,18.952476369481666
2010-12-15 08:39:33.0000003,6.116603686342122
2010-12-15 08:39:33.0000002,7.112560883018389
2010-12-15 08:39:33.0000004,48.29488749703192
2010-12-15 08:39:33.0000001,5.184779504851042
2011-02-07 08:56:09.0000001,8.217624049505304
2012-05-26 11:54:53.0000003,8.581133032362649
2012-04-24 17:57:05.0000002,7.784039905302762
2012-04-24 17:57:05.0000003,22.708897808197644
2012-04-24 17:57:05.0000001,12.338189694764992
2014-01-11 19:20:17.0000002,8.460436132954742
2015-01-05 21:43:13.0000003,10.91949306397993
2015-01-05 21:43:13.0000002,11.19106148466535
2013-04-23 13:19:17.0000002,9.820953898906325
2013-04-23 13:19:17.0000003,8.43436064442762
2011-07-19 22:20:41.0000003,17.952476031195012
2012-03-18 02:27:41.0000002,40.28467743007853
2012-03-18 02:27:41.0000003,11.589495611509626
2009-01-19 19:48:17.0000003,9.622192650475556
2011-06-21 22:19:45.0000002,6.225503717582177
2011-06-21 22:19:45.0000003,15.568841412147368
2011-06-21 22:19:45.0000001,15.076307937950803
2012-02-10 06:28:17.0000001,9.916059368945803
2013-01-13 00:20:53.0000002,9.97405811683042
2013-01-13 00:20:53.0000003,10.47949339520059
2015-03-28 09:52:37.0000002,6.076025358040882
2015-03-28 09:52:37.0000001,8.166983115011687
2015-05-02 15:18:33.0000001,9.754971058321653
2015-05-02 15:18:33.0000005,7.698239165546916
2015-05-02 15:18:33.0000002,9.02684561382693
2015-05-02 15:18:33.0000006,8.568704673211837
2015-05-02 15:18:33.0000004,10.827632908937561
2015-05-02 15:18:33.0000007,14.231260418506155
2015-05-02 15:18:33.0000003,11.992822821714231
2012-01-01 00:37:29.0000005,15.177776652673284
2012-01-01 00:37:29.0000001,8.3123238363939
2012-01-01 00:37:29.0000003,9.754120180550983
2012-01-01 00:37:29.0000002,11.746146982260266
2010-06-24 19:32:25.0000001,9.052127628045021
2010-06-24 19:32:25.0000002,5.036700617656134
2010-04-25 09:00:01.0000001,12.71570839409134
2010-04-25 09:00:01.0000002,11.413854543049538
2009-08-11 21:41:09.0000001,15.465071721577715
2012-06-12 07:19:17.0000002,9.232105137683039
2012-06-12 07:19:17.0000001,6.574798522961429
2011-12-30 11:16:05.0000002,11.474071191348958
2011-12-30 11:16:05.0000001,8.627880640264246
2011-12-30 11:16:05.0000003,7.356012697408293
2011-12-30 11:16:05.0000004,7.431997773790923
2013-11-28 13:17:13.0000001,8.461886350982077
2010-06-14 20:51:37.0000001,16.32928702611251
2010-06-14 20:51:37.0000002,11.65137181174548
2012-06-10 00:46:17.0000004,14.19558704293085
2012-06-10 00:46:17.0000002,14.017289064223121
2013-02-10 19:51:53.0000001,9.6777735251355
2013-02-10 19:51:53.0000002,13.288024522532048
2010-02-20 04:04:13.0000001,8.028833409868422
2010-02-20 04:04:13.0000002,8.082420429412954
2010-02-20 04:04:13.0000003,5.481795534279057
2014-01-01 16:33:01.0000004,7.596493297257751
2014-01-01 16:33:01.0000001,9.477129665781568
2014-01-01 16:33:01.0000002,12.608481657071122
2014-01-01 16:33:01.0000003,10.465539939355754
2013-06-04 08:06:57.0000002,8.92560268084891
2013-06-04 08:06:57.0000005,8.823545076633557
2013-06-04 08:06:57.0000003,10.342205646116359
2013-06-04 08:06:57.0000004,6.4422291410706105
2013-06-04 08:06:57.0000001,5.711881981810286
2012-07-13 08:45:21.0000001,25.13864429428489
2012-07-13 08:45:21.0000003,7.004835642895468
2012-07-13 08:45:21.0000004,7.089800197971524
2012-07-13 08:45:21.0000002,12.051476289847093
2014-06-09 13:01:21.0000002,8.564822413821378
2014-06-09 13:01:21.0000001,8.19297190578344
2010-10-01 13:11:05.0000002,6.24825218338314
2010-10-01 13:11:05.0000004,7.9570526628296205
2010-10-01 13:11:05.0000003,25.265076964129122
2010-02-27 22:55:09.0000002,7.140743971756298
2010-02-27 22:55:09.0000003,7.223584504707189
2012-11-23 05:37:53.0000001,15.002193956994528
2009-10-05 15:41:37.0000001,5.398382362213242
2009-12-01 02:33:57.0000001,9.793194854010018
2013-04-30 14:43:33.0000003,17.594630756621818
2013-04-30 14:43:33.0000002,15.438193440384879
2013-04-30 14:43:33.0000001,12.15569606126305
2015-05-17 04:17:33.0000001,11.58646351310314
2015-05-17 04:17:33.0000002,10.62234243072489
2015-05-17 04:17:33.0000003,11.526296468957735
2015-05-17 04:17:33.0000004,10.43455197239005
2014-07-26 23:31:41.0000001,8.627741412723783
2009-11-07 16:37:49.0000001,4.9389664690585136
2009-11-07 16:37:49.0000003,4.980798400436898
2009-11-07 16:37:49.0000002,48.71405587914332
2009-11-07 16:37:49.0000005,4.674973100492828
2012-11-07 12:46:29.0000003,7.862723348872171
2012-11-07 12:46:29.0000001,12.55906981078568
2012-11-07 12:46:29.0000002,6.870241765918796
2011-01-07 09:25:57.0000002,5.357717636840071
2011-01-07 09:25:57.0000001,6.862452102769828
2012-07-18 16:28:21.0000002,7.911187923218288
2009-12-17 10:33:45.0000001,9.1389257864259
2009-12-17 10:33:45.0000002,10.747333456182277
2009-12-17 10:33:45.0000003,5.01346484293415
2009-12-17 10:33:45.0000004,6.131398075895318
2013-03-08 19:03:09.0000001,12.479045638737139
2013-03-08 19:03:09.0000004,8.306863742957583
2011-03-11 23:36:13.0000001,8.424032817856345
2011-03-11 23:36:13.0000002,6.11987101952028
2011-03-11 23:36:13.0000004,7.054536873988281
2011-03-11 23:36:13.0000003,5.879534504533648
2009-12-10 22:45:01.0000002,4.891173255296724
2009-12-10 22:45:01.0000001,12.549620655921688
2009-12-10 22:45:01.0000003,5.140996324030585
2009-12-10 22:45:01.0000005,19.517210532725343
2012-07-13 11:00:05.0000003,28.220101031877704
2012-07-13 11:00:05.0000002,14.430535481802876
2012-07-13 11:00:05.0000006,49.83632485346659
2012-07-13 11:00:05.0000001,10.03715683036021
2012-07-21 17:57:17.0000001,9.387247905190469
2009-04-23 02:42:05.0000002,6.296939528917603
2009-04-23 02:42:05.0000001,12.106280763531515
2012-11-03 23:49:17.0000003,11.115622306355371
2012-11-03 23:49:17.0000002,6.617346494499868
2012-11-03 23:49:17.0000004,6.495123834878248
2012-11-03 23:49:17.0000001,12.680796911710436
2012-02-21 20:07:25.0000002,6.073027996805678
2012-02-21 20:07:25.0000001,6.496824885441916
2012-03-26 05:24:13.0000001,18.9132261210979
2010-02-01 20:28:45.0000001,5.751048218401458
2010-02-01 20:28:45.0000002,6.564214861691375
2010-02-01 20:28:45.0000003,4.414342879285206
2009-09-26 04:36:49.0000001,4.290750258368099
2009-01-29 15:29:09.0000002,25.761791929597358
2009-01-29 15:29:09.0000001,4.16239103892293
2009-12-29 02:06:33.0000002,16.434772781307615
2009-12-29 02:06:33.0000001,9.405235829271904
2010-09-06 00:39:05.0000001,7.267359329956124
2012-09-08 21:13:49.0000004,8.786807873146875
2012-09-08 21:13:49.0000001,9.801043992416734
2012-09-08 21:13:49.0000002,6.789768209272713
2012-09-08 21:13:49.0000003,8.171973618909671
2010-11-04 16:19:25.0000001,10.160145502781692
2009-12-08 07:36:17.0000001,11.176217498375433
2009-12-08 07:36:17.0000002,11.225843614717572
2012-08-30 20:32:49.0000001,11.137423131647266
2013-06-08 16:55:13.0000002,7.582876207165333
2013-06-08 16:55:13.0000001,9.296389872526422
2014-07-01 11:05:21.0000002,6.953949732498232
2014-07-01 11:05:21.0000001,9.128587328710786
2013-08-19 16:21:05.0000002,14.43972334224425
2014-12-26 21:10:45.0000001,9.967784738911337
2012-10-25 16:20:37.0000001,11.652043547284709
2012-10-25 16:20:37.0000002,27.52843633923084
2013-08-14 11:02:17.0000001,6.939138357821902
2013-08-14 11:02:17.0000002,18.00059929086953
2010-10-01 01:22:01.0000001,11.297114486500096
2012-12-07 19:33:49.0000002,68.11991953331912
2012-12-07 19:33:49.0000001,6.198431004625479
2011-07-11 01:40:45.0000001,8.459357016258856
2013-07-18 01:45:01.0000001,8.321057967171742
2013-07-18 01:45:01.0000002,7.0677824279631585
2009-06-25 10:29:21.0000002,4.711216429649773
2009-06-25 10:29:21.0000001,4.5526479537032225
2012-07-31 20:04:53.0000005,7.35010571800284
2012-07-31 20:04:53.0000003,7.67912637387124
2012-07-31 20:04:53.0000004,6.239660687051636
2012-07-31 20:04:53.0000001,11.491954509574125
2010-11-15 22:25:13.0000001,6.771583542067734
2015-06-08 05:02:45.0000002,14.14930824406259
2015-06-08 05:02:45.0000001,21.46092662556864
2013-12-08 20:26:29.0000001,7.251855719545603
2013-12-08 20:26:29.0000002,10.790288874176865
2013-12-08 20:26:29.0000003,5.86027379803162
2009-05-10 00:24:57.0000002,12.398008362489515
2009-05-10 00:24:57.0000004,4.180718306039114
2009-05-10 00:24:57.0000003,7.987674760707005
2009-05-10 00:24:57.0000005,4.458568892995972
2009-05-10 00:24:57.0000001,3.430967293752798
2009-02-28 10:19:41.0000002,3.6951951990794285
2009-02-28 10:19:41.0000001,5.364924997439626
2011-08-19 17:42:57.0000001,5.296481947725326
2011-08-19 17:42:57.0000002,9.458219432745192
2014-06-05 22:56:05.0000007,12.154785748567738
2014-06-05 22:56:05.0000002,21.66862704698621
2014-06-05 22:56:05.0000001,49.84483422694771
2014-06-05 22:56:05.0000006,7.150938859028232
2014-06-05 22:56:05.0000005,8.02005351370831
2014-06-05 22:56:05.0000003,23.471349535014937
2014-07-16 18:33:41.0000001,9.342848997270721
2014-07-16 18:33:41.0000002,10.392824566659117
2014-07-16 18:33:41.0000003,13.887364203845658
2009-07-14 22:41:09.0000002,5.769810723455776
2009-07-14 22:41:09.0000004,4.843278107765436
2009-07-14 22:41:09.0000001,40.292610174214055
2013-11-21 14:19:21.0000002,7.175250956033457
2015-01-02 11:55:57.0000005,7.915570624032539
2015-01-02 11:55:57.0000002,9.047133054042504
2015-01-02 11:55:57.0000004,22.205074409568375
2015-01-02 11:55:57.0000001,9.128345964234816
2011-09-26 22:26:57.0000001,7.844985346414719
2015-04-14 01:41:05.0000001,12.905346154676689
2013-05-14 16:23:49.0000002,10.400071597288028
2013-05-14 16:23:49.0000001,11.435350681496882
2013-11-23 22:19:37.0000002,15.087689711010952
2013-11-23 22:19:37.0000001,9.794934198031877
2014-07-14 16:18:37.0000001,6.866039241972345
2010-07-30 12:04:17.0000001,4.668528251392335
2010-07-30 12:04:17.0000002,7.601983111235334
2011-07-27 21:48:49.0000002,7.625415116543391
2011-07-27 21:48:49.0000001,7.3478483697344705
2014-03-18 19:55:17.0000003,7.835976337453292
2014-03-18 19:55:17.0000002,13.93080052018237
2014-03-18 19:55:17.0000004,8.260276610033424
2014-07-28 21:44:21.0000001,12.944747149607561
2009-05-23 07:56:37.0000001,6.114151312702882
2010-06-05 23:05:25.0000004,12.448870874257832
2010-06-05 23:05:25.0000005,5.159201277861532
2010-06-05 23:05:25.0000003,10.617779028397255
2010-06-05 23:05:25.0000001,9.936799133439237
2010-06-05 23:05:25.0000002,9.609349334394294
2012-07-01 19:59:49.0000001,7.435367502871713
2015-06-07 17:23:09.0000004,9.819905742240648
2015-06-07 17:23:09.0000003,9.30755017418962
2015-06-07 17:23:09.0000002,8.423509656767065
2015-06-07 17:23:09.0000001,10.32497067447582
2013-03-10 07:31:45.0000001,7.762624764012534
2011-03-24 17:44:01.0000001,10.562265245244495
2011-03-24 17:44:01.0000003,8.715636023421805
2014-03-28 21:55:17.0000002,18.271384650725782
2014-03-28 21:55:17.0000004,8.103233827778556
2014-03-28 21:55:17.0000005,9.225353397315349
2014-03-28 21:55:17.0000006,8.929239615772333
2013-04-28 20:00:05.0000002,49.5068170214919
2013-04-28 20:00:05.0000001,7.218261334587611
2013-04-28 20:00:05.0000004,11.31676292872497
2013-04-28 20:00:05.0000003,6.538851470107017
2012-04-27 18:37:09.0000003,11.041969793036417
2012-04-27 18:37:09.0000001,11.953186029522143
2012-04-27 18:37:09.0000004,10.996095824376695
2014-04-05 18:11:33.0000001,11.734892852176666
2013-11-07 22:25:25.0000002,18.28579995156878
2010-06-19 03:06:33.0000002,5.038129878423238
2012-06-30 03:53:29.0000003,13.9511681230441
2012-06-30 03:53:29.0000001,16.52126877849519
2011-09-15 02:11:49.0000002,20.92682887470733
2011-09-15 02:11:49.0000001,22.779243934557023
2012-08-08 04:45:25.0000001,48.08017220139189
2011-05-19 16:01:41.0000004,6.013318633898716
2011-05-19 16:01:41.0000002,6.701998878998076
2011-05-19 16:01:41.0000005,6.127250258134525
2011-05-19 16:01:41.0000003,24.058084070751583
2009-12-27 04:00:09.0000001,17.203474398202147
2010-01-11 12:38:33.0000006,33.280238925536665
2010-01-11 12:38:33.0000003,7.164604182053482
2010-01-11 12:38:33.0000005,4.8117309449823775
2010-01-11 12:38:33.0000001,7.139368358441917
2010-01-11 12:38:33.0000004,5.782649227425516
2010-10-16 09:26:33.0000004,31.604628236715158
2010-10-16 09:26:33.0000002,7.397422492498118
2014-07-25 18:06:37.0000002,8.906632013976889
2014-07-25 18:06:37.0000004,10.29579204057675
2014-07-25 18:06:37.0000005,13.08931282775781
2014-07-25 18:06:37.0000003,8.591660937213003
2014-07-25 18:06:37.0000001,11.364279389867646
2013-03-18 15:54:21.0000001,9.802879353800053
2013-03-18 15:54:21.0000002,6.864196128457017
2010-05-13 06:34:57.0000002,6.678348179069238
2010-05-13 06:34:57.0000001,9.141891789609595
2009-05-16 08:13:05.0000001,21.528205757489076
2014-05-13 21:07:29.0000003,8.950779827237081
2014-05-13 21:07:29.0000002,9.957152064244456
2010-04-23 16:10:29.0000001,5.373844852528594
2010-04-23 16:10:29.0000003,10.325385279727787
2010-04-23 16:10:29.0000002,6.465904879232976
2015-05-25 22:13:09.0000002,39.65953563549182
2015-05-25 22:13:09.0000001,15.449745296159215
2013-11-16 18:33:25.0000003,8.690623525588423
2013-11-16 18:33:25.0000004,13.454317186729744
2013-11-16 18:33:25.0000002,12.445876231296507
2013-11-16 18:33:25.0000001,10.378686721897498
2012-04-16 17:48:09.0000001,8.029225354998593
2012-04-16 17:48:09.0000002,8.329266370785094
2012-04-16 17:48:09.0000003,9.57110820230641
2014-12-29 12:55:53.0000002,10.058338272768076
2014-12-29 12:55:53.0000001,22.29087990173612
2014-12-29 12:55:53.0000003,13.439585520389512
2009-08-02 14:01:33.0000002,4.915026163328795
2009-08-02 14:01:33.0000003,29.201965899625343
2009-08-02 14:01:33.0000001,5.260549732748637
2015-01-12 15:36:37.0000003,20.992187174781932
2015-01-12 15:36:37.0000004,41.29024649027684
2015-01-12 15:36:37.0000005,11.790718442791226
2015-01-12 15:36:37.0000009,16.457402267906662
2015-01-12 15:36:37.0000006,8.712438499562005
2015-01-12 15:36:37.0000001,16.18642918151808
2015-01-12 15:36:37.0000007,11.656086565884495
2014-09-04 19:52:09.0000002,8.73320001658062
2014-09-04 19:52:09.0000001,7.786794619819958
2014-09-04 19:52:09.0000003,7.876995838245399
2014-09-04 19:52:09.0000004,20.819969006035098
2009-06-01 17:42:01.0000001,10.599526729576178
2009-06-01 17:42:01.0000002,8.325092218211505
2009-06-01 17:42:01.0000003,5.2590305546431715
2010-09-21 01:35:09.0000001,11.861575068123788
2010-09-21 01:35:09.0000002,6.021300644502391
2013-05-26 15:18:37.0000004,19.05488919377403
2013-05-26 15:18:37.0000002,10.050767333863021
2009-09-20 23:07:01.0000002,10.442105192607487
2009-08-12 23:00:37.0000001,20.062879077846517
2012-07-18 09:44:53.0000005,9.156441200843734
2012-07-18 09:44:53.0000001,7.651530161311518
2012-07-18 09:44:53.0000004,5.525250602048683
2012-07-18 09:44:53.0000002,7.532051127612467
2009-09-25 21:43:49.0000005,8.812791734612034
2009-09-25 21:43:49.0000007,12.444112865628085
2009-09-25 21:43:49.0000003,6.701809558310817
2009-09-25 21:43:49.0000006,4.72067435648654
2009-09-25 21:43:49.0000008,10.114158310496382
2009-09-25 21:43:49.0000001,8.40246895218817
2009-03-22 20:58:33.0000002,9.025429340012296
2009-03-22 20:58:33.0000001,9.268877491261426
2011-12-09 21:19:25.0000002,9.692536720854257
2011-12-09 21:19:25.0000005,13.599514488047987
2011-12-09 21:19:25.0000006,6.629496209180763
2013-07-05 20:44:49.0000002,6.281759785445523
2013-12-20 15:58:29.0000005,12.154214915637823
2013-12-20 15:58:29.0000002,10.103666265676733
2013-12-20 15:58:29.0000003,33.861070457268795
2013-12-20 15:58:29.0000004,12.508954759375513
2014-10-06 14:37:25.0000004,12.936704744494183
2014-10-06 14:37:25.0000003,16.310964714101164
2014-10-06 14:37:25.0000002,9.617053079571196
2014-10-06 14:37:25.0000001,9.04519182865995
2015-01-18 23:09:25.0000003,22.383050188234428
2015-01-18 23:09:25.0000002,10.413440205493728
2014-05-01 14:11:21.0000002,12.240244740630143
2014-05-01 14:11:21.0000004,9.116843758065793
2014-05-01 14:11:21.0000005,9.244990852994064
2014-05-01 14:11:21.0000006,8.624011335817402
2014-05-01 14:11:21.0000001,11.653344983501977
2014-05-01 14:11:21.0000003,22.512168308471264
2012-05-22 14:54:45.0000002,7.000084446425777
2012-05-22 14:54:45.0000001,7.070448026140826
2009-06-17 14:41:57.0000001,9.21780785913965
2009-09-16 10:27:37.0000001,8.034786174994657
2009-09-16 10:27:37.0000002,3.840589944357909
2014-02-06 13:26:49.0000001,10.358459973918517
2015-04-16 02:42:33.0000001,16.01992471685147
2011-06-06 07:28:25.0000002,24.21839223597052
2011-06-06 07:28:25.0000003,5.203695504472653
2011-06-06 07:28:25.0000001,4.729032507634344
2011-06-06 07:28:25.0000005,16.05574188586724
2011-06-06 07:28:25.0000004,6.87520949554094
2013-02-27 19:25:13.0000003,16.35410961618265
2013-02-27 19:25:13.0000007,12.120364137127698
2013-02-27 19:25:13.0000006,12.288157026868557
2013-02-27 19:25:13.0000004,6.887024428081701
2013-02-27 19:25:13.0000002,7.0662774781615525
2013-02-27 19:25:13.0000005,9.379331366433087
2014-10-03 01:06:05.0000001,9.54646273236246
2014-10-03 01:06:05.0000002,10.417074419577254
2010-06-26 00:14:53.0000001,6.555958925315149
2009-09-15 08:28:53.0000001,7.773198390487727
2009-09-15 08:28:53.0000002,10.333304052475363
2009-09-15 08:28:53.0000004,6.161148480411036
2009-09-15 08:28:53.0000005,4.81686710693163
2011-08-09 05:27:05.0000001,10.178058846755427
2010-10-20 08:49:45.0000001,6.681252007297667
2010-10-20 08:49:45.0000002,6.168493625468839
2012-02-08 11:14:49.0000002,6.167000949481411
2012-02-08 11:14:49.0000001,8.446903789711993
2012-02-08 11:14:49.0000004,8.435760896905855
2013-08-07 02:16:45.0000001,33.79051813718842
2012-10-26 00:32:13.0000001,16.13980121406018
2012-07-18 22:34:53.0000001,7.781096974359788
2011-05-17 22:09:17.0000001,13.372597095612065
2009-04-04 00:20:37.0000001,12.610387706064937
2009-04-04 00:20:37.0000003,7.630331970263453
2009-04-04 00:20:37.0000002,12.331242301932695
2009-09-04 18:43:33.0000003,6.539946835139529
2009-09-04 18:43:33.0000004,8.38182010500003
2010-09-19 17:13:29.0000001,9.341744538581047
2010-09-19 17:13:29.0000007,10.735687717523223
2010-09-19 17:13:29.0000005,7.578805696832
2010-09-19 17:13:29.0000004,4.760850899398823
2010-09-19 17:13:29.0000003,13.30677669257939
2010-09-19 17:13:29.0000002,8.100550842719265
2013-03-19 18:08:29.0000003,10.839253743774199
2013-03-19 18:08:29.0000004,12.108378444775028
2011-11-22 00:15:25.0000002,6.681353912205482
2011-11-22 00:15:25.0000001,11.057609576538521
2011-04-23 11:01:49.0000005,5.129650035720873
2011-04-23 11:01:49.0000004,5.925571110974268
2011-04-23 11:01:49.0000003,4.770338158024128
2012-10-19 06:56:29.0000001,8.087660431350425
2012-10-19 06:56:29.0000002,6.685496293511585
2009-12-16 14:45:21.0000002,6.047245380907972
2009-12-16 14:45:21.0000003,5.540019359844377
2009-12-16 14:45:21.0000001,3.857498907336584
2012-08-13 21:49:53.0000002,7.483263850207929
2012-08-13 21:49:53.0000003,5.275919214950151
2012-08-13 21:49:53.0000001,5.621141033639544
2010-11-08 10:01:37.0000001,5.571684897085897
2010-11-08 10:01:37.0000002,6.454461809896442
2010-11-08 10:01:37.0000006,6.766373111084988
2010-11-08 10:01:37.0000007,11.075579399472975
2010-11-08 10:01:37.0000005,24.159124592198864
2010-11-08 10:01:37.0000004,5.428252409112441
2010-12-05 16:35:49.0000001,6.14121911177132
2010-12-05 16:35:49.0000002,8.83681467583979
2014-10-15 12:10:49.0000001,10.287523790824586
2009-04-01 19:28:09.0000004,12.157829515111443
2009-04-01 19:28:09.0000002,8.074611158311605
2009-04-01 19:28:09.0000003,6.061287275470071
2009-04-01 19:28:09.0000007,20.0462724169537
2009-04-01 19:28:09.0000005,6.4784126661979595
2009-04-01 19:28:09.0000006,7.7601712065336805
2011-11-26 02:04:29.0000002,12.856115541089716
2011-11-26 02:04:29.0000001,14.264188995027363
2009-01-11 07:56:01.0000003,4.76402153586659
2009-01-11 07:56:01.0000002,2.534109639657734
2012-05-30 09:19:13.0000001,7.201146570694304
2014-06-10 01:06:25.0000001,18.904910888326583
2014-06-10 01:06:25.0000003,18.084221142936936
2014-06-10 01:06:25.0000002,44.0836712462126
2014-10-28 22:42:33.0000002,27.60788623259262
2014-10-28 22:42:33.0000001,18.39380989019384
2009-03-20 12:14:53.0000004,7.429127387776037
2009-03-20 12:14:53.0000007,4.438114190969066
2009-03-20 12:14:53.0000002,7.230908838038312
2009-03-20 12:14:53.0000005,3.5950706578784164
2009-03-20 12:14:53.0000001,4.238544783956826
2009-03-20 12:14:53.0000006,6.160013008740524
2009-03-20 12:14:53.0000003,16.981234411509455
2010-06-20 12:42:37.0000003,7.054057450288438
2010-06-20 12:42:37.0000001,12.76526046550832
2014-08-05 16:09:05.0000001,8.226712245181796
2014-11-06 01:40:49.0000003,6.9841205126902794
2014-11-06 01:40:49.0000002,15.668792865046195
2014-11-06 01:40:49.0000001,10.942258929095605
2014-07-19 21:05:37.0000005,7.261204277823309
2014-07-19 21:05:37.0000001,10.109409829322521
2014-07-19 21:05:37.0000004,10.904698974141612
2014-07-19 21:05:37.0000003,9.730955833554308
2015-02-19 11:39:21.0000005,7.821438429742264
2015-02-19 11:39:21.0000002,9.623903792198888
2015-02-19 11:39:21.0000003,8.218306302014101
2012-10-02 14:17:13.0000003,8.037861974579586
2012-10-02 14:17:13.0000002,8.273114697981166
2012-04-17 09:47:57.0000001,7.945703161634463
2012-04-17 09:47:57.0000003,15.190145084782706
2012-04-17 09:47:57.0000002,23.34476154970272
2011-04-16 00:01:17.0000002,15.969846349748257
2011-04-16 00:01:17.0000001,4.473528878676229
2010-06-18 08:54:37.0000003,9.373197002363842
2010-06-18 08:54:37.0000002,17.877721923063525
2010-06-18 08:54:37.0000001,9.06981889210962
2012-10-20 00:36:37.0000005,9.144917512972018
2012-10-20 00:36:37.0000003,34.14752724288867
2012-10-20 00:36:37.0000004,5.591198084937261
2014-06-19 22:37:09.0000001,9.467228227785709
2014-06-19 22:37:09.0000003,11.764585043965065
2014-06-19 22:37:09.0000005,15.957996056505417
2011-05-11 13:24:37.0000004,8.475174220659811
2011-05-11 13:24:37.0000001,8.66780969741851
2011-05-11 13:24:37.0000003,6.488973905407145
2014-04-09 08:42:05.0000002,10.90176046438891
2014-04-09 08:42:05.0000001,8.332869533492234
2014-10-13 00:42:05.0000001,16.181771365854054
2013-12-08 10:41:05.0000003,7.085422902160807
2013-12-08 10:41:05.0000008,16.148884441456907
2013-12-08 10:41:05.0000006,10.111208352838736
2013-12-08 10:41:05.0000004,7.492912237244209
2013-12-08 10:41:05.0000001,11.623590920747496
2013-12-08 10:41:05.0000005,9.407435702430293
2013-02-14 02:02:13.0000001,7.2575292931765745
2009-07-04 13:00:57.0000001,9.760519565454565
2009-07-04 13:00:57.0000003,8.396632310845401
2013-03-20 03:01:29.0000001,6.51456404798479
2010-08-25 12:03:21.0000002,10.48294966483354
2010-08-25 12:03:21.0000001,5.606405279795313
2013-09-08 03:47:57.0000001,13.976655841486869
2013-09-08 03:47:57.0000003,8.58586360706155
2012-12-19 16:29:33.0000002,9.778275126781697
2012-12-19 16:29:33.0000001,6.906275706314913
2009-05-15 21:19:13.0000001,9.750590337611744
2009-05-15 21:19:13.0000002,10.210904887415785
2012-06-06 17:33:05.0000001,10.766936633435726
2012-06-06 17:33:05.0000002,6.425877127892431
2012-06-06 17:33:05.0000003,12.401107197112832
2012-06-06 17:33:05.0000004,9.256547544937947
2011-09-20 00:07:17.0000001,11.21489641527537
2010-01-29 08:32:53.0000007,5.769287530535454
2010-01-29 08:32:53.0000004,8.675378116413155
2010-01-29 08:32:53.0000001,3.9691581300211443
2010-01-29 08:32:53.0000003,10.12065732138444
2010-01-29 08:32:53.0000005,5.8854890424035915
2010-01-29 08:32:53.0000006,5.982654639473898
2015-05-15 01:51:49.0000002,11.740283075626378
2015-05-15 01:51:49.0000001,14.936885782837903
2015-05-15 01:51:49.0000005,10.836391479097777
2015-05-15 01:51:49.0000004,7.443615585176346
2011-07-26 05:14:29.0000001,48.82080375046269
2011-09-09 03:00:05.0000002,18.755843346154045
2011-09-09 03:00:05.0000001,5.947902605238873
2012-11-12 10:06:17.0000004,6.615103937642492
2012-11-12 10:06:17.0000005,9.454233343388745
2012-11-12 10:06:17.0000002,7.164794987964716
2012-11-12 10:06:17.0000001,9.689396928525163
2012-01-05 22:37:13.0000001,11.460444914853907
2012-01-05 22:37:13.0000002,12.652532491751415
2012-12-07 02:02:01.0000002,15.710942007343197
2012-12-07 02:02:01.0000001,12.015602067229196
2011-08-18 08:36:13.0000001,5.517645733545717
2011-08-18 08:36:13.0000004,6.907250233860528
2011-08-18 08:36:13.0000003,10.246452539913276
2011-08-18 08:36:13.0000006,7.5938319401826675
2011-08-18 08:36:13.0000002,15.275404369909644
2014-05-16 15:30:05.0000002,9.006821119389564
2014-05-16 15:30:05.0000001,7.899800859247737
2014-03-15 07:19:25.0000001,14.087446860186605
2009-12-21 17:23:09.0000001,5.582689814944876
2013-12-01 22:23:57.0000002,8.012524960855586
2013-12-01 22:23:57.0000001,17.301899293384373
2014-01-03 15:48:49.0000003,9.576541252343361
2014-01-03 15:48:49.0000002,8.236530260897823
2013-01-19 20:19:45.0000003,13.91947224529223
2013-01-19 20:19:45.0000001,8.91134086793419
2013-01-19 20:19:45.0000004,7.600967206020904
2012-08-31 03:00:21.0000001,7.895320093708572
2012-07-21 16:32:41.0000001,8.043196735909518
2012-07-21 16:32:41.0000002,5.729732592970988
2012-12-20 23:43:09.0000002,19.156602330867827
2012-12-20 23:43:09.0000006,9.52343118962547
2012-12-20 23:43:09.0000005,10.835334624666514
2012-12-20 23:43:09.0000003,7.825076467663685
2009-06-13 18:40:13.0000002,11.277121426307128
2009-06-13 18:40:13.0000003,10.629879285559078
2014-11-16 09:12:45.0000001,13.775864098577461
2013-03-25 15:17:33.0000001,4.768282492395837
2009-09-28 05:36:49.0000001,8.840853096120316
2013-07-08 17:31:29.0000001,8.117874538148921
2013-07-08 17:31:29.0000002,17.861806790919847
2010-11-27 12:54:09.0000005,6.247621904985933
2010-11-27 12:54:09.0000004,6.543392032491727
2010-11-27 12:54:09.0000001,5.92473459711027
2010-11-27 12:54:09.0000003,4.195735092074397
2010-11-27 12:54:09.0000002,15.750109601249862
2011-02-15 02:43:33.0000002,13.033348362760673
2011-02-15 02:43:33.0000001,15.983788547510315
2012-10-25 06:12:37.0000001,9.005924765041952
2014-05-01 06:39:54.0000001,7.985756512663552
2015-03-17 21:44:26.0000001,13.336473532311436
2015-03-17 21:44:26.0000006,10.516091463766864
2015-03-17 21:44:26.0000005,18.385047035595548
2015-03-17 21:44:26.0000003,11.599994907306375
2015-03-17 21:44:26.0000004,12.993474975412145
2011-05-02 13:26:54.0000003,6.209452834081357
2011-05-02 13:26:54.0000001,5.184262228125101
2011-05-02 13:26:54.0000002,10.972492444833128
2009-01-06 07:36:34.0000003,6.311471366254937
2009-01-06 07:36:34.0000002,5.28522969272751
2009-01-06 07:36:34.0000004,11.192663619586845
2010-06-23 10:29:22.0000005,4.277378235138667
2010-06-23 10:29:22.0000001,14.434194845919386
2010-06-23 10:29:22.0000004,5.511931645653577
2010-06-23 10:29:22.0000003,10.177007662736308
2010-06-23 10:29:22.0000002,9.930326051796424
2013-01-22 08:20:26.0000001,5.548819601883969
2013-01-22 08:20:26.0000002,6.682282731558255
2009-11-25 11:14:26.0000001,4.385289081009773
2009-11-25 11:14:26.0000002,7.822164677419215
2012-12-04 06:52:02.0000001,14.521743976226137
2012-12-04 06:52:02.0000002,12.687024424768062
2012-12-04 06:52:02.0000003,10.275642708434441
2014-05-27 10:31:46.0000001,8.523014500954819
2014-05-27 10:31:46.0000003,16.749242406922846
2014-05-27 10:31:46.0000002,15.620371664471397
2009-09-20 22:15:46.0000001,7.11937045739194
2011-06-30 08:40:22.0000001,5.431852477282099
2011-06-30 08:40:22.0000002,7.438130425615208
2010-05-10 09:14:30.0000003,6.123930654096863
2010-05-10 09:14:30.0000001,5.597959495513557
2010-05-10 09:14:30.0000002,6.311253932682655
2010-05-10 09:14:30.0000004,4.98723936548865
2010-11-25 16:10:30.0000001,13.719738782087639
2014-11-18 16:06:14.0000001,10.578235727816935
2013-01-20 20:41:26.0000003,11.647713271813327
2013-01-20 20:41:26.0000001,16.683073036874596
2015-06-07 00:38:14.0000003,9.568486633923497
2009-01-03 00:51:02.0000004,8.74322153683633
2009-01-03 00:51:02.0000003,2.788775215379207
2010-09-28 11:54:02.0000004,6.452356996020358
2010-09-28 11:54:02.0000005,8.51179664709643
2010-09-28 11:54:02.0000003,5.5479858145343695
2010-09-28 11:54:02.0000001,7.206180312049203
2010-09-28 11:54:02.0000002,20.573956147941622
2013-11-07 17:01:14.0000001,33.19455574803176
2013-11-07 17:01:14.0000006,7.163069397559185
2013-11-07 17:01:14.0000002,8.562338855758323
2013-11-07 17:01:14.0000003,7.557903637215362
2013-11-07 17:01:14.0000005,8.381017646245056
2013-11-07 17:01:14.0000004,10.420496831045343
2009-11-29 08:05:46.0000001,6.0178705760337285
2012-10-21 17:43:26.0000003,7.709918105899616
2012-10-21 17:43:26.0000002,10.545064454954622
2012-10-21 17:43:26.0000006,5.819938483020178
2012-10-21 17:43:26.0000001,8.292226162387431
2012-10-21 17:43:26.0000004,5.110440040692326
2012-10-21 17:43:26.0000005,8.52473358507604
2013-07-31 06:52:46.0000001,7.571945747381842
2013-02-04 12:10:10.0000002,7.067826360010123
2013-02-04 12:10:10.0000001,6.899735223476241
2013-10-18 09:06:14.0000001,7.973373062004263
2009-04-26 17:29:42.0000004,5.5951734797877535
2009-04-26 17:29:42.0000002,6.2374007586866425
2009-04-26 17:29:42.0000005,9.356381170413009
2009-04-26 17:29:42.0000003,6.83191032268315
2009-04-26 17:29:42.0000006,7.6801394310854185
2015-04-12 21:56:22.0000004,13.75544018550822
2015-04-12 21:56:22.0000002,11.805811540101335
2015-04-12 21:56:22.0000001,51.05208352380269
2015-02-25 22:00:38.0000003,28.38630709025036
2015-02-25 22:00:38.0000006,12.385477151498451
2015-02-25 22:00:38.0000001,17.688162036741925
2015-02-25 22:00:38.0000004,12.64856761740038
2015-02-25 22:00:38.0000005,21.351212786088418
2013-12-30 00:48:42.0000003,7.148644156586695
2013-12-30 00:48:42.0000002,24.586786474943153
2013-12-30 00:48:42.0000001,11.37162630651199
2012-11-20 21:15:22.0000004,10.442096028609965
2012-11-20 21:15:22.0000001,7.527751313083353
2012-11-20 21:15:22.0000003,14.327333596691151
2012-11-20 21:15:22.0000006,9.394093220589935
2012-11-20 21:15:22.0000005,12.036399811746408
2012-11-20 21:15:22.0000002,18.16024092951697
2012-11-20 21:15:22.0000007,9.457538485714341
2010-03-21 16:52:58.0000002,22.49034279852443
2010-03-21 16:52:58.0000001,9.327161357043956
2010-03-21 16:52:58.0000004,14.166281007700473
2010-10-06 23:31:54.0000002,6.916529841351121
2013-07-09 21:59:42.0000002,42.262016763540615
2012-06-23 09:43:42.0000006,17.786969480080423
2012-06-23 09:43:42.0000001,5.5231769398918615
2012-06-23 09:43:42.0000003,10.04644041209717
2012-06-23 09:43:42.0000005,7.384446586202328
2009-01-21 20:04:30.0000004,6.664929753540178
2009-01-21 20:04:30.0000008,5.663016313409503
2009-01-21 20:04:30.0000009,5.786988671455866
2009-01-21 20:04:30.0000003,6.922450522923131
2009-01-21 20:04:30.0000001,5.282175605576753
2009-01-21 20:04:30.0000005,5.644578801649404
2009-01-21 20:04:30.0000002,6.108021448699271
2009-01-21 20:04:30.0000007,4.279397908690118
2013-12-18 14:26:58.0000003,26.888710521315442
2013-12-18 14:26:58.0000001,9.271082296558236
2014-04-26 18:02:26.0000002,11.883448169917875
2014-04-26 18:02:26.0000001,9.577714771779975
2010-11-21 00:32:50.0000003,5.394189861087438
2010-11-21 00:32:50.0000002,12.65337826707141
2010-11-21 00:32:50.0000001,5.883343717994013
2013-02-07 21:29:22.0000003,10.973591044177976
2013-02-07 21:29:22.0000002,8.563597727106666
2013-02-07 21:29:22.0000004,10.739817617081622
2013-02-07 21:29:22.0000001,11.141436328599138
2010-11-15 18:15:14.0000002,6.866757040692377
2010-11-15 18:15:14.0000001,8.063571520756573
2010-11-15 18:15:14.0000003,5.802660340181539
2010-11-15 18:15:14.0000004,7.598417469714736
2013-10-26 10:46:46.0000005,8.461649187127021
2013-10-26 10:46:46.0000002,12.788870100864006
2013-10-26 10:46:46.0000004,11.721029549087495
2013-10-26 10:46:46.0000001,7.400111309737159
2013-07-18 10:24:58.0000001,7.614284924683196
2010-05-14 04:15:54.0000001,7.574299655134833
2013-09-14 18:51:46.0000002,10.101352562102708
2009-05-27 23:09:54.0000001,9.24133206845323
2013-05-23 23:54:42.0000002,9.113219744270145
2013-05-23 23:54:42.0000006,8.107000624066929
2013-05-23 23:54:42.0000001,13.58969387646117
2013-05-23 23:54:42.0000005,19.440511498019703
2013-05-23 23:54:42.0000003,9.89242796168673
2015-05-23 01:00:22.0000001,6.802370459185209
2009-11-23 19:06:14.0000004,9.96478367518617
2009-11-23 19:06:14.0000003,7.842375831670851
2009-11-23 19:06:14.0000002,5.535314212607219
2009-11-23 19:06:14.0000006,63.01050878561628
2011-06-22 00:06:34.0000001,7.15441493615204
2014-07-02 02:27:22.0000001,6.486767729369252
2012-11-18 14:55:42.0000002,7.17103835289557
2012-11-18 14:55:42.0000003,8.603522791836173
2012-11-18 14:55:42.0000004,6.904099662762227
2009-01-12 17:54:26.0000001,4.115161720824209
2012-10-10 06:59:02.0000002,10.058017936999688
2012-10-10 06:59:02.0000003,7.913596412954112
2012-10-10 06:59:02.0000001,8.989063908907793
2010-01-24 14:09:58.0000001,5.449995735652406
2010-09-01 08:23:54.0000001,12.768336452866537
2011-12-10 23:39:06.0000002,28.873805249569337
2011-05-22 03:09:50.0000002,24.920780994926627
2011-05-22 03:09:50.0000005,6.1649605063971125
2011-05-22 03:09:50.0000001,7.336321281731577
2011-05-22 03:09:50.0000004,23.378141660185033
2011-05-22 03:09:50.0000003,20.147062148398238
2013-06-29 14:26:06.0000004,15.644101914291879
2013-06-29 14:26:06.0000003,7.745540998015747
2013-06-29 14:26:06.0000002,7.530977141070158
2013-06-29 14:26:06.0000001,12.925772794086408
2011-01-25 10:31:26.0000001,11.848651099648986
2011-01-25 10:31:26.0000002,7.767225653399405
2013-02-11 01:03:30.0000001,26.513593684309654
2009-12-17 15:54:46.0000005,11.023097608643816
2009-12-17 15:54:46.0000003,5.954285224805167
2009-12-17 15:54:46.0000001,7.666660877016944
2009-12-17 15:54:46.0000004,5.408237264325442
2012-03-17 05:33:02.0000001,10.361414457176965
2009-10-24 19:48:30.0000001,5.0548383174562606
2009-10-24 19:48:30.0000002,7.011676966145441
2009-10-24 19:48:30.0000003,11.059131148575974
2013-03-23 00:10:26.0000004,31.590507235369625
2013-03-23 00:10:26.0000002,6.72246801131751
2013-03-23 00:10:26.0000001,46.18789973960155
2013-03-23 00:10:26.0000003,17.3412578912507
2010-06-16 18:41:54.0000001,8.189276740044102
2010-06-16 18:41:54.0000002,7.47436587721763
2011-01-15 04:13:38.0000002,4.588502343471577
2014-07-27 11:25:18.0000001,6.614291884126321
2014-07-27 11:25:18.0000002,7.4025772297124615
2011-11-02 08:21:50.0000002,7.527226732112954
2015-05-16 04:37:50.0000001,12.14211981857555
2015-05-16 04:37:50.0000002,12.353520519427237
2009-03-15 03:31:14.0000002,7.835150377806649
2009-03-15 03:31:14.0000001,4.873850832177651
2014-09-08 19:07:46.0000002,12.484947106195712
2009-08-28 11:58:58.0000001,4.179382220982751
2010-04-24 23:31:50.0000001,5.608659736800636
2010-04-24 23:31:50.0000003,10.044989626561659
2013-06-13 14:50:50.0000002,12.313377386768884
2013-06-13 14:50:50.0000001,8.843242141144122
2010-07-07 06:22:38.0000002,22.32772068304397
2010-07-07 06:22:38.0000001,9.392416621534517
2009-03-24 00:11:26.0000001,8.75736437284909
2009-03-24 00:11:26.0000002,7.717960496733378
2013-10-23 14:27:10.0000001,7.850587598313904
2011-03-03 21:31:42.0000007,12.96186282542522
2011-03-03 21:31:42.0000001,8.08571737352572
2011-03-03 21:31:42.0000008,10.41068501467024
2011-03-03 21:31:42.0000006,7.7442048174054765
2011-03-03 21:31:42.0000005,6.813553616050243
2011-09-05 10:47:26.0000002,12.009478313024015
2011-09-05 10:47:26.0000003,14.157735384358624
2011-09-05 10:47:26.0000004,11.060780905278248
2012-08-04 23:34:58.0000001,12.880265561559511
2012-08-04 23:34:58.0000004,7.049701360360312
2012-08-04 23:34:58.0000002,9.121864968304852
2015-01-29 13:15:50.0000003,10.394974444062061
2015-01-29 13:15:50.0000004,8.336152359132996
2015-01-29 13:15:50.0000007,9.436998291190992
2015-01-29 13:15:50.0000006,10.217505129927984
2015-01-29 13:15:50.0000008,6.82110743145469
2015-01-29 13:15:50.0000005,7.610154915794355
2015-01-29 13:15:50.0000002,8.546021190516434
2015-01-29 13:15:50.0000009,8.183106937296387
2012-09-16 12:48:06.0000004,6.366588385848709
2012-09-16 12:48:06.0000001,12.736270674404146
2012-09-16 12:48:06.0000003,13.403282132684138
2015-04-10 11:56:54.0000008,7.9164663490403555
2015-04-10 11:56:54.0000001,12.116911815752847
2015-04-10 11:56:54.0000002,23.29008084560578
2015-04-10 11:56:54.0000007,51.22315178209551
2015-04-10 11:56:54.0000003,8.53056074200898
2015-05-05 12:32:14.0000007,11.039038325235492
2015-05-05 12:32:14.0000006,9.517427506056176
2015-05-05 12:32:14.0000003,10.705749106750957
2015-05-05 12:32:14.0000004,8.403998812389174
2015-05-05 12:32:14.0000002,9.40177753922996
2015-05-05 12:32:14.0000005,9.936309453996612
2015-05-05 12:32:14.0000001,12.794799364043794
2013-10-15 23:31:26.0000001,8.696165564937544
2014-08-24 01:17:38.0000001,7.931990677666922
2013-04-04 07:01:06.0000003,10.284353812762573
2013-04-04 07:01:06.0000001,6.45552825629869
2013-04-04 07:01:06.0000002,9.409844503004624
2013-06-21 18:06:14.0000001,9.836361730298837
2013-06-21 18:06:14.0000005,10.345971684677307
2013-06-21 18:06:14.0000004,7.0619203841507465
2013-06-21 18:06:14.0000003,11.419575501991057
2013-06-21 18:06:14.0000006,8.07985819263058
2009-08-03 21:09:42.0000001,7.370987866911287
2009-08-03 21:09:42.0000003,6.08894603312465
2009-08-03 21:09:42.0000002,8.197913613679665
2009-08-03 21:09:42.0000004,5.390202620477166
2013-10-13 19:52:54.0000003,7.0658979516849785
2013-10-13 19:52:54.0000001,6.90506343002835
2014-11-14 11:09:46.0000001,8.8359453708271
2014-11-14 11:09:46.0000002,24.0551780847023
2015-06-25 01:01:46.0000003,7.474938279774301
2015-06-25 01:01:46.0000001,9.755760960357927
2009-05-19 15:44:30.0000003,7.962228538812788
2014-01-26 08:48:30.0000001,16.74951441029952
2014-01-26 08:48:30.0000002,5.996787597435484
2012-01-19 02:06:02.0000001,5.853738222005123
2014-12-25 21:32:58.0000001,10.720119415721626
2012-08-09 07:49:02.0000001,11.861002053922787
2012-08-09 07:49:02.0000003,19.361684294262577
2012-08-09 07:49:02.0000002,8.529805286280174
2014-08-10 05:03:50.0000001,26.630409105994385
2010-01-11 15:18:14.0000002,5.746393825610069
2010-01-11 15:18:14.0000003,4.250688491037745
2010-01-11 15:18:14.0000004,8.831912715723355
2010-01-11 15:18:14.0000001,7.874599860382082
2009-11-10 15:56:38.0000006,5.468446316813409
2009-11-10 15:56:38.0000002,6.55552664462212
2009-11-10 15:56:38.0000004,9.533023720871574
2009-11-10 15:56:38.0000003,47.12093641572345
2009-11-10 15:56:38.0000005,5.091819964770679
2009-11-10 15:56:38.0000001,8.323477163179351
2012-10-18 09:17:42.0000002,7.4496137414216825
2012-10-18 09:17:42.0000001,10.115261514200839
2010-12-06 13:19:58.0000003,6.3793065190959
2010-12-06 13:19:58.0000002,7.620417221933133
2010-12-06 13:19:58.0000001,4.11159544403376
2011-07-30 15:27:58.0000003,7.644924699228258
2011-07-30 15:27:58.0000002,6.964971518820512
2011-07-20 04:21:54.0000001,7.6445167302373225
2011-07-20 04:21:54.0000002,9.192704396742762
2009-03-10 19:51:34.0000003,5.586042297452065
2009-03-10 19:51:34.0000004,8.632865267690246
2009-03-10 19:51:34.0000005,4.679334275698837
2009-03-10 19:51:34.0000002,11.655666945949513
2009-03-10 19:51:34.0000001,4.997466496126502
2011-11-15 22:33:42.0000001,9.451044248920798
2011-11-15 22:33:42.0000002,15.882212633072015
2010-09-24 22:40:06.0000005,8.537331307513387
2010-09-24 22:40:06.0000003,28.24203183060859
2010-09-24 22:40:06.0000006,6.489293035591052
2010-09-24 22:40:06.0000002,7.3266647780962
2010-09-24 22:40:06.0000001,7.028726941021494
2010-02-06 17:37:10.0000007,3.4743857666103803
2010-02-06 17:37:10.0000004,6.186332886385861
2010-02-06 17:37:10.0000006,6.324135288616013
2010-02-06 17:37:10.0000003,5.734663237371712
2012-05-11 02:43:18.0000002,9.40244687323425
2012-05-11 02:43:18.0000001,5.464317444052474
2011-09-25 21:18:06.0000001,8.021178699571427
2011-09-25 21:18:06.0000002,12.138336445818586
2013-12-18 03:16:02.0000001,16.280809622495923
2012-01-26 01:32:42.0000001,11.32358456014552
2012-01-26 01:32:42.0000002,6.177086044975079
2011-10-02 03:06:34.0000001,7.216073863334956
2012-03-31 12:52:46.0000002,8.374013718032668
2012-03-31 12:52:46.0000001,17.8748939506074
2014-06-15 00:51:42.0000001,17.713582032355795
2009-04-21 17:27:58.0000001,7.177647967810803
2009-04-21 17:27:58.0000002,5.72369503919482
2012-08-13 15:02:26.0000002,6.720163708099457
2012-08-13 15:02:26.0000003,7.686489259801144
2014-10-27 11:56:50.0000001,8.089025917743779
2014-10-27 11:56:50.0000002,14.907943706191666
2014-10-27 11:56:50.0000003,9.356204874138644
2009-09-29 18:03:18.0000001,11.942338142463646
2011-10-30 16:52:26.0000001,6.586157682267579
2011-10-30 16:52:26.0000002,6.165428114179429
2014-11-24 23:39:26.0000002,15.597589636332852
2014-11-24 23:39:26.0000001,26.178402227159136
2011-08-16 14:41:50.0000001,8.231044605420628
2011-08-16 14:41:50.0000003,6.415102948511435
2011-08-16 14:41:50.0000002,7.303989708782091
2013-01-14 18:42:54.0000002,18.236903610154158
2013-01-14 18:42:54.0000006,7.531571288800935
2013-01-14 18:42:54.0000001,5.992465599968424
2013-01-14 18:42:54.0000007,5.503233799860825
2013-01-14 18:42:54.0000008,8.446108923611963
2009-04-18 23:09:34.0000002,11.760353707592433
2009-11-11 21:20:18.0000001,6.30568879343744
2009-11-11 21:20:18.0000003,31.13650843865346
2012-07-24 01:12:50.0000004,17.937908033540385
2012-07-24 01:12:50.0000003,8.29901029713499
2012-07-24 01:12:50.0000001,16.31723385804844
2012-07-24 01:12:50.0000002,7.861612768668804
2012-07-24 01:12:50.0000005,12.80890964541123
2009-04-18 02:44:34.0000003,8.12944630994273
2009-04-18 02:44:34.0000002,13.332260747498548
2014-07-18 06:32:22.0000001,9.567082836755109
2014-01-10 12:28:38.0000001,9.99469185507202
2011-08-08 15:27:22.0000001,4.634725626675815
2014-07-30 14:42:34.0000001,9.951031928692684
2014-07-30 14:42:34.0000003,23.84734456530378
2014-07-30 14:42:34.0000002,16.516032714346796
2014-08-26 16:39:54.0000002,11.734987835419112
2014-10-11 00:26:38.0000002,14.457239787990673
2014-10-11 00:26:38.0000003,12.605535251551052
2014-10-11 00:26:38.0000001,16.73658773504216
2014-10-11 00:26:38.0000005,12.623106232814058
2014-10-11 00:26:38.0000007,7.334169499477079
2014-10-11 00:26:38.0000006,17.954203038914045
2009-08-15 14:25:02.0000001,8.76778674376363
2009-09-22 06:43:46.0000001,5.970510450419591
2014-05-14 00:00:34.0000001,9.66150634344969
2014-05-14 00:00:34.0000002,10.930729176215848
2014-10-14 01:57:26.0000001,8.018132964240172
2009-05-31 20:56:38.0000002,41.98826129215304
2009-05-31 20:56:38.0000003,7.832623201713026
2009-05-31 20:56:38.0000001,4.430694764502829
2009-07-11 12:59:58.0000001,6.745717005957697
2010-06-02 15:33:06.0000001,5.870024721613576
2010-06-02 15:33:06.0000002,5.623846090230123
2010-06-02 15:33:06.0000003,4.937762861254098
2010-01-30 02:13:06.0000002,4.553114595957419
2010-01-30 02:13:06.0000001,3.482520363104948
2010-01-30 02:13:06.0000003,9.423078414096777
2014-01-05 17:47:02.0000003,9.334685672919445
2014-01-05 17:47:02.0000002,11.14670272122553
2009-03-21 09:59:50.0000003,44.87714032047252
2009-03-21 09:59:50.0000002,11.232104592426717
2009-03-21 09:59:50.0000001,4.666374891135441
2009-08-26 23:55:38.0000002,8.985108293992171
2009-06-09 15:10:50.0000002,49.06639600674127
2009-06-09 15:10:50.0000001,4.0651423145689
2011-09-18 06:14:54.0000001,9.133986371333457
2009-03-27 16:05:22.0000004,26.339748005054645
2009-03-27 16:05:22.0000005,5.0729289007183755
2009-03-27 16:05:22.0000001,8.916865469808215
2009-03-27 16:05:22.0000006,5.831636597657814
2009-03-27 16:05:22.0000003,8.73218253263409
2009-03-27 16:05:22.0000002,6.746709518988397
2015-05-29 10:02:42.0000005,9.417712149846226
2015-05-29 10:02:42.0000003,9.248731258641572
2015-05-29 10:02:42.0000004,9.465320950659452
2012-09-07 23:20:34.0000004,20.4807343355291
2012-09-07 23:20:34.0000003,15.442259317589107
2012-09-07 23:20:34.0000001,7.7814029265310385
2014-03-07 10:36:50.0000002,9.056283726652975
2014-03-07 10:36:50.0000001,10.340586562299723
2013-03-17 23:47:50.0000002,21.26761827744094
2013-03-17 23:47:50.0000001,8.730730803120254
2015-06-30 20:03:50.0000005,10.900356109179823
2015-06-30 20:03:50.0000001,88.60654606923843
2015-06-30 20:03:50.0000003,12.697333242454135
2015-06-30 20:03:50.0000004,8.938841194167455
2015-05-11 02:21:26.0000002,7.245376308890632
2015-05-11 02:21:26.0000001,13.418626242649822
2015-01-10 14:32:14.0000001,9.534420445829504
2014-12-05 14:14:14.0000001,10.66317754422509
2014-12-05 14:14:14.0000002,11.88286374151295
2012-04-23 12:23:18.0000001,7.016902743282218
2012-04-23 12:23:18.0000003,6.506329258016121
2012-04-23 12:23:18.0000002,25.003692318630947
2012-09-01 13:33:14.0000003,8.319517784280832
2012-09-01 13:33:14.0000002,11.224168095259332
2012-09-01 13:33:14.0000001,11.184516835488864
2011-04-17 14:55:58.0000001,3.805711584788857
2010-05-31 20:43:42.0000002,9.222235759020064
2013-11-22 23:44:34.0000002,12.766617010750469
2013-11-22 23:44:34.0000001,8.55217188472596
2013-05-17 05:30:10.0000002,13.491929340911796
2013-05-17 05:30:10.0000001,8.472472873088877
2009-07-28 11:13:10.0000001,13.433041595195423
2014-05-18 14:43:26.0000001,8.90153831342187
2014-05-18 14:43:26.0000002,7.991878775486072
2014-05-18 14:43:26.0000003,8.320650383091207
2011-10-08 18:18:26.0000005,10.630370638632352
2011-10-08 18:18:26.0000001,6.023242714034325
2011-10-08 18:18:26.0000004,12.91355764062692
2013-09-27 04:39:14.0000001,5.7379417478044
2011-02-08 01:44:18.0000001,12.595825262042958
2015-01-12 06:21:38.0000001,8.20231096912757
2015-01-12 06:21:38.0000002,17.386587185895202
2010-03-23 13:23:34.0000004,4.754720047518946
2010-03-23 13:23:34.0000002,13.442172659308584
2010-03-23 13:23:34.0000001,4.542690454805557
2009-04-02 06:19:02.0000001,10.468197089728717
2012-01-12 18:05:10.0000003,10.763704744933634
2012-01-12 18:05:10.0000001,22.76821220464754
2014-11-21 02:04:42.0000002,13.30020220895755
2014-11-21 02:04:42.0000003,14.447779150990344
2014-11-21 02:04:42.0000001,24.86096325326147
2010-10-09 03:54:42.0000001,10.792464605447442
2012-04-03 12:26:14.0000002,6.13280292833208
2012-04-03 12:26:14.0000001,29.23207906189322
2012-04-03 12:26:14.0000003,10.974019991780427
2010-12-21 08:46:02.0000005,11.312001975953711
2010-12-21 08:46:02.0000004,7.796918603685473
2010-12-21 08:46:02.0000003,9.019504101555185
2010-06-19 22:52:30.0000002,5.557153638636528
2010-06-19 22:52:30.0000001,9.009531673387908
2013-01-03 01:43:10.0000001,18.89468366766298
2013-11-24 03:44:46.0000004,11.303053980996939
2013-11-24 03:44:46.0000002,17.156070758443477
2013-11-24 03:44:46.0000005,15.060290502155745
2011-04-16 12:57:18.0000001,6.680567665927247
2012-10-11 22:24:18.0000001,11.473169274895467
2010-12-13 23:24:02.0000002,11.977458884435611
2010-12-13 23:24:02.0000001,11.509298300759347
2011-09-14 23:42:46.0000001,11.575618623369698
2011-05-17 23:42:46.0000001,6.463873206067951
2011-05-17 23:42:46.0000004,49.17438894165612
2011-05-17 23:42:46.0000002,11.38449557542762
2011-05-17 23:42:46.0000005,5.852106830889068
2011-05-17 23:42:46.0000007,7.823795634574589
2013-06-30 03:37:26.0000002,6.6212607835680055
2013-06-30 03:37:26.0000005,18.077832388256184
2013-06-30 03:37:26.0000001,6.091458506156684
2013-06-30 03:37:26.0000004,16.62012807292438
2011-05-26 21:36:54.0000001,9.637155149472285
2009-11-09 06:00:22.0000001,4.452915649970451
2014-01-09 17:27:18.0000002,42.98494109007295
2014-01-09 17:27:18.0000001,8.32147140679296
2014-01-09 17:27:18.0000005,10.781332380596417
2014-01-09 17:27:18.0000006,7.886101756147001
2014-01-09 17:27:18.0000007,8.441981071532162
2012-07-01 00:24:58.0000003,8.10562498310977
2012-07-01 00:24:58.0000001,8.67811321162679
2012-07-01 00:24:58.0000002,9.948713557171157
2010-06-02 14:55:22.0000003,8.32583570455137
2010-06-02 14:55:22.0000002,5.502246995010246
2010-06-02 14:55:22.0000004,5.2107127536521665
2010-06-02 14:55:22.0000006,7.886295624232161
2010-06-02 14:55:22.0000001,9.404897877439845
2010-06-02 14:55:22.0000005,8.135576533651722
2013-03-07 08:50:34.0000001,17.801604412268745
2013-03-07 08:50:34.0000005,8.558137008096718
2013-03-07 08:50:34.0000002,12.630791079696403
2013-03-07 08:50:34.0000006,10.767872323747309
2013-03-07 08:50:34.0000003,12.600086272107987
2013-03-07 08:50:34.0000004,11.80740863429952
2013-10-28 00:33:30.0000001,9.50686482678768
2013-11-23 16:33:30.0000003,11.682744571995068
2013-11-23 16:33:30.0000001,8.33212590439529
2014-11-06 07:56:46.0000002,8.909434753189782
2014-11-06 07:56:46.0000001,10.24993524167884
2013-04-05 12:38:22.0000001,14.948619073400614
2014-11-06 02:02:10.0000001,8.221699279397319
2012-10-09 07:47:46.0000002,7.943889649212066
2012-10-09 07:47:46.0000001,12.16528461575502
2012-10-09 07:47:46.0000003,11.250140097750126
2012-10-09 07:47:46.0000004,10.042510233473337
2012-10-09 07:47:46.0000005,6.151218231650842
2013-11-21 22:21:58.0000001,15.722123180525058
2014-12-20 01:57:26.0000001,10.330393186130248
2014-12-20 01:57:26.0000004,8.966825347781668
2014-12-20 01:57:26.0000003,11.641949274657826
2014-12-20 01:57:26.0000002,7.7421732445261915
2010-01-09 13:24:22.0000003,5.84920693072206
2011-11-02 02:18:18.0000001,25.15283593390093
2009-03-11 21:46:54.0000003,7.543919757747585
2009-03-11 21:46:54.0000005,18.574120268095548
2009-03-11 21:46:54.0000001,7.35624834590697
2009-03-11 21:46:54.0000004,29.110893940590522
2014-12-07 03:45:18.0000001,8.746719301541646
2014-12-07 03:45:18.0000002,16.247281723381185
2014-12-07 03:45:18.0000004,19.6613884246334
2014-12-07 03:45:18.0000003,10.106196790389491
2014-11-29 19:23:58.0000001,12.095454942767256
2010-03-04 09:49:38.0000002,18.488178293820624
2010-03-04 09:49:38.0000001,8.753444299571925
2010-03-04 09:49:38.0000003,4.260100770766777
2009-10-10 06:52:06.0000001,5.662105693874462
2009-10-10 06:52:06.0000002,9.875209145343739
2012-08-22 20:54:46.0000003,9.927028585575496
2012-08-22 20:54:46.0000001,8.884609209130623
2012-08-22 20:54:46.0000002,8.036578239729705
2015-05-01 07:49:14.0000001,7.493335862809483
2009-02-21 20:49:34.0000001,7.963441118506726
2012-08-10 14:04:14.0000005,8.745723242340134
2012-08-10 14:04:14.0000006,22.50348515241327
2012-08-10 14:04:14.0000004,7.045014989873352
2012-08-10 14:04:14.0000003,6.482181618855593
2012-08-10 14:04:14.0000007,5.985560340249047
2012-08-10 14:04:14.0000002,11.04976841323271
2013-05-10 21:08:18.0000002,17.976171571245146
2013-05-10 21:08:18.0000003,8.18620871464707
2013-05-10 21:08:18.0000005,6.911276205760499
2013-05-10 21:08:18.0000004,13.727443529847495
2013-05-10 21:08:18.0000001,6.76095552664723
2009-09-25 12:59:18.0000001,6.520263240321657
2014-08-02 21:05:42.0000002,13.999619335011001
2014-08-02 21:05:42.0000001,7.553570469812771
2013-10-29 20:16:10.0000002,7.100882131368843
2013-10-29 20:16:10.0000001,17.52713768004321
2009-11-11 22:49:46.0000003,9.72248224625207
2009-11-11 22:49:46.0000002,7.628899769398156
2009-11-11 22:49:46.0000001,5.805958191227351
2009-10-17 03:52:42.0000002,8.040895144933476
2009-10-17 03:52:42.0000007,4.633065260662562
2009-10-17 03:52:42.0000006,6.9708272654338845
2009-10-17 03:52:42.0000003,14.794301160083863
2009-10-17 03:52:42.0000001,4.75108921941807
2009-10-17 03:52:42.0000004,5.3315946315326865
2014-02-27 09:36:26.0000007,11.258444557555162
2014-02-27 09:36:26.0000008,8.469614415180123
2014-02-27 09:36:26.0000002,6.533331213632357
2014-02-27 09:36:26.0000005,6.817228523057857
2014-02-27 09:36:26.0000003,7.8066183715219415
2014-02-27 09:36:26.0000006,9.540381386232577
2014-02-27 09:36:26.0000004,13.00704500884252
2014-02-27 09:36:26.0000009,7.063904580213849
2012-12-26 17:12:30.0000003,10.05473455273804
2012-12-26 17:12:30.0000005,18.84396916284898
2012-12-26 17:12:30.0000001,8.953594566044098
2012-12-26 17:12:30.0000004,9.844753684738695
2014-03-11 20:24:02.0000003,9.551880074661366
2014-03-11 20:24:02.0000002,9.202766601325758
2014-03-11 20:24:02.0000004,8.670797007418876
2011-01-29 09:28:38.0000002,5.8411450638644276
2011-01-29 09:28:38.0000001,7.137952751296549
2011-01-29 09:28:38.0000003,7.723630504361974
2011-01-29 09:28:38.0000005,6.591704893695598
2011-01-29 09:28:38.0000004,6.638878201699635
2015-05-07 15:33:26.0000003,7.39929600468594
2015-05-07 15:33:26.0000007,7.838694018550971
2015-05-07 15:33:26.0000001,11.612828057283835
2015-05-07 15:33:26.0000002,12.810587442788377
2015-05-07 15:33:26.0000006,8.293729964242402
2010-10-25 13:31:22.0000003,4.816679041801007
2010-10-25 13:31:22.0000002,15.278032888188708
2010-10-25 13:31:22.0000001,5.9301514121437915
2010-10-25 13:31:22.0000004,9.598750386704463
2012-09-10 21:07:54.0000005,23.19978005482372
2012-09-10 21:07:54.0000004,12.592725078346298
2012-09-10 21:07:54.0000003,6.818430044566927
2012-09-10 21:07:54.0000007,10.208584372764555
2012-09-10 21:07:54.0000002,11.280539562815637
2012-09-10 21:07:54.0000006,9.887466918425122
2012-09-10 21:07:54.0000001,8.275368682813873
2012-04-15 21:54:22.0000001,9.248347176031071
2012-04-20 00:06:10.0000007,7.253165134186965
2012-04-20 00:06:10.0000001,8.383538615834768
2012-04-20 00:06:10.0000002,8.583951114012406
2012-04-20 00:06:10.0000006,8.730849316275801
2012-04-20 00:06:10.0000005,6.711752925754784
2012-04-20 00:06:10.0000008,16.030300148185404
2012-06-12 23:10:42.0000001,13.72832910076983
2012-06-12 23:10:42.0000003,14.642373337677139
2012-06-12 23:10:42.0000002,13.534717031781785
2009-04-30 22:25:26.0000004,12.611930945005133
2009-04-30 22:25:26.0000003,12.135080470114838
2009-04-30 22:25:26.0000002,7.304443199792091
2009-04-30 22:25:26.0000001,6.412557525305591
2011-02-20 06:18:34.0000001,33.50547440426875
2011-02-20 06:18:34.0000002,6.555386793243367
2013-04-21 19:50:54.0000003,39.63144388861416
2011-06-11 21:33:18.0000001,9.551218388104221
2013-02-06 18:21:18.0000006,8.407723069592034
2013-02-06 18:21:18.0000002,7.827834952163002
2013-02-06 18:21:18.0000003,10.422828235148692
2013-02-06 18:21:18.0000004,8.379825079927363
2014-05-01 21:05:34.0000002,8.041671798642286
2014-05-01 21:05:34.0000003,15.990969919600621
2013-07-21 11:41:26.0000001,14.876859338452974
2013-07-21 11:41:26.0000002,6.944222257638342
2011-04-22 19:23:54.0000001,10.803152130760823
2011-04-22 19:23:54.0000003,7.120844765932958
2011-04-22 19:23:54.0000002,46.335759378865646
2012-09-04 05:46:50.0000001,8.259607315783919
2012-09-04 05:46:50.0000002,23.046542255988182
2009-03-24 11:57:34.0000005,10.799616294431214
2009-03-24 11:57:34.0000004,6.0524286368071145
2009-03-24 11:57:34.0000003,3.478950868892076
2009-03-24 11:57:34.0000002,3.4960651816973494
2009-03-24 11:57:34.0000001,5.4311839857495965
2011-07-05 22:05:34.0000001,9.149004388017572
2011-09-17 15:41:06.0000001,8.288286810510254
2011-09-17 15:41:06.0000003,4.525202382447231
2011-12-25 04:37:10.0000001,13.913272853308046
2015-03-05 13:21:58.0000002,10.725869495242865
2015-03-05 13:21:58.0000003,8.761229677140019
2014-09-01 09:16:10.0000001,8.861504264826667
2015-06-21 17:16:10.0000007,9.098315441943727
2015-06-21 17:16:10.0000002,13.440864974625036
2015-06-21 17:16:10.0000006,12.68665699176185
2015-06-21 17:16:10.0000003,11.90674509712741
2015-06-21 17:16:10.0000004,10.298709211788703
2010-06-02 22:04:10.0000003,8.105207513198637
2010-06-02 22:04:10.0000004,15.11815352025628
2010-06-02 22:04:10.0000005,7.815423634884057
2010-06-02 22:04:10.0000006,6.071570880657476
2014-03-01 09:37:02.0000001,7.361877804594342
2014-03-01 09:37:02.0000002,7.447935818232468
2014-03-01 09:37:02.0000003,53.78952373734508
2011-07-18 12:12:18.0000001,6.4666875558713635
2011-07-18 12:12:18.0000003,7.123611408516789
2011-07-18 12:12:18.0000002,7.4848433121240365
2015-02-27 19:36:02.0000009,13.474349070103509
2015-02-27 19:36:02.00000010,7.911156375786375
2015-02-27 19:36:02.00000012,14.879116376085
2015-02-27 19:36:02.0000004,7.5738990806302695
2015-02-27 19:36:02.00000011,9.365638375207904
2015-02-27 19:36:02.0000003,9.935733418158133
2015-02-27 19:36:02.0000001,21.100431237028644
2015-02-27 19:36:02.0000002,8.599948927752951
2015-02-27 19:36:02.0000007,16.58866245599251
2012-04-16 21:10:10.0000001,9.221914958480257
2015-06-14 08:26:26.0000001,8.25701235012284
2014-01-15 22:45:42.0000003,8.573966356829438
2014-01-15 22:45:42.0000001,52.64614514226021
2014-01-15 22:45:42.0000002,13.267796196794617
2013-04-06 19:16:10.0000001,5.561766556888292
2013-04-06 19:16:10.0000003,8.265749095128108
2013-04-06 19:16:10.0000004,8.152202040042999
2013-04-06 19:16:10.0000005,13.291584236386715
2014-03-08 16:08:26.0000002,10.748558786801441
2014-03-08 16:08:26.0000004,6.096703950359744
2013-12-06 23:40:42.0000001,10.655692906718985
2013-12-06 23:40:42.0000006,43.84032669778337
2013-12-06 23:40:42.0000002,34.481604248000004
2013-12-06 23:40:42.0000003,14.241186865049
2013-08-19 17:09:50.0000001,6.183897416294862
2013-08-19 17:09:50.0000002,8.825028625844624
2013-08-19 17:09:50.0000004,8.139121977860402
2013-08-19 17:09:50.0000003,10.871844096486491
2009-11-02 21:38:38.0000001,11.31063001110582
2009-06-03 09:11:30.0000004,7.019510777054207
2009-06-03 09:11:30.0000003,16.846215611810877
2009-06-03 09:11:30.0000002,6.956309907254537
2009-06-03 09:11:30.0000005,4.729367324193754
2015-03-12 13:01:54.0000002,9.754833111734706
2015-03-12 13:01:54.0000005,12.54712285898272
2015-03-12 13:01:54.0000004,9.438142250070454
2015-03-12 13:01:54.0000001,7.652806320103398
2013-02-05 06:13:58.0000003,13.04449319121362
2013-02-05 06:13:58.0000002,49.75795807569945
2013-02-05 06:13:58.0000001,15.855787602633544
2014-05-19 06:39:34.0000001,8.244781447460275
2014-10-04 21:48:22.0000003,9.151452384544623
2014-10-04 21:48:22.0000002,9.699471839993498
2014-10-04 21:48:22.0000004,33.340874440238366
2012-01-22 04:13:34.0000005,12.90642216606984
2012-01-22 04:13:34.0000006,7.430752144581228
2012-01-22 04:13:34.0000004,9.287412029762141
2012-01-22 04:13:34.0000002,14.129982696061461
2010-07-27 06:13:02.0000001,29.1486354576021
2013-06-21 11:19:18.0000002,6.8858878027797275
2013-06-21 11:19:18.0000001,9.87738395046637
2010-12-23 05:52:26.0000001,26.031552371532594
2010-12-23 05:52:26.0000002,47.8919247063658
2010-12-17 10:33:34.0000004,8.789104592013546
2010-12-17 10:33:34.0000002,5.396597486805014
2012-06-04 11:34:58.0000003,8.715002094070321
2012-06-04 11:34:58.0000004,6.437991724409509
2012-06-04 11:34:58.0000001,15.759789690708239
2009-07-05 16:31:30.0000001,5.358298482911664
2009-07-05 16:31:30.0000002,6.206194946395361
2009-07-05 16:31:30.0000003,24.34037647520292
2012-12-08 20:08:38.0000004,5.817066028504153
2012-12-08 20:08:38.0000003,8.517743274810678
2012-12-08 20:08:38.0000005,11.83731359185358
2010-06-23 08:34:50.0000003,9.525328914914088
2010-06-23 08:34:50.0000002,5.065784231670226
2010-06-23 08:34:50.0000001,7.470716568009564
2012-03-07 10:57:46.0000001,8.878188352783438
2012-03-07 10:57:46.0000004,14.153058506294897
2012-03-07 10:57:46.0000005,6.769496588457772
2012-03-07 10:57:46.0000002,7.276819826141626
2012-03-07 10:57:46.0000003,7.889876959205902
2010-02-24 07:06:54.0000001,6.087878714025512
2013-12-29 01:20:50.0000003,17.906467039818683
2013-12-29 01:20:50.0000001,8.14330604458539
2014-03-28 22:34:26.0000001,34.415081477426924
2014-03-28 22:34:26.0000004,6.866633929384743
2014-03-28 22:34:26.0000003,9.37884636312746
2010-12-04 21:08:38.0000002,9.61064798823789
2010-12-04 21:08:38.0000001,18.735605624333953
2010-12-04 21:08:38.0000006,7.814620732983249
2010-12-04 21:08:38.0000003,7.310403100802516
2010-03-07 17:09:42.0000002,16.253642016252833
2010-03-07 17:09:42.0000003,5.858642266802657
2010-03-07 17:09:42.0000001,12.799884857842835
2010-03-07 17:09:42.0000004,11.96549737727829
2013-09-07 19:43:18.0000004,12.22802826489498
2013-09-07 19:43:18.0000005,17.282984350067714
2013-09-07 19:43:18.0000006,10.451046013163772
2013-09-07 19:43:18.0000008,7.750838285138103
2013-09-07 19:43:18.0000001,7.344710962072455
2013-12-20 15:31:06.0000001,10.167992292787915
2013-12-20 15:31:06.0000002,8.524383136311291
2010-09-06 04:31:54.0000001,24.480298288371415
2013-11-01 05:26:54.0000001,48.500345509542925
2010-03-07 00:47:26.0000004,14.514599759713658
2012-03-20 01:55:42.0000001,19.489746035500403
2011-10-02 05:06:46.0000001,14.95677834738651
2010-10-31 18:45:58.0000003,5.588526208731213
2010-10-31 18:45:58.0000002,16.930235806010344
2010-10-31 18:45:58.0000001,8.393384881235361
2010-10-31 18:45:58.0000005,5.525630042808609
2015-02-03 09:00:58.0000002,10.155296204252066
2012-08-08 08:58:50.0000001,8.634382840680214
2012-08-08 08:58:50.0000004,6.384952199052875
2012-08-08 08:58:50.0000005,8.799584394935396
2012-08-08 08:58:50.0000003,8.300761541811907
2011-04-08 15:01:02.0000001,8.40632843230239
2011-04-08 15:01:02.0000003,6.879056731241449
2009-01-14 03:42:38.0000001,11.011881654239698
2015-01-10 09:38:54.0000007,12.338768576946556
2015-01-10 09:38:54.0000003,8.459178302659089
2015-01-10 09:38:54.0000004,13.406602018963435
2010-12-04 09:25:10.0000001,12.271774044188716
2010-12-04 09:25:10.0000002,7.914422053429449
2009-05-12 17:08:06.0000001,12.908501143587474
2013-11-07 02:07:22.0000001,17.206417077175036
2014-10-03 00:50:06.0000004,18.920844157633518
2014-10-03 00:50:06.0000001,8.988863013536859
2014-10-03 00:50:06.0000002,14.692552621594368
2010-06-18 19:19:26.0000001,24.23239678722826
2010-06-18 19:19:26.0000002,4.743302627378344
2010-06-18 19:19:26.0000003,6.579045972266317
2010-05-10 03:55:14.0000001,7.285214085508997
2013-06-21 00:00:34.0000001,20.84863545622606
2013-06-21 00:00:34.0000002,15.37959841361798
2013-06-21 00:00:34.0000003,13.207753934828439
2009-03-11 16:02:14.0000006,6.121862814688786
2009-03-11 16:02:14.0000004,5.9943492674831385
2009-03-11 16:02:14.0000002,9.107624979240502
2009-03-11 16:02:14.0000001,3.7052098904410133
2009-03-11 16:02:14.0000005,6.655289967880634
2009-03-11 16:02:14.0000003,6.9081907051857065
2013-07-05 17:38:14.0000001,9.649320516699401
2013-08-26 01:11:14.0000002,12.882023683364785
2013-08-26 01:11:14.0000001,11.714104355732804
2012-07-30 01:49:10.0000001,5.796842451473319
2012-07-30 01:49:10.0000002,25.485025589404625
2011-05-13 03:57:10.0000001,7.578735893038532
2012-02-29 12:03:34.0000004,10.28387442681173
2012-02-29 12:03:34.0000002,5.870899291886115
2012-02-29 12:03:34.0000001,8.470777570515477
2013-12-17 17:59:22.0000001,7.0093344633017445
2012-09-18 09:58:54.0000003,9.408758887027165
2012-09-18 09:58:54.0000002,25.616532505463418
2012-09-18 09:58:54.0000001,11.454575403422655
2013-07-23 18:56:30.0000002,8.40113070737603
2013-07-23 18:56:30.0000001,8.616504618375139
2014-05-15 01:39:14.0000001,28.59096593609919
2013-09-16 14:16:34.0000003,7.54246890914235
2013-09-16 14:16:34.0000001,35.881322230400784
2014-01-04 17:27:38.0000001,21.893405601529743
2014-01-04 17:27:38.0000002,9.21786743212122
2014-01-04 17:27:38.0000003,9.45223508755942
2011-03-10 18:16:14.0000003,7.151712168146685
2011-03-10 18:16:14.0000004,6.919560064510707
2011-03-10 18:16:14.0000001,6.547380412297519
2013-04-05 06:42:26.0000002,8.079565505264911
2013-04-05 06:42:26.0000001,14.940551693722892
2009-03-11 12:01:30.0000001,12.937845174190297
2009-03-11 12:01:30.0000002,4.614560983114404
2009-03-11 12:01:30.0000004,5.391043147379202
2015-01-20 05:31:06.0000001,52.484675167866556
2009-08-03 17:06:06.0000001,4.748299783766423
2014-01-05 08:51:10.0000001,8.244595496770371
2010-03-13 01:23:10.0000002,19.64782567504953
2010-03-13 01:23:10.0000003,5.260724744904466
2012-05-30 02:28:50.0000001,12.066290143656765
2012-07-26 12:40:38.0000002,6.911838239507019
2012-07-26 12:40:38.0000001,30.12120111101938
2012-07-26 12:40:38.0000003,8.582656962920517
2010-09-22 16:28:54.0000003,5.559095651490604
2010-09-22 16:28:54.0000001,6.808235611364553
2010-09-22 16:28:54.0000002,23.691597481301628
2014-05-26 22:57:10.0000002,8.807062738134565
2014-05-26 22:57:10.0000003,14.909376833306853
2014-05-26 22:57:10.0000005,8.767077649478427
2014-05-26 22:57:10.0000004,9.7976560485588
2012-02-11 07:03:34.0000001,7.089484440998343
2010-06-27 05:03:38.0000001,6.652480407064217
2014-09-29 11:51:06.0000001,16.834550481095288
2014-09-29 11:51:06.0000002,8.79471049710134
2010-09-04 18:31:42.0000002,11.750245690486274
2010-09-04 18:31:42.0000001,19.43142632823833
2015-04-14 19:20:46.0000001,11.65718408776644
2015-04-14 19:20:46.0000005,8.429730705346179
2015-04-14 19:20:46.00000010,8.023985499378748
2015-04-14 19:20:46.0000007,7.049151410336093
2015-04-14 19:20:46.0000004,7.972725608343053
2015-04-14 19:20:46.0000003,12.789929433842714
2015-04-14 19:20:46.0000006,8.834032454352919
2015-04-14 19:20:46.0000002,9.613652149425599
2015-04-14 19:20:46.0000009,11.439260666258713
2009-07-20 08:53:34.0000002,5.151445563049273
2009-07-20 08:53:34.0000001,6.202614713538121
2013-04-03 16:09:02.0000002,5.671990994424585
2013-04-03 16:09:02.0000001,62.22486320602154
2009-11-20 23:19:58.0000001,7.716658015623242
2009-11-20 23:19:58.0000002,10.532975118982904
2012-08-04 09:01:54.0000002,11.181564704904636
2012-08-04 09:01:54.0000001,6.2748110345720605
2011-09-22 20:05:22.0000007,10.563728527626644
2011-09-22 20:05:22.0000001,11.44566544042099
2011-09-22 20:05:22.0000005,12.885970975691002
2011-09-22 20:05:22.0000006,6.138396946332154
2014-08-09 01:27:30.0000002,8.365199642923507
2011-02-15 05:44:42.0000002,13.640370811811282
2011-02-15 05:44:42.0000001,48.87975407603351
2014-10-31 12:04:26.0000002,25.094727296015314
2014-10-31 12:04:26.0000001,8.516365500338933
2015-02-09 07:16:26.0000006,6.753905073759562
2015-02-09 07:16:26.0000004,7.392636787852236
2015-02-09 07:16:26.0000007,8.23391660367359
2015-02-09 07:16:26.0000001,6.668457337066416
2015-02-09 07:16:26.0000002,10.270340624146906
2015-02-09 07:16:26.0000008,7.139608990124227
2015-02-09 07:16:26.0000003,10.667780329563708
2011-09-08 17:26:34.0000001,8.434816114535018
2011-09-08 17:26:34.0000003,10.916392601734325
2011-09-08 17:26:34.0000002,8.802433794854654
2011-09-08 17:26:34.0000004,7.122094177873986
2013-04-10 21:03:42.0000004,8.125597117556838
2013-04-10 21:03:42.0000005,9.691885960127694
2013-04-10 21:03:42.0000003,7.754247624417968
2013-04-10 21:03:42.0000002,11.853724004922976
2013-04-10 21:03:42.0000001,7.797237735787308
2011-12-29 19:29:50.0000003,8.597708343789806
2011-12-29 19:29:50.0000004,14.395893626541316
2011-12-29 19:29:50.0000001,10.489921829655179
2013-09-26 15:50:06.0000003,7.5874119928982715
2013-09-26 15:50:06.0000005,12.05177141658196
2013-09-26 15:50:06.0000002,7.8718123165839895
2013-09-26 15:50:06.0000001,11.044246168707303
2013-09-26 15:50:06.0000004,8.453821501962551
2012-10-01 07:18:06.0000001,6.061491627454204
2012-10-01 07:18:06.0000002,8.13141590818897
2013-03-14 21:43:46.0000001,13.532803555069687
2012-10-05 23:47:02.0000001,10.296816778742
2009-02-08 00:04:06.0000004,11.720399248979923
2009-02-08 00:04:06.0000002,36.33853849918853
2012-02-04 22:47:18.0000001,6.521023819907985
2012-02-04 22:47:18.0000003,8.097944580954765
2012-05-06 03:01:10.0000003,7.843330162326418
2012-05-06 03:01:10.0000002,11.745401136112648
2014-07-08 08:56:58.0000001,9.19455379703956
2010-01-09 08:29:14.0000003,4.111430239032597
2010-01-09 08:29:14.0000002,7.228200003348487
2010-01-09 08:29:14.0000001,14.410683292893467
2010-01-09 08:29:14.0000004,5.546586212127233
2010-12-06 03:36:58.0000001,5.576558033269893
2011-10-19 05:25:18.0000002,26.60794303776132
2011-10-19 05:25:18.0000001,8.204114954151377
2014-06-14 08:13:22.0000002,15.099877823327384
2014-06-14 08:13:22.0000003,15.363693664362486
2014-06-14 08:13:22.0000001,16.191861333742224
2011-02-19 10:14:58.0000002,6.902890641335757
2014-12-25 03:10:26.0000001,13.42634058149083
2009-06-16 14:32:38.0000003,5.525380413427332
2009-06-16 14:32:38.0000001,6.421788567867373
2009-06-16 14:32:38.0000005,4.433174273739297
2009-06-16 14:32:38.0000006,8.416345329058423
2009-06-16 14:32:38.0000002,5.837792577743435
2009-06-16 14:32:38.0000004,15.237035512873739
2010-08-16 17:14:18.0000001,47.68646152499696
2013-04-29 09:18:06.0000004,7.046229797723767
2013-04-29 09:18:06.0000002,6.981005045971299
2013-04-29 09:18:06.0000005,8.92932237001985
2013-04-29 09:18:06.0000001,21.4917395164998
2013-04-29 09:18:06.0000003,8.413403428752344
2013-06-23 14:52:34.0000002,30.53025466677577
2013-06-23 14:52:34.0000001,6.312368192965415
2013-03-28 05:22:58.0000001,7.859212891000917
2015-06-08 20:18:30.0000006,10.56742537246858
2015-06-08 20:18:30.0000003,8.072903874647574
2015-06-08 20:18:30.0000002,16.054449438346406
2015-06-08 20:18:30.0000001,11.481798771699046
2015-06-08 20:18:30.0000004,11.303725217208097
2015-06-08 20:18:30.0000005,13.003503937871049
2011-09-08 13:39:06.0000001,7.237248776145329
2012-03-03 02:30:54.0000001,8.826219677418472
2012-03-03 02:30:54.0000002,8.781756166196514
2012-03-03 02:30:54.0000004,11.604042599479952
2010-03-27 20:11:10.0000003,6.171672658097956
2010-03-27 20:11:10.0000001,7.730944098506565
2010-03-27 20:11:10.0000002,9.659516654378848
2009-08-11 22:40:02.0000002,10.988602875399728
2009-08-11 22:40:02.0000003,44.00515855037837
2009-08-11 22:40:02.0000004,4.962042718959562
2009-08-11 22:40:02.0000005,14.753050398344687
2009-08-11 22:40:02.0000001,6.264152881204529
2012-12-27 21:01:54.0000001,7.615379249692957
2012-12-27 21:01:54.0000003,8.272616416513687
2012-12-27 21:01:54.0000006,10.609923730806319
2012-12-27 21:01:54.0000007,17.43372128666327
2012-12-27 21:01:54.0000008,10.531790946677372
2015-04-16 18:45:22.0000003,9.785601594276065
2015-04-16 18:45:22.0000002,8.076366648622662
2015-04-16 18:45:22.0000001,10.28261348792148
2015-04-16 18:45:22.0000005,17.345995217092224
2014-05-17 10:51:46.0000001,7.982560609019631
2014-05-17 10:51:46.0000004,8.686909902717915
2014-05-17 10:51:46.0000002,24.47864494587791
2009-05-04 11:23:18.0000001,6.025110701215274
2009-05-04 11:23:18.0000003,6.381862813606435
2009-05-04 11:23:18.0000002,7.810475354153924
2013-07-22 14:30:06.0000002,6.464989238358517
2013-07-22 14:30:06.0000001,15.325456810529994
2015-05-31 20:48:54.0000005,6.42111281747547
2015-05-31 20:48:54.0000004,6.303401287978528
2015-05-31 20:48:54.0000001,7.407576531225487
2010-07-16 06:44:06.0000001,5.53705956011834
2010-07-16 06:44:06.0000003,14.555843369206748
2010-07-16 06:44:06.0000004,19.049484194566105
2010-07-16 06:44:06.0000002,21.34859730309787
2013-01-06 12:39:54.0000003,7.417476014187075
2013-01-06 12:39:54.0000001,8.50127642056668
2013-01-06 12:39:54.0000004,9.227057155457532
2013-01-06 12:39:54.0000002,8.843435933111154
2013-01-06 12:39:54.0000005,5.148731491182199
2012-12-15 15:55:42.0000001,7.511862943344466
2012-12-15 15:55:42.0000002,8.554673548472646
2010-05-06 11:35:26.0000001,6.719511177220777
2010-05-06 11:35:26.0000003,4.589590410344685
2014-01-06 10:16:02.0000001,15.693035127634472
2014-01-06 10:16:02.0000002,6.98719006669022
2012-07-24 04:44:26.0000001,10.254825895258108
2010-08-06 15:37:14.0000007,7.103410908944472
2010-08-06 15:37:14.0000003,7.497497511638066
2010-08-06 15:37:14.0000006,6.407890537565249
2010-08-06 15:37:14.0000005,34.09683971976558
2010-08-06 15:37:14.0000004,9.42087672000232
2010-08-06 15:37:14.0000002,11.150674412213402
2010-08-06 15:37:14.0000001,6.448483412990727
2010-11-10 23:21:50.0000002,8.068180015896226
2010-11-10 23:21:50.0000003,9.054845644909577
2013-03-31 00:09:58.0000002,9.311919301716415
2013-03-31 00:09:58.0000003,8.722282710803784
2010-02-01 00:05:42.0000001,10.6914625834621
2010-02-01 00:05:42.0000002,15.429319312245843
2009-06-18 18:47:22.0000003,12.031873799085368
2009-06-18 18:47:22.0000001,8.000876335295766
2009-06-18 18:47:22.0000002,9.341945523493992
2015-01-03 08:47:26.0000001,10.161805687917148
2015-01-03 08:47:26.0000002,11.362367703063539
2014-06-20 02:16:34.0000001,8.87627632824781
2011-02-03 07:13:06.0000001,5.652907626111772
2014-01-14 18:48:06.0000007,10.592492488104684
2014-01-14 18:48:06.0000002,8.137057749494376
2014-01-14 18:48:06.0000003,7.610129808379962
2014-01-14 18:48:06.0000004,9.017945908770626
2014-01-14 18:48:06.0000001,9.300195982255149
2014-01-14 18:48:06.0000005,8.692518141148376
2014-01-14 18:48:06.0000006,7.375989789557388
2013-10-18 05:08:54.0000001,32.57989066865983
2011-07-20 08:05:02.0000003,8.24937107447554
2011-07-20 08:05:02.0000002,5.8262492095986325
2011-07-20 08:05:02.0000004,8.389106215368525
2009-05-03 16:02:54.0000005,6.601536977586731
2009-05-03 16:02:54.0000003,5.117917163756855
2009-05-03 16:02:54.0000002,6.094570518217515
2009-05-03 16:02:54.0000001,13.6267722728023
2012-09-06 17:58:06.0000001,5.3422745904866265
2012-09-06 17:58:06.0000003,8.474436400847095
2014-04-06 16:47:14.0000003,8.043103244470984
2014-09-06 03:52:50.0000002,12.665067845270189
2013-07-27 09:59:18.0000001,7.16620309721637
2014-12-26 20:19:38.0000002,8.875080069538528
2014-01-01 13:06:34.0000001,7.289375747877652
2011-12-25 15:35:54.0000003,7.975636459018767
2011-12-25 15:35:54.0000004,8.679976785696304
2015-05-14 23:11:58.0000001,17.85601628143224
2015-05-14 23:11:58.0000007,11.759955826950744
2015-05-14 23:11:58.0000003,9.8880484084949
2015-05-14 23:11:58.0000005,9.710893695085856
2015-05-14 23:11:58.0000008,12.185583768508714
2015-05-14 23:11:58.0000002,15.851792184238523
2015-05-14 23:11:58.0000006,9.801723598967957
2015-04-22 09:54:06.0000002,9.45738616995342
2015-04-22 09:54:06.0000003,7.8869434715673785
2009-03-22 07:02:02.0000001,8.216236205654928
2012-04-30 04:34:50.0000001,19.182934823497405
2009-01-21 09:13:50.0000003,3.7105549897923327
2009-01-21 09:13:50.0000004,4.706873483459026
2009-01-21 09:13:50.0000001,7.815990437561728
2009-01-21 09:13:50.0000002,5.2280006181736045
2010-06-11 18:07:10.0000002,6.00248328827282
2010-06-11 18:07:10.0000001,4.428884943855746
2010-06-11 18:07:10.0000004,12.706064264287985
2010-06-11 18:07:10.0000003,12.205927581574453
2012-09-01 19:04:18.0000002,8.621778340400564
2014-06-18 06:22:42.0000001,8.73118820747537
2014-06-18 06:22:42.0000002,12.378521198694436
2009-12-09 08:34:30.0000001,7.45619091391755
2009-12-09 08:34:30.0000002,5.506941931107035
2009-12-09 08:34:30.0000003,44.01981942497967
2009-12-09 08:34:30.0000004,46.692617558072556
2013-06-06 02:54:50.0000002,11.099739462175883
2013-06-06 02:54:50.0000003,8.164561786503741
2010-07-19 12:15:54.0000003,5.91420941339011
2010-07-19 12:15:54.0000002,12.750375403263021
2010-07-19 12:15:54.0000001,7.136423913279531
2010-07-19 12:15:54.0000004,6.415221642275343
2013-12-18 12:36:46.0000001,8.498748103952863
2013-12-18 12:36:46.0000003,25.27602281424682
2013-12-18 12:36:46.0000004,9.338251833299424
2013-12-18 12:36:46.0000002,10.625159928359848
2009-01-25 21:17:18.0000002,8.839687141576865
2009-01-25 21:17:18.0000003,5.477175021498308
2012-10-03 09:18:22.0000002,8.138547947992093
2012-10-03 09:18:22.0000003,8.570221542561557
2012-10-03 09:18:22.0000004,7.728523309135525
2012-10-03 09:18:22.0000001,12.641058782992978
2012-10-03 09:18:22.0000005,10.937646138120103
2012-06-13 19:49:50.0000003,11.187227885544223
2012-06-13 19:49:50.0000002,12.53726958961709
2012-06-13 19:49:50.0000001,6.525210709487683
2011-09-03 00:03:42.0000004,5.105040396002377
2011-09-03 00:03:42.0000009,15.910179055868655
2011-09-03 00:03:42.0000001,5.850680968909391
2011-09-03 00:03:42.0000003,6.850584385729201
2011-09-03 00:03:42.0000006,8.637997621585509
2011-09-03 00:03:42.0000002,7.356588144459655
2011-09-03 00:03:42.0000005,10.052611035466835
2009-01-27 13:27:30.0000002,9.139398748098197
2009-01-27 13:27:30.0000001,5.298910908885773
2009-07-03 00:41:38.0000001,10.284411168120451
2009-07-03 00:41:38.0000002,4.261904338893474
2010-05-29 11:51:30.0000001,4.726678634843786
2013-07-02 22:27:14.0000005,9.027285342914318
2013-07-02 22:27:14.0000003,14.798233094722397
2015-05-09 11:33:58.0000004,8.122541492005569
2015-05-09 11:33:58.0000001,8.681735124679566
2015-05-09 11:33:58.0000003,33.65358105047635
2011-07-18 00:04:54.0000002,5.54617524404066
2011-04-03 03:46:18.0000002,9.666616362886925
2009-11-03 13:04:46.0000003,5.693209392979181
2009-11-03 13:04:46.0000002,15.939345782724157
2009-11-03 13:04:46.0000001,7.777338819934372
2010-06-25 14:00:14.0000002,7.526291347568103
2010-12-20 09:39:02.0000001,12.01766327079067
2010-12-20 09:39:02.0000002,6.533863633285138
2014-05-20 14:43:10.0000001,9.558613442174682
2014-05-20 14:43:10.0000002,7.465561848447663
2010-09-16 05:07:10.0000001,7.040068761656635
2011-08-01 17:44:30.0000006,4.20754452856391
2011-08-01 17:44:30.0000005,6.314144202475401
2011-08-01 17:44:30.0000001,9.649101894087746
2011-08-01 17:44:30.0000002,9.254140155977336
2011-08-01 17:44:30.0000004,5.837934397684196
2011-03-01 07:23:14.0000003,6.523223769172919
2011-03-01 07:23:14.0000001,6.1621183569959115
2011-06-24 13:23:18.0000004,10.752866895085429
2011-06-24 13:23:18.0000001,12.832938979743503
2011-06-24 13:23:18.0000002,14.528543313160437
2011-06-24 13:23:18.0000003,10.616161491804514
2013-11-19 02:41:10.0000001,13.51960528143414
2012-01-01 18:02:46.0000003,5.726870237326169
2012-01-01 18:02:46.0000002,8.817717197924921
2015-03-28 19:31:26.0000002,8.355090863580566
2015-03-28 19:31:26.0000006,8.505189608118032
2015-03-28 19:31:26.0000001,9.364610204356907
2015-03-28 19:31:26.0000005,12.46438437656569
2010-07-13 11:53:15.0000004,7.956140598515329
2010-07-13 11:53:15.0000001,10.198037388876166
2010-07-13 11:53:15.0000007,12.87692041705398
2010-07-13 11:53:15.0000002,8.886653213221559
2013-02-07 13:47:59.0000004,8.771254415875509
2013-02-07 13:47:59.0000001,5.326222125525488
2013-02-07 13:47:59.0000003,7.232388960138626
2013-08-08 14:38:43.0000001,5.7747022525025224
2013-08-08 14:38:43.0000003,7.4986521973901406
2015-05-19 13:58:11.0000003,25.927680934780817
2015-05-19 13:58:11.0000008,10.743243922253157
2015-05-19 13:58:11.0000005,11.257575847179258
2015-05-19 13:58:11.0000007,34.067163081415075
2015-05-19 13:58:11.0000004,8.444179090879038
2015-05-19 13:58:11.0000002,12.925099273057963
2012-07-31 22:21:11.0000001,9.875541819413552
2012-07-31 22:21:11.0000002,6.998082821324724
2013-01-03 08:50:31.0000001,9.039947434483357
2013-01-03 08:50:31.0000002,8.434862993551327
2013-01-03 08:50:31.0000007,7.512941371581579
2013-01-03 08:50:31.0000004,7.561526684117634
2013-01-03 08:50:31.0000006,18.516935680174196
2013-01-03 08:50:31.0000005,17.511814062169613
2009-04-14 17:43:23.0000003,5.148688116007805
2009-04-14 17:43:23.0000007,11.181724142078417
2009-04-14 17:43:23.0000006,8.990782097251651
2009-04-14 17:43:23.0000008,5.7814192135214935
2009-04-14 17:43:23.0000004,9.124725709431923
2009-04-14 17:43:23.0000005,5.9423914525916315
2009-11-19 22:48:27.0000003,8.935390785144936
2009-11-19 22:48:27.0000002,20.946849586323022
2009-11-19 22:48:27.0000004,7.709346825456515
2013-02-15 00:37:15.0000003,14.39715995889441
2013-02-15 00:37:15.0000002,13.391961027118892
2013-02-15 00:37:15.0000001,8.357598586068892
2012-03-25 04:50:39.0000002,10.535067763614848
2012-03-24 23:33:59.0000001,6.559829262984632
2012-12-26 18:28:55.0000002,8.093806008182037
2012-12-26 18:28:55.0000005,13.344729098645093
2012-12-26 18:28:55.0000001,10.809669550039066
2012-12-26 18:28:55.0000003,6.257977263473145
2012-12-26 18:28:55.0000007,23.133067360939016
2012-12-26 18:28:55.0000006,54.33780984879439
2011-07-06 19:56:23.0000004,7.8316636362479635
2011-07-06 19:56:23.0000002,7.005383011949833
2011-07-06 19:56:23.0000006,14.384383841732145
2011-07-06 19:56:23.0000007,9.630852220965624
2011-07-06 19:56:23.0000003,7.590941211414971
2014-12-15 10:41:15.0000001,7.5425605378921485
2014-12-15 10:41:15.0000002,19.363557543831547
2014-12-15 10:41:15.0000003,12.524061369277307
2011-08-14 21:39:31.0000001,8.324408613879704
2011-08-14 21:39:31.0000002,8.695392167962249
2010-06-06 21:04:55.0000001,6.856758682968531
2013-09-27 19:02:51.0000001,12.482071110102073
2013-09-27 19:02:51.0000003,31.338912329861724
2013-09-27 19:02:51.0000004,8.39401242120148
2013-09-27 19:02:51.0000002,9.83695017970846
2013-05-28 18:24:27.0000003,11.455452211517697
2013-05-28 18:24:27.0000001,7.920725991877673
2013-05-28 18:24:27.0000004,7.948576734093626
2013-05-28 18:24:27.0000002,5.455708589992707
2015-06-15 14:34:03.0000002,8.66397344757324
2010-07-04 16:44:11.0000001,7.676932389062115
2010-07-04 16:44:11.0000002,185.25009400387546
2014-11-26 06:46:23.0000001,14.897707355056136
2010-07-27 11:37:43.0000001,13.526715274873222
2010-07-27 11:37:43.0000003,8.526866197617943
2010-07-27 11:37:43.0000005,15.349651963143117
2010-07-27 11:37:43.0000006,10.54345447599416
2010-07-27 11:37:43.0000004,8.354583348231817
2010-07-27 11:37:43.0000002,19.603568795250244
2010-12-19 16:25:15.0000004,10.613365831951729
2010-12-19 16:25:15.0000003,6.265500928739725
2010-12-19 16:25:15.0000001,8.409166796444609
2012-08-19 12:06:39.0000001,5.243808634743282
2011-02-26 12:32:15.0000001,4.662273187160057
2011-02-26 12:32:15.0000002,9.196359328450926
2015-06-18 20:56:55.0000003,10.259617591637726
2015-06-18 20:56:55.0000005,31.036832715411645
2015-06-18 20:56:55.0000007,38.182038055994774
2015-06-18 20:56:55.0000006,8.004065965275585
2013-11-24 21:33:11.0000001,53.62959830715987
2013-11-24 21:33:11.0000002,11.968480095119164
2015-04-28 20:15:27.0000002,45.197047969304364
2015-04-28 20:15:27.0000006,9.925685809268378
2015-04-28 20:15:27.0000001,9.589982838278567
2015-04-28 20:15:27.0000005,8.808317575554984
2015-04-28 20:15:27.0000008,14.083283372934785
2013-01-23 13:49:19.0000002,9.091502504819722
2013-01-23 13:49:19.0000003,29.813481950081957
2014-03-12 19:19:31.0000003,22.38676904652896
2014-03-12 19:19:31.0000001,22.491879150733848
2014-03-12 19:19:31.0000002,8.99581448357487
2010-07-26 09:54:11.0000001,4.988483214731526
2012-01-03 08:49:15.0000002,7.105899909500578
2012-01-03 08:49:15.0000001,47.948186397897004
2012-01-03 08:49:15.0000004,7.985754528773595
2012-01-03 08:49:15.0000003,6.656098979283482
2012-11-05 14:49:19.0000002,14.601805620817988
2012-11-05 14:49:19.0000001,5.846587339740627
2012-06-09 19:03:11.0000004,8.121402192095045
2012-06-09 19:03:11.0000006,9.834269022365213
2012-06-09 19:03:11.0000002,4.335865614623268
2012-06-09 19:03:11.0000003,10.907465799443298
2012-06-09 19:03:11.0000001,8.639785574830656
2010-10-17 23:12:19.0000004,9.419482760029894
2010-10-17 23:12:19.0000005,5.999624069150323
2010-10-17 23:12:19.0000001,5.987686557980875
2010-10-17 23:12:19.0000002,10.527396632598819
2010-10-17 23:12:19.0000003,5.762305810848084
2014-06-07 12:21:11.0000001,24.358533227392762
2014-06-07 12:21:11.0000004,7.5680572460321685
2011-09-08 22:37:43.0000004,7.524424163576734
2011-09-08 22:37:43.0000003,10.916422670830634
2011-09-08 22:37:43.0000005,18.634550664141386
2011-09-08 22:37:43.0000002,12.095141025566193
2014-10-30 19:25:15.0000003,47.51871409738756
2014-10-30 19:25:15.0000005,8.067558631604863
2014-10-30 19:25:15.0000001,8.057430948885381
2014-10-30 19:25:15.0000002,36.96736134088257
2014-10-30 19:25:15.0000004,10.228628000713405
2010-06-18 22:52:11.0000002,5.292787945039391
2011-02-16 05:49:51.0000001,6.9366627503632845
2011-09-13 13:31:51.0000004,7.007662837273439
2011-09-13 13:31:51.0000003,49.6133630172004
2011-09-13 13:31:51.0000002,6.210583300906915
2009-09-28 04:31:39.0000001,10.750932046466136
2009-01-11 03:31:55.0000001,15.237594235063842
2009-01-11 03:31:55.0000003,9.958640926660804
2009-01-11 03:31:55.0000004,13.66098062975476
2009-01-11 03:31:55.0000002,5.9923847473379706
2014-01-24 03:38:19.0000001,17.408153362876085
2014-08-06 18:03:31.0000002,10.342201824017133
2014-08-06 18:03:31.0000001,9.54001996395541
2009-08-26 00:46:43.0000001,6.666707784449304
2014-01-19 09:28:55.0000001,18.01548238826196
2010-01-27 06:01:59.0000001,7.133504647099621
2011-11-30 23:09:47.0000003,11.59057844754278
2011-11-30 23:09:47.0000002,11.873366498323096
2011-11-30 23:09:47.0000001,8.060553212203558
2014-08-03 23:37:31.0000003,10.242566807455695
2014-08-03 23:37:31.0000002,16.196505455394817
2014-08-03 23:37:31.0000001,9.738526602651756
2014-10-06 09:24:11.0000002,16.023467088373895
2014-10-06 09:24:11.0000004,27.350659772402487
2014-10-06 09:24:11.0000003,11.097810570222956
2014-10-06 09:24:11.0000001,9.85137790625916
2009-08-28 12:38:19.0000001,11.66577341246278
2009-08-28 12:38:19.0000004,16.09519871904073
2009-08-28 12:38:19.0000003,25.80693243089392
2009-08-28 12:38:19.0000002,7.127558624926055
2012-03-15 18:23:55.0000001,7.651377316450301
2012-03-15 18:23:55.0000004,12.458521956263304
2012-03-15 18:23:55.0000005,7.947250352403687
2012-03-15 18:23:55.0000003,8.59969943916867
2011-11-23 21:07:43.0000003,6.303535917810187
2011-11-23 21:07:43.0000002,11.986024664963296
2012-11-23 07:58:23.0000001,8.364578484292108
2010-11-17 19:10:23.0000007,22.471522486181097
2010-11-17 19:10:23.0000006,7.580770976586546
2010-11-17 19:10:23.0000001,6.404582409364446
2010-11-17 19:10:23.0000002,24.15274482966727
2010-11-17 19:10:23.0000008,10.443577509867406
2010-11-17 19:10:23.0000004,5.518450294068892
2015-02-14 13:15:19.0000003,11.774449424469502
2015-02-14 13:15:19.0000006,10.196731298667656
2015-02-14 13:15:19.0000004,7.549122012240067
2015-02-14 13:15:19.0000008,8.088946441891972
2015-02-14 13:15:19.0000001,15.567611144181521
2013-01-12 22:40:39.0000003,5.610713329334039
2013-01-12 22:40:39.0000004,10.8422027601071
2013-01-12 22:40:39.0000001,13.541320110309213
2013-01-12 22:40:39.0000005,7.181932773611938
2013-01-12 22:40:39.0000006,5.920214496247278
2011-04-12 12:06:07.0000002,6.594766421176501
2011-04-12 12:06:07.0000001,22.61056600576748
2010-11-04 20:14:39.0000005,6.206904716245527
2010-11-04 20:14:39.0000002,7.1444398281113415
2010-11-04 20:14:39.0000004,8.389821067437857
2010-11-04 20:14:39.0000003,7.076202148213785
2010-11-04 20:14:39.0000001,6.7012053926239314
2011-04-25 19:14:55.0000003,8.038802862895963
2011-04-25 19:14:55.0000001,6.189397751090366
2011-04-25 19:14:55.0000004,6.751003387134293
2011-04-25 19:14:55.0000002,6.515342848904856
2011-04-25 19:14:55.0000005,6.702746754688908
2010-02-15 14:20:31.0000001,7.540806666248025
2013-03-23 15:41:07.0000001,9.041293153689496
2013-03-23 15:41:07.0000004,8.316578248241747
2013-03-23 15:41:07.0000005,7.344352233261212
2012-12-09 06:04:39.0000001,49.0184400146905
2013-11-07 16:38:15.0000003,6.194398403599829
2013-11-07 16:38:15.0000002,8.725452319285047
2013-11-07 16:38:15.0000001,8.857179664620984
2011-08-08 11:18:15.0000004,8.617982506834927
2011-08-08 11:18:15.0000003,7.455921511333223
2011-08-08 11:18:15.0000002,8.076624554726344
2009-05-08 22:14:51.0000004,5.466320042173115
2009-05-08 22:14:51.0000001,12.534433485287058
2009-05-08 22:14:51.0000003,12.112661660090176
2012-11-15 18:22:19.0000002,15.794725332619812
2012-11-15 18:22:19.0000007,8.292704504768947
2012-11-15 18:22:19.0000003,5.952658940677008
2012-11-15 18:22:19.0000005,7.963599824687984
2012-11-15 18:22:19.0000001,19.24684609500926
2012-11-15 18:22:19.0000004,8.742255645563713
2012-11-15 18:22:19.0000006,9.286084476267062
2010-01-31 00:33:03.0000002,6.19168111339864
2010-01-31 00:33:03.0000004,3.9449602640479675
2010-01-31 00:33:03.0000001,21.917732716803584
2010-01-31 00:33:03.0000007,4.8721335513671935
2010-01-31 00:33:03.0000003,11.005907838207552
2012-04-20 07:30:43.0000003,7.624478293471778
2012-04-20 07:30:43.0000002,14.45121142558331
2012-04-20 07:30:43.0000004,8.836417810225322
2012-04-20 07:30:43.0000001,11.35459648093427
2009-09-29 09:38:15.0000002,6.064221225157203
2009-09-29 09:38:15.0000001,8.333069282844646
2010-12-31 05:30:19.0000002,7.527048162721073
2010-12-31 05:30:19.0000001,13.3489821712097
2009-01-18 18:22:07.0000001,29.753930100908242
2009-01-28 11:27:19.0000002,4.560727072725636
2013-05-04 05:00:43.0000001,10.858838418152203
2014-02-23 13:22:03.0000002,7.25408700966906
2014-02-23 13:22:03.0000001,6.1147396498283175
2010-10-28 12:38:55.0000003,8.310597398411021
2010-10-28 12:38:55.0000002,5.799477852538444
2010-10-28 12:38:55.0000001,10.827488064560645
2015-05-20 19:39:11.0000002,14.688065914358873
2015-05-20 19:39:11.0000009,13.178112438290034
2015-05-20 19:39:11.0000001,11.926208369289068
2015-05-20 19:39:11.0000008,12.831035519673577
2015-05-20 19:39:11.0000007,33.79802936862629
2015-05-20 19:39:11.0000005,9.70628107434752
2015-05-20 19:39:11.0000006,10.374160332601136
2015-03-20 16:33:07.0000002,10.246683054626649
2015-03-20 16:33:07.0000001,8.77979535190097
2013-04-26 17:05:07.0000001,8.240824202355586
2014-01-11 17:47:47.0000005,27.17612302424701
2014-01-11 17:47:47.0000006,7.630792684740767
2014-01-11 17:47:47.0000002,14.900594505631583
2014-01-11 17:47:47.0000003,7.1919307095666944
2014-01-11 17:47:47.0000004,9.626630299244217
2012-03-10 10:48:43.0000001,7.607065979322777
2012-03-10 10:48:43.0000004,10.645620199796122
2012-03-10 10:48:43.0000003,7.605469478852712
2012-03-10 10:48:43.0000005,6.228407891301401
2012-03-10 10:48:43.0000002,9.273978136690506
2012-07-12 02:46:07.0000002,26.63312319010254
2009-01-06 14:48:51.0000003,4.3676911746926494
2009-01-06 14:48:51.0000002,4.503397452900818
2009-01-06 14:48:51.0000001,5.283763160412704
2015-04-15 03:30:27.0000001,8.368443716580314
2015-04-26 21:44:23.0000001,24.956416568118385
2015-04-26 21:44:23.0000003,15.720299285298992
2014-11-24 05:03:51.0000001,16.631617691567318
2014-03-05 23:16:07.0000002,17.064399065860677
2015-01-04 00:28:11.0000005,7.965907001623277
2015-01-04 00:28:11.0000001,10.38359022777382
2015-01-04 00:28:11.0000002,7.469926413581338
2015-01-04 00:28:11.0000003,11.408583866067836
2014-12-17 20:56:31.0000004,9.008223077065313
2014-12-17 20:56:31.0000002,16.428549014295413
2014-12-17 20:56:31.0000001,11.801415661868763
2010-10-04 16:17:03.0000002,4.931088748568341
2010-10-04 16:17:03.0000003,4.416590083991323
2010-10-04 16:17:03.0000005,9.225916303256295
2010-10-04 16:17:03.0000004,11.255958638296738
2010-10-09 15:48:51.0000001,5.830929462867315
2010-10-09 15:48:51.0000005,11.039309144238775
2010-10-09 15:48:51.0000002,4.811961257686649
2013-10-10 11:09:23.0000006,6.302141546081691
2013-10-10 11:09:23.0000004,9.062784162671724
2013-10-10 11:09:23.0000002,7.126331991937045
2013-10-10 11:09:23.0000003,8.437584534684694
2013-10-10 11:09:23.0000005,9.694341849572332
2010-12-14 00:39:07.0000001,20.937211474463723
2010-12-14 00:39:07.0000002,6.549636725456067
2010-12-14 00:39:07.0000003,11.558147274977774
2013-01-08 07:03:07.0000004,8.225993399121311
2013-01-08 07:03:07.0000003,10.506207410755856
2013-01-08 07:03:07.0000002,7.0192465161612105
2012-10-28 17:21:19.0000004,7.503715023800341
2012-10-28 17:21:19.0000002,6.4426151802183345
2010-03-10 10:37:39.0000003,7.1518744908213865
2010-03-10 10:37:39.0000004,7.3440091891604045
2010-03-10 10:37:39.0000001,5.262025887627366
2010-03-10 10:37:39.0000002,14.580938070140846
2012-04-27 22:32:19.0000001,7.523577223596631
2012-04-27 22:32:19.0000003,6.2671328212785955
2009-04-14 06:55:19.0000001,47.18824290238672
2009-04-14 06:55:19.0000002,4.226529040812556
2013-07-22 14:22:51.0000001,17.528301944612295
2012-02-11 21:23:07.0000002,5.268963809655895
2012-02-11 21:23:07.0000001,8.539534634846612
2012-02-11 21:23:07.0000004,4.703374463087422
2012-02-11 21:23:07.0000003,6.126270438675752
2015-05-10 12:37:51.0000001,16.835282924449505
2015-05-10 12:37:51.0000004,7.334529530437995
2015-05-10 12:37:51.0000006,8.47305177488347
2010-12-11 13:31:11.0000001,9.03360577634537
2010-12-11 13:31:11.0000002,10.155381843668358
2010-03-01 22:21:55.0000001,4.162017571674923
2010-03-01 22:21:55.0000004,10.754425930624446
2014-11-03 22:00:07.0000001,11.213145616515561
2009-08-26 16:50:19.0000001,4.093927527730097
2009-08-26 16:50:19.0000002,6.653788058381455
2010-06-07 10:02:51.0000002,3.867981147464598
2010-06-07 10:02:51.0000001,6.0744014299700275
2010-06-07 10:02:51.0000004,15.156442125438014
2010-06-07 10:02:51.0000003,11.599543762895498
2015-03-08 14:59:23.0000002,15.232986843140942
2015-03-08 14:59:23.0000004,50.750280153267
2015-03-08 14:59:23.0000005,21.854705592874936
2010-12-13 05:52:47.0000001,9.482059723356256
2012-10-12 15:21:55.0000001,7.171660554998855
2011-05-17 07:53:55.0000002,6.631723406461149
2011-05-17 07:53:55.0000004,8.404364017440578
2011-05-17 07:53:55.0000001,3.5524877023691364
2012-12-26 20:55:27.0000002,13.346539316883316
2012-12-26 20:55:27.0000005,11.605350272098736
2012-12-26 20:55:27.0000004,12.636360504728309
2009-02-22 14:59:11.0000001,11.461059171013012
2011-12-17 16:19:47.0000003,12.538580018770695
2011-12-17 16:19:47.0000001,10.925331579231806
2014-12-02 23:54:11.0000002,11.663244645818333
2014-12-02 23:54:11.0000001,11.726977069175389
2014-11-11 11:21:07.0000001,7.287864886030395
2014-07-11 12:35:19.0000003,11.112020385996406
2014-07-11 12:35:19.0000001,8.990076654065101
2014-07-11 12:35:19.0000002,14.590340771697687
2010-01-25 15:04:11.0000001,5.229700946226178
2010-01-25 15:04:11.0000002,8.557472568676031
2014-01-26 13:51:39.0000002,5.199589868020096
2014-01-26 13:51:39.0000003,8.303830911480103
2011-11-18 04:49:19.0000002,6.553319716934235
2011-11-18 04:49:19.0000003,48.303468053526984
2011-11-18 04:49:19.0000001,5.932817012202107
2014-11-30 15:46:23.0000001,9.598600553812199
2014-11-30 15:46:23.0000004,10.089329997136574
2014-11-30 15:46:23.0000006,24.225509157970258
2014-11-30 15:46:23.0000005,7.074814412697384
2011-08-20 15:50:39.0000002,28.8983616621617
2010-06-22 14:25:19.0000005,11.391678404926722
2010-06-22 14:25:19.0000003,5.648420676162928
2010-06-22 14:25:19.0000002,6.383032917401388
2010-06-22 14:25:19.0000006,5.931451311576288
2010-06-22 14:25:19.0000004,7.065778225386085
2010-12-06 18:51:31.0000001,9.582415397660789
2010-12-06 18:51:31.0000002,15.511872409149735
2014-05-25 19:46:59.0000004,16.031880712698253
2014-05-25 19:46:59.0000002,6.261346184455629
2014-05-25 19:46:59.0000001,9.566556708021745
2009-11-20 14:03:03.0000003,6.068281243573783
2009-11-20 14:03:03.0000004,12.869065243192157
2009-11-20 14:03:03.0000001,10.210800660947424
2009-11-20 14:03:03.0000005,7.309647721564145
2009-11-20 14:03:03.0000002,8.031177819011495
2010-09-17 18:21:11.0000001,15.036850184609902
2011-02-23 21:35:19.0000001,6.311241576242405
2011-02-23 21:35:19.0000002,12.74117638876086
2013-01-03 11:41:47.0000001,5.348668172442014
2014-04-04 05:47:11.0000001,15.709359337293648
2014-08-18 19:09:19.0000001,9.477477215568861
2014-08-18 19:09:19.0000002,14.418179412135785
2010-04-12 08:22:27.0000001,4.97440895975952
2010-04-12 08:22:27.0000002,9.010949051270865
2010-06-05 08:18:11.0000002,16.465955582371485
2010-06-05 08:18:11.0000001,5.2380375483772745
2010-06-05 08:18:11.0000003,29.364691238956354
2013-05-07 23:58:31.0000001,21.716639380625075
2013-01-11 20:08:07.0000002,7.387442724060628
2013-02-17 23:55:55.0000001,13.230540680767767
2013-02-17 23:55:55.0000002,19.98967862926976
2013-02-17 23:55:55.0000003,16.417058368784343
2010-11-26 06:04:59.0000001,6.166541359958456
2013-10-09 17:27:39.0000002,8.191038275542068
2013-02-27 13:28:43.0000003,8.198075627912747
2013-02-27 13:28:43.0000001,6.522322315697887
2013-02-27 13:28:43.0000004,7.811545862061462
2013-02-27 13:28:43.0000002,6.742325712466123
2009-08-28 07:10:39.0000001,9.183100701025955
2009-08-28 07:10:39.0000002,9.861788012647578
2009-08-28 07:10:39.0000004,5.7859169704596605
2009-08-28 07:10:39.0000003,5.456133807696252
2015-01-12 17:05:51.0000006,8.555872009375706
2015-01-12 17:05:51.0000007,7.6336369706283955
2015-01-12 17:05:51.0000002,7.041843308814089
2015-01-12 17:05:51.0000003,6.941571176050131
2014-05-01 07:16:07.0000001,7.457979011576262
2009-01-12 07:47:39.0000004,4.460048609061942
2009-01-12 07:47:39.0000002,7.668806210489512
2009-01-12 07:47:39.0000003,5.386060360173493
2014-02-09 21:05:31.0000001,20.9272518284459
2014-02-09 21:05:31.0000002,13.127238192184308
2012-05-14 03:52:59.0000001,8.924363235178982
2011-04-28 19:39:43.0000005,7.296527665087382
2011-04-28 19:39:43.0000001,7.467924876066285
2011-04-28 19:39:43.0000002,4.920809433478
2011-04-28 19:39:43.0000004,4.581178515736461
2010-02-15 10:14:23.0000002,8.482520769747854
2010-02-15 10:14:23.0000003,22.614505795014747
2010-02-15 10:14:23.0000004,9.577114177765374
2010-08-18 05:24:15.0000002,10.859497553721589
2010-08-18 05:24:15.0000001,9.924531223717434
2010-05-31 06:46:59.0000001,45.190497386930375
2014-11-17 00:03:47.0000002,6.638841367899927
2012-11-16 00:09:43.0000001,10.495577992083867
2012-03-09 06:03:23.0000001,11.322060782580763
2013-10-18 13:05:19.0000002,8.70709512155162
2013-10-18 13:05:19.0000001,18.943579089455838
2013-10-18 13:05:19.0000003,7.348858915789007
2010-01-16 04:52:31.0000001,37.12684028386196
2013-08-18 00:32:15.0000002,14.448242168303562
2013-08-18 00:32:15.0000001,8.341234221321754
2010-12-11 16:12:35.0000004,13.23006891513929
2010-12-11 16:12:35.0000005,7.1126710149738095
2010-12-11 16:12:35.0000001,7.396270199816601
2010-12-11 16:12:35.0000002,6.7050455958736634
2013-05-23 12:09:23.0000001,11.105319539001208
2013-05-23 12:09:23.0000003,7.624044042477374
2013-05-23 12:09:23.0000002,7.642196105841897
2014-12-11 08:20:39.0000003,8.433545654285714
2014-12-11 08:20:39.0000002,7.759366664508138
2011-01-28 19:41:11.0000002,5.533321257342501
2011-01-28 19:41:11.0000001,10.601707124901864
2011-03-24 04:46:51.0000001,27.806438145007284
2013-04-07 00:24:27.0000001,6.32058447327122
2013-04-07 00:24:27.0000003,6.846956836648177
2013-04-07 00:24:27.0000004,8.153807145134163
2010-08-17 21:22:39.0000002,22.62917627773394
2010-08-17 21:22:39.0000003,6.258420635339672
2010-08-17 21:22:39.0000001,7.130179162853188
2013-12-10 14:00:35.0000004,8.407816336333125
2013-12-10 14:00:35.0000001,10.59210556858775
2013-12-10 14:00:35.0000003,7.880412087518762
2011-09-18 05:32:51.0000002,50.687219804484855
2011-09-18 05:32:51.0000001,10.679882226549635
2011-09-18 05:32:51.0000003,12.940312180181248
2011-09-10 20:44:59.0000002,8.550684465570583
2011-09-10 20:44:59.0000001,7.895608997698059
2011-04-28 09:50:03.0000002,32.795193841510745
2011-04-28 09:50:03.0000003,7.0914348094971755
2011-04-28 09:50:03.0000004,8.574388617746173
2010-02-26 18:34:51.0000002,6.475714335831218
2013-12-05 23:29:15.0000001,13.192784587220117
2013-12-05 23:29:15.0000004,6.844287557115298
2013-12-05 23:29:15.0000003,29.979307649698267
2013-12-05 23:29:15.0000005,51.12455580010153
2010-01-13 08:28:59.0000003,9.010324056152674
2010-01-13 08:28:59.0000001,8.696777986423006
2010-01-13 08:28:59.0000004,10.551895194115213
2010-01-13 08:28:59.0000005,6.139339868527324
2010-07-16 07:07:27.0000001,8.534944771940209
2012-06-16 14:33:19.0000002,8.809589557949275
2013-05-08 17:02:39.0000001,11.914655527417125
2013-05-08 17:02:39.0000003,11.27174261047523
2013-05-08 17:02:39.0000005,8.841877148155888
2013-05-08 17:02:39.0000004,7.150070280061483
2013-05-08 17:02:39.0000002,8.536573738806872
2013-05-08 17:02:39.0000006,7.00212505824412
2013-05-08 17:02:39.0000007,8.844784467033307
2011-02-28 08:34:27.0000004,8.577332286962804
2011-02-28 08:34:27.0000002,5.3173785421520705
2011-02-28 08:34:27.0000006,13.427817453755306
2011-02-28 08:34:27.0000007,5.586576784185382
2011-02-28 08:34:27.0000005,16.387366514484683
2011-02-28 08:34:27.0000003,8.456998416768938
2011-02-28 08:34:27.0000001,9.387981810286359
2012-12-13 19:05:27.0000001,6.586241292048678
2012-12-13 19:05:27.0000002,8.43343674732584
2012-12-13 19:05:27.0000003,10.084975351254696
2009-03-25 01:20:55.0000001,9.123696907361897
2011-01-18 12:43:35.0000001,10.638445486830621
2010-07-13 07:38:03.0000007,10.496723942441157
2010-07-13 07:38:03.0000004,10.3764246564227
2010-07-13 07:38:03.0000002,10.443071386207869
2010-07-13 07:38:03.0000006,15.25646870094362
2010-07-13 07:38:03.0000005,6.765211661185387
2010-07-13 07:38:03.0000001,7.239199414510118
2009-01-26 15:16:43.0000001,30.09552885455844
2009-01-26 15:16:43.0000002,3.3173638300159434
2015-05-18 01:13:35.0000001,8.347013623024527
2012-11-09 18:17:35.0000001,12.601052844726908
2012-11-09 18:17:35.0000006,9.919351268709468
2012-11-09 18:17:35.0000005,7.823101176502139
2012-11-09 18:17:35.0000003,9.204039715540802
2010-07-05 19:21:35.0000005,4.455671811148708
2010-07-05 19:21:35.0000003,4.548953785944087
2010-07-05 19:21:35.0000004,11.198311398037339
2010-07-05 19:21:35.0000002,10.747555464650057
2014-09-11 00:28:47.0000001,11.212811041973573
2014-09-11 00:28:47.0000002,8.077407662758016
2010-03-22 16:20:15.0000001,26.065963274153695
2010-03-22 16:20:15.0000002,7.526311110327873
2009-06-21 00:54:23.0000003,13.402336071171497
2009-06-21 00:54:23.0000001,14.849327967331167
2013-05-02 14:48:31.0000001,12.09456027050355
2011-09-12 09:15:15.0000003,6.385464970323339
2011-09-12 09:15:15.0000004,6.649496417070197
2011-09-12 09:15:15.0000002,6.76464888475609
2011-09-12 09:15:15.0000001,6.765839543910819
2009-02-27 07:09:23.0000001,8.82687252491695
2011-08-22 10:42:15.0000003,9.918551186119938
2011-08-22 10:42:15.0000002,17.285628943757505
2011-08-22 10:42:15.0000001,7.558638220930286
2011-11-29 22:19:51.0000001,15.248099526653109
2011-11-29 22:19:51.0000002,12.911301633600669
2009-01-30 22:47:07.0000004,15.604337846674149
2009-01-30 22:47:07.0000001,4.801633064612897
2009-01-30 22:47:07.0000003,3.8778118784661872
2012-04-18 20:03:35.0000004,4.912303793375047
2012-04-18 20:03:35.0000003,5.611453677539394
2012-04-18 20:03:35.0000001,11.691157658216305
2012-04-18 20:03:35.0000002,7.0488225761031185
2013-09-26 20:54:19.0000002,11.975016009634889
2011-06-25 23:18:27.0000001,13.634261771508573
2009-01-17 02:21:55.0000001,6.687871438998661
2009-01-17 02:21:55.0000002,2.510892063878158
2014-11-01 15:31:15.0000002,13.702178840924615
2014-11-01 15:31:15.0000003,9.724383249549216
2014-11-01 15:31:15.0000004,7.326552312555985
2011-06-08 11:31:51.0000003,5.22432596466275
2011-06-08 11:31:51.0000002,7.379678487432395
2011-06-08 11:31:51.0000001,8.351557688402151
2013-07-12 23:17:31.0000004,8.563745721173438
2013-07-12 23:17:31.0000005,50.61023394479325
2012-07-10 18:24:47.0000002,9.411676958600134
2012-07-10 18:24:47.0000001,21.86630959193583
2012-07-10 18:24:47.0000003,7.935388737053575
2013-05-14 03:15:31.0000001,18.25138902528426
2009-04-20 21:08:35.0000006,5.992892577875672
2009-04-20 21:08:35.0000003,5.42972079938537
2009-04-20 21:08:35.0000002,15.458045950143315
2009-04-20 21:08:35.0000001,11.042144656014624
2011-01-19 08:30:47.0000003,8.422088217948627
2011-01-19 08:30:47.0000002,8.128468909109293
2011-01-19 08:30:47.0000001,7.619348671526548
2009-09-25 10:19:35.0000003,4.798736809879244
2009-09-25 10:19:35.0000001,7.353134643523219
2009-09-25 10:19:35.0000002,6.55614797127633
2012-02-17 15:11:23.0000001,6.306571886598022
2009-12-23 20:14:19.0000003,8.513907487816335
2009-12-23 20:14:19.0000001,6.631199669896537
2009-12-23 20:14:19.0000002,10.656898735537451
2012-09-14 05:42:59.0000001,10.33600309488097
2012-09-14 05:42:59.0000002,8.917605672844214
2009-04-06 13:47:15.0000002,19.453927685480345
2013-11-29 21:36:07.0000004,10.703985256589451
2011-11-07 00:22:31.0000001,6.7687363936882115
2011-11-07 00:22:31.0000002,8.905475662962203
2009-09-04 08:02:51.0000001,9.55450539515959
2015-02-16 17:32:27.0000004,12.072824492378034
2015-02-16 17:32:27.0000002,9.958944930596221
2015-02-16 17:32:27.0000003,9.167869208367195
2015-02-16 17:32:27.0000001,8.991424138375878
2012-04-14 11:59:11.0000004,19.554561736623906
2012-04-14 11:59:11.0000002,5.2229505029919014
2012-04-14 11:59:11.0000001,7.224947698178928
2011-12-11 11:05:51.0000001,6.951182349897888
2011-12-11 11:05:51.0000003,8.775732824485587
2010-01-03 13:07:27.0000001,9.563151948417447
2009-03-06 00:13:03.0000003,6.824371883581767
2009-03-06 00:13:03.0000001,10.67298403244923
2010-01-04 19:54:27.0000002,9.53018322861804
2010-01-04 19:54:27.0000001,5.934948541528554
2010-01-04 19:54:27.0000003,4.212146852339484
2014-08-01 16:50:03.0000004,17.656222803582388
2014-08-01 16:50:03.0000001,7.5994028939555545
2014-08-01 16:50:03.0000003,12.744455140488796
2014-08-01 16:50:03.0000002,12.290886653316397
2010-11-25 16:22:19.0000001,5.420260045098152
2010-09-04 10:06:23.0000001,19.456051232192394
2009-04-28 13:35:27.0000002,9.286420898152187
2009-04-28 13:35:27.0000001,4.934039600665541
2009-04-28 13:35:27.0000003,24.531227278343852
2009-04-28 13:35:27.0000004,5.746189848179328
2012-07-26 00:23:59.0000006,8.871328742372702
2012-07-26 00:23:59.0000007,6.262061255886309
2012-07-26 00:23:59.0000001,9.624106000844211
2012-07-26 00:23:59.0000004,8.025994730923667
2012-07-26 00:23:59.0000005,9.288568603937682
2012-07-26 00:23:59.0000002,13.867020861327687
2012-07-26 00:23:59.0000003,8.45166446261277
2014-04-29 15:15:43.0000002,11.691525070511041
2014-04-29 15:15:43.0000001,8.64017074207968
2014-04-29 15:15:43.0000003,6.932103349711679
2010-04-23 00:00:03.0000002,15.114431513502737
2010-04-23 00:00:03.0000003,5.613237549019004
2010-05-22 23:46:19.0000001,7.743294368906815
2010-05-22 23:46:19.0000002,18.00344833238841
2010-05-22 23:46:19.0000003,11.320521412592752
2014-06-14 12:32:11.0000005,10.170180642560616
2014-06-14 12:32:11.0000002,10.958238664761302
2014-06-14 12:32:11.0000004,11.076749248748381
2014-06-14 12:32:11.0000006,10.979912343106877
2014-06-14 12:32:11.0000003,25.369377744555663
2012-06-09 22:57:15.0000002,7.348513230174522
2012-06-09 22:57:15.0000005,8.885924801821673
2014-04-22 01:28:15.0000001,32.496012304946134
2013-01-31 01:19:15.0000001,21.16968794723389
2013-01-31 01:19:15.0000002,13.2661722624971
2014-12-19 21:54:27.0000003,10.47209335169634
2014-12-19 21:54:27.0000002,16.88094550555312
2014-12-19 21:54:27.0000004,10.547695781210177
2014-12-19 21:54:27.0000001,13.738267830635499
2010-10-22 20:56:51.0000004,7.526572926969845
2010-10-22 20:56:51.0000001,15.955475052752277
2011-10-04 11:48:35.0000004,7.2552340345597255
2011-10-04 11:48:35.0000003,12.441197313428926
2011-10-04 11:48:35.0000002,7.396675775083903
2010-12-31 13:32:39.0000001,7.956949439290217
2010-04-10 11:05:27.0000002,6.244094029223737
2010-04-10 11:05:27.0000001,6.28828045753403
2013-10-02 21:12:59.0000001,10.603121562030847
2013-10-02 21:12:59.0000002,12.39957374889565
2013-10-02 21:12:59.0000004,8.182140387752304
2013-10-02 21:12:59.0000005,13.892404341699587
2013-10-02 21:12:59.0000006,12.703054377021356
2013-10-02 21:12:59.0000007,25.504458179762526
2013-10-02 21:12:59.0000008,14.703526378375466
2013-10-02 21:12:59.0000003,23.155458214750887
2009-03-14 05:27:55.0000001,6.280055831735043
2009-04-20 14:05:51.0000003,5.376038520392318
2009-04-20 14:05:51.0000002,13.603279215444879
2009-04-20 14:05:51.0000001,18.1729617448474
2009-04-20 14:05:51.0000004,8.11179389882446
2011-02-21 23:46:07.0000001,5.93574553887658
2010-08-21 20:25:07.0000001,5.793001693250211
2009-11-16 21:03:31.0000003,9.060629322188664
2009-11-16 21:03:31.0000002,15.173835375930427
2009-11-16 21:03:31.0000004,8.178540423579118
2009-11-16 21:03:31.0000001,15.283892184161983
2014-11-29 11:16:23.0000002,10.244638571056125
2014-11-29 11:16:23.0000001,9.199769952201214
2010-12-01 21:02:35.0000001,7.764199335371594
2010-12-01 21:02:35.0000002,8.285076616681154
2009-04-13 18:30:39.0000002,6.034791651545307
2009-04-13 18:30:39.0000001,7.040686121385207
2010-06-02 19:45:19.0000002,10.366624742848542
2010-06-02 19:45:19.0000001,8.50065524882927
2010-06-02 19:45:19.0000004,8.734530787854888
2012-04-16 14:29:35.0000001,5.993435259515597
2014-08-06 18:15:43.0000001,8.181184252031935
2014-08-06 18:15:43.0000002,14.053250224008245
2010-04-20 11:53:23.0000005,8.022088301497675
2010-04-20 11:53:23.0000002,5.578543503957361
2010-04-20 11:53:23.0000006,4.306194309460718
2010-04-20 11:53:23.0000003,13.927359283030727
2010-04-20 11:53:23.0000004,9.437053816627273
2009-05-21 20:50:31.0000005,8.929887886674425
2009-05-21 20:50:31.0000006,8.859022116954108
2009-05-21 20:50:31.0000002,15.279742686932073
2009-05-21 20:50:31.0000001,14.870256279564217
2014-08-16 21:59:59.0000002,10.753273109286654
2014-08-16 21:59:59.0000001,15.460222744152965
2010-09-13 07:05:39.0000001,5.690755232789627
2010-09-13 07:05:39.0000002,5.384300333526197
2010-01-28 12:25:11.0000001,6.000884736690201
2013-10-13 19:39:55.0000005,6.380667149763485
2013-10-13 19:39:55.0000004,8.551240712292865
2013-10-13 19:39:55.0000007,6.719008084145842
2013-10-13 19:39:55.0000001,12.029712719749934
2013-10-13 19:39:55.0000003,9.111575516091477
2013-10-13 19:39:55.0000006,6.651152281659025
2013-10-13 19:39:55.0000002,10.31307677098847
2013-09-20 13:38:55.0000003,7.965085362362749
2013-09-20 13:38:55.0000002,11.45485097549818
2013-09-20 13:38:55.0000006,9.087681868568612
2013-09-20 13:38:55.0000001,9.890619129128972
2014-11-11 12:10:59.0000003,10.443888921218814
2014-11-11 12:10:59.0000002,11.52157576274031
2012-09-09 23:40:03.0000001,17.409356250390815
2013-02-18 11:13:23.0000004,17.924340617062732
2013-02-18 11:13:23.0000001,6.007163560557107
2013-02-18 11:13:23.0000003,20.82689831236419
2013-02-18 11:13:23.0000002,7.159747307320856
2011-06-05 12:38:43.0000002,6.889474226673847
2011-06-05 12:38:43.0000003,7.148421664618233
2011-06-05 12:38:43.0000001,45.424345047865145
2014-11-27 07:37:55.0000001,10.890529386195173
2010-05-23 15:28:55.0000001,9.5164393197883
2012-10-15 20:10:31.0000001,6.40305315565274
2012-10-15 20:10:31.0000004,14.697666266026879
2012-10-15 20:10:31.0000002,17.011630635710347
2012-10-15 20:10:31.0000003,6.92764989467042
2012-06-27 06:52:39.0000001,9.70034707650807
2013-06-07 13:52:55.0000001,7.841305350052868
2013-06-07 13:52:55.0000002,8.044685836404902
2013-06-07 13:52:55.0000006,23.444031683125456
2013-06-07 13:52:55.0000003,9.674000081706847
2013-06-07 13:52:55.0000004,7.723229117381852
2009-06-04 19:34:15.0000003,8.909896022223661
2009-06-04 19:34:15.0000001,4.2584366123347275
2009-06-04 19:34:15.0000004,10.14452130352569
2009-06-04 19:34:15.0000002,8.608476986852343
2013-09-29 22:12:07.0000002,15.286797318299396
2013-09-29 22:12:07.0000003,8.896335411374467
2013-12-04 08:37:11.0000003,6.96471061464774
2013-12-04 08:37:11.0000002,12.308668380023597
2013-12-04 08:37:11.0000001,12.80140764222594
2010-05-02 12:39:55.0000002,3.014996608623435
2009-07-13 01:18:55.0000002,4.620073851718036
2009-07-13 01:18:55.0000001,4.940713705956106
2015-05-20 00:59:15.0000004,7.214928757813099
2015-05-20 00:59:15.0000003,23.387586462891463
2009-12-03 18:02:47.0000001,8.244234619647521
2014-06-24 02:41:11.0000001,34.3176769215535
2012-01-13 02:08:43.0000001,8.960460982761253
2012-08-06 21:07:55.0000001,14.32022350318341
2012-08-06 21:07:55.0000002,10.482635111078194
2012-08-06 21:07:55.0000004,7.599453404320997
2012-08-06 21:07:55.0000005,9.15779534737151
2012-08-06 21:07:55.0000003,8.900071116137292
2009-07-13 07:32:31.0000001,7.345939552468259
2009-07-13 07:32:31.0000003,6.222359333762972
2009-07-13 07:32:31.0000002,9.64837672947524
2014-09-10 17:52:51.0000001,8.33205526029042
2014-09-10 17:52:51.0000003,9.39245782797854
2014-09-10 17:52:51.0000002,13.332994461521897
2014-09-10 17:52:51.0000005,10.109722790847858
2014-09-10 17:52:51.0000004,11.797182434280021
2009-09-28 19:21:59.0000004,5.002971254201743
2009-09-28 19:21:59.0000005,7.198542357813159
2009-09-28 19:21:59.0000002,6.983886912014631
2009-09-28 19:21:59.0000008,6.824077454573064
2009-09-28 19:21:59.0000001,5.712892217414812
2015-05-23 12:59:39.0000004,10.324197446809604
2015-05-23 12:59:39.0000002,13.067531638680911
2015-05-23 12:59:39.0000001,8.763123755577745
2010-02-10 12:16:03.0000001,5.278126262891667
2010-02-10 12:16:03.0000002,10.780253617830457
2014-01-11 23:10:59.0000004,13.287333726928214
2014-01-11 23:10:59.0000003,17.560447272523973
2014-01-11 23:10:59.0000005,14.926251740726876
2014-01-11 23:10:59.0000001,13.112978157753846
2014-01-11 23:10:59.0000002,20.66064530741459
2010-04-24 20:15:07.0000002,12.748098185194594
2013-08-07 00:31:07.0000001,50.6762724577369
2012-10-21 19:47:23.0000001,7.322002296428573
2012-10-21 19:47:23.0000003,8.841100130584314
2012-10-21 19:47:23.0000004,9.75961102005089
2013-05-24 07:22:51.0000002,7.04367554886646
2009-09-13 20:12:31.0000002,5.33140723278803
2009-09-13 20:12:31.0000001,6.1348131955455605
2010-10-31 08:51:59.0000002,5.091022366303757
2010-10-31 08:51:59.0000001,18.632054828481902
2013-06-04 23:58:11.0000007,9.043294575918633
2013-06-04 23:58:11.0000001,15.452997451088002
2013-06-04 23:58:11.0000003,10.495828608726384
2013-06-04 23:58:11.0000005,8.914861408639911
2013-06-04 23:58:11.0000002,25.771453379472213
2013-06-04 23:58:11.0000004,11.385020155099738
2013-06-04 23:58:11.0000008,27.101016000344032
2010-03-22 22:11:31.0000001,13.748942871051238
2010-03-22 22:11:31.0000002,7.375776693583427
2011-01-15 12:49:59.0000002,12.349458014026133
2011-01-15 12:49:59.0000001,13.420211996825437
2009-06-13 18:36:47.0000001,12.831278376962086
2009-06-13 18:36:47.0000002,7.2174327950666495
2009-06-13 18:36:47.0000003,8.964343794068828
2009-05-06 16:41:35.0000001,6.994751036073975
2014-08-08 17:32:47.0000004,6.491650875764628
2014-08-08 17:32:47.0000001,29.934790992627637
2014-08-08 17:32:47.0000002,15.006127249371934
2014-04-02 11:55:15.0000001,9.339614872878464
2014-04-02 11:55:15.0000002,6.7102755603649955
2011-01-04 10:12:51.0000003,7.183466100022375
2011-01-04 10:12:51.0000004,5.360717906303049
2011-01-04 10:12:51.0000001,5.094220963582542
2011-01-04 10:12:51.0000005,4.728362975483596
2010-09-22 09:42:31.0000002,9.491001598512584
2010-09-22 09:42:31.0000004,9.514826328170503
2010-09-22 09:42:31.0000001,8.014206376005857
2013-08-19 19:39:23.0000003,8.587053739343883
2013-08-19 19:39:23.0000001,8.53808661251679
2014-07-08 10:21:39.0000002,9.853193176076775
2014-07-08 10:21:39.0000006,12.138834853861848
2014-07-08 10:21:39.0000003,6.179988191683247
2014-07-08 10:21:39.0000005,12.636413877993688
2014-07-08 10:21:39.0000004,10.147464878885648
2014-07-08 10:21:39.0000001,6.8021434177708535
2015-03-11 16:36:39.0000003,11.773188942560383
2015-03-11 16:36:39.0000001,8.648194805193862
2015-03-11 16:36:39.0000002,14.996125792998374
2015-05-29 18:59:35.0000005,30.507722231935677
2015-05-29 18:59:35.0000004,12.218357069094774
2015-05-29 18:59:35.0000002,9.357988573244562
2015-05-29 18:59:35.0000001,9.284685331351403
2011-10-26 17:48:43.0000001,6.47533820938086
2011-10-26 17:48:43.0000008,6.69203743098735
2011-10-26 17:48:43.0000002,9.451009457098664
2011-10-26 17:48:43.0000004,9.483428417967598
2011-10-26 17:48:43.0000003,6.581754137936473
2011-10-26 17:48:43.0000007,5.611231620814481
2014-06-24 09:49:55.0000004,11.828569283035886
2014-06-24 09:49:55.0000007,7.736851813361522
2014-06-24 09:49:55.0000001,7.319540162185973
2014-06-24 09:49:55.0000006,7.463021123755542
2014-06-24 09:49:55.0000002,10.209164484206934
2014-06-24 09:49:55.0000003,8.415911535015873
2014-06-24 09:49:55.0000005,6.861977277426327
2009-03-14 20:59:19.0000001,10.894004893893571
2009-01-29 18:38:03.0000002,7.192333879376618
2009-01-29 18:38:03.0000001,20.4956923013213
2010-07-23 00:03:59.0000001,14.586720270047609
2013-01-11 12:28:03.0000004,7.764257211100552
2013-01-11 12:28:03.0000003,8.214451329217493
2013-01-11 12:28:03.0000002,6.761623644436849
2013-01-11 12:28:03.0000005,8.622657808745611
2013-01-11 12:28:03.0000001,8.49270567910543
2013-02-20 02:00:23.0000001,15.157641243967937
2013-02-20 02:00:23.0000002,7.9281467755325625
2013-02-20 02:00:23.0000003,9.400954202677829
2009-11-03 19:53:27.0000004,13.246792796439191
2009-11-03 19:53:27.0000003,6.206793703397949
2009-12-19 21:56:15.0000002,6.454536899765786
2009-12-19 21:56:15.0000001,8.262803670203306
2014-03-22 12:24:03.0000001,29.002628373996643
2014-03-22 12:24:03.0000002,8.399071275997722
2009-12-21 21:20:43.0000003,8.317444211567862
2009-12-21 21:20:43.0000001,8.145043856065541
2009-08-21 15:35:07.0000002,5.002491131137834
2009-08-21 15:35:07.0000004,45.501701384386706
2009-08-21 15:35:07.0000003,4.99764184861766
2010-04-25 13:28:47.0000002,5.115255424320393
2010-04-25 13:28:47.0000003,25.139936381288127
2010-11-02 18:49:59.0000001,14.199969623564352
2010-11-02 18:49:59.0000003,4.919999947856562
2010-11-02 18:49:59.0000002,7.9258560674463325
2011-04-02 00:27:03.0000006,6.846153384634299
2011-04-02 00:27:03.0000002,6.301400033221116
2011-04-02 00:27:03.0000004,6.125166103181867
2011-04-02 00:27:03.0000003,8.388926654505067
2011-04-02 00:27:03.0000005,7.898549774120294
2011-04-02 00:27:03.0000001,7.025033690158648
2013-12-29 12:31:55.0000001,9.4006142628646
2013-12-29 12:31:55.0000002,10.847172180403586
2013-12-29 12:31:55.0000003,9.651155498956486
2012-05-02 12:02:03.0000003,9.28030144277498
2012-05-02 12:02:03.0000002,11.763891862996523
2012-05-02 12:02:03.0000004,6.718302772483439
2012-05-02 12:02:03.0000005,7.955664165339786
2012-05-02 12:02:03.0000001,5.413842062776312
2009-07-21 10:36:43.0000001,5.530661003273902
2009-07-21 10:36:43.0000003,6.629469874887345
2009-07-21 10:36:43.0000002,5.878174056413613
2012-09-16 18:14:55.0000003,6.118029036260205
2012-09-16 18:14:55.0000001,10.691893253296737
2012-09-16 18:14:55.0000004,7.027672681442265
2010-04-21 06:28:47.0000002,7.2702280762739315
2009-03-02 09:30:07.0000001,7.109450479632271
2009-03-02 09:30:07.0000002,2.8010839851299814
2010-12-18 15:32:19.0000001,6.717677116686386
2013-02-20 08:23:31.0000001,7.070200853617168
2015-02-11 20:51:51.0000006,32.622281052550505
2015-02-11 20:51:51.0000002,11.064426950789434
2015-02-11 20:51:51.0000003,7.674571100534111
2015-02-11 20:51:51.0000005,8.280433013625734
2015-02-11 20:51:51.0000007,10.516040729200553
2015-02-11 20:51:51.0000004,9.57310192898758
2013-12-07 01:41:59.0000001,9.928127195230154
2013-12-07 01:41:59.0000003,12.549407855542515
2014-03-04 12:06:35.0000002,8.54024018074668
2014-03-04 12:06:35.0000004,9.215717347045503
2014-03-04 12:06:35.0000003,11.390230921655647
2014-03-04 12:06:35.0000001,7.419847217518867
2013-05-21 06:52:59.0000001,18.476175245138606
2013-05-21 06:52:59.0000004,7.020496382545412
2013-05-21 06:52:59.0000002,7.541897220707218
2009-09-09 08:09:19.0000002,6.84167713946665
2009-09-09 08:09:19.0000001,7.62139457361674
2012-06-22 20:50:55.0000001,17.276621937846457
2010-04-06 09:14:59.0000001,17.43923087286962
2010-04-06 09:14:59.0000003,4.976601769676746
2010-04-06 09:14:59.0000002,28.705529816367324
2009-04-03 07:49:39.0000002,8.333056921345264
2009-04-03 07:49:39.0000001,7.1775204738634715
2011-08-28 16:06:43.0000001,10.427914807038292
2010-12-19 15:52:31.0000001,11.28470314863168
2010-12-19 15:52:31.0000002,5.3840397168817535
2010-12-19 15:52:31.0000004,4.352088851514436
2010-12-19 15:52:31.0000003,6.357087205047571
2014-07-12 00:15:59.0000004,7.95357839156174
2014-07-12 00:15:59.0000003,10.973973926313029
2014-07-12 00:15:59.0000002,14.166036975306865
2009-03-31 10:27:19.0000004,7.105862594845472
2009-03-31 10:27:19.0000002,6.532642172027131
2009-03-31 10:27:19.0000001,15.961287985326539
2014-07-31 10:39:39.0000002,7.397143171073779
2012-06-02 07:16:31.0000001,7.105060324545313
2012-06-02 07:16:31.0000003,50.08568875200737
2012-06-02 07:16:31.0000002,14.015788785691669
2012-09-27 15:03:15.0000001,27.09205897061967
2012-07-05 02:23:47.0000001,6.890665142102765
2013-09-14 18:28:03.0000002,17.19011218183596
2013-09-14 18:28:03.0000003,16.56580895377504
2009-04-22 04:26:35.0000001,15.493009196319056
2015-02-14 09:08:11.0000003,18.302104370942203
2012-01-19 20:26:35.0000004,6.451670674726435
2012-01-19 20:26:35.0000005,12.526150026698135
2012-01-19 20:26:35.0000001,6.768625469084298
2015-03-13 13:04:59.0000001,10.526370787079586
2015-03-13 13:04:59.0000002,10.445655035971441
2015-03-13 13:04:59.0000006,9.355113585636456
2015-03-13 13:04:59.0000004,7.6178338341375245
2015-03-13 13:04:59.0000007,14.431228707763381
2015-03-13 13:04:59.0000003,9.313285918911276
2015-03-13 13:04:59.0000005,8.259986444544788
2013-07-25 13:47:39.0000002,8.61078396436772
2013-07-25 13:47:39.0000001,10.402045296015515
2014-03-07 11:45:35.0000001,11.019912824982041
2014-03-07 11:45:35.0000002,23.956377101058273
2013-10-31 06:09:15.0000001,21.06421872113789
2014-09-11 06:41:15.0000001,7.6826399674963275
2014-09-11 06:41:15.0000002,7.009890697250464
2014-09-11 06:41:15.0000004,12.247218787083545
2014-09-11 06:41:15.0000003,12.980375719856621
2012-06-04 09:50:39.0000005,23.40977661838418
2012-06-04 09:50:39.0000003,6.299844927582882
2012-06-04 09:50:39.0000001,12.015988633706318
2012-06-04 09:50:39.0000004,10.338718295170262
2012-06-04 09:50:39.0000002,8.33111344592592
2010-06-07 07:37:55.0000002,5.89803905105687
2010-06-07 07:37:55.0000003,5.5129315074936365
2010-06-07 07:37:55.0000001,5.839796348278749
2010-06-07 07:37:55.0000004,4.21806031914646
2015-02-25 18:00:51.0000009,7.869828449603002
2015-02-25 18:00:51.0000006,8.350304540779513
2015-02-25 18:00:51.0000002,23.099182264632052
2015-02-25 18:00:51.0000003,8.21526168134347
2015-02-25 18:00:51.00000010,9.175163634182057
2015-02-25 18:00:51.0000004,8.426837852461059
2015-02-25 18:00:51.0000005,8.211962947601052
2015-02-08 08:44:03.0000001,12.37286378756139
2010-12-11 15:16:35.0000001,6.121758463824188
2010-12-11 15:16:35.0000002,6.195355082517555
2014-05-19 18:38:19.0000002,7.330044856450618
2014-05-19 18:38:19.0000001,9.16132355503844
2009-07-19 08:38:51.0000001,5.916369329154354
2013-08-20 12:05:47.0000001,8.866856614042755
2013-08-20 12:05:47.0000003,9.809669789451691
2013-08-20 12:05:47.0000004,9.158380311088774
2013-08-20 12:05:47.0000002,10.626193387398803
2014-03-11 19:48:15.0000007,10.041356521167994
2014-03-11 19:48:15.0000001,10.488942061094999
2014-03-11 19:48:15.0000005,8.205516957559295
2014-03-11 19:48:15.0000006,11.227041524323694
2014-03-11 19:48:15.0000004,12.978312125241988
2014-03-11 19:48:15.0000002,17.509435189761597
2014-03-11 19:48:15.0000003,11.111046199506614
2013-01-09 02:05:51.0000002,7.394438061076238
2009-08-08 11:41:51.0000001,3.0921634220285252
2009-08-08 11:41:51.0000004,10.344965174003795
2009-08-08 11:41:51.0000002,6.059237470887533
2014-06-18 16:08:03.0000001,8.971869575127872
2014-06-18 16:08:03.0000002,14.305467775926633
2013-06-02 16:26:47.0000003,8.80296986139874
2013-06-02 16:26:47.0000002,7.69841440519631
2009-07-29 10:02:47.0000002,7.212690101696147
2009-07-29 10:02:47.0000001,7.046172954223614
2013-02-16 14:26:51.0000002,7.600223855997208
2012-05-11 03:48:31.0000001,6.758859821014567
2010-01-22 05:47:59.0000001,8.152728429853033
2012-11-12 11:57:03.0000002,50.96403145585036
2012-01-04 00:06:39.0000001,8.366037025493089
2010-12-28 20:17:27.0000002,5.070905239279906
2010-12-28 20:17:27.0000001,7.73231311429371
2010-12-28 20:17:27.0000004,5.681738721372878
2009-03-18 08:03:07.0000002,10.790988282255359
2009-03-18 08:03:07.0000001,4.563178556518194
2011-10-07 12:38:19.0000004,14.587825485061348
2011-10-07 12:38:19.0000003,4.914220309590501
2011-10-07 12:38:19.0000002,18.2079398328924
2011-10-07 12:38:19.0000005,9.972097447034013
2009-12-12 22:01:31.0000005,11.63416203521174
2009-12-12 22:01:31.0000002,8.215116391054794
2009-12-12 22:01:31.0000004,5.162751804717699
2009-12-12 22:01:31.0000006,5.595347754737853
2009-12-12 22:01:31.0000003,10.142353190064748
2015-04-19 20:44:15.0000003,16.19062920806041
2015-04-19 20:44:15.0000002,8.377557454976998
2015-04-19 20:44:15.0000004,9.179676623906825
2012-03-23 01:36:31.0000002,7.856240422476777
2012-03-23 01:36:31.0000001,5.538628057640097
2014-10-08 21:24:47.0000001,13.393776849535133
2014-10-08 21:24:47.0000002,12.332407897912745
2011-02-03 01:27:31.0000001,17.41636779643436
2011-05-20 23:42:59.0000002,7.469454607527707
2014-01-04 10:54:59.0000001,16.28030382206893
2014-01-04 10:54:59.0000003,8.545628855867736
2009-11-23 05:45:11.0000001,26.24988177389052
2013-01-22 16:25:11.0000003,8.874460812667508
2013-01-22 16:25:11.0000002,26.56667244522559
2013-01-22 16:25:11.0000001,9.938845842112386
2015-05-12 08:31:07.0000007,33.63632267752017
2015-05-12 08:31:07.0000008,8.161950352050418
2015-05-12 08:31:07.0000001,10.535127776339326
2015-05-12 08:31:07.0000009,9.264640724108585
2015-05-12 08:31:07.0000005,8.516788670728104
2015-05-12 08:31:07.0000006,8.790506484682028
2015-05-12 08:31:07.0000002,25.69491179953467
2015-05-12 08:31:07.0000004,10.112108567455358
2013-09-26 06:58:55.0000001,8.327623771441264
2013-09-26 06:58:55.0000002,12.062082988386004
2014-09-14 23:26:11.0000003,15.542665647677493
2014-09-14 23:26:11.0000002,13.74170477057902
2009-08-26 08:06:15.0000002,11.076050881991417
2009-08-26 08:06:15.0000003,31.94851926560106
2009-08-26 08:06:15.0000001,6.088612521213665
2014-10-13 06:14:51.0000001,8.38534620484334
2013-02-02 16:07:55.0000002,10.470081030773887
2013-02-02 16:07:55.0000001,6.845502176602771
2013-02-02 16:07:55.0000003,7.668446475075642
2014-04-05 01:52:27.0000005,7.764955864178002
2014-04-05 01:52:27.0000001,23.255680538252225
2010-02-23 20:29:51.0000002,6.496562923118437
2010-02-23 20:29:51.0000003,7.024285702149342
2011-01-25 00:01:03.0000002,6.767941899591705
2011-01-25 00:01:03.0000001,11.148827290972157
2013-11-01 13:07:47.0000002,9.946164602695664
2013-11-01 13:07:47.0000001,8.916480877811491
2013-11-01 13:07:47.0000005,8.952501284524173
2013-11-01 13:07:47.0000004,9.42472192624399
2015-03-07 15:25:59.0000004,8.038325780448304
2015-03-07 15:25:59.0000002,17.593440112245467
2015-03-07 15:25:59.0000001,10.476634744698568
2013-10-06 21:05:11.0000002,25.831369757761315
2013-10-06 21:05:11.0000001,12.063178068307476
2009-04-16 15:57:31.0000002,6.75044158167935
2012-02-21 20:45:03.0000002,8.048165765307187
2012-02-21 20:45:03.0000001,9.76344947880341
2010-01-10 12:55:43.0000002,7.133665617738974
2015-01-31 01:05:19.0000004,18.15935170697229
2015-01-31 01:05:19.0000007,23.743974327742507
2015-01-31 01:05:19.0000006,8.266602692865373
2015-01-31 01:05:19.0000001,10.09713393802469
2015-01-31 01:05:19.0000003,6.576040723319085
2015-01-31 01:05:19.0000002,14.776325029229621
2011-10-23 17:43:43.0000001,6.413737079990942
2015-03-16 21:12:19.0000003,24.800314664364713
2015-03-16 21:12:19.0000004,8.717674674092564
2015-03-16 21:12:19.0000005,14.04745705003328
2015-03-16 21:12:19.0000008,15.487979635540015
2015-03-16 21:12:19.0000001,15.618771747921885
2012-09-29 20:16:51.0000001,9.003859783280411
2012-09-29 20:16:51.0000002,25.095831204256115
2012-09-29 20:16:51.0000003,7.502451811357615
2012-09-29 20:16:51.0000005,11.45904228744394
2009-08-03 16:28:07.0000001,3.906029087726103
2009-08-03 16:28:07.0000003,4.884772119335452
2009-08-03 16:28:07.0000004,5.131981372628779
2009-08-03 16:28:07.0000002,12.456793916085692
2009-07-30 15:49:15.0000003,8.614148976900749
2009-07-30 15:49:15.0000001,7.300445881857209
2009-07-30 15:49:15.0000005,7.247008340253955
2015-01-18 14:06:23.0000005,17.091932126930118
2015-01-18 14:06:23.0000002,18.49901629710155
2015-03-02 14:08:03.0000002,7.082084976058833
2015-03-02 14:08:03.0000001,9.536716651545724
2009-09-07 19:35:39.0000003,6.2425544922872955
2009-09-07 19:35:39.0000002,8.822430918200089
2014-07-01 15:15:23.0000004,10.242302118326855
2014-07-01 15:15:23.0000002,13.92990235786209
2014-07-01 15:15:23.0000005,14.314213917018375
2014-07-01 15:15:23.0000006,7.3167407576142836
2014-07-01 15:15:23.0000001,20.013398375284662
2013-04-18 02:55:07.0000001,19.385805777529
2010-02-10 16:57:19.0000001,8.499529810363756
2013-02-15 18:45:39.0000001,10.789954151827704
2011-06-22 01:50:11.0000001,21.135079813385374
2014-05-06 23:54:59.0000002,16.10824226051824
2014-05-06 23:54:59.0000004,7.050710240979869
2014-05-06 23:54:59.0000003,7.912105702735092
2014-05-06 23:54:59.0000001,12.097980719311598
2012-04-23 21:05:31.0000003,23.40204408733184
2012-04-23 21:05:31.0000004,11.726353999705402
2012-04-23 21:05:31.0000002,5.340068583928083
2012-04-23 21:05:31.0000006,6.56105480034757
2012-04-23 21:05:31.0000001,42.06465965056563
2012-04-23 21:05:31.0000005,7.693293111057036
2009-03-20 07:29:39.0000003,5.254350413927027
2009-03-20 07:29:39.0000001,16.77426278396721
2009-03-20 07:29:39.0000002,7.45995541482776
2014-06-25 15:08:19.0000001,8.235153437151421
2014-06-25 15:08:19.0000002,6.514981413538383
2011-06-09 14:51:15.0000003,9.285936935562372
2011-06-09 14:51:15.0000004,8.18167435001128
2011-06-09 14:51:15.0000001,8.08556954329386
2011-06-09 14:51:15.0000002,8.472374995747623
2015-01-27 13:08:24.0000001,7.684929130367972
2011-07-24 14:52:56.0000001,9.318665786300826
2011-10-08 11:53:44.0000001,14.156647157686233
2012-12-01 21:12:12.0000004,7.039422134153962
2013-11-22 15:43:12.0000001,6.539872152178045
2012-07-15 16:45:04.0000005,6.118464137773002
2012-07-15 16:45:04.0000001,7.170734589143667
2014-06-14 13:39:00.00000014,11.275924299857952
2014-06-14 13:39:00.000000113,8.990851165342018
2014-06-14 13:39:00.0000006,8.230627321794008
2014-06-14 13:39:00.000000139,8.993026679998184
2014-06-14 13:39:00.0000004,6.668811100989637
2014-06-14 13:39:00.000000171,10.735580735366238
2014-06-14 13:39:00.00000011,12.015090039622685
2014-06-14 13:39:00.00000064,6.59250972011958
2014-06-14 13:39:00.00000090,7.896895515869169
2014-06-14 13:39:00.00000041,7.925736822996586
2014-06-14 13:39:00.00000081,6.608204630452199
2014-06-14 13:39:00.000000164,10.414446723338024
2014-06-14 13:39:00.00000080,13.959357711452133
2014-06-14 13:39:00.00000026,27.255560621514743
2014-06-14 13:39:00.00000058,8.650989443956945
2014-06-14 13:39:00.000000150,12.362269003950466
2014-06-14 13:39:00.00000030,7.847204142373103
2014-06-14 13:39:00.00000091,6.907536754886223
2014-06-14 13:39:00.000000175,7.255611072206182
2014-06-14 13:39:00.000000101,16.82779655305099
2014-06-14 13:39:00.00000085,10.906238448159893
2014-06-14 13:39:00.000000105,7.832931168323678
2014-06-14 13:39:00.00000069,7.691164090523726
2014-06-14 13:39:00.000000149,72.17297354866903
2010-08-22 21:14:08.0000004,4.387158165237335
2011-06-24 20:34:48.0000003,10.457283141368565
2011-06-24 20:34:48.0000004,6.748318800138366
2011-03-28 20:38:36.0000001,10.03726446957533
2009-10-21 02:11:24.0000001,14.760644226425946
2011-05-21 13:16:20.0000002,9.859811221500868
2015-01-31 20:54:04.0000003,9.141527635429801
2010-05-10 10:37:04.0000001,8.305976340820251
2010-03-20 21:35:20.0000001,10.494001571457776
2010-03-20 21:35:20.0000002,4.870665141747985
2012-08-22 22:39:20.0000004,6.663063947080448
2012-08-22 22:39:20.0000002,11.242796371394492
2012-12-23 02:29:16.0000002,17.0466187663981
2011-10-02 23:36:00.00000031,6.231802622014231
2011-10-02 23:36:00.00000070,8.215796758692004
2011-10-02 23:36:00.00000068,14.107410102355338
2011-10-02 23:36:00.00000034,15.49106354116236
2011-10-02 23:36:00.00000042,9.084916767724218
2011-10-02 23:36:00.00000032,9.834489604527834
2011-10-02 23:36:00.00000028,5.526299609507474
2011-10-02 23:36:00.00000078,5.381241966746344
2011-10-02 23:36:00.00000027,10.932480123542799
2011-10-02 23:36:00.00000018,8.016327356817419
2011-10-02 23:36:00.00000061,9.56075229592924
2011-10-02 23:36:00.00000045,5.84497179845041
2011-10-02 23:36:00.00000016,5.8366785356480495
2011-10-02 23:36:00.00000052,8.603954259940378
2011-10-02 23:36:00.00000098,8.934324228403247
2011-10-02 23:36:00.00000048,9.462856311621918
2013-03-21 12:47:28.0000004,7.654479237908762
2013-03-21 12:47:28.0000007,6.07226825567476
2010-09-05 22:31:32.0000001,10.10052983180816
2013-07-12 23:33:24.0000003,15.011506330249683
2015-06-08 20:02:56.0000002,15.13828755147914
2011-10-11 22:13:48.0000001,12.424820744716532
2011-10-11 22:13:48.0000004,5.954354787531717
2013-09-14 16:53:20.0000004,9.83969406505409
2013-09-14 16:53:20.0000003,16.85613675030605
2014-02-06 09:09:56.0000002,9.39813315631475
2009-06-10 16:55:00.00000028,6.246144462649033
2009-06-10 16:55:00.00000020,7.7761652876815
2009-06-10 16:55:00.0000001,4.624053126452258
2009-06-10 16:55:00.000000133,7.64924039523947
2009-06-10 16:55:00.00000026,6.580646511835505
2009-06-10 16:55:00.000000142,14.95264766445441
2009-06-10 16:55:00.00000038,7.643858013922049
2009-06-10 16:55:00.00000042,9.043750191901085
2009-06-10 16:55:00.000000112,5.17676658795633
2009-06-10 16:55:00.00000096,5.74424026420674
2009-06-10 16:55:00.00000050,6.6739659641319635
2009-06-10 16:55:00.00000092,10.731152017107233
2009-06-10 16:55:00.000000167,7.030857475921616
2009-06-10 16:55:00.000000110,6.351409435134579
2009-06-10 16:55:00.00000015,10.640764363780761
2009-06-10 16:55:00.000000104,28.713522991848137
2009-06-10 16:55:00.00000019,50.21597198570471
2009-06-10 16:55:00.000000168,4.440792640981143
2009-06-10 16:55:00.00000059,10.52161534906858
2009-06-10 16:55:00.000000136,7.495785482949223
2009-06-10 16:55:00.00000087,27.476182967432845
2009-06-10 16:55:00.000000134,5.737765889214611
2009-06-10 16:55:00.00000032,6.69473030399916
2013-06-26 11:19:36.0000001,8.376312371603307
2009-05-02 20:11:32.0000002,4.72009447674629
2009-05-02 20:11:32.0000003,11.729786638788543
2011-06-24 12:03:00.00000031,8.840912268425077
2011-06-24 12:03:00.00000064,6.596043878457563
2011-06-24 12:03:00.000000153,13.6823226372615
2011-06-24 12:03:00.00000014,7.098453233036169
2011-06-24 12:03:00.000000192,20.25831996339504
2011-06-24 12:03:00.000000121,6.580364428318945
2011-06-24 12:03:00.000000140,5.21549411301773
2011-06-24 12:03:00.000000155,5.8129209972618945
2011-06-24 12:03:00.00000016,5.297618140369799
2011-06-24 12:03:00.00000084,5.915818258594111
2011-06-24 12:03:00.00000080,4.3920042612757175
2011-06-24 12:03:00.000000123,5.081248268756393
2011-06-24 12:03:00.000000125,6.417701690118583
2011-06-24 12:03:00.00000032,8.965376552142436
2011-06-24 12:03:00.000000178,14.92194136387302
2011-06-24 12:03:00.00000090,9.388641060811857
2011-06-24 12:03:00.000000166,48.804256882926055
2011-06-24 12:03:00.000000108,5.963619185311945
2011-06-24 12:03:00.00000098,10.185941769800129
2011-06-24 12:03:00.000000104,26.503906726075062
2011-06-24 12:03:00.00000027,12.563529031480783
2011-06-24 12:03:00.000000151,8.894390421892812
2011-06-24 12:03:00.00000099,10.434481501976183
2011-06-24 12:03:00.00000077,26.096341570964242
2011-06-24 12:03:00.00000019,11.151321214060605
2011-06-24 12:03:00.00000091,9.418936219345234
2011-06-24 12:03:00.000000132,11.50938717943445
2011-06-24 12:03:00.000000161,7.389548722677859
2011-06-24 12:03:00.00000024,5.486781063671983
2011-06-24 12:03:00.00000034,3.6175106992086423
2011-06-24 12:03:00.00000050,15.511031782120437
2011-06-24 12:03:00.00000023,43.9031792935417
2011-06-24 12:03:00.00000049,9.707066789313819
2011-06-24 12:03:00.000000115,11.262246584248832
2011-06-24 12:03:00.0000008,6.590193476960987
2014-06-15 07:06:00.00000021,25.71874069086785
2014-06-15 07:06:00.00000032,9.365220032485439
2014-06-15 07:06:00.00000029,8.559384474527393
2014-06-15 07:06:00.00000043,27.2787866623394
2014-06-15 07:06:00.0000007,8.078691924231888
2014-06-15 07:06:00.00000038,14.696733292707926
2014-06-15 07:06:00.00000020,8.227448538839745
2014-06-15 07:06:00.00000027,50.22640948353116
2012-08-09 01:30:36.0000001,13.593314961071528
2015-05-30 21:29:04.0000002,24.788534099199303
2015-05-30 21:29:04.0000005,10.018905654208709
2009-10-26 12:01:36.0000004,27.26955037835915
2013-02-02 15:45:08.0000004,8.69164805608044
2010-12-14 23:27:36.0000003,7.525596095774169
2010-12-14 23:27:36.0000004,6.376035311179667
2010-12-14 23:27:36.0000002,9.395514434042182
2014-04-14 13:48:32.0000001,26.984118654095212
2014-04-14 13:48:32.0000002,9.238764737215172
2014-08-07 16:57:56.0000001,9.735313523029523
2009-09-14 02:19:00.00000022,7.482693131966059
2009-09-14 02:19:00.00000010,11.156781825147197
2009-09-14 02:19:00.0000004,3.9497572905873994
2009-09-14 02:19:00.00000011,4.141573228811841
2009-09-14 02:19:00.00000023,3.135397308419111
2009-09-14 02:19:00.00000041,4.650884540269848
2009-09-14 02:19:00.00000013,11.308707669800743
2014-03-17 16:07:56.0000001,8.528471397185797
2011-06-12 11:31:48.0000003,5.953471240039545
2011-06-12 11:31:48.0000001,6.467858813863184
2011-06-12 11:31:48.0000002,13.803349276571948
2015-06-24 14:19:52.0000003,11.818783861921212
2010-08-21 22:21:32.0000003,8.08779051583089
2012-01-26 11:17:36.0000001,5.893824070126934
2015-02-27 14:15:52.0000001,11.404016504275782
2015-02-27 14:15:52.0000002,10.343316506723395
2014-09-14 17:22:12.0000004,9.56845150156515
2009-01-02 17:45:40.0000004,39.76045427130549
2009-01-02 17:45:40.0000001,5.035693450991068
2009-01-02 17:45:40.0000002,7.3896200541605985
2009-01-02 17:45:40.0000003,5.423784920540846
2009-01-01 11:04:24.0000003,10.442797748585642
2009-01-01 11:04:24.0000001,5.8020636155571745
2014-04-28 19:46:36.0000001,8.200546913399462
2011-06-01 07:37:00.000000192,19.296307189388237
2011-06-01 07:37:00.000000115,13.31132270602706
2011-06-01 07:37:00.00000089,8.173603091530588
2011-06-01 07:37:00.00000087,8.63406749028716
2011-06-01 07:37:00.000000173,5.8713435210350715
2011-06-01 07:37:00.000000166,9.513424877179375
2011-06-01 07:37:00.00000081,6.1872446522158056
2011-06-01 07:37:00.00000041,5.353018067488197
2011-06-01 07:37:00.000000102,5.450806037868142
2011-06-01 07:37:00.000000215,14.78110816257043
2011-06-01 07:37:00.0000006,19.20982180482937
2011-06-01 07:37:00.000000161,6.6896682554231885
2011-06-01 07:37:00.000000123,5.790287201773413
2011-06-01 07:37:00.000000117,8.4987316200231
2011-06-01 07:37:00.0000004,21.091801313079152
2011-06-01 07:37:00.000000133,11.632109762659422
2011-06-01 07:37:00.000000160,7.098984845576766
2011-06-01 07:37:00.000000136,17.09021585721245
2011-06-01 07:37:00.000000214,9.936583287725435
2011-06-01 07:37:00.00000047,12.100433495696306
2011-06-01 07:37:00.0000001,6.614219141414734
2011-06-01 07:37:00.00000096,5.470548441630773
2011-06-01 07:37:00.000000150,22.23285901880225
2011-06-01 07:37:00.00000072,16.300326929170804
2011-06-01 07:37:00.00000064,7.4241193431256605
2010-08-27 18:45:00.00000048,15.511021382244266
2010-08-27 18:45:00.000000210,14.356464105461413
2010-08-27 18:45:00.000000159,4.51351292636768
2010-08-27 18:45:00.00000083,10.515680686911892
2010-08-27 18:45:00.000000145,4.484257056702883
2010-08-27 18:45:00.00000096,10.756191418154113
2010-08-27 18:45:00.00000036,5.707755089752036
2010-08-27 18:45:00.00000088,9.417000690987635
2010-08-27 18:45:00.000000116,10.95946332654417
2010-08-27 18:45:00.000000193,8.079636373100097
2010-08-27 18:45:00.000000121,5.245559278623112
2010-08-27 18:45:00.00000074,14.771748686439537
2010-08-27 18:45:00.00000075,8.487602243785147
2010-08-27 18:45:00.000000130,13.57199504125822
2010-08-27 18:45:00.000000224,6.633897790605431
2010-08-27 18:45:00.00000072,5.100013196427229
2010-08-27 18:45:00.000000128,7.911978831832819
2010-08-27 18:45:00.000000163,10.533723803688341
2010-08-27 18:45:00.000000171,9.31042706387807
2010-08-27 18:45:00.000000157,10.602422709196512
2010-08-27 18:45:00.000000147,6.57971844980241
2010-08-27 18:45:00.000000119,14.4916669408737
2010-08-27 18:45:00.000000111,6.761824354227251
2010-08-27 18:45:00.00000015,20.222573990545335
2010-08-27 18:45:00.00000062,6.123085724004081
2010-08-27 18:45:00.000000127,6.319912459387801
2010-08-27 18:45:00.000000223,4.792315452183653
2010-08-27 18:45:00.000000112,9.238848030373012
2010-08-27 18:45:00.000000201,18.68515734923279
2010-08-27 18:45:00.000000135,10.47038930024081
2010-08-27 18:45:00.00000092,7.786348174915295
2010-08-27 18:45:00.00000056,5.8166409304622775
2010-08-27 18:45:00.000000105,10.146112293407448
2010-08-27 18:45:00.000000222,6.238019783036903
2010-08-27 18:45:00.00000023,8.49359562139444
2011-02-12 00:43:24.0000002,6.206476480456964
2014-05-07 06:50:20.0000004,7.82045335504396
2010-08-14 02:13:00.000000131,10.670960344515203
2010-08-14 02:13:00.00000097,7.138879144284236
2010-08-14 02:13:00.00000086,4.63634859491178
2010-08-14 02:13:00.00000051,7.634634655829398
2010-08-14 02:13:00.000000128,7.905457532157997
2010-08-14 02:13:00.00000074,8.990617301942855
2010-08-14 02:13:00.000000169,5.644959446020039
2010-08-14 02:13:00.000000127,8.995488085664283
2010-08-14 02:13:00.00000036,6.481965069724254
2010-08-14 02:13:00.00000068,32.148259262153346
2010-08-14 02:13:00.00000042,27.570707627373707
2010-08-14 02:13:00.000000115,20.066180499601224
2010-08-14 02:13:00.00000029,7.640976758025591
2010-08-14 02:13:00.0000003,7.4399516743814775
2010-08-14 02:13:00.00000037,22.48810411248607
2010-08-14 02:13:00.000000121,3.9939228468827572
2010-08-14 02:13:00.00000031,5.62925677098779
2010-08-14 02:13:00.00000094,14.063915147532613
2010-08-14 02:13:00.000000136,9.59999943456192
2010-08-14 02:13:00.00000018,8.838814170642785
2010-08-14 02:13:00.000000125,9.14442461176581
2010-08-14 02:13:00.00000041,19.43693238338313
2010-08-14 02:13:00.000000163,15.561491965478638
2010-08-14 02:13:00.000000126,7.294286479172313
2010-08-14 02:13:00.0000008,10.150351568965464
2010-08-14 02:13:00.00000057,5.358094161595179
2010-08-14 02:13:00.00000050,16.07914856765595
2010-08-14 02:13:00.000000152,6.11469922695753
2014-03-25 23:47:00.00000083,8.56423583747951
2014-03-25 23:47:00.000000139,7.922064321506028
2014-03-25 23:47:00.000000122,19.286484430282293
2014-03-25 23:47:00.00000093,8.23316140934051
2014-03-25 23:47:00.00000039,11.494815147745541
2014-03-25 23:47:00.000000119,9.228687392878912
2014-03-25 23:47:00.00000067,13.607739952875315
2014-03-25 23:47:00.00000034,9.378558358806055
2014-03-25 23:47:00.00000040,14.052763388939315
2014-03-25 23:47:00.000000137,11.457265416418156
2014-03-25 23:47:00.00000076,22.75194221393742
2014-03-25 23:47:00.00000057,10.846409025614257
2014-03-25 23:47:00.000000104,9.699989362305283
2014-03-25 23:47:00.00000069,7.195650864093759
2015-06-05 08:38:56.0000008,18.670419852695105
2010-08-06 20:27:12.0000003,8.280548977855231
2012-08-03 12:33:08.0000001,7.739884827433521
2010-09-29 16:43:00.00000088,9.74077140094156
2010-09-29 16:43:00.00000034,11.19236959443953
2010-09-29 16:43:00.00000069,12.693602457780171
2010-09-29 16:43:00.000000172,3.824205168442276
2010-09-29 16:43:00.000000152,6.70959809549781
2010-09-29 16:43:00.00000084,7.626984866590321
2010-09-29 16:43:00.000000136,6.365637468509748
2010-09-29 16:43:00.000000126,8.670518542439785
2010-09-29 16:43:00.000000171,6.640629037651065
2010-09-29 16:43:00.000000139,5.727393958388497
2010-09-29 16:43:00.0000002,6.567950276967458
2010-09-29 16:43:00.00000070,8.161345505738456
2010-09-29 16:43:00.00000045,4.953559385251761
2010-09-29 16:43:00.0000009,9.11610877209366
2010-09-29 16:43:00.00000057,9.367830851978232
2010-09-29 16:43:00.000000118,6.86763974944801
2010-09-29 16:43:00.00000042,10.988451494489786
2010-09-29 16:43:00.000000130,7.529075782485019
2010-09-29 16:43:00.00000039,7.092187429028176
2010-09-29 16:43:00.00000032,6.494706704503573
2014-10-27 14:58:00.000000101,9.724707982866207
2014-10-27 14:58:00.00000023,10.554114245614684
2014-10-27 14:58:00.0000006,10.78736401594906
2014-10-27 14:58:00.000000113,8.281546054095292
2014-10-27 14:58:00.000000143,6.661246699484246
2014-10-27 14:58:00.00000090,7.271867720868437
2014-10-27 14:58:00.000000104,17.3122953689557
2014-10-27 14:58:00.000000148,26.895478149992407
2014-10-27 14:58:00.00000060,8.125175399395062
2014-10-27 14:58:00.000000129,19.699627531731004
2014-10-27 14:58:00.00000012,15.079589802633361
2014-10-27 14:58:00.00000035,13.700424175473467
2014-10-27 14:58:00.00000036,9.381491497514785
2014-10-27 14:58:00.000000150,9.3479880330211
2014-10-27 14:58:00.00000050,8.028447283741851
2014-10-27 14:58:00.000000103,8.528174122640795
2014-10-27 14:58:00.00000067,7.172442496969272
2014-10-27 14:58:00.00000066,7.672435045158466
2009-10-08 23:44:56.0000003,8.262138525233562
2012-11-03 17:11:00.00000064,12.658895220781195
2012-11-03 17:11:00.00000074,6.791619434787701
2012-11-03 17:11:00.000000132,50.433178036366144
2012-11-03 17:11:00.00000031,8.649299410345392
2012-11-03 17:11:00.00000028,7.877923157709686
2012-11-03 17:11:00.000000102,8.374632114575178
2012-11-03 17:11:00.00000067,8.319693540265632
2012-11-03 17:11:00.000000162,8.10787168737977
2012-11-03 17:11:00.00000054,12.597875111198327
2012-11-03 17:11:00.00000046,7.4418276277316
2012-11-03 17:11:00.000000113,24.740872711947624
2012-11-03 17:11:00.00000093,7.142457068881075
2012-11-03 17:11:00.00000032,16.75217446596344
2012-11-03 17:11:00.00000052,16.624235770353337
2012-11-03 17:11:00.000000147,7.947597500552891
2012-11-03 17:11:00.000000125,9.117859615528134
2012-11-03 17:11:00.00000086,7.052755129750134
2012-11-03 17:11:00.0000009,8.871966416955521
2012-11-03 17:11:00.000000136,7.830999927706891
2012-11-03 17:11:00.00000077,9.236896070339558
2012-11-03 17:11:00.00000099,15.605229511197939
2012-11-03 17:11:00.00000096,10.571139579561757
2012-11-03 17:11:00.000000161,8.11215309747044
2012-11-03 17:11:00.000000124,10.414719729845904
2012-11-03 17:11:00.00000016,29.667769457971538
2012-11-03 17:11:00.00000058,5.611926330056441
2012-11-03 17:11:00.00000083,8.973189333888085
2012-11-03 17:11:00.00000082,7.655252017269956
2012-11-03 17:11:00.00000075,16.788619324478894
2012-11-03 17:11:00.00000061,10.827881448641358
2012-11-03 17:11:00.00000012,8.623354421113385
2012-11-03 17:11:00.00000057,5.4546789167236795
2012-11-03 17:11:00.00000037,6.570831119677065
2012-11-03 17:11:00.000000106,7.466898312021567
2009-05-07 13:58:32.0000002,29.719318710653337
2011-05-28 17:29:44.0000001,67.67777140714739
2011-05-28 17:29:44.0000004,29.27175572280702
2011-12-25 21:26:32.0000002,7.249858184595198
2009-05-06 01:49:12.0000002,17.921103697373574
2009-05-06 01:49:12.0000004,5.9712435331766915
2011-03-11 01:44:00.00000030,8.592762043943932
2011-03-11 01:44:00.00000027,35.12354294965001
2011-03-11 01:44:00.0000009,8.856283319697585
2011-03-11 01:44:00.00000047,30.49028774564735
2011-03-11 01:44:00.00000092,4.312103363064647
2011-03-11 01:44:00.0000006,12.850974189430165
2011-03-11 01:44:00.00000056,17.29488617718274
2011-03-11 01:44:00.00000081,11.555827564468155
2011-03-11 01:44:00.00000039,7.723832331680476
2011-03-11 01:44:00.00000077,21.51720807389735
2011-03-11 01:44:00.00000059,14.017663718714592
2011-03-11 01:44:00.00000028,8.463058329846627
2011-03-11 01:44:00.00000036,12.649514600608553
2011-03-11 01:44:00.00000038,22.783337440685436
2011-03-11 01:44:00.00000065,19.423708458971895
2011-03-11 01:44:00.0000003,11.972903480595278
2013-01-27 00:09:12.0000003,7.840020882542376
2012-01-07 11:21:56.0000003,4.8296394984693265
2012-01-07 11:21:56.0000001,7.774844823155146
2012-10-31 12:17:24.0000002,11.34223939688251
2012-10-20 02:05:08.0000003,7.732648462076071
2014-10-11 15:11:24.0000003,6.189627126303416
2009-08-17 12:27:08.0000002,7.460664475024805
2014-04-09 09:23:12.0000004,12.77536059155469
2009-11-25 19:32:52.0000004,5.53355846333476
2014-05-30 00:09:16.0000007,8.005585871524055
2014-05-30 00:09:16.0000006,19.18603116660259
2013-01-07 17:08:32.0000002,7.7995944645031985
2013-02-18 17:37:28.0000001,6.7984816417392055
2011-10-04 09:37:00.00000038,13.715184439923796
2011-10-04 09:37:00.00000095,9.368220444591124
2011-10-04 09:37:00.00000015,8.491212143531683
2011-10-04 09:37:00.00000022,28.840215325065554
2011-10-04 09:37:00.00000052,10.271099747693992
2011-10-04 09:37:00.000000141,11.554777287232216
2011-10-04 09:37:00.000000179,15.369077997982238
2011-10-04 09:37:00.000000148,6.913895639664945
2011-10-04 09:37:00.00000014,6.585615281801521
2011-10-04 09:37:00.00000085,6.875370315579888
2011-10-04 09:37:00.000000162,11.373755975232758
2011-10-04 09:37:00.00000034,27.68457361096139
2011-10-04 09:37:00.00000037,14.459696639913421
2011-10-04 09:37:00.000000111,12.755218818821353
2011-10-04 09:37:00.00000061,4.765783752255607
2011-10-04 09:37:00.000000199,8.57862710476638
2011-10-04 09:37:00.000000158,28.21753956667548
2011-10-04 09:37:00.000000149,8.55769787993952
2011-10-04 09:37:00.00000069,20.545621338811454
2011-10-04 09:37:00.00000077,5.718261149462522
2011-10-04 09:37:00.000000165,15.039992409959385
2011-10-04 09:37:00.00000044,11.462526158420502
2011-10-04 09:37:00.000000191,12.443552772862816
2011-10-04 09:37:00.000000164,6.5243208277829225
2011-10-04 09:37:00.000000135,6.370985302509269
2011-10-04 09:37:00.000000190,13.952682283428693
2011-10-04 09:37:00.000000163,17.07347874374079
2011-10-04 09:37:00.00000054,24.297561450338677
2011-10-04 09:37:00.000000177,9.587202139379398
2011-10-04 09:37:00.00000064,6.115603215289418
2011-10-04 09:37:00.0000003,10.892442255898747
2011-10-04 09:37:00.000000196,34.37064523036577
2011-10-04 09:37:00.000000155,7.28359973244679
2012-10-23 14:15:04.0000002,9.786503415241036
2012-10-18 21:06:20.0000009,9.2317902353415
2012-10-18 21:06:20.0000007,10.414772113765189
2014-12-24 03:00:00.00000016,16.541568957846632
2014-12-24 03:00:00.00000025,13.189680977950143
2014-12-24 03:00:00.00000029,11.593208760439897
2014-12-24 03:00:00.00000040,11.395995917554549
2014-12-24 03:00:00.0000007,7.869712963709457
2014-12-24 03:00:00.00000019,9.23320094001372
2014-12-24 03:00:00.00000039,8.410092234140071
2010-10-07 10:54:20.0000003,50.5980489151418
2011-02-21 20:11:08.0000006,8.452618786277517
2009-10-04 22:54:56.0000002,12.924454395752289
2015-04-11 20:31:32.00000011,9.12790936722841
2015-04-11 20:31:32.0000005,13.497192318336783
2011-02-20 12:31:04.0000002,6.804318464198802
2013-01-01 22:04:56.0000002,9.733213204758906
2013-01-01 22:04:56.0000003,9.166085779614887
2013-04-23 17:52:44.0000003,48.96151775065482
2010-01-01 13:19:40.0000004,12.448170189903628
2010-03-06 23:51:08.0000003,13.606797003690597
2014-04-27 02:57:00.000000155,11.706815275292168
2014-04-27 02:57:00.00000072,9.893296513297306
2014-04-27 02:57:00.00000043,9.436719045381349
2014-04-27 02:57:00.00000073,14.280531696185225
2014-04-27 02:57:00.00000013,16.123132615086483
2014-04-27 02:57:00.000000191,8.381171595579206
2014-04-27 02:57:00.000000171,19.702048586479556
2014-04-27 02:57:00.000000162,18.351871272544788
2014-04-27 02:57:00.00000082,13.212955842798479
2014-04-27 02:57:00.00000023,7.919324593387575
2014-04-27 02:57:00.000000137,9.525468442463154
2014-04-27 02:57:00.00000057,15.942861205266041
2014-04-27 02:57:00.000000174,8.024924912671773
2014-04-27 02:57:00.00000012,6.2774779256109445
2014-04-27 02:57:00.000000158,7.04115646509575
2014-04-27 02:57:00.000000138,30.16850464298234
2014-04-27 02:57:00.000000172,11.355694644572456
2014-04-27 02:57:00.000000195,11.605326980271762
2014-04-27 02:57:00.000000131,8.459175048062718
2014-04-27 02:57:00.000000140,15.386873569457023
2014-04-27 02:57:00.000000154,6.814295004842229
2014-04-27 02:57:00.00000036,8.267488003854336
2014-04-27 02:57:00.000000153,11.820875307965915
2014-04-27 02:57:00.000000164,8.115651738545182
2014-04-27 02:57:00.00000031,8.321874024727677
2014-04-27 02:57:00.000000116,27.015006871938184
2014-04-27 02:57:00.000000187,9.806355481463145
2011-01-18 10:26:40.0000001,14.789729585653614
2011-12-13 22:00:00.000000185,11.76275269939638
2011-12-13 22:00:00.000000117,25.633261709055706
2011-12-13 22:00:00.00000037,13.609077846250571
2011-12-13 22:00:00.000000171,8.412175512983843
2011-12-13 22:00:00.000000194,12.859685712488808
2011-12-13 22:00:00.000000237,6.414507351392334
2011-12-13 22:00:00.000000160,7.906050038839107
2011-12-13 22:00:00.000000145,5.970180249758737
2011-12-13 22:00:00.00000035,12.838766643436909
2011-12-13 22:00:00.00000081,6.526889762819643
2011-12-13 22:00:00.00000015,8.853753744285902
2011-12-13 22:00:00.000000118,9.276478846450672
2011-12-13 22:00:00.000000140,9.156375903660107
2011-12-13 22:00:00.00000092,25.80610315060096
2011-12-13 22:00:00.00000047,7.353975325972916
2011-12-13 22:00:00.000000119,7.627063584179778
2011-12-13 22:00:00.00000077,6.437622899938405
2011-12-13 22:00:00.00000096,8.68130312969106
2011-12-13 22:00:00.000000152,16.590578065549597
2011-12-13 22:00:00.000000198,9.44718979420463
2011-12-13 22:00:00.00000043,7.664400773247327
2011-12-13 22:00:00.000000115,6.268308702914389
2011-12-13 22:00:00.000000236,5.943992764204871
2011-12-13 22:00:00.000000200,6.028240785522152
2011-12-13 22:00:00.0000001,17.689480068136938
2011-12-13 22:00:00.000000251,7.958156846355812
2011-12-13 22:00:00.00000049,7.97951612145178
2011-12-13 22:00:00.00000034,12.015139551506325
2011-12-13 22:00:00.000000262,7.8807931145301
2011-12-13 22:00:00.00000018,22.173343910311196
2011-12-13 22:00:00.000000108,6.988803917936582
2011-12-13 22:00:00.00000084,7.572521302392548
2014-05-13 07:33:52.0000005,7.6309126045920905
2011-06-30 09:37:08.0000001,9.582850145879977
2009-01-28 16:36:28.0000004,9.367200168358739
2010-07-21 22:06:12.0000004,13.697162435470311
2013-05-24 13:37:32.0000003,11.023096426060242
2013-05-24 13:37:32.0000002,6.699803417590262
2014-03-05 21:07:12.0000002,7.6810856855727865
2014-03-05 21:07:12.0000005,7.510452470517259
2009-11-28 15:07:24.0000002,5.670685071526053
2010-07-31 15:47:28.0000002,14.272296044096214
2013-11-22 15:36:36.0000001,10.85757102752872
2011-06-26 18:48:08.0000003,7.162827739933719
2011-10-17 18:49:20.0000001,11.372429472957462
2011-10-17 18:49:20.0000004,8.531647157920046
2014-07-21 18:19:00.00000053,9.208827217902455
2014-07-21 18:19:00.00000085,9.749975853065848
2014-07-21 18:19:00.000000175,8.458346109113354
2014-07-21 18:19:00.00000076,11.401290815324394
2014-07-21 18:19:00.000000147,11.72736276804887
2014-07-21 18:19:00.0000001,14.63053698364752
2014-07-21 18:19:00.0000007,9.453713410669318
2014-07-21 18:19:00.000000234,10.05118238691658
2014-07-21 18:19:00.000000188,8.864383793805022
2014-07-21 18:19:00.00000024,8.577526523351764
2014-07-21 18:19:00.000000158,6.998054768339834
2014-07-21 18:19:00.00000093,11.238220489501872
2014-07-21 18:19:00.00000081,8.314390122379226
2014-07-21 18:19:00.000000206,8.345436177530233
2014-07-21 18:19:00.00000095,21.04794905984909
2014-07-21 18:19:00.000000164,6.73300921700925
2014-07-21 18:19:00.00000062,7.358847770030071
2014-07-21 18:19:00.000000140,10.355172747593977
2014-07-21 18:19:00.000000155,12.189799862256534
2014-07-21 18:19:00.000000170,9.680612182614368
2014-07-21 18:19:00.000000238,18.30416769451427
2014-07-21 18:19:00.000000207,10.052963182236129
2014-07-21 18:19:00.00000016,14.328715187602377
2014-07-21 18:19:00.000000237,12.058210384038194
2014-07-21 18:19:00.00000045,7.488336248712127
2014-07-21 18:19:00.000000110,8.572045992188023
2014-07-21 18:19:00.000000157,7.277990842991338
2014-07-21 18:19:00.000000236,10.571812219173731
2014-07-21 18:19:00.000000151,8.63500735041944
2014-07-21 18:19:00.000000192,6.770725402308428
2014-07-21 18:19:00.00000086,7.887711466946614
2014-07-21 18:19:00.00000040,8.728305303324557
2014-07-21 18:19:00.000000209,7.906159710261059
2014-07-21 18:19:00.000000138,12.381461740387822
2014-07-21 18:19:00.000000131,11.830488306627444
2014-07-21 18:19:00.000000243,10.209673293682116
2014-07-21 18:19:00.000000199,16.26577107365174
2014-07-21 18:19:00.00000041,12.523532006396302
2014-07-21 18:19:00.000000180,11.88609657616296
2014-07-21 18:19:00.00000052,8.59657070339969
2014-07-21 18:19:00.00000084,8.18785616244469
2011-06-13 09:55:04.0000006,7.308134646471788
2011-06-13 09:55:04.0000002,18.579859231090182
2014-12-27 22:31:56.0000001,12.401548217820435
2014-12-27 22:31:56.0000003,31.174696527455932
2010-09-20 16:48:00.00000050,8.04615415185706
2010-09-20 16:48:00.00000055,7.372186369198746
2010-09-20 16:48:00.000000154,9.563566131145691
2010-09-20 16:48:00.000000106,13.107922421300673
2010-09-20 16:48:00.000000163,22.783219958509186
2010-09-20 16:48:00.000000121,46.36281337901728
2010-09-20 16:48:00.000000111,46.85520720644398
2010-09-20 16:48:00.000000124,7.577559905770558
2010-09-20 16:48:00.000000143,6.383319655505503
2010-09-20 16:48:00.000000131,7.435812082896653
2010-09-20 16:48:00.000000137,32.59766212913687
2010-09-20 16:48:00.000000142,3.743657012015948
2010-09-20 16:48:00.00000036,5.689347057886302
2010-09-20 16:48:00.0000007,13.72391892871742
2010-09-20 16:48:00.000000112,10.512922750576495
2010-09-20 16:48:00.000000104,8.115639110926516
2010-09-20 16:48:00.00000056,14.342796054333691
2010-09-20 16:48:00.000000114,6.199508718146006
2010-09-20 16:48:00.000000152,5.577603337708522
2010-09-20 16:48:00.00000072,18.459614654159687
2010-09-20 16:48:00.0000004,10.14800717180575
2010-09-20 16:48:00.00000058,15.850472859807931
2010-09-20 16:48:00.00000081,7.450634680536479
2010-09-20 16:48:00.000000116,6.392251838746815
2010-09-20 16:48:00.00000040,11.925136377559038
2010-09-20 16:48:00.00000019,12.407970869949425
2010-09-20 16:48:00.000000134,7.291078421559457
2010-09-20 16:48:00.00000084,47.117435212206274
2010-09-20 16:48:00.00000016,8.105689760724951
2010-09-20 16:48:00.000000103,5.383783254250753
2012-08-20 14:47:36.0000001,7.4575401008207
2011-12-01 01:36:08.0000001,6.271145088815089
2014-03-29 14:59:28.0000001,12.473706242312469
2014-08-18 01:19:48.0000001,11.39589678074313
2012-04-30 20:04:20.0000001,6.592438568692145
2013-07-13 18:28:20.0000003,47.34094132061492
2014-10-07 19:04:08.0000003,8.063133140443737
2014-10-07 19:04:08.0000001,8.487742136414619
2013-08-21 09:32:24.0000001,6.1157568958699775
2015-01-26 07:13:44.0000001,28.954101355107856
2011-03-06 21:01:00.0000003,12.107397959743126
2011-03-06 21:01:00.000000155,5.023115310134917
2011-03-06 21:01:00.000000164,6.621132586078996
2011-03-06 21:01:00.000000131,8.967694671877913
2011-03-06 21:01:00.00000091,8.759334298357468
2011-03-06 21:01:00.000000144,14.02202653069415
2011-03-06 21:01:00.000000132,6.389623791601796
2011-03-06 21:01:00.000000134,4.964139909253782
2011-03-06 21:01:00.000000110,4.300798965110261
2011-03-06 21:01:00.00000058,6.185116875520522
2011-03-06 21:01:00.00000081,16.280782061185075
2011-03-06 21:01:00.00000048,19.215620687426327
2011-03-06 21:01:00.00000079,8.080249937237346
2011-03-06 21:01:00.000000142,13.036346657552194
2011-03-06 21:01:00.00000090,10.853440170731616
2011-03-06 21:01:00.000000125,6.341279218414809
2011-03-06 21:01:00.000000119,4.303978257313797
2011-03-06 21:01:00.000000117,12.774098415086433
2011-03-06 21:01:00.00000065,8.524236138297665
2011-03-06 21:01:00.000000163,6.028407750523362
2011-03-06 21:01:00.000000159,8.04143257976651
2011-03-06 21:01:00.000000112,6.2884222805880645
2011-03-06 21:01:00.00000013,23.61217054410175
2011-03-06 21:01:00.000000121,7.11700656136942
2011-03-06 21:01:00.000000152,5.497471558369015
2011-03-06 21:01:00.00000059,11.187518523773946
2011-03-06 21:01:00.00000041,5.714594745012039
2011-03-06 21:01:00.000000174,8.761916537872175
2011-03-06 21:01:00.000000171,6.927391326925358
2011-03-06 21:01:00.00000069,17.264948768889017
2011-03-06 21:01:00.00000050,5.189597038255344
2011-03-06 21:01:00.00000039,8.188883877677128
2011-03-06 21:01:00.00000082,9.301453110800537
2011-03-06 21:01:00.000000165,7.171819483264513
2011-03-06 21:01:00.000000103,4.785149393657642
2011-03-06 21:01:00.00000063,5.996421919805604
2011-03-06 21:01:00.000000100,13.44683442655307
2011-03-06 21:01:00.000000124,10.365937378338044
2011-03-06 21:01:00.000000126,5.982976368368295
2011-03-06 21:01:00.00000068,7.808889200061783
2011-03-06 21:01:00.00000030,6.256359247395125
2009-11-24 08:58:48.0000008,5.751456684639054
2009-11-24 08:58:48.0000004,6.3379280150621495
2011-05-30 09:32:56.0000002,6.012152214879914
2010-01-02 12:20:32.0000001,7.195951033089814
2010-10-05 02:09:00.00000026,7.037532795656423
2010-10-05 02:09:00.00000016,6.5592440653752595
2010-10-05 02:09:00.00000019,19.52968676369358
2010-10-05 02:09:00.00000014,5.849953431313479
2010-10-05 02:09:00.0000004,9.775322630250578
2010-10-05 02:09:00.00000025,15.066129476099691
2010-10-05 02:09:00.0000009,10.67648121535996
2012-01-25 22:43:44.0000005,6.525408849092152
2010-12-01 22:04:52.0000002,8.08203064311
2013-06-23 02:54:32.0000001,19.4103188273262
2013-11-18 15:07:28.0000003,9.583116403415548
2013-08-06 23:56:32.0000002,7.593201291277037
2013-08-06 23:56:32.0000001,27.36424302845281
2012-03-10 02:36:04.0000004,8.363958279147813
2014-04-13 17:35:52.0000001,9.205884197594429
2013-09-14 16:03:12.0000001,11.811789506213684
2013-09-14 16:03:12.0000002,7.350686727875674
2013-09-14 16:03:12.0000003,7.511771321082726
2014-04-05 18:27:08.0000001,9.963332906070923
2014-04-05 18:27:08.0000002,7.397742474774208
2009-12-02 15:59:56.0000003,5.060304003727098
2010-01-03 02:03:40.0000001,3.433418977994446
2011-01-30 14:38:24.0000001,9.677764635000477
2011-04-16 21:23:16.0000005,7.930474213398336
2009-05-31 21:24:56.0000002,7.673652166548301
2009-07-14 17:59:12.0000002,11.871145488494268
2009-12-18 12:37:04.0000003,7.011498538758046
2012-11-21 15:12:48.0000002,6.674626273978918
2011-10-07 22:08:20.0000002,7.833640579768773
2011-10-07 22:08:20.0000001,11.78425265700797
2011-10-07 22:08:20.0000004,10.122612997186636
2013-09-24 21:16:40.0000008,7.301818810626132
2013-09-24 21:16:40.0000005,7.323609938337773
2014-01-25 12:36:52.0000003,9.229524705007648
2012-01-26 07:33:00.000000101,6.264285794900822
2012-01-26 07:33:00.00000057,12.651975534406146
2012-01-26 07:33:00.000000175,7.535668472403233
2012-01-26 07:33:00.00000024,8.26884741222748
2012-01-26 07:33:00.00000097,4.947216459307899
2012-01-26 07:33:00.000000115,17.292918236664
2012-01-26 07:33:00.00000039,6.645986507455131
2012-01-26 07:33:00.000000161,8.736982169399829
2012-01-26 07:33:00.000000173,9.217908123229375
2012-01-26 07:33:00.000000183,11.424933546743793
2012-01-26 07:33:00.00000020,12.054257638939278
2012-01-26 07:33:00.00000022,9.876741792572826
2012-01-26 07:33:00.000000136,4.508879753670105
2012-01-26 07:33:00.0000008,15.984351695953944
2012-01-26 07:33:00.000000100,10.271367153408232
2012-01-26 07:33:00.00000023,4.792957910892497
2012-01-26 07:33:00.00000056,7.569942370597556
2012-01-26 07:33:00.00000018,9.259182178960812
2012-01-26 07:33:00.00000076,19.590162030111312
2012-01-26 07:33:00.00000080,7.950507167654419
2012-01-26 07:33:00.000000104,9.33040850004356
2012-01-26 07:33:00.00000082,6.785859511272276
2012-01-26 07:33:00.00000025,6.020175234172701
2012-01-26 07:33:00.000000181,1.311245466249173
2012-01-26 07:33:00.000000105,7.22154960774403
2015-03-20 23:34:40.0000001,10.000424399238092
2015-03-20 23:34:40.0000008,10.301092002305804
2015-03-20 23:34:40.0000003,20.670906760851246
2013-12-14 03:20:48.0000003,12.563557005770095
2010-12-09 07:29:00.000000164,11.90016842752215
2010-12-09 07:29:00.000000141,13.035888672774762
2010-12-09 07:29:00.00000073,9.485631705450183
2010-12-09 07:29:00.00000062,6.551080254176096
2010-12-09 07:29:00.000000139,9.050362537739899
2010-12-09 07:29:00.00000079,5.878184771524641
2010-12-09 07:29:00.000000145,8.525371010214668
2010-12-09 07:29:00.0000006,5.653409722423172
2010-12-09 07:29:00.00000066,5.7741164283528015
2010-12-09 07:29:00.000000171,10.29671576837631
2010-12-09 07:29:00.000000136,10.608743126857833
2010-12-09 07:29:00.00000026,21.33065522092793
2010-12-09 07:29:00.00000044,5.836146467683752
2010-12-09 07:29:00.00000083,4.6013562176618725
2010-12-09 07:29:00.00000028,7.5959369043008484
2010-12-09 07:29:00.000000168,12.721247640819858
2010-12-09 07:29:00.000000180,6.629506296995409
2010-12-09 07:29:00.00000094,7.23642228296122
2010-12-09 07:29:00.00000080,48.95271518751609
2010-12-09 07:29:00.000000181,11.85739231553256
2010-12-09 07:29:00.00000086,10.63790495592057
2011-09-25 13:01:20.0000002,5.197918105822498
2014-02-20 18:49:04.0000001,10.910086311662088
2010-08-21 23:02:28.0000004,5.312460183595835
2010-08-21 23:02:28.0000001,14.102364806243232
2010-08-21 23:02:28.0000002,7.192418774084003
2012-05-08 03:50:00.00000017,25.68566535057
2012-05-08 03:50:00.00000010,8.48717206607077
2012-05-08 03:50:00.0000005,9.219729353716275
2009-07-31 07:30:56.0000003,16.761651886292796
2012-03-06 07:33:04.0000001,11.742617967209632
2015-03-12 19:43:24.0000006,30.08533067318978
2014-01-18 17:43:28.0000001,9.096487219146114
2011-09-04 01:36:36.0000001,7.4002939124797
2010-08-09 08:53:56.0000001,6.723751825100463
2015-02-01 00:48:44.0000002,6.849472104716729
2014-01-26 15:28:52.0000001,10.0184570531957
2014-01-26 15:28:52.0000002,19.70415409718053
2011-12-06 11:07:40.0000004,9.362312834474096
2011-07-12 19:41:48.0000001,10.934603018497672
2010-09-16 14:27:16.0000002,7.1569675060403615
2015-02-14 20:20:56.0000003,7.108594354450844
2009-01-22 12:27:20.0000002,10.936728753207149
2011-04-23 21:22:20.0000003,9.21355062486916
2011-04-23 21:22:20.0000004,16.546054856044652
2015-02-21 18:39:16.0000003,6.892514135690746
2015-02-21 18:39:16.0000004,8.586405009251129
2009-04-23 00:05:40.0000002,6.789855657308909
2013-03-09 21:40:52.0000001,8.912029794080519
2010-07-22 09:37:12.0000002,25.4305602822686
2012-07-31 02:46:40.0000001,9.729857300492961
2015-02-21 17:23:28.0000004,13.970939872981381
2012-11-19 22:15:32.0000001,9.044889512077793
2009-01-26 18:26:48.0000005,5.687919979385587
2009-09-22 11:47:24.0000001,9.356187774135474
2012-07-05 18:30:36.0000004,7.541389536107524
2012-11-20 21:54:00.000000225,7.5813720287391995
2012-11-20 21:54:00.00000025,13.44603652660757
2012-11-20 21:54:00.00000036,19.07095285595681
2012-11-20 21:54:00.000000102,14.691829817955599
2012-11-20 21:54:00.000000105,29.48227184469801
2012-11-20 21:54:00.000000167,17.084785165117186
2012-11-20 21:54:00.000000186,8.211718014545632
2012-11-20 21:54:00.000000172,7.9239509420108405
2012-11-20 21:54:00.000000202,15.684203208429684
2012-11-20 21:54:00.000000179,39.34018504645783
2012-11-20 21:54:00.000000110,9.375079659099532
2012-11-20 21:54:00.00000076,8.661121597684366
2012-11-20 21:54:00.000000195,20.591706498046808
2012-11-20 21:54:00.000000131,39.549279255436566
2012-11-20 21:54:00.0000002,13.762267266226587
2012-11-20 21:54:00.00000068,20.38717795807291
2012-11-20 21:54:00.000000138,9.172148209641854
2012-11-20 21:54:00.00000090,9.517467695241006
2012-11-20 21:54:00.000000169,8.937354451200942
2012-11-20 21:54:00.00000065,9.772770070654806
2012-11-20 21:54:00.000000121,21.450472800755524
2012-11-20 21:54:00.00000024,7.610755757573872
2012-11-20 21:54:00.000000123,11.362008911953108
2012-11-20 21:54:00.000000100,12.836166978464849
2012-11-20 21:54:00.0000004,7.36309208272554
2012-11-20 21:54:00.00000098,6.707759298305995
2012-11-20 21:54:00.000000205,7.704770332094432
2012-11-20 21:54:00.000000103,25.610042620871592
2012-11-20 21:54:00.00000092,15.002564174413124
2012-11-20 21:54:00.00000040,8.735459351344916
2012-11-20 21:54:00.00000069,25.30110718416933
2012-11-20 21:54:00.000000148,14.740839084465907
2012-11-20 21:54:00.000000233,8.848527109954022
2014-06-23 00:16:00.00000054,14.28732978458778
2014-06-23 00:16:00.00000059,35.01252543097921
2014-06-23 00:16:00.00000051,10.296373578697324
2014-06-23 00:16:00.00000012,12.134623229373092
2014-06-23 00:16:00.00000046,43.618801460456154
2014-06-23 00:16:00.00000032,9.477172111888352
2014-06-23 00:16:00.00000017,4.905305283383316
2014-06-23 00:16:00.0000006,8.681120556005745
2014-06-23 00:16:00.00000084,9.8922593941602
2014-06-23 00:16:00.00000021,44.478508924532036
2014-06-23 00:16:00.0000007,5.884776279083864
2014-06-23 00:16:00.00000045,9.418484981888387
2014-06-23 00:16:00.00000083,31.290793433989933
2014-06-23 00:16:00.00000048,22.743098071532863
2014-06-23 00:16:00.00000058,9.850037406516305
2014-06-23 00:16:00.00000075,10.185824801714134
2014-06-23 00:16:00.00000027,10.045228399224829
2014-06-23 00:16:00.00000031,10.202565804169048
2009-04-25 10:52:56.0000001,3.3195842693641637
2009-04-25 10:52:56.0000003,4.223476066908068
2009-04-20 11:11:40.0000002,6.952958624005305
2009-10-22 21:57:36.0000001,15.793617819500064
2013-11-28 11:00:04.0000001,9.109893520963434
2014-05-25 15:07:04.0000001,6.351521152040423
2011-08-18 13:00:16.0000001,6.4293223380553
2013-09-25 22:00:00.000000167,9.45401807742843
2013-09-25 22:00:00.00000033,7.891254563344334
2013-09-25 22:00:00.000000122,11.373367113088019
2013-09-25 22:00:00.000000236,9.014038745339937
2013-09-25 22:00:00.000000193,14.414238219199188
2013-09-25 22:00:00.000000239,7.632957941111243
2013-09-25 22:00:00.00000086,13.723427212794629
2013-09-25 22:00:00.000000201,12.587072218287608
2013-09-25 22:00:00.000000170,16.04206938390242
2013-09-25 22:00:00.00000080,8.01508356913212
2013-09-25 22:00:00.00000021,7.257939040168376
2013-09-25 22:00:00.000000240,9.21972496006142
2013-09-25 22:00:00.00000046,15.846093037203481
2013-09-25 22:00:00.000000231,26.38930036082539
2013-09-25 22:00:00.00000027,9.335002880030066
2013-09-25 22:00:00.00000045,7.783761219130702
2013-09-25 22:00:00.000000108,9.49457628645139
2013-09-25 22:00:00.000000125,12.044201186948403
2013-09-25 22:00:00.000000232,8.574594076343857
2013-09-25 22:00:00.000000184,13.331883785489119
2013-09-25 22:00:00.00000096,11.9610516432552
2013-09-25 22:00:00.000000158,11.750262565545956
2013-09-25 22:00:00.000000131,16.9039208264625
2013-09-25 22:00:00.000000207,8.253701326122242
2013-09-25 22:00:00.00000068,9.404969693102734
2013-09-25 22:00:00.000000194,13.590616437749917
2013-09-25 22:00:00.00000011,51.211163329733665
2013-09-25 22:00:00.000000243,17.296129367163694
2013-09-25 22:00:00.000000138,14.646732612896212
2013-09-25 22:00:00.00000069,9.234958126135178
2013-09-25 22:00:00.00000067,8.32921559534572
2013-09-25 22:00:00.000000152,13.40278247027236
2013-07-20 12:06:44.0000002,9.58798184483513
2013-07-20 12:06:44.0000001,9.49764487180354
2014-07-11 12:36:08.0000003,48.92902948651705
2014-01-31 11:11:05.0000002,11.540517520141192
2014-08-31 04:03:29.0000002,10.74410005630429
2014-08-31 04:03:29.0000003,21.829577278153764
2014-08-01 18:38:09.0000004,18.698528056001912
2014-08-01 18:38:09.0000003,20.5746024676919
2009-05-16 14:53:41.0000005,11.851144530634972
2009-05-16 14:53:41.0000001,20.6715318715689
2009-05-16 14:53:41.0000004,21.264687949802564
2013-08-26 11:47:37.0000001,8.404171233992278
2010-10-30 13:31:13.0000001,4.767859919773988
2014-05-09 00:30:41.0000004,11.406443979082857
2012-03-05 13:24:37.0000002,6.398723817252479
2010-07-01 22:11:33.0000005,8.135918643448763
2010-07-01 22:11:33.0000006,31.060649852306387
2012-01-07 21:39:05.0000001,51.02281344492137
2012-05-26 00:31:25.0000001,6.125564973641785
2014-10-07 11:52:13.0000006,9.81999159023866
2015-06-13 19:17:09.0000005,8.320544818489283
2009-11-28 13:50:17.0000004,4.996310968280841
2009-11-28 13:50:17.0000002,5.140995961558545
2015-01-13 12:07:53.0000005,7.88536580678039
2015-01-13 12:07:53.0000003,8.409568869628204
2012-01-31 09:15:49.0000001,8.526311941502826
2011-03-22 12:59:49.0000002,24.49124101917434
2011-03-22 12:59:49.0000006,7.323037555593908
2013-07-05 00:58:17.0000001,6.291305757551566
2010-01-30 00:57:21.0000002,21.03189582072374
2009-10-16 16:14:41.0000002,5.889945673096396
2011-03-13 05:34:57.0000002,11.667212320254485
2015-02-26 23:20:13.00000010,10.765378751736502
2013-10-09 15:11:41.0000004,21.114022528303792
2011-09-01 09:53:49.0000004,6.529767045221254
2010-09-28 00:16:53.0000003,7.875597334378753
2010-07-25 04:03:17.0000003,17.450357781145552
2010-07-25 04:03:17.0000002,4.547252154587879
2013-09-19 21:24:21.0000001,11.859569080672177
2011-02-04 09:12:53.0000004,4.752669211982212
2012-03-08 12:33:25.0000003,13.441874523023014
2009-07-31 18:15:57.0000001,9.513279487311616
2009-07-10 20:17:05.0000003,4.092987360526428
2010-08-21 21:56:25.0000002,12.704100982347892
2010-10-09 17:11:17.0000001,7.129784330023423
2009-09-25 15:13:57.0000001,8.000184597100633
2009-09-25 15:13:57.0000003,5.89007012501888
2009-09-25 15:13:57.0000002,10.52584183140358
2010-05-03 08:36:41.0000004,6.542758987910458
2011-01-24 20:18:49.0000003,5.8784047345345325
2010-01-23 14:32:17.0000003,3.91519997484785
2012-06-02 01:16:05.0000004,17.26452714810163
2011-10-20 13:46:33.0000003,9.098386581505727
2014-10-28 12:23:09.0000001,16.747003892754154
2011-07-11 20:43:33.0000004,14.353450773604035
2011-07-11 20:43:33.0000005,27.176302706633855
2011-07-11 20:43:33.0000001,6.262984385393356
2013-02-23 14:25:29.0000002,10.623335837618871
2010-01-30 18:58:33.0000008,8.829888479588162
2010-01-30 18:58:33.0000006,7.006061009135249
2010-01-30 18:58:33.0000001,5.380223968106702
2014-06-22 14:49:13.0000001,14.588928435876898
2014-06-22 14:49:13.0000005,15.27460768761738
2015-03-14 02:23:17.0000006,18.73460450334041
2015-03-14 02:23:17.0000002,8.55248538042183
2015-03-14 02:23:17.0000004,20.091170523171243
2012-03-12 01:08:09.0000001,10.053286453903663
2014-09-25 20:52:09.0000002,8.384940872210354
2014-09-25 20:52:09.0000005,21.429942115373883
2012-12-15 06:35:45.0000001,6.136493462279157
2012-01-05 05:51:01.0000001,9.171998076185579
2013-10-15 08:16:21.0000002,20.499369445355825
2014-08-26 23:35:49.0000002,9.131304626906768
2009-08-28 23:01:41.0000001,7.748147424074242
2009-08-28 23:01:41.0000006,4.813435866804263
2014-12-16 13:40:25.0000003,11.622309902842677
2012-12-09 22:30:13.0000006,7.885464713765726
2012-12-09 22:30:13.0000002,8.878726683746462
2012-12-09 22:30:13.0000004,14.428204985623687
2011-05-11 19:56:09.0000001,5.576946305956406
2014-08-08 00:02:41.0000004,12.514965699314944
2014-08-08 00:02:41.0000002,18.636936711994863
2013-09-12 12:50:13.0000007,9.2415249996379
2013-09-12 12:50:13.0000003,8.30810982152555
2013-09-12 12:50:13.0000001,12.982313177299583
2011-06-26 03:33:25.0000002,22.097326890425485
2011-09-18 18:33:13.0000003,7.677496401815587
2014-03-04 16:24:45.0000001,75.5610523386764
2014-11-10 10:52:41.0000001,27.957242311934348
2009-12-22 15:59:53.0000003,11.646421078255571
2014-05-08 21:23:41.0000001,10.30952496434747
2012-07-15 03:53:37.0000001,17.724566576415757
2012-07-15 03:53:37.0000002,10.565921533016816
2012-07-15 03:53:37.0000003,10.24416211572443
2013-06-10 11:29:13.0000001,10.264344013176531
2015-04-25 01:06:17.0000007,15.393479645787512
2015-04-25 01:06:17.0000003,15.506627552800017
2012-10-28 13:55:57.0000001,9.4022879237016
2011-06-12 01:07:57.0000003,6.535548067566365
2014-12-11 15:20:49.0000001,7.6329793575110525
2011-06-19 04:08:49.0000002,9.415157807574326
2012-04-14 22:29:37.0000001,6.3030582585640955
2015-06-02 09:11:17.0000007,10.408929592363098
2011-10-08 12:54:49.0000002,6.769591147939207
2009-06-02 08:34:33.0000001,3.7577013219770974
2011-10-01 15:04:57.0000001,25.284933373345094
2013-06-22 01:59:25.0000002,11.503321920899307
2010-12-15 08:39:33.0000005,6.00901488083299
2012-05-26 11:54:53.0000001,10.450543926991141
2012-05-26 11:54:53.0000002,8.715930132265145
2014-01-11 19:20:17.0000001,6.528201584221099
2015-01-05 21:43:13.0000001,20.263706146154867
2011-07-19 22:20:41.0000002,16.110140132511763
2011-07-19 22:20:41.0000004,10.16569058943716
2011-07-19 22:20:41.0000001,19.11608351147901
2012-03-18 02:27:41.0000001,6.7917018232044075
2009-01-19 19:48:17.0000001,5.233467919929577
2009-01-19 19:48:17.0000002,4.822912812230524
2013-01-13 00:20:53.0000001,8.996862081184133
2013-11-28 13:17:13.0000002,23.075470902823476
2012-06-10 00:46:17.0000006,4.641389945096432
2012-06-10 00:46:17.0000003,9.687249337475441
2012-06-10 00:46:17.0000005,9.608176160136798
2010-02-20 04:04:13.0000004,22.887342296846924
2014-01-01 16:33:01.0000005,13.31858230676562
2010-10-01 13:11:05.0000001,5.96369263195313
2012-04-14 14:20:33.0000001,9.460918608096312
2015-05-17 04:17:33.0000005,7.098689230801645
2014-07-26 23:31:41.0000003,16.23313410692562
2014-07-26 23:31:41.0000002,10.923461670823633
2009-11-07 16:37:49.0000004,6.55570937695701
2011-01-07 09:25:57.0000003,7.560345263953014
2012-07-18 16:28:21.0000001,8.524657135095284
2013-03-08 19:03:09.0000003,9.932971439769926
2009-12-10 22:45:01.0000004,11.826553261362665
2012-07-13 11:00:05.0000004,8.796178301807123
2013-04-28 10:36:37.0000001,8.008278277699379
2009-04-23 02:42:05.0000003,9.134824164204627
2013-06-08 16:55:13.0000003,7.7943464981367505
2012-10-25 16:20:37.0000004,8.376846079586988
2012-10-25 16:20:37.0000003,20.92134031740528
2012-07-31 20:04:53.0000006,10.092333623902821
2012-07-31 20:04:53.0000002,8.397466930483121
2009-07-14 22:41:09.0000003,6.858398326627179
2011-09-03 19:22:17.0000001,8.95786698584217
2011-09-03 19:22:17.0000003,8.737739431661542
2011-09-03 19:22:17.0000002,19.323160745575798
2013-11-21 14:19:21.0000001,39.94195101123171
2015-01-02 11:55:57.0000003,15.805934045100784
2013-11-23 22:19:37.0000004,7.709457719270318
2013-11-23 22:19:37.0000003,8.551468847479992
2013-11-23 22:19:37.0000005,9.691979325538195
2011-04-04 19:54:33.0000001,7.22554908557355
2014-07-14 16:18:37.0000002,9.534727353885438
2014-03-18 19:55:17.0000001,8.579673137803395
2010-06-05 23:05:25.0000006,7.34756481362327
2014-09-09 22:48:37.0000001,9.676491278063754
2014-09-09 22:48:37.0000002,7.388442397583304
2014-03-28 21:55:17.0000003,7.313885823671759
2014-03-28 21:55:17.0000001,7.505103115737699
2009-09-24 22:41:17.0000001,8.544979023311061
2012-04-27 18:37:09.0000002,9.719551291389857
2014-04-05 18:11:33.0000002,11.730375726234005
2013-11-07 22:25:25.0000003,9.252600985814198
2013-11-07 22:25:25.0000001,7.311255746586235
2012-06-30 03:53:29.0000002,6.346488126035879
2011-05-19 16:01:41.0000001,8.39528599469452
2010-01-11 12:38:33.0000002,3.887549081945136
2010-10-16 09:26:33.0000001,9.277840537852985
2010-10-16 09:26:33.0000003,6.788558362138099
2014-07-25 18:06:37.0000007,8.338072476790183
2014-05-13 21:07:29.0000004,9.864576869473389
2014-05-13 21:07:29.0000001,31.308355510727512
2013-11-16 18:33:25.0000005,11.34466519023136
2009-08-02 14:01:33.0000004,6.272588610559281
2015-01-12 15:36:37.0000008,10.488449599923094
2013-05-26 15:18:37.0000005,18.148239152457883
2013-05-26 15:18:37.0000001,42.79818561669512
2013-05-26 15:18:37.0000003,12.660570543587882
2009-09-20 23:07:01.0000001,9.319326162272876
2009-09-25 21:43:49.0000004,9.42393845452922
2009-09-25 21:43:49.00000010,11.657119346679451
2009-03-22 20:58:33.0000003,16.388281328942437
2011-12-09 21:19:25.0000001,8.90374956313298
2013-07-05 20:44:49.0000001,11.793390967716512
2013-12-20 15:58:29.0000006,12.288274262928704
2013-12-20 15:58:29.0000001,9.958997665228493
2014-10-06 14:37:25.0000005,49.59319232268709
2015-01-18 23:09:25.0000001,6.960741974274808
2014-02-06 13:26:49.0000002,7.060756941631891
2013-02-27 19:25:13.0000001,16.78525873426203
2009-09-15 08:28:53.0000003,9.810556340910667
2012-07-18 22:34:53.0000003,8.682868472444936
2011-05-17 22:09:17.0000002,6.166225134663522
2010-09-19 17:13:29.0000008,28.784437546120056
2010-09-19 17:13:29.0000006,15.062393358669016
2013-03-19 18:08:29.0000002,4.863904007094907
2013-03-19 18:08:29.0000001,10.925538327944167
2011-04-23 11:01:49.0000001,9.028800315837422
2013-07-04 05:39:13.0000001,11.926975858390945
2010-11-08 10:01:37.0000003,5.015771954860239
2009-04-01 19:28:09.0000001,5.949977558349411
2011-11-26 02:04:29.0000004,6.1775240378593494
2011-11-26 02:04:29.0000003,5.146321467737836
2009-01-11 07:56:01.0000001,3.751095804953792
2012-05-30 09:19:13.0000002,6.032563064014345
2014-10-28 22:42:33.0000003,12.638280869754858
2014-07-19 21:05:37.0000002,12.467433528149304
2012-10-02 14:17:13.0000001,6.080882428309872
2012-10-20 00:36:37.0000002,7.325468761625513
2014-06-19 22:37:09.0000006,8.971631428824141
2014-06-19 22:37:09.0000004,11.06470550038906
2011-05-11 13:24:37.0000002,11.326082951611617
2014-10-13 00:42:05.0000002,11.07245345266616
2013-12-08 10:41:05.0000007,9.456093698980009
2009-07-04 13:00:57.0000002,11.067945997316238
2015-06-30 04:09:45.0000001,25.870122528973383
2013-09-08 03:47:57.0000002,10.107367862424608
2009-05-15 21:19:13.0000004,36.51779432304882
2010-01-29 08:32:53.0000002,5.051573944927147
2015-05-15 01:51:49.0000003,8.00863823866961
2012-11-12 10:06:17.0000003,7.716194638646839
2013-12-01 22:23:57.0000003,40.392235453507375
2014-01-03 15:48:49.0000001,9.374783452034134
2013-01-19 20:19:45.0000002,5.064617558740883
2015-03-17 21:44:26.0000002,8.168095952501238
2009-01-06 07:36:34.0000005,5.215592273903684
2013-01-20 20:41:26.0000002,12.756290243328571
2015-06-07 00:38:14.0000001,11.010086502693891
2009-01-03 00:51:02.0000002,8.276240903986784
2009-01-03 00:51:02.0000001,9.294098806208842
2009-08-02 05:08:42.0000001,29.1937049445329
2013-10-18 09:06:14.0000002,7.561825693975521
2009-04-26 17:29:42.0000001,3.674101160660782
2015-02-25 22:00:38.0000002,16.25130448853284
2010-10-06 23:31:54.0000001,15.730648761446936
2009-01-21 20:04:30.0000006,8.96540555676844
2013-12-18 14:26:58.0000002,21.481849277652422
2014-04-26 18:02:26.0000003,7.777553315141631
2014-10-05 13:58:18.0000002,8.127024037565239
2014-10-05 13:58:18.0000001,8.567572854729661
2013-05-23 23:54:42.0000004,9.80208919568944
2009-11-23 19:06:14.0000005,11.158980120558187
2010-09-01 08:23:54.0000002,7.015689692840899
2011-12-10 23:39:06.0000001,14.541715921428821
2009-12-17 15:54:46.0000002,8.56491749601082
2010-06-16 18:41:54.0000003,9.210660772781786
2011-11-02 08:21:50.0000003,10.206898825636488
2011-11-02 08:21:50.0000001,8.819270676678487
2009-03-15 03:31:14.0000003,5.307297137074108
2014-09-08 19:07:46.0000001,8.979034424939808
2010-04-24 23:31:50.0000004,6.08622799874834
2010-04-24 23:31:50.0000002,9.93349102099021
2011-03-03 21:31:42.0000004,6.99161230052528
2011-03-03 21:31:42.0000002,14.792616645420095
2011-09-05 10:47:26.0000001,7.5873538862597
2012-09-16 12:48:06.0000002,7.988890640029014
2015-04-10 11:56:54.0000005,10.95769346677637
2013-10-15 23:31:26.0000002,18.72886940923747
2013-06-21 18:06:14.0000002,7.967923178437881
2009-05-19 15:44:30.0000001,7.3516685633162835
2014-01-26 08:48:30.0000003,9.94180491678054
2014-12-25 21:32:58.0000002,8.62778026802363
2011-07-30 15:27:58.0000001,8.16639478381632
2010-09-24 22:40:06.0000007,6.335871292012056
2010-02-06 17:37:10.0000005,46.28773429121226
2010-02-06 17:37:10.0000001,11.8172771201138
2012-08-13 15:02:26.0000001,7.4798516812087374
2013-01-14 18:42:54.0000004,7.654446247711736
2013-01-14 18:42:54.0000005,7.87572599686683
2009-11-11 21:20:18.0000002,8.29596407572797
2009-04-18 02:44:34.0000004,31.68811594391124
2009-04-18 02:44:34.0000001,7.803130738887561
2014-01-10 12:28:38.0000002,6.708554042886224
2014-10-11 00:26:38.0000004,19.074140653873062
2010-01-30 02:13:06.0000004,4.14844363823144
2009-08-26 23:55:38.0000001,8.715376998575275
2012-09-07 23:20:34.0000002,10.780360105252331
2012-09-07 23:20:34.0000005,9.975473084730037
2015-01-10 14:32:14.0000002,13.204379739203825
2010-05-31 20:43:42.0000001,6.7680397552845495
2010-05-31 20:43:42.0000003,5.939977785063423
2014-05-18 14:43:26.0000004,8.407830024942845
2011-10-08 18:18:26.0000002,6.0031876130354895
2011-10-08 18:18:26.0000003,14.372439836983125
2010-03-23 13:23:34.0000003,11.141043961901861
2010-12-21 08:46:02.0000001,9.804201523693905
2010-12-21 08:46:02.0000002,5.4889916364287
2010-06-19 22:52:30.0000003,8.436712819613165
2013-01-03 01:43:10.0000002,11.720808169885682
2013-11-24 03:44:46.0000001,11.32244197028
2011-04-16 12:57:18.0000002,5.224982424893756
2012-10-11 22:24:18.0000002,8.313664544495408
2011-05-17 23:42:46.0000006,8.254026655116363
2011-05-17 23:42:46.0000003,5.776782496046682
2014-01-09 17:27:18.0000003,6.555030434284425
2014-01-09 17:27:18.0000004,8.908331031952972
2010-01-09 13:24:22.0000002,43.16274947396464
2010-01-09 13:24:22.0000001,6.510752365766029
2009-03-11 21:46:54.0000006,8.096064903044036
2012-08-22 20:54:46.0000004,10.067586254386104
2012-08-22 20:54:46.0000005,28.68057526779953
2009-02-21 20:49:34.0000002,10.009601310042317
2012-08-10 14:04:14.0000001,8.915688921957166
2009-10-17 03:52:42.0000005,10.580290370640654
2014-02-27 09:36:26.0000001,11.677742315546285
2014-03-11 20:24:02.0000005,12.948011074031182
2014-03-11 20:24:02.0000001,7.650429381820334
2015-05-07 15:33:26.0000004,7.592970719809777
2012-09-10 21:07:54.0000008,7.448544585468788
2012-04-20 00:06:10.0000003,5.948376317565561
2012-04-20 00:06:10.0000004,16.93852725814309
2012-06-12 23:10:42.0000004,12.803666894411968
2013-04-21 19:50:54.0000002,8.175128197851981
2013-02-06 18:21:18.0000005,18.045631423891955
2014-05-01 21:05:34.0000001,26.242787750591063
2011-04-22 19:23:54.0000004,7.158871231565421
2011-09-17 15:41:06.0000002,6.9025690194138996
2015-03-05 13:21:58.0000001,49.225408737490085
2015-06-21 17:16:10.0000001,8.934236079195792
2010-06-02 22:04:10.0000002,27.595863457732978
2010-06-02 22:04:10.0000001,8.436435304113122
2015-02-27 19:36:02.0000008,13.490110356964706
2015-02-27 19:36:02.0000005,9.939081654552494
2013-04-06 19:16:10.0000002,10.473049659681859
2014-03-08 16:08:26.0000006,14.830511397281953
2014-03-08 16:08:26.0000005,6.224388449443143
2013-12-06 23:40:42.0000004,8.202389800685623
2013-12-06 23:40:42.0000005,14.7691010602182
2014-09-13 19:05:02.0000001,8.076727015041271
2015-03-12 13:01:54.0000003,8.130338694997146
2015-03-12 13:01:54.0000006,7.830112927560285
2014-10-04 21:48:22.0000001,12.331622396984889
2012-01-22 04:13:34.0000001,25.823674345618855
2012-01-22 04:13:34.0000003,11.388919398730305
2010-12-17 10:33:34.0000003,14.186492035907907
2010-12-17 10:33:34.0000001,27.121943260651868
2012-06-04 11:34:58.0000002,8.073014175487632
2012-12-08 20:08:38.0000001,14.45307817687093
2012-12-08 20:08:38.0000002,9.039779912838487
2013-12-29 01:20:50.0000002,19.777053810461823
2014-03-28 22:34:26.0000002,15.152743733130237
2013-09-07 19:43:18.0000002,15.927100891561304
2013-09-07 19:43:18.0000007,8.854419507427574
2010-03-07 00:47:26.0000002,11.612692181653506
2010-03-07 00:47:26.0000003,9.063807004174063
2010-10-31 18:45:58.0000004,5.510703516814619
2015-02-03 09:00:58.0000003,26.526564270910466
2012-08-08 08:58:50.0000002,6.29825491387021
2011-04-08 15:01:02.0000002,6.535825110075699
2015-01-10 09:38:54.0000006,7.905013399545612
2015-01-10 09:38:54.0000002,14.068994792820078
2015-01-10 09:38:54.0000005,10.287779892462979
2015-01-10 09:38:54.0000001,10.17729778527857
2014-10-03 00:50:06.0000003,12.07890626433888
2010-06-18 19:19:26.0000004,13.73674387089477
2013-06-21 00:00:34.0000004,9.125855689726022
2012-02-29 12:03:34.0000003,7.66642661452307
2013-09-16 14:16:34.0000002,23.766441610131146
2011-03-10 18:16:14.0000002,7.535268418638181
2011-05-19 02:06:46.0000001,8.251461058154266
2014-08-08 15:26:18.0000001,9.431576260656058
2009-03-11 12:01:30.0000003,4.889354358904022
2012-07-26 12:40:38.0000004,9.302047477076764
2014-05-26 22:57:10.0000001,11.203867551353829
2010-09-04 18:31:42.0000004,11.763158612423886
2011-09-22 20:05:22.0000002,6.915571159196512
2011-09-22 20:05:22.0000004,8.318170286691123
2014-08-09 01:27:30.0000001,11.976763995476436
2014-10-31 12:04:26.0000003,14.584594567306645
2013-04-10 21:03:42.0000006,12.903515933315791
2011-12-29 19:29:50.0000002,8.678729988726806
2013-03-14 21:43:46.0000002,6.333127416677398
2009-02-08 00:04:06.0000003,3.466557358885076
2012-02-04 22:47:18.0000002,6.458896317672396
2012-05-06 03:01:10.0000001,23.309535388838956
2014-07-08 08:56:58.0000002,6.840151182637803
2014-07-08 08:56:58.0000005,6.730681781431011
2014-07-08 08:56:58.0000004,13.520131506769307
2014-07-08 08:56:58.0000003,10.03745862849647
2011-02-19 10:14:58.0000001,12.599205479180272
2010-08-16 17:14:18.0000002,8.187553896624756
2012-12-27 21:01:54.0000002,14.786968194711564
2015-05-31 20:48:54.0000002,15.183703762884988
2013-01-06 12:39:54.0000006,6.280763701774693
2010-12-24 04:23:06.0000001,33.26786751128577
2010-11-10 23:21:50.0000001,9.300263885698092
2011-10-01 00:42:26.0000002,17.962128878932944
2013-03-31 00:09:58.0000001,23.80327519011563
2011-07-20 08:05:02.0000001,8.713721933840926
2009-05-03 16:02:54.0000004,4.183648023377374
2012-09-06 17:58:06.0000002,7.932267184037659
2014-04-06 16:47:14.0000001,13.106558065931722
2014-04-06 16:47:14.0000002,34.22300997871935
2014-09-06 03:52:50.0000001,10.691371716553538
2014-01-01 13:06:34.0000002,12.463890768060121
2011-12-25 15:35:54.0000002,6.586075102029745
2011-12-25 15:35:54.0000005,5.809934072769151
2011-12-25 15:35:54.0000001,7.579193388091664
2015-05-14 23:11:58.0000004,20.086451953626153
2015-04-22 09:54:06.0000001,8.419579221022154
2012-09-01 19:04:18.0000001,10.893960076589732
2013-06-06 02:54:50.0000001,37.36915225205857
2011-09-03 00:03:42.0000007,51.22498732865766
2013-07-02 22:27:14.0000002,6.775293971671646
2011-07-18 00:04:54.0000001,3.993674797814273
2011-04-03 03:46:18.0000001,7.04089275222808
2010-06-25 14:00:14.0000001,8.840010410080973
2014-09-10 16:40:02.0000001,8.36247196141474
2011-03-01 07:23:14.0000002,6.290490394555634
2011-06-24 13:23:18.0000005,11.438367009259197
2012-01-01 18:02:46.0000001,16.103185105013257
2015-03-28 19:31:26.0000004,9.923388292508674
2010-07-13 11:53:15.0000006,9.402208447321154
2010-07-13 11:53:15.0000005,5.938674263436413
2010-07-13 11:53:15.0000003,5.378115750644923
2013-02-07 13:47:59.0000002,12.855863020995528
2015-05-19 13:58:11.0000006,26.97247627928749
2015-05-19 13:58:11.0000009,12.876725149566457
2012-07-31 22:21:11.0000003,9.728558947814141
2013-01-03 08:50:31.0000003,8.926321039993503
2010-03-18 00:05:43.0000001,19.677746707255075
2009-04-14 17:43:23.0000001,47.10385711314004
2009-04-14 17:43:23.0000002,6.281174789967115
2015-06-15 14:34:03.0000001,11.233869682458991
2014-11-26 06:46:23.0000002,25.07053756380139
2010-12-19 16:25:15.0000002,7.75671034009223
2015-06-18 20:56:55.0000004,7.579146577192553
2015-06-18 20:56:55.0000008,17.509366986133557
2015-04-28 20:15:27.0000003,8.919233837277568
2013-01-23 13:49:19.0000001,7.391480521389603
2012-01-03 08:49:15.0000005,11.582500832407966
2012-06-09 19:03:11.0000005,8.086991273738665
2012-06-09 19:03:11.0000007,9.490893427449164
2009-05-27 02:00:51.0000001,17.169866922926076
2014-06-07 12:21:11.0000003,11.247234567028203
2011-09-08 22:37:43.0000001,8.63567047879913
2010-06-18 22:52:11.0000001,26.805608158820675
2011-09-13 13:31:51.0000001,10.95164934044003
2011-09-13 13:31:51.0000005,6.591753534525056
2014-10-06 09:24:11.0000005,21.38949307851128
2012-03-15 18:23:55.0000002,7.785510387767552
2013-12-22 21:24:47.0000002,6.9549697472287635
2011-11-23 21:07:43.0000001,8.563052706810165
2010-11-17 19:10:23.0000003,7.477268308590496
2010-11-17 19:10:23.0000005,9.909250033071377
2015-02-14 13:15:19.0000007,9.164365227107334
2013-01-12 22:40:39.0000008,8.165812989840349
2013-01-12 22:40:39.0000009,17.98621663815621
2013-01-12 22:40:39.0000007,8.129553799984263
2010-02-15 14:20:31.0000002,22.951340924927102
2010-02-15 14:20:31.0000003,5.264736585506809
2013-03-23 15:41:07.0000003,9.523956055981094
2009-05-08 22:14:51.0000002,5.094313285323285
2010-01-31 00:33:03.0000005,7.775879773489138
2009-01-18 18:22:07.0000002,7.1301023617305495
2009-01-28 11:27:19.0000001,5.146516638247691
2015-05-20 19:39:11.0000003,14.940806619725763
2014-01-11 17:47:47.0000001,8.565760549037401
2012-07-12 02:46:07.0000001,11.556668135978917
2014-03-05 23:16:07.0000001,12.016833972305786
2014-12-17 20:56:31.0000003,15.333603022872662
2010-10-09 15:48:51.0000003,24.46436631708627
2013-10-10 11:09:23.0000001,12.762870053980837
2014-10-12 09:23:55.0000001,10.686455675668942
2013-01-08 07:03:07.0000001,7.059107949004389
2012-10-28 17:21:19.0000001,7.656454464257752
2012-10-28 17:21:19.0000003,9.805562944978933
2014-12-26 20:46:23.0000001,12.802828939726702
2015-05-10 12:37:51.0000003,11.461306378970693
2010-12-11 13:31:11.0000003,5.834996143986267
2010-03-01 22:21:55.0000003,6.561077440817506
2010-03-01 22:21:55.0000002,15.622639753319941
2015-03-08 14:59:23.0000001,28.20294807221178
2015-03-08 14:59:23.0000003,29.35308268599573
2009-06-08 11:06:23.0000001,64.18851935436602
2014-01-26 13:51:39.0000001,7.633541308000513
2014-11-30 15:46:23.0000003,7.3176154357408185
2011-08-20 15:50:39.0000001,12.32479659405471
2010-06-22 14:25:19.0000008,45.96180884419687
2010-06-22 14:25:19.0000001,5.699370084974194
2014-05-25 19:46:59.0000003,33.57008153655559
2014-04-04 05:47:11.0000002,13.697452159777882
2013-01-11 20:08:07.0000003,10.61247543045401
2013-01-11 20:08:07.0000001,6.171007689359776
2013-10-09 17:27:39.0000001,48.264249494803934
2015-01-12 17:05:51.0000004,8.890934514368222
2009-01-12 07:47:39.0000001,25.19367175681458
2011-04-28 19:39:43.0000003,13.261730037558259
2014-11-17 00:03:47.0000003,9.306165904951671
2014-11-17 00:03:47.0000001,12.050214993404536
2013-08-18 00:32:15.0000003,6.62658578434779
2013-05-23 12:09:23.0000005,7.978277895269982
2013-05-23 12:09:23.0000004,11.039722586110868
2014-12-11 08:20:39.0000001,27.813187059924296
2014-12-11 08:20:39.0000004,14.235137463228035
2013-12-10 14:00:35.0000002,7.5645422845837755
2011-09-10 20:44:59.0000003,8.535656332747601
2011-04-28 09:50:03.0000001,6.315432203702223
2010-02-26 18:34:51.0000001,9.52087711412356
2013-12-05 23:29:15.0000002,8.799254707442099
2012-12-13 19:05:27.0000004,6.9556536329170084
2012-11-09 18:17:35.0000002,12.79145812476979
2010-07-05 19:21:35.0000001,10.810701870651616
2011-11-29 22:19:51.0000003,7.960794170225422
2009-01-30 22:47:07.0000002,15.295313274010557
2009-01-30 22:47:07.0000005,6.2531645392855255
2013-09-26 20:54:19.0000001,13.777510481002732
2014-09-16 18:22:23.0000001,8.55734619394947
2011-06-25 23:18:27.0000003,7.456057939698252
2011-06-25 23:18:27.0000002,11.656606235037895
2009-01-17 02:21:55.0000003,4.0865670023950855
2014-11-01 15:31:15.0000001,8.509309778837437
2013-07-12 23:17:31.0000003,9.332630510106117
2013-07-12 23:17:31.0000002,12.629825107802066
2013-07-12 23:17:31.0000001,10.221263666721164
2009-09-24 04:23:47.0000001,6.4677765583024875
2009-04-20 21:08:35.0000005,5.982607289094924
2009-04-20 21:08:35.0000004,9.073175582930675
2009-04-06 13:47:15.0000001,4.6086415874812765
2013-11-29 21:36:07.0000002,18.516940726815854
2013-11-29 21:36:07.0000001,9.656884628032454
2012-04-14 11:59:11.0000003,10.033151413448946
2009-03-06 00:13:03.0000002,12.949416443141754
2010-04-23 00:00:03.0000001,30.936428153151457
2010-05-22 23:46:19.0000004,7.811598156168188
2012-06-09 22:57:15.0000004,9.103816860001087
2010-10-27 02:29:39.0000001,7.651408220433387
2010-10-22 20:56:51.0000003,12.115198682863925
2013-10-07 08:53:39.0000001,7.5971664741380245
2011-10-04 11:48:35.0000001,8.622049940291582
2010-12-31 13:32:39.0000002,7.036340648037097
2010-08-21 20:25:07.0000002,7.191284430017557
2009-11-16 21:03:31.0000005,12.960033282660936
2009-11-16 21:03:31.0000006,8.12410824517581
2010-12-01 21:02:35.0000003,13.384637866579975
2010-04-20 11:53:23.0000001,6.74917653811727
2013-09-20 13:38:55.0000005,6.623906742918842
2013-09-20 13:38:55.0000004,50.06825445979878
2012-09-09 23:40:03.0000002,7.6392700965283895
2012-09-09 23:40:03.0000004,11.009906046440143
2010-05-23 15:28:55.0000002,2.868542562490398
2012-10-15 20:10:31.0000005,15.277203065322109
2013-06-07 13:52:55.0000005,9.217563737430376
2009-06-04 19:34:15.0000005,8.064191420324947
2013-09-29 22:12:07.0000001,24.50050665224481
2010-05-02 12:39:55.0000003,6.5690811938625755
2010-05-02 12:39:55.0000001,14.748367277511308
2015-05-20 00:59:15.0000001,9.547235250742785
2009-12-03 18:02:47.0000003,6.907704832879416
2009-12-03 18:02:47.0000002,46.462517291109734
2009-09-28 19:21:59.0000007,4.495868639866049
2009-09-28 19:21:59.0000006,8.22560470973391
2015-05-23 12:59:39.0000003,15.405984538865685
2014-01-11 23:10:59.0000006,7.736080990708627
2010-04-24 20:15:07.0000001,5.242755898785143
2013-05-24 07:22:51.0000001,7.613249685624346
2009-08-06 02:50:03.0000001,16.651565611940228
2014-08-08 17:32:47.0000003,9.620490009841099
2010-09-22 09:42:31.0000003,7.529940144993308
2013-08-19 19:39:23.0000002,14.839496515998954
2015-03-11 16:36:39.0000004,24.297238017537232
2015-05-29 18:59:35.0000006,13.156713542091547
2011-10-26 17:48:43.0000005,8.50919244843596
2009-11-03 19:53:27.0000002,8.43854737522566
2009-11-03 19:53:27.0000001,6.401222683125786
2009-12-19 21:56:15.0000004,5.015182779608159
2009-12-21 21:20:43.0000002,5.036801994621913
2009-08-21 15:35:07.0000001,11.275525300625718
2010-04-25 13:28:47.0000001,8.326826601441253
2010-11-02 18:49:59.0000004,8.186511867618353
2010-04-21 06:28:47.0000001,45.7086621954322
2015-02-11 20:51:51.0000001,6.6377941429858645
2013-12-07 01:41:59.0000002,8.086641480782273
2013-05-21 06:52:59.0000003,25.800195898299712
2014-07-12 00:15:59.0000001,11.615709846506157
2010-06-13 19:39:51.0000002,11.560012672013269
2009-03-31 10:27:19.0000003,8.45394677733752
2013-09-14 18:28:03.0000001,7.836383995472921
2015-02-14 09:08:11.0000002,8.3207593004527
2012-01-19 20:26:35.0000002,7.46001392192878
2012-01-19 20:26:35.0000003,7.635115302022722
2012-01-19 20:26:35.0000006,16.93559090323347
2015-02-25 18:00:51.0000001,8.074812458322512
2015-02-25 18:00:51.0000007,7.118217028859572
2009-08-08 11:41:51.0000003,5.412471211139973
2013-06-02 16:26:47.0000001,7.5784880731443005
2011-09-14 00:50:15.0000001,10.081995996317238
2013-02-16 14:26:51.0000003,6.054738364961551
2012-11-12 11:57:03.0000001,7.114575744113031
2012-01-04 00:06:39.0000002,7.456932048698228
2013-06-21 02:39:47.0000001,14.827829487560628
2010-12-28 20:17:27.0000005,9.677686471469299
2010-12-28 20:17:27.0000003,11.410548168338657
2009-12-12 22:01:31.0000001,4.645786863083
2011-05-20 23:42:59.0000001,8.634866232375987
2014-01-04 10:54:59.0000005,8.704983131276151
2014-01-04 10:54:59.0000002,10.619204598878198
2012-02-11 04:52:35.0000001,5.752187339814743
2014-09-14 23:26:11.0000001,8.698494212472102
2014-04-05 01:52:27.0000002,21.64009573878139
2010-02-23 20:29:51.0000004,6.677860931396824
2013-11-01 13:07:47.0000003,16.0325845646831
2015-03-07 15:25:59.0000003,7.585974561992601
2009-04-16 15:57:31.0000001,7.573294089973389
2010-01-10 12:55:43.0000003,9.497236458715395
2010-01-10 12:55:43.0000004,22.540164732209792
2010-01-10 12:55:43.0000001,4.433032857708085
2015-03-16 21:12:19.0000002,9.462171638790672
2015-03-16 21:12:19.0000006,16.56292260194935
2012-09-29 20:16:51.0000004,7.110226397791807
2009-07-30 15:49:15.0000002,4.308444050951814
2009-07-30 15:49:15.0000004,7.608606083117625
2013-11-18 16:18:39.0000001,48.806077153487095
2015-01-18 14:06:23.0000001,9.214337376296788
2015-01-18 14:06:23.0000004,7.2432394091828245
2015-01-18 14:06:23.0000003,7.85609932300482
2009-09-07 19:35:39.0000001,5.60250170564778
2014-06-14 13:39:00.000000155,7.673170216739842
2014-06-14 13:39:00.000000174,9.194365167708462
2014-06-14 13:39:00.000000104,9.04562343104492
2014-06-14 13:39:00.00000083,47.96700642629634
2014-06-14 13:39:00.00000056,7.3987973696705165
2014-06-14 13:39:00.000000102,11.85911485141262
2014-06-14 13:39:00.00000065,18.97265710002568
2014-06-14 13:39:00.000000137,11.635094089387694
2014-06-14 13:39:00.0000002,49.358615259057956
2014-06-14 13:39:00.00000028,7.969727258876823
2014-06-14 13:39:00.000000194,7.549465607619746
2013-06-27 00:20:40.0000002,7.70952672762504
2014-12-30 20:29:24.0000001,8.699717902816678
2011-03-24 15:57:04.0000002,5.130722480567149
2012-06-09 16:53:44.0000001,8.946846598280516
2011-10-02 23:36:00.0000001,17.52928555195051
2011-10-02 23:36:00.00000050,24.153653431574032
2011-10-02 23:36:00.00000069,8.106117799006531
2011-10-02 23:36:00.00000093,11.132078959121362
2011-10-02 23:36:00.00000010,13.701889723225818
2011-10-02 23:36:00.00000017,12.501645727272262
2011-10-02 23:36:00.00000072,13.990949944921535
2011-10-02 23:36:00.00000025,11.037105892512887
2011-10-02 23:36:00.00000019,7.159153661759157
2013-03-21 12:47:28.0000001,9.579971453851368
2013-06-07 03:02:56.0000003,13.120963440079768
2009-06-10 16:55:00.000000123,5.294965612805801
2009-06-10 16:55:00.000000150,10.242647106093917
2009-06-10 16:55:00.00000064,5.413334624340823
2009-06-10 16:55:00.00000062,10.301907919768603
2009-06-10 16:55:00.0000005,5.190007270725597
2009-06-10 16:55:00.0000006,18.628858576269494
2009-06-10 16:55:00.000000130,8.442959825518697
2009-06-10 16:55:00.000000175,4.58842967778582
2009-06-10 16:55:00.00000041,46.544562946276685
2009-06-10 16:55:00.000000152,4.6873351481112175
2009-06-10 16:55:00.000000155,3.6347301879812317
2009-06-10 16:55:00.00000061,5.382082268239349
2011-06-24 12:03:00.000000131,3.6578521436694817
2011-06-24 12:03:00.000000184,11.953000749967876
2011-06-24 12:03:00.00000081,9.869004294289542
2011-06-24 12:03:00.0000007,8.602388256580305
2011-06-24 12:03:00.00000028,7.455330277226607
2011-06-24 12:03:00.000000198,6.968681087441626
2014-06-15 07:06:00.0000004,14.102459854274064
2014-06-15 07:06:00.00000011,11.565597255010672
2014-06-06 16:22:20.0000001,8.799132500471163
2009-09-14 02:19:00.00000043,5.0746271031816965
2009-09-14 02:19:00.00000027,8.461937718831003
2009-09-14 02:19:00.00000042,8.260624340689663
2009-09-14 02:19:00.00000034,19.705841060554814
2009-09-14 02:19:00.00000033,6.929138300841175
2010-08-21 22:21:32.0000001,10.617491285649596
2010-08-21 22:21:32.0000002,8.053218155011972
2012-05-06 23:37:24.0000003,12.516086063118863
2013-12-21 17:20:32.0000002,49.817934184474524
2014-04-28 19:46:36.0000002,8.032045194577064
2011-06-01 07:37:00.00000080,43.36023876261247
2011-06-01 07:37:00.000000164,11.51454000156421
2011-06-01 07:37:00.00000074,20.063537752551387
2011-06-01 07:37:00.00000085,16.213322628300908
2011-06-01 07:37:00.0000003,8.07863847870538
2011-06-01 07:37:00.000000159,19.956314752868572
2011-06-01 07:37:00.00000052,23.523264489265763
2011-06-01 07:37:00.000000218,15.825605934863743
2011-06-01 07:37:00.00000062,5.6160136275052475
2011-06-01 07:37:00.00000031,6.853263082916837
2010-08-27 18:45:00.000000170,11.397352327352229
2010-08-27 18:45:00.00000044,19.82353312874372
2010-08-27 18:45:00.000000146,6.3934698111786785
2010-08-27 18:45:00.00000035,8.346626161366673
2010-08-27 18:45:00.000000139,8.242541710372663
2010-08-27 18:45:00.00000051,7.0837435083260285
2010-08-27 18:45:00.000000186,6.214348458052968
2010-08-27 18:45:00.000000102,7.622980517990339
2010-08-27 18:45:00.000000164,11.630752678423011
2010-08-27 18:45:00.000000199,12.547270319207101
2010-08-27 18:45:00.000000174,8.080225681838385
2010-08-27 18:45:00.000000187,6.207881184632511
2010-08-27 18:45:00.000000172,14.164590895658126
2010-08-14 02:13:00.000000105,9.525571553636297
2010-08-14 02:13:00.000000159,4.712929977777989
2010-08-14 02:13:00.00000040,7.658868851746205
2010-08-14 02:13:00.000000147,10.33788680865666
2010-08-14 02:13:00.000000145,6.769964118315118
2010-08-14 02:13:00.00000061,6.113814201755221
2010-08-14 02:13:00.000000150,14.065188422347033
2010-08-14 02:13:00.00000024,6.447711422292777
2010-08-14 02:13:00.000000167,7.0831591318480465
2010-08-14 02:13:00.00000099,12.956542698953392
2010-08-14 02:13:00.000000120,10.702400468358578
2010-08-14 02:13:00.00000027,6.512475001471097
2010-08-14 02:13:00.00000063,11.422799793986224
2010-08-14 02:13:00.000000164,6.090075346931524
2010-08-14 02:13:00.000000143,20.175432945764506
2010-08-14 02:13:00.000000156,23.52756469354476
2010-08-14 02:13:00.000000123,16.642644439210436
2014-03-25 23:47:00.00000013,7.0671674266574245
2014-03-25 23:47:00.000000116,10.90998247646927
2014-03-25 23:47:00.000000141,7.749909908459715
2014-03-25 23:47:00.000000107,10.271296638311581
2014-03-25 23:47:00.00000068,8.142487924800186
2014-03-25 23:47:00.00000098,19.956276669805906
2014-03-25 23:47:00.000000138,13.656823654816366
2014-03-25 23:47:00.000000120,12.344275179981434
2015-06-05 08:38:56.0000003,10.065012954397918
2010-09-29 16:43:00.000000154,40.57535308497056
2010-09-29 16:43:00.000000157,5.218330962673461
2010-09-29 16:43:00.00000099,9.102858842479499
2010-09-29 16:43:00.00000023,7.614275369855603
2010-09-29 16:43:00.000000148,15.108691387121334
2014-10-27 14:58:00.00000028,8.418804340228982
2014-10-27 14:58:00.00000069,9.544028180750235
2014-10-27 14:58:00.000000106,8.497072896244033
2014-10-27 14:58:00.00000070,7.8732161019726465
2014-10-27 14:58:00.000000121,13.349146608450182
2014-10-27 14:58:00.00000022,12.37022809516722
2014-10-27 14:58:00.00000057,18.4631085069082
2009-10-08 23:44:56.0000002,5.463315179577322
2012-11-03 17:11:00.00000080,11.519942371870393
2012-11-03 17:11:00.00000030,7.813255724998518
2012-11-03 17:11:00.000000149,6.378676758882332
2012-11-03 17:11:00.00000078,10.131071226199861
2012-11-03 17:11:00.00000063,9.939655606196595
2012-11-03 17:11:00.000000142,7.0448666356721965
2012-11-03 17:11:00.000000101,9.549285988386117
2011-05-28 17:29:44.0000003,6.9130219027106605
2011-03-11 01:44:00.00000023,21.093785087237055
2011-03-11 01:44:00.00000014,5.646732672405685
2011-03-11 01:44:00.00000067,4.379608619999716
2011-03-11 01:44:00.00000019,8.012485927990857
2011-03-11 01:44:00.00000082,27.154358039934078
2011-03-11 01:44:00.00000084,4.932849409122527
2011-03-11 01:44:00.00000033,11.96542047337412
2011-03-11 01:44:00.00000051,13.585375968430329
2011-03-11 01:44:00.00000011,22.923839488609026
2013-12-16 19:06:44.0000001,8.900704566047136
2009-05-08 18:00:36.0000001,3.6565864165941964
2013-01-27 00:09:12.0000008,11.543404214845246
2013-09-15 02:37:52.0000002,10.89562635298206
2009-04-05 09:48:20.0000001,4.538586935586142
2009-11-25 19:32:52.0000001,187.73555209032705
2011-10-04 09:37:00.00000099,7.771899734026023
2011-10-04 09:37:00.00000019,8.977211830817721
2011-10-04 09:37:00.000000132,16.286057553453773
2011-10-04 09:37:00.00000043,39.361929696679965
2011-10-04 09:37:00.000000122,22.833420841453005
2011-10-04 09:37:00.0000002,10.440136719186386
2011-10-04 09:37:00.000000109,6.259856494799763
2014-04-29 08:15:56.0000003,8.64346878296143
2014-12-24 03:00:00.00000035,7.521890524767804
2009-10-04 22:54:56.0000001,21.369607190509186
2015-04-11 20:31:32.0000008,10.428379919130798
2015-04-11 20:31:32.00000013,14.491107594936187
2011-02-06 17:08:24.0000003,6.874688807198021
2014-04-27 02:57:00.00000010,15.909883816051149
2014-04-27 02:57:00.00000053,9.467508307680697
2014-04-27 02:57:00.000000128,6.7169072216750685
2014-04-27 02:57:00.0000008,9.00904930282662
2014-04-27 02:57:00.00000067,11.708723156219643
2014-04-27 02:57:00.0000009,9.378134678855401
2014-04-27 02:57:00.000000159,15.550958634859644
2014-04-27 02:57:00.000000127,11.764306484164411
2014-04-27 02:57:00.000000112,9.559123768941863
2011-12-13 22:00:00.000000147,16.64308937844718
2011-12-13 22:00:00.000000164,7.235111355614414
2011-12-13 22:00:00.00000078,8.153823271988736
2011-12-13 22:00:00.000000103,10.921017639833536
2011-12-13 22:00:00.000000226,8.45543034089658
2011-12-13 22:00:00.000000215,11.60466076100007
2011-12-13 22:00:00.00000013,9.242573849097658
2011-12-13 22:00:00.000000258,8.019401525722463
2011-12-13 22:00:00.00000087,46.38310448625111
2011-12-13 22:00:00.000000270,6.041230530213479
2011-12-13 22:00:00.00000073,9.70952433325863
2011-12-13 22:00:00.000000203,6.810960719829225
2011-12-13 22:00:00.000000184,5.055407794633024
2011-12-13 22:00:00.00000019,8.245772214549046
2011-12-13 22:00:00.000000101,30.640601291237875
2011-12-13 22:00:00.000000122,20.850719179550975
2011-12-13 22:00:00.000000190,8.00111741245523
2011-12-13 22:00:00.00000021,5.912498669437731
2011-12-13 22:00:00.00000051,15.0540401548743
2011-12-13 22:00:00.00000036,8.875186226048537
2011-12-13 22:00:00.00000022,7.802296754896126
2009-04-12 16:00:56.0000002,11.546070145719646
2014-03-05 21:07:12.0000001,6.9135140874150345
2015-04-11 14:16:12.0000009,8.234988838699682
2014-07-21 18:19:00.000000203,9.539234005252796
2014-07-21 18:19:00.000000229,11.69960845464801
2014-07-21 18:19:00.000000146,7.631203043865993
2014-07-21 18:19:00.000000108,10.084232916641794
2014-07-21 18:19:00.000000171,7.545307128545969
2014-07-21 18:19:00.00000090,13.632278562082034
2014-07-21 18:19:00.00000020,8.610361444938151
2014-07-21 18:19:00.00000059,19.0071730224742
2014-07-21 18:19:00.000000185,7.918947381157186
2014-07-21 18:19:00.000000186,10.704446844272972
2014-07-21 18:19:00.000000201,11.387856107992416
2014-07-21 18:19:00.000000217,6.133797259181076
2014-07-21 18:19:00.00000017,9.870183168150552
2014-07-21 18:19:00.00000079,9.685006439528332
2014-07-21 18:19:00.00000087,8.916443991274548
2011-06-13 09:55:04.0000003,13.70539326001318
2010-09-20 16:48:00.00000025,10.286477847735572
2010-09-20 16:48:00.00000085,44.888740205259836
2010-09-20 16:48:00.00000069,28.121129626101567
2010-09-20 16:48:00.00000086,7.529922778806748
2010-09-20 16:48:00.00000021,4.149238545036611
2010-09-20 16:48:00.00000024,6.938572501489029
2010-09-20 16:48:00.000000100,9.201279491332844
2010-09-20 16:48:00.0000008,16.76889788711686
2010-09-20 16:48:00.00000074,11.107497588180138
2012-08-20 14:47:36.0000002,10.657895202323768
2014-12-01 00:12:44.0000002,25.994657116310563
2009-03-16 09:55:24.0000001,5.20159732170372
2011-03-06 21:01:00.00000017,6.6158218221539755
2011-03-06 21:01:00.000000161,9.57284363270581
2011-03-06 21:01:00.000000170,8.277824746212024
2011-03-06 21:01:00.00000078,10.735646127732675
2011-03-06 21:01:00.000000160,10.342777971105287
2013-02-26 01:38:20.0000001,7.819411187311458
2014-09-22 07:14:16.0000001,8.563084623001622
2010-10-05 02:09:00.00000017,7.88791273566463
2010-10-05 02:09:00.00000024,19.179013858421683
2010-10-05 02:09:00.00000020,6.706993177409565
2011-04-16 21:23:16.0000001,7.229717353887157
2013-10-05 19:51:04.0000001,7.821815193301479
2011-10-07 22:08:20.0000005,10.292559597639414
2012-03-14 19:10:48.0000003,5.430098335442055
2009-06-21 04:28:48.0000001,13.523678134156661
2011-06-25 11:42:36.0000001,9.435192899610806
2012-01-26 07:33:00.000000145,8.244303375701445
2012-01-26 07:33:00.00000030,5.484982455441067
2012-01-26 07:33:00.000000121,6.059837562633394
2012-01-26 07:33:00.000000151,9.664923863153419
2012-01-26 07:33:00.00000044,7.311100460870325
2015-03-20 23:34:40.0000009,17.69965109620017
2015-03-20 23:34:40.0000005,8.588014162164562
2015-05-21 07:08:08.0000001,9.740292709417792
2010-12-09 07:29:00.000000156,6.385989926706676
2010-12-09 07:29:00.0000002,7.996283412460085
2010-12-09 07:29:00.00000081,12.501682170109943
2010-08-21 23:02:28.0000003,13.463205639374646
2009-10-29 10:48:40.0000003,4.2186049451884
2015-02-01 00:48:44.0000003,8.476364206012075
2015-02-01 00:48:44.0000005,7.096887305381466
2011-12-06 11:07:40.0000002,6.584911722593648
2011-12-06 11:07:40.0000003,13.423173005683502
2013-05-18 15:28:40.0000001,9.162514516416008
2013-09-01 17:57:04.0000001,8.91473716583202
2015-02-21 18:39:16.0000001,12.279249269947174
2013-07-22 15:05:16.0000005,9.30662252512561
2010-12-25 13:54:12.0000002,6.016086980482648
2013-11-29 20:09:12.0000001,15.608367474344313
2011-10-25 20:34:20.0000002,11.717614558297404
2012-11-20 21:54:00.000000152,6.420797780635687
2012-11-20 21:54:00.00000071,23.386352291472736
2012-11-20 21:54:00.00000078,12.233741261581137
2012-11-20 21:54:00.00000073,8.961514750846572
2012-11-20 21:54:00.00000066,11.994441314435193
2012-11-20 21:54:00.000000189,8.927810264124211
2012-11-20 21:54:00.00000016,14.674539545335424
2012-11-20 21:54:00.0000007,11.62815549634033
2012-11-20 21:54:00.000000161,13.714434835313028
2012-11-20 21:54:00.000000174,10.056255465718312
2012-11-20 21:54:00.00000084,11.033271416202961
2012-11-20 21:54:00.000000173,8.295112483041196
2014-06-23 00:16:00.00000086,8.613651355145196
2014-06-23 00:16:00.00000042,46.34662522660297
2014-06-23 00:16:00.00000010,8.354368929688702
2011-09-30 03:23:32.0000001,12.903431734689805
2011-01-03 21:51:28.0000003,7.687495401631338
2013-09-25 22:00:00.00000018,9.731299513620828
2013-09-25 22:00:00.00000071,10.964157142358435
2013-09-25 22:00:00.000000114,10.391191008240874
2013-09-25 22:00:00.000000191,9.638382016536866
2013-09-25 22:00:00.0000006,8.081170271800415
2013-09-25 22:00:00.000000113,6.3048470180021265
2013-09-25 22:00:00.000000212,8.189205660719844
2013-09-25 22:00:00.00000066,7.616811421287503
2011-07-06 18:07:44.0000004,6.660043893461999
2014-07-11 12:36:08.0000001,14.443766225950387
2015-02-20 11:08:29.0000007,10.562581650181158
2009-05-16 14:53:41.0000003,5.404246798765598
2010-07-01 22:11:33.0000003,6.598803250420078
2014-10-07 11:52:13.0000008,8.102393727434144
2015-02-26 23:20:13.0000008,13.561043924124686
2011-11-28 14:13:37.0000002,8.194149650645572
2013-08-30 11:20:21.0000003,28.351235944874407
2014-10-25 23:23:05.0000001,11.364736926914368
2014-10-25 23:23:05.0000002,11.247408798746296
2011-07-02 00:38:01.0000001,8.143919808259911
2014-02-08 17:24:57.0000002,7.697382740845554
2013-02-16 16:03:17.0000001,12.389444524456763
2011-01-24 20:18:49.0000005,9.99968596828305
2012-04-07 12:14:05.0000001,10.486293964777968
2011-10-20 13:46:33.0000002,8.461591261802951
2013-11-29 15:09:45.0000003,9.551002381345823
2014-06-22 14:49:13.0000002,28.324585889182
2009-08-28 23:01:41.0000002,8.113110283711535
2010-06-11 13:37:21.0000003,8.399654973968765
2013-06-17 06:37:49.0000002,6.356141695496815
2015-06-02 09:11:17.0000002,34.5073431778156
2014-12-07 19:56:45.0000001,11.962470283287267
2013-04-23 13:19:17.0000001,8.112031001032374
2013-11-28 13:17:13.0000003,7.040105402860519
2012-06-10 00:46:17.0000001,10.197411810573676
2010-02-27 22:55:09.0000001,5.053917696492228
2012-04-14 14:20:33.0000002,9.256913626730855
2013-03-08 19:03:09.0000002,6.446853809153911
2012-07-13 11:00:05.0000005,5.1868071823630855
2014-07-01 11:05:21.0000003,8.645879682438396
2012-10-25 16:20:37.0000005,10.056313143418938
2011-03-24 17:44:01.0000002,10.476757431084708
2014-07-25 18:06:37.0000006,11.098828257175894
2009-08-02 14:01:33.0000005,8.840362477122508
2009-09-25 21:43:49.0000009,9.171107489609348
2011-12-09 21:19:25.0000003,8.468164177682008
2011-12-09 21:19:25.0000004,10.248128120581125
2012-02-08 11:14:49.0000003,14.081820656749603
2012-07-18 22:34:53.0000002,7.378797093812975
2012-07-18 22:34:53.0000004,7.4910851168076515
2009-09-04 18:43:33.0000002,4.8160594718997345
2011-04-23 11:01:49.0000002,21.979775162556898
2014-10-28 22:42:33.0000004,9.605667156468451
2010-06-20 12:42:37.0000002,5.323039257263586
2015-02-19 11:39:21.0000004,26.19730132361743
2013-12-08 10:41:05.0000002,6.590854737143903
2009-05-15 21:19:13.0000003,5.756211969069159
2011-08-18 08:36:13.0000005,6.394613009780828
2012-12-20 23:43:09.0000004,18.4693873268359
2009-06-13 18:40:13.0000001,12.669964455338508
2009-01-06 07:36:34.0000001,8.458691310132867
2015-04-12 21:56:22.0000003,8.908666151811095
2010-03-21 16:52:58.0000003,6.974552072328523
2013-07-09 21:59:42.0000001,33.685740190439944
2012-06-23 09:43:42.0000002,5.404938248501786
2012-06-23 09:43:42.0000004,5.8805324455472014
2013-10-26 10:46:46.0000003,26.382894111893698
2013-09-14 18:51:46.0000001,8.062565582439225
2009-11-23 19:06:14.0000001,7.094388181614542
2010-01-24 14:09:58.0000002,7.2311253169457395
2011-12-10 23:39:06.0000003,6.05251639076807
2011-01-15 04:13:38.0000001,6.693878484983925
2011-03-03 21:31:42.0000003,7.51015409969086
2012-08-04 23:34:58.0000003,14.283318588170705
2015-04-10 11:56:54.0000006,7.984922656516887
2015-05-05 12:32:14.0000008,14.747811899645495
2013-10-13 19:52:54.0000002,42.331630100748086
2015-06-25 01:01:46.0000004,13.394016207469392
2009-05-19 15:44:30.0000002,24.783522747395182
2010-02-06 17:37:10.0000002,5.703906600974614
2013-01-14 18:42:54.0000003,8.291655445923116
2014-01-05 17:47:02.0000001,11.987528701861489
2009-07-28 11:13:10.0000002,6.945148357620616
2012-01-12 18:05:10.0000002,17.6044575630982
2010-12-21 08:46:02.0000006,6.4415124790149125
2013-11-24 03:44:46.0000003,14.011707758399531
2013-06-30 03:37:26.0000003,15.711812556379655
2011-05-26 21:36:54.0000004,6.799965920806156
2009-03-11 21:46:54.0000002,9.939871691227339
2012-12-26 17:12:30.0000002,11.574147236328034
2013-04-21 19:50:54.0000001,12.480419931518437
2013-02-06 18:21:18.0000001,9.640240699301165
2013-07-21 11:41:26.0000003,12.091945532209902
2011-09-17 15:41:06.0000004,12.479279011521633
2015-06-21 17:16:10.0000005,11.778181069760397
2015-02-27 19:36:02.00000013,10.38617844857233
2015-06-15 01:00:06.0000001,7.2074116486227195
2014-03-08 16:08:26.0000001,6.426153712698305
2014-03-08 16:08:26.0000003,7.676481666595283
2014-09-13 19:05:02.0000002,9.706300914436946
2010-12-04 21:08:38.0000004,19.331235002444842
2010-03-07 00:47:26.0000001,3.584647332838948
2009-12-30 16:54:50.0000001,19.397211022653888
2009-03-11 16:02:14.0000007,9.167787812605457
2010-03-13 01:23:10.0000001,4.596653436334842
2012-05-30 02:28:50.0000002,9.817025171228831
2010-09-04 18:31:42.0000003,4.8145814540522185
2009-11-20 23:19:58.0000003,10.667434596262352
2011-09-22 20:05:22.0000003,12.562935153044641
2009-02-08 00:04:06.0000001,25.22199308093662
2014-05-17 10:51:46.0000003,12.274536653726255
2010-05-06 11:35:26.0000002,9.807579034521574
2011-10-01 00:42:26.0000001,6.651399541423355
2014-12-26 20:19:38.0000001,8.277399130488018
2015-04-22 09:54:06.0000004,11.516108440472436
2009-01-25 21:17:18.0000001,10.727701903534308
2011-08-01 17:44:30.0000003,18.97753691687209
2012-03-25 04:50:39.0000001,25.798487744990076
2012-12-26 18:28:55.0000004,8.854008802218486
2011-07-06 19:56:23.0000005,14.144320090930453
2012-08-19 12:06:39.0000002,11.169168238730755
2015-04-28 20:15:27.0000004,9.06838653893238
2015-04-28 20:15:27.0000007,9.690155041591797
2014-06-07 12:21:11.0000002,24.751618770214208
2013-12-22 21:24:47.0000001,9.479640824018151
2011-11-23 21:07:43.0000004,8.67258553343731
2011-08-08 11:18:15.0000001,6.880628001027506
2015-05-20 19:39:11.0000004,11.188323954994267
2015-03-20 16:33:07.0000003,31.09196737537344
2015-04-26 21:44:23.0000002,7.483034426233679
2010-10-09 15:48:51.0000004,4.29642811508346
2012-04-27 22:32:19.0000002,9.02066280304348
2012-10-12 15:21:55.0000002,10.645649948115153
2009-12-26 09:23:19.0000001,5.62568733595763
2014-11-30 15:46:23.0000002,6.523614042642007
2010-06-22 14:25:19.0000007,8.337543119098257
2013-01-03 11:41:47.0000002,25.080336351561844
2015-01-12 17:05:51.0000005,37.907164923530345
2013-04-07 00:24:27.0000002,7.519026027015375
2010-01-13 08:28:59.0000002,4.478210679014573
2012-06-16 14:33:19.0000001,7.2899642766927855
2009-03-25 01:20:55.0000002,10.467478118984824
2010-07-13 07:38:03.0000003,15.544571992588324
2012-11-09 18:17:35.0000004,7.362016146871561
2009-06-21 00:54:23.0000002,7.375182315470719
2009-12-23 20:14:19.0000004,8.039116981852086
2013-11-29 21:36:07.0000003,7.526909903255232
2012-06-09 22:57:15.0000003,7.447694603503361
2010-10-22 20:56:51.0000002,7.282423976582017
2011-02-21 23:46:07.0000002,15.815412670643557
2012-07-30 18:18:19.0000001,25.801242551615143
2010-06-02 19:45:19.0000003,7.322853178278189
2009-05-21 20:50:31.0000003,6.197641954155911
2014-11-11 12:10:59.0000001,12.620086333676008
2012-09-09 23:40:03.0000003,10.584959956330707
2011-04-28 01:29:51.0000001,7.16320862453579
2009-09-28 19:21:59.0000003,13.73838750791133
2012-10-21 19:47:23.0000002,14.88586822202494
2013-06-04 23:58:11.0000006,11.059270476774312
2014-08-08 17:32:47.0000005,48.43297474067569
2011-01-04 10:12:51.0000002,9.085117543940497
2011-10-26 17:48:43.0000006,13.16270502935086
2009-12-19 21:56:15.0000003,4.61075921298657
2010-06-13 19:39:51.0000001,5.234375970744047
2015-02-14 09:08:11.0000001,52.24512252551483
2015-02-14 09:08:11.0000004,10.546327224411588
2013-01-09 02:05:51.0000001,12.948974200869355
2013-06-21 02:39:47.0000002,7.6379817444780915
2011-10-07 12:38:19.0000001,7.158502497078878
2013-02-02 16:07:55.0000004,12.979569821552086
2014-04-05 01:52:27.0000004,10.943186043476729
2014-04-05 01:52:27.0000003,16.381639488015736
2010-02-23 20:29:51.0000001,5.101193800298379
2014-07-01 15:15:23.0000003,7.420083638111731
2012-12-01 21:12:12.0000001,10.894836946903613
2014-06-14 13:39:00.00000071,8.011381285140887
2013-11-09 18:52:40.0000001,11.692340967138149
2013-11-09 18:52:40.0000003,11.765447007781422
2014-12-30 20:29:24.0000002,11.24479471215514
2010-05-10 10:37:04.0000004,10.071942350395794
2013-07-12 23:33:24.0000002,15.120142513554631
2009-06-10 16:55:00.000000132,8.707373960573786
2009-06-10 16:55:00.000000163,9.295658047845318
2009-06-10 16:55:00.00000084,12.698114792024025
2009-03-22 04:31:40.0000001,14.50028617983805
2011-06-24 12:03:00.0000009,9.167986617259306
2011-06-24 12:03:00.000000174,24.21616655725723
2011-06-24 12:03:00.000000158,10.159681686555302
2014-06-15 07:06:00.00000044,50.270390530815206
2015-05-30 21:29:04.0000006,9.325628527327696
2009-09-14 02:19:00.00000037,12.686690007064623
2011-10-02 22:31:44.0000001,22.94323547894298
2011-07-20 16:34:48.0000002,10.412774886128274
2011-06-01 07:37:00.00000012,15.174275871931162
2011-06-01 07:37:00.000000111,11.239589893841693
2011-06-01 07:37:00.00000014,8.113932670358135
2010-08-27 18:45:00.0000002,14.351036037929486
2010-08-27 18:45:00.000000118,6.851133617891092
2010-08-27 18:45:00.000000143,7.987926617941928
2010-08-27 18:45:00.000000233,17.34126100964943
2010-08-27 18:45:00.000000156,7.556516408944964
2010-08-27 18:45:00.000000167,14.00589307994227
2010-08-27 18:45:00.000000168,6.747197053656441
2010-08-27 18:45:00.000000149,6.818324369198926
2010-08-27 18:45:00.00000091,6.659653372277528
2010-08-27 18:45:00.000000126,6.736904460870313
2010-08-27 18:45:00.00000020,9.24500371495936
2010-08-14 02:13:00.000000154,7.647787364295553
2010-08-14 02:13:00.00000098,6.02384495703103
2015-04-16 22:32:48.0000003,20.63047476612641
2014-03-25 23:47:00.00000021,23.684149365134108
2014-03-25 23:47:00.00000084,13.663547095010088
2010-09-29 16:43:00.000000161,8.23304135448157
2010-09-29 16:43:00.00000093,27.288823334036724
2014-10-27 14:58:00.00000088,9.587760034141949
2014-10-27 14:58:00.00000092,52.396801554381184
2014-10-27 14:58:00.00000094,9.499234834352336
2012-11-03 17:11:00.00000013,8.904025045677715
2012-11-03 17:11:00.0000001,6.679042868613833
2012-11-03 17:11:00.000000150,8.978517135647163
2011-05-28 17:29:44.0000002,5.760459692491388
2013-09-28 00:06:20.0000005,8.79031069920278
2013-09-28 00:06:20.0000003,18.06778923642495
2011-03-11 01:44:00.00000095,4.918890096331371
2011-03-11 01:44:00.00000029,8.416221554727777
2011-10-04 09:37:00.00000080,24.592559023014505
2011-10-04 09:37:00.000000113,12.750124671976645
2011-10-04 09:37:00.000000160,7.786827233182162
2011-10-04 09:37:00.0000006,6.762244580061682
2014-12-24 03:00:00.00000020,74.46992121908768
2009-05-16 23:36:24.0000003,3.2652060584600733
2014-04-27 02:57:00.00000064,29.896510953109697
2014-04-27 02:57:00.00000083,14.249834526130016
2014-04-27 02:57:00.00000069,18.035004987483006
2014-04-27 02:57:00.0000007,10.806067188720858
2011-12-13 22:00:00.000000102,18.26143347527617
2011-12-13 22:00:00.000000214,19.492837694259407
2011-12-13 22:00:00.000000128,11.14089562188152
2011-12-13 22:00:00.000000249,9.314132506866832
2011-12-13 22:00:00.00000052,15.876781360989273
2011-12-13 22:00:00.000000168,6.660691338439385
2011-12-13 22:00:00.00000079,10.791434789778966
2011-12-13 22:00:00.00000050,8.23121566990899
2015-04-11 14:16:12.0000005,7.475590439067466
2014-07-21 18:19:00.000000205,9.177196991960388
2014-07-21 18:19:00.00000023,17.963566920645842
2014-07-21 18:19:00.00000046,12.652049956498955
2014-07-21 18:19:00.00000096,15.509002955013461
2014-07-21 18:19:00.000000156,26.254906719666902
2010-09-20 16:48:00.0000002,7.9343847016765405
2010-09-20 16:48:00.000000156,5.514093424347507
2010-09-20 16:48:00.00000041,8.289483238403735
2010-09-20 16:48:00.00000083,6.399231781246222
2010-09-20 16:48:00.000000122,13.487690675483828
2011-03-06 21:01:00.00000036,8.704249430754729
2011-03-06 21:01:00.00000019,5.50021316615761
2011-03-06 21:01:00.000000123,10.7740093475834
2011-03-06 21:01:00.000000166,9.72617087970671
2011-03-06 21:01:00.000000140,14.72876490677788
2011-03-06 21:01:00.00000060,7.063856495903605
2012-05-23 16:25:16.0000001,49.00210972801102
2011-04-16 21:23:16.0000003,4.30080861092309
2013-10-05 19:51:04.0000004,7.1191699627459
2012-03-14 19:10:48.0000007,7.7416156649027394
2012-01-26 07:33:00.00000064,17.477201854152412
2012-01-26 07:33:00.000000131,5.982358714077888
2012-01-26 07:33:00.00000071,5.969045961797791
2012-01-26 07:33:00.00000028,16.03390046814932
2012-01-26 07:33:00.00000072,8.285462244205462
2010-12-09 07:29:00.00000093,10.801235991460187
2010-12-09 07:29:00.000000123,10.074045391909033
2010-12-09 07:29:00.00000056,6.87827337271005
2014-05-17 02:47:12.0000001,8.904444283082254
2009-01-22 12:27:20.0000001,10.986695625049089
2011-04-23 21:22:20.0000002,6.421659991227225
2012-11-20 21:54:00.00000062,8.375328034686937
2012-11-20 21:54:00.000000207,10.37540716510623
2012-11-20 21:54:00.00000014,6.884252261488323
2012-11-20 21:54:00.000000246,20.21541427787391
2012-11-20 21:54:00.000000164,50.045269433219914
2014-06-23 00:16:00.00000011,18.034376649233067
2014-06-23 00:16:00.00000091,9.159832036550958
2013-09-25 22:00:00.000000144,11.599995344641584
2013-09-25 22:00:00.000000100,52.233788886011496
2013-09-25 22:00:00.000000166,11.224447844924068
2013-09-25 22:00:00.000000105,15.174722447781189
2013-09-25 22:00:00.00000015,11.05151225772002
2011-07-06 18:07:44.0000002,43.23115257791562
2009-05-16 14:53:41.0000002,8.340195364583161
2013-10-17 22:21:57.0000003,12.596171904760746
2015-03-04 21:42:57.00000011,10.095771582235699
2011-03-22 12:59:49.0000001,11.643467300487698
2013-07-05 00:58:17.0000004,14.890512779352628
2010-01-30 00:57:21.0000001,5.7139678577215705
2012-04-02 08:39:21.0000002,14.38909917963298
2010-07-25 04:03:17.0000001,15.754935605968704
2012-07-01 22:30:29.0000002,17.57317867486727
2014-02-08 17:24:57.0000003,14.381980520309323
2012-06-02 01:16:05.0000003,5.8180249111416025
2012-06-02 01:16:05.0000001,4.193947153364352
2014-01-11 06:18:37.0000001,7.481784875679492
2012-12-09 22:30:13.0000005,6.702029102341243
2011-10-01 15:04:57.0000002,6.630558690188647
2012-01-01 00:37:29.0000004,9.001193201930482
2012-04-14 14:20:33.0000003,12.041799869682919
2010-02-01 20:28:45.0000004,8.487831270270147
2013-08-19 16:21:05.0000001,15.397393086772631
2014-06-05 22:56:05.0000004,8.355438168817363
2013-11-07 22:25:25.0000004,16.43676022497405
2010-06-19 03:06:33.0000001,15.82879035827183
2012-07-18 09:44:53.0000003,7.389340410800049
2009-09-25 21:43:49.0000002,7.649925643326242
2009-09-04 18:43:33.0000001,6.094748447677629
2012-10-20 00:36:37.0000001,8.373716111453483
2014-06-19 22:37:09.0000002,33.080473154312074
2012-12-20 23:43:09.0000001,18.788284085713716
2015-05-23 01:00:22.0000002,10.374139605683222
2012-11-18 14:55:42.0000001,7.9906395627869395
2010-01-24 14:09:58.0000003,4.580903967562654
2014-07-27 11:25:18.0000003,17.250499574659614
2009-03-15 03:31:14.0000004,4.062043920105615
2010-09-24 22:40:06.0000004,5.696606461710822
2009-04-18 23:09:34.0000001,39.76846214167193
2014-08-26 16:39:54.0000001,14.664822139097344
2009-05-31 20:56:38.0000004,5.489854110904989
2015-05-29 10:02:42.0000002,10.180149972301386
2011-04-17 14:55:58.0000002,5.749405762348773
2011-05-26 21:36:54.0000003,8.291239749237436
2011-05-26 21:36:54.0000002,11.086938878003567
2013-11-23 16:33:30.0000002,10.07156523710579
2009-06-03 09:11:30.0000001,6.161008590275445
2010-12-04 21:08:38.0000005,7.18209754138926
2013-09-07 19:43:18.0000003,9.075698693073532
2011-03-10 18:16:14.0000005,6.01197264511474
2011-05-19 02:06:46.0000002,7.7761716066002915
2009-08-03 17:06:06.0000002,14.651547167711577
2015-04-14 19:20:46.0000008,8.759478271876265
2011-09-08 13:39:06.0000002,7.196775420760328
2012-03-03 02:30:54.0000003,11.82729318323747
2012-12-27 21:01:54.0000004,8.944514509376782
2012-12-27 21:01:54.0000005,11.716623480372427
2014-06-20 02:16:34.0000002,8.744995077283546
2014-01-14 18:48:06.0000008,9.780725272238309
2011-09-03 00:03:42.0000008,7.990690244365098
2013-07-02 22:27:14.0000004,12.614860807821437
2013-07-02 22:27:14.0000001,15.448020250583719
2015-05-09 11:33:58.0000002,9.686702283409128
2015-03-28 19:31:26.0000003,11.653393632365496
2013-08-08 14:38:43.0000002,9.097657786771757
2009-11-19 22:48:27.0000001,41.98536060176413
2011-07-06 19:56:23.0000001,15.891478597812556
2015-06-18 20:56:55.0000002,8.268831620466523
2015-02-14 13:15:19.0000002,8.237666357736378
2013-01-12 22:40:39.0000002,9.195983297810736
2013-03-23 15:41:07.0000002,23.655939632932405
2010-01-31 00:33:03.0000006,6.817255184491205
2014-06-09 14:51:39.0000001,9.205890472837734
2015-03-20 16:33:07.0000004,14.01838603105821
2015-01-04 00:28:11.0000004,8.626070353925721
2010-10-04 16:17:03.0000001,9.900146371819861
2011-05-17 07:53:55.0000003,6.137906608291956
2012-12-26 20:55:27.0000001,6.411664266126155
2012-12-26 20:55:27.0000003,6.962651762692739
2011-12-17 16:19:47.0000002,12.627505195476173
2010-02-15 10:14:23.0000001,27.081006949740242
2010-12-11 16:12:35.0000003,5.5837784042689345
2011-12-11 11:05:51.0000002,11.750925379769658
2014-06-14 12:32:11.0000001,9.769698753462242
2012-06-09 22:57:15.0000001,8.455718206404537
2009-05-21 20:50:31.0000004,6.106676460270792
2010-09-22 09:42:31.0000005,6.552818661106118
2014-07-08 10:21:39.0000007,17.743428974672405
2012-09-16 18:14:55.0000002,14.420890273148949
2013-10-05 13:45:39.0000001,7.68221443077948
2014-07-31 10:39:39.0000001,11.716744536900892
2013-02-16 14:26:51.0000001,10.114844041714267
2014-01-04 10:54:59.0000004,48.090699036589726
2015-03-07 15:25:59.0000005,8.498119848178185
2009-04-16 15:57:31.0000003,5.223596588556736
2011-10-23 17:43:43.0000002,7.6801856878687085
2014-06-14 13:39:00.000000189,10.44727256706162
2014-06-14 13:39:00.000000153,9.423367810037202
2014-06-14 13:39:00.00000088,7.792093811377426
2014-06-14 13:39:00.000000157,13.394172075581036
2014-06-14 13:39:00.00000046,9.2300397486464
2014-06-14 13:39:00.000000110,10.385363316840778
2014-06-14 13:39:00.000000106,44.07343824909144
2014-06-14 13:39:00.00000019,14.839177920392588
2014-06-14 13:39:00.000000186,7.285442665805204
2014-06-14 13:39:00.00000037,10.138325105931457
2014-06-14 13:39:00.00000057,10.45315228488049
2014-06-14 13:39:00.000000127,11.78410796141694
2014-06-14 13:39:00.0000009,32.036206202980715
2014-06-14 13:39:00.000000173,13.241929552671039
2014-06-14 13:39:00.00000027,8.256066140100074
2014-06-14 13:39:00.000000100,8.332188123597005
2011-10-02 23:36:00.00000060,24.189295593202083
2011-10-02 23:36:00.00000057,18.148351560185663
2011-10-02 23:36:00.00000044,6.552801759157046
2011-10-02 23:36:00.00000087,26.750934123006
2011-10-02 23:36:00.00000084,10.528163346986085
2011-10-02 23:36:00.00000046,14.212525700417286
2011-10-02 23:36:00.0000006,8.034782310454883
2011-10-02 23:36:00.00000033,38.89633791085297
2011-10-02 23:36:00.00000064,19.96349277005024
2011-10-02 23:36:00.00000094,5.366684272108546
2011-10-02 23:36:00.00000049,8.357296943328912
2011-10-02 23:36:00.00000066,8.80534585194728
2011-10-02 23:36:00.00000080,9.12149227696163
2011-10-02 23:36:00.00000029,42.121646994933144
2011-10-02 23:36:00.00000055,5.848252946459945
2011-10-02 23:36:00.00000079,17.583270561099177
2011-10-02 23:36:00.00000053,11.244581217120949
2009-06-10 16:55:00.00000014,6.682279115719428
2009-06-10 16:55:00.00000052,7.015500947901001
2009-06-10 16:55:00.00000065,7.372438156899537
2009-06-10 16:55:00.000000169,9.924116593435228
2009-06-10 16:55:00.000000172,6.776854226049473
2009-06-10 16:55:00.000000105,5.350665977617435
2009-06-10 16:55:00.00000073,3.4683648522662027
2009-06-10 16:55:00.000000157,9.592601285332561
2009-06-10 16:55:00.000000156,6.212884232794151
2009-06-10 16:55:00.000000116,7.963418790631389
2009-06-10 16:55:00.00000022,4.852186603877398
2009-06-10 16:55:00.00000013,6.035816737618671
2009-06-10 16:55:00.000000126,3.8309622151386256
2009-06-10 16:55:00.00000023,6.958885048188906
2009-06-10 16:55:00.00000086,5.8167806905380885
2009-06-10 16:55:00.00000040,8.81962320106247
2009-06-10 16:55:00.00000058,7.0787242730808
2009-06-10 16:55:00.000000170,4.494048762090043
2009-06-10 16:55:00.00000027,10.176784679747051
2009-06-10 16:55:00.00000011,11.317175426930042
2009-06-10 16:55:00.000000129,5.784697756187823
2009-06-10 16:55:00.000000121,5.237137813015659
2009-06-10 16:55:00.00000080,7.723266889077342
2009-06-10 16:55:00.00000089,7.265274481277725
2009-06-10 16:55:00.000000103,6.7620521887462015
2009-06-10 16:55:00.00000051,7.291392785414004
2009-06-10 16:55:00.00000063,24.566880788273735
2009-06-10 16:55:00.000000106,5.469182638410999
2009-06-10 16:55:00.00000091,6.4906922444901065
2009-06-10 16:55:00.00000095,12.997590199481046
2009-06-10 16:55:00.000000137,5.941553055608473
2009-06-10 16:55:00.000000113,4.522930050148287
2009-06-10 16:55:00.000000173,5.565379919792643
2009-06-10 16:55:00.00000077,5.396356744877403
2009-06-10 16:55:00.00000036,5.633641458736299
2011-06-24 12:03:00.000000148,6.217118684424513
2011-06-24 12:03:00.00000070,7.0065276759208555
2011-06-24 12:03:00.000000129,9.280018832182366
2011-06-24 12:03:00.000000130,6.47535389804383
2011-06-24 12:03:00.000000160,11.263971000580002
2011-06-24 12:03:00.000000167,25.572226681549772
2011-06-24 12:03:00.00000059,6.808072487029316
2011-06-24 12:03:00.000000128,7.948949604644762
2011-06-24 12:03:00.000000112,4.89497550297611
2011-06-24 12:03:00.000000134,6.945294034955542
2011-06-24 12:03:00.00000021,13.428966076200734
2011-06-24 12:03:00.00000039,11.29611902636984
2011-06-24 12:03:00.00000083,13.793493032026658
2011-06-24 12:03:00.00000029,6.74370684889098
2011-06-24 12:03:00.00000037,7.955595614098883
2011-06-24 12:03:00.0000004,12.820039761230637
2011-06-24 12:03:00.000000117,27.616833319702092
2011-06-24 12:03:00.000000147,5.022890856119382
2011-06-24 12:03:00.00000043,8.171860084348891
2011-06-24 12:03:00.000000172,17.582420283833088
2011-06-24 12:03:00.00000011,7.606012287910369
2011-06-24 12:03:00.00000036,4.729655483359675
2011-06-24 12:03:00.00000015,6.678620530832453
2011-06-24 12:03:00.00000065,7.96275661053059
2011-06-24 12:03:00.000000169,31.41780611275285
2011-06-24 12:03:00.000000164,12.963836177093787
2011-06-24 12:03:00.000000163,6.402597675188
2011-06-24 12:03:00.00000096,7.075485159476101
2011-06-24 12:03:00.00000030,11.813249100661313
2014-06-15 07:06:00.00000018,9.584846470368223
2014-06-15 07:06:00.00000034,18.27933743245734
2014-06-15 07:06:00.00000022,50.267483469280634
2014-06-15 07:06:00.00000012,8.649240404229351
2014-06-15 07:06:00.0000005,9.887347011950594
2014-06-15 07:06:00.00000023,6.52328890755723
2014-06-15 07:06:00.0000001,11.291358310540438
2009-09-14 02:19:00.0000005,4.1576887160950635
2009-09-14 02:19:00.00000032,5.075489448046349
2009-09-14 02:19:00.00000015,4.391477188946239
2009-09-14 02:19:00.00000029,6.701292832104921
2009-09-14 02:19:00.00000012,4.8202018467178736
2009-09-14 02:19:00.00000019,13.09652384331819
2011-06-01 07:37:00.000000193,6.38930937546111
2011-06-01 07:37:00.000000135,5.860501429708963
2011-06-01 07:37:00.000000124,8.4818519976862
2011-06-01 07:37:00.00000071,8.992814781799526
2011-06-01 07:37:00.000000191,17.177005240866436
2011-06-01 07:37:00.00000073,7.949495568485211
2011-06-01 07:37:00.000000134,13.10659149845138
2011-06-01 07:37:00.000000195,11.285569368335217
2011-06-01 07:37:00.000000130,9.417671994945637
2011-06-01 07:37:00.00000039,8.536828258339625
2011-06-01 07:37:00.000000188,13.159484541558397
2011-06-01 07:37:00.00000030,7.762602406501387
2011-06-01 07:37:00.00000040,11.99417026863095
2011-06-01 07:37:00.00000011,9.96136918723097
2011-06-01 07:37:00.00000093,7.982777588583258
2011-06-01 07:37:00.000000121,49.060108854835974
2011-06-01 07:37:00.000000224,8.202947270356232
2011-06-01 07:37:00.000000153,7.018036754654645
2011-06-01 07:37:00.00000033,5.707135786844983
2011-06-01 07:37:00.000000213,11.958098451228231
2011-06-01 07:37:00.00000076,5.921439149510595
2011-06-01 07:37:00.00000018,8.400330041671447
2011-06-01 07:37:00.00000021,12.207646859698356
2011-06-01 07:37:00.000000126,14.078005065708322
2011-06-01 07:37:00.000000202,9.524668923006464
2011-06-01 07:37:00.00000035,9.06047071647884
2011-06-01 07:37:00.000000216,12.428123022069379
2011-06-01 07:37:00.00000067,8.165263353541999
2011-06-01 07:37:00.00000013,10.754317165115586
2011-06-01 07:37:00.00000024,8.741538869109094
2011-06-01 07:37:00.000000148,5.953493624258769
2011-06-01 07:37:00.000000200,6.208387277276421
2011-06-01 07:37:00.00000042,11.229132756641011
2011-06-01 07:37:00.00000066,11.500943212738111
2011-06-01 07:37:00.00000056,12.734668708778454
2011-06-01 07:37:00.00000063,15.29363032665795
2011-06-01 07:37:00.0000009,3.7830938655732966
2011-06-01 07:37:00.000000187,7.2641270010059245
2011-06-01 07:37:00.000000225,6.610022503802099
2010-08-27 18:45:00.0000009,44.77891832907606
2010-08-27 18:45:00.000000120,7.666969959851539
2010-08-27 18:45:00.00000019,7.8432261682545485
2010-08-27 18:45:00.0000001,7.497871088629685
2010-08-27 18:45:00.00000080,5.036453545692936
2010-08-27 18:45:00.00000082,5.982957720798999
2010-08-27 18:45:00.000000180,11.797582191155566
2010-08-27 18:45:00.00000058,16.569554504988048
2010-08-27 18:45:00.000000178,26.415908576750645
2010-08-27 18:45:00.000000117,7.643740601893773
2010-08-27 18:45:00.00000079,10.097343860679743
2010-08-27 18:45:00.000000200,5.559539770688946
2010-08-27 18:45:00.000000108,7.10450046890695
2010-08-27 18:45:00.00000098,7.248299689684825
2010-08-27 18:45:00.00000059,45.32331481654374
2010-08-27 18:45:00.000000138,17.436749147468767
2010-08-27 18:45:00.000000232,7.742785530613253
2010-08-27 18:45:00.00000032,24.961182621106445
2010-08-27 18:45:00.00000047,10.492570519327856
2010-08-27 18:45:00.000000100,10.236949635125137
2010-08-27 18:45:00.000000154,7.336175841596706
2010-08-27 18:45:00.000000211,7.751165769469246
2010-08-27 18:45:00.000000114,7.8035639797276435
2010-08-27 18:45:00.00000042,6.384106165438819
2010-08-27 18:45:00.000000104,16.412965120904687
2010-08-27 18:45:00.000000162,8.72222985139794
2010-08-27 18:45:00.00000095,5.637070613905294
2010-08-27 18:45:00.000000150,8.361406015526516
2010-08-27 18:45:00.00000052,14.770573002416969
2010-08-27 18:45:00.000000225,6.213240294397329
2010-08-27 18:45:00.00000064,8.821928471755678
2010-08-27 18:45:00.000000215,4.520548559482499
2010-08-27 18:45:00.000000206,6.165549198859215
2010-08-27 18:45:00.000000122,6.598739809660677
2010-08-27 18:45:00.000000221,9.606346263087156
2010-08-27 18:45:00.00000027,6.003300961017137
2010-08-27 18:45:00.000000115,6.914781608835565
2010-08-27 18:45:00.000000218,8.948855742200953
2010-08-27 18:45:00.000000212,12.451862566049982
2010-08-27 18:45:00.000000229,7.371526147740354
2010-08-27 18:45:00.000000213,9.930945008010333
2010-08-27 18:45:00.00000099,42.333809617133355
2010-08-27 18:45:00.000000176,12.158500174951621
2010-08-27 18:45:00.000000132,21.292318472001163
2010-08-27 18:45:00.0000007,6.6677687096828215
2010-08-27 18:45:00.000000151,23.59472503546002
2010-08-27 18:45:00.000000137,14.356034619505364
2010-08-27 18:45:00.00000021,31.422744175868985
2010-08-27 18:45:00.000000185,5.195903332344522
2010-08-27 18:45:00.00000041,7.070398825506187
2010-08-14 02:13:00.000000129,9.386328676244233
2010-08-14 02:13:00.0000006,15.490374169174022
2010-08-14 02:13:00.00000045,9.59657286699435
2010-08-14 02:13:00.000000117,19.077208125479416
2010-08-14 02:13:00.00000079,11.684800761889385
2010-08-14 02:13:00.000000112,7.423044933722784
2010-08-14 02:13:00.00000088,24.3068218905667
2010-08-14 02:13:00.0000005,7.495049889937935
2010-08-14 02:13:00.00000016,9.110458558416852
2010-08-14 02:13:00.0000002,7.983222313306672
2010-08-14 02:13:00.00000071,31.445802187635394
2010-08-14 02:13:00.00000019,8.640104340040214
2010-08-14 02:13:00.000000113,5.017546389050615
2010-08-14 02:13:00.000000151,6.069904234732645
2010-08-14 02:13:00.000000104,13.182700010189345
2010-08-14 02:13:00.00000095,14.69551218901948
2010-08-14 02:13:00.00000053,7.998909574762582
2010-08-14 02:13:00.00000046,7.7005927039127045
2010-08-14 02:13:00.00000011,17.415131255619237
2010-08-14 02:13:00.000000124,24.814356719567137
2010-08-14 02:13:00.000000153,22.020471296392497
2010-08-14 02:13:00.00000081,45.862916136915516
2010-08-14 02:13:00.00000062,11.257754032479586
2010-08-14 02:13:00.000000103,16.2748790904923
2010-08-14 02:13:00.000000144,6.299260790699293
2010-08-14 02:13:00.00000082,3.927164259605746
2010-08-14 02:13:00.00000093,6.27538478385863
2010-08-14 02:13:00.00000058,6.319107014121423
2010-08-14 02:13:00.000000107,5.712234579809431
2010-08-14 02:13:00.000000157,7.503073270590163
2010-08-14 02:13:00.00000013,6.220655666152909
2010-08-14 02:13:00.000000138,4.298305639965376
2010-08-14 02:13:00.000000119,13.017216903524616
2010-08-14 02:13:00.00000065,4.879976795974644
2010-08-14 02:13:00.00000039,6.079400210887947
2010-08-14 02:13:00.000000118,7.781767483737916
2010-08-14 02:13:00.00000048,15.850327296179893
2010-08-14 02:13:00.00000067,13.735552167076166
2010-08-14 02:13:00.00000096,20.212494247057613
2010-08-14 02:13:00.00000091,14.08221078120737
2010-08-14 02:13:00.000000114,6.731109352110262
2010-08-14 02:13:00.00000023,40.381957457417236
2010-08-14 02:13:00.000000106,6.12789040638062
2014-03-25 23:47:00.000000102,8.51790559834059
2014-03-25 23:47:00.00000026,24.720755798741322
2014-03-25 23:47:00.00000042,12.839015738757414
2014-03-25 23:47:00.00000051,7.969135031418228
2014-03-25 23:47:00.00000052,9.53787380259553
2014-03-25 23:47:00.00000031,12.59935902216229
2014-03-25 23:47:00.00000096,11.927392944446801
2014-03-25 23:47:00.000000134,7.607291929099705
2014-03-25 23:47:00.00000019,14.088210817682334
2014-03-25 23:47:00.00000020,9.796060342409945
2014-03-25 23:47:00.000000115,36.23720149573836
2014-03-25 23:47:00.00000035,7.583383360332164
2014-03-25 23:47:00.000000132,21.784702359826248
2014-03-25 23:47:00.00000085,24.654934181319387
2014-03-25 23:47:00.00000064,50.50171604343677
2014-03-25 23:47:00.00000011,10.241358915337125
2014-03-25 23:47:00.000000124,10.176135371319393
2014-03-25 23:47:00.000000112,8.405040719467772
2014-03-25 23:47:00.000000127,20.597350823254782
2014-03-25 23:47:00.00000028,17.08751290682138
2014-03-25 23:47:00.00000055,12.284326022646491
2014-03-25 23:47:00.00000036,9.00829824142583
2014-03-25 23:47:00.000000135,37.279041732564565
2014-03-25 23:47:00.000000108,11.779650661586123
2014-03-25 23:47:00.00000012,13.112213703479263
2010-09-29 16:43:00.000000162,6.824171199142748
2010-09-29 16:43:00.00000078,7.917891276681043
2010-09-29 16:43:00.00000015,9.274756449949079
2010-09-29 16:43:00.0000001,11.344931328268911
2010-09-29 16:43:00.000000119,8.222158736211258
2010-09-29 16:43:00.000000140,7.279289545136594
2010-09-29 16:43:00.00000041,9.070319888921476
2010-09-29 16:43:00.000000135,13.339441411978857
2010-09-29 16:43:00.000000117,6.608012930657026
2010-09-29 16:43:00.00000059,13.5326735706785
2010-09-29 16:43:00.00000014,7.356216357032547
2010-09-29 16:43:00.00000012,11.66677573584186
2010-09-29 16:43:00.000000170,6.7760949006303814
2010-09-29 16:43:00.00000013,8.09767847584335
2010-09-29 16:43:00.000000145,6.993078929596047
2010-09-29 16:43:00.000000174,13.544869880802045
2010-09-29 16:43:00.000000164,8.197561556828255
2010-09-29 16:43:00.00000037,12.72177475281884
2010-09-29 16:43:00.000000159,6.080734197364849
2010-09-29 16:43:00.000000113,11.516238848254133
2010-09-29 16:43:00.00000094,5.075068586348614
2010-09-29 16:43:00.00000011,5.736900599595003
2010-09-29 16:43:00.000000168,4.961295751675735
2010-09-29 16:43:00.000000114,46.432653325575785
2010-09-29 16:43:00.00000019,5.675891279742216
2010-09-29 16:43:00.00000022,8.207451610730685
2010-09-29 16:43:00.00000040,7.533549146326861
2010-09-29 16:43:00.00000016,6.808227798956821
2010-09-29 16:43:00.000000144,6.941339976029962
2010-09-29 16:43:00.00000044,9.087974341156439
2010-09-29 16:43:00.00000062,8.613758766314051
2010-09-29 16:43:00.00000074,22.914973020880606
2010-09-29 16:43:00.00000064,18.104847385054057
2010-09-29 16:43:00.000000110,12.0513247139811
2010-09-29 16:43:00.000000122,8.053477162369155
2010-09-29 16:43:00.000000142,4.079969451590454
2010-09-29 16:43:00.00000080,5.263279710684028
2014-10-27 14:58:00.000000149,50.82217687811689
2014-10-27 14:58:00.000000125,12.194169617326917
2014-10-27 14:58:00.000000130,9.693129953046087
2014-10-27 14:58:00.000000146,8.525142585224403
2014-10-27 14:58:00.00000040,7.938319033365424
2014-10-27 14:58:00.000000136,7.445385364657667
2014-10-27 14:58:00.000000123,11.06691807384084
2014-10-27 14:58:00.000000115,8.041673657868518
2014-10-27 14:58:00.00000046,7.988375647499443
2014-10-27 14:58:00.0000009,52.00333893086005
2014-10-27 14:58:00.00000059,44.15573762964942
2014-10-27 14:58:00.000000111,9.218648979044021
2014-10-27 14:58:00.00000054,50.910814404035534
2014-10-27 14:58:00.00000024,8.550432174578322
2014-10-27 14:58:00.00000065,10.606113484183421
2014-10-27 14:58:00.00000087,12.853386447586374
2014-10-27 14:58:00.00000099,7.94292294134258
2014-10-27 14:58:00.000000144,7.604998074039386
2014-10-27 14:58:00.00000081,6.702763804224272
2014-10-27 14:58:00.00000056,9.737650664154048
2012-11-03 17:11:00.000000115,7.4787468487523165
2012-11-03 17:11:00.00000079,8.080418982578344
2012-11-03 17:11:00.00000081,5.426519199440607
2012-11-03 17:11:00.00000085,13.987039436069477
2012-11-03 17:11:00.000000128,6.1066824534808966
2012-11-03 17:11:00.000000160,10.057806569947264
2012-11-03 17:11:00.000000118,7.091449789449212
2012-11-03 17:11:00.00000076,11.14024618089834
2012-11-03 17:11:00.000000114,8.143075969885452
2012-11-03 17:11:00.00000091,7.729459454518256
2012-11-03 17:11:00.00000060,10.35305922733248
2012-11-03 17:11:00.000000155,10.400547986878955
2012-11-03 17:11:00.000000117,10.884457423861837
2012-11-03 17:11:00.000000105,6.108530014211778
2012-11-03 17:11:00.0000007,17.138796374071827
2012-11-03 17:11:00.00000055,8.311894446050538
2012-11-03 17:11:00.000000103,6.800251285697321
2012-11-03 17:11:00.00000053,9.342699180490401
2011-03-11 01:44:00.00000064,3.28710798291993
2011-03-11 01:44:00.00000016,5.602510510086331
2011-03-11 01:44:00.00000072,12.233859966513322
2011-03-11 01:44:00.00000057,6.006487688728178
2011-03-11 01:44:00.00000040,10.818593722427394
2011-03-11 01:44:00.00000021,18.279060362049243
2011-03-11 01:44:00.00000046,9.527822882851567
2011-03-11 01:44:00.00000034,9.018773604851555
2011-03-11 01:44:00.00000083,63.33906609776636
2011-03-11 01:44:00.00000032,10.520695290378283
2011-03-11 01:44:00.00000075,9.272318450179151
2011-03-11 01:44:00.00000085,9.700838963029627
2011-03-11 01:44:00.00000044,6.342131863520464
2011-03-11 01:44:00.0000005,9.572925158750163
2011-03-11 01:44:00.00000074,16.93712743786931
2011-03-11 01:44:00.00000041,8.78283130973695
2011-03-11 01:44:00.00000042,9.529095755668845
2011-03-11 01:44:00.00000035,12.066780331624607
2011-03-11 01:44:00.00000052,5.515937408621527
2011-10-04 09:37:00.000000194,6.67691319186398
2011-10-04 09:37:00.000000183,7.285057039868844
2011-10-04 09:37:00.000000157,27.384480690151445
2011-10-04 09:37:00.000000176,7.0696320350939565
2011-10-04 09:37:00.000000170,9.409625916380646
2011-10-04 09:37:00.00000036,9.78838542413349
2011-10-04 09:37:00.00000017,5.596252440122242
2011-10-04 09:37:00.000000114,16.342562625480877
2011-10-04 09:37:00.000000184,12.083296487630266
2011-10-04 09:37:00.00000047,7.201866226914032
2011-10-04 09:37:00.00000055,7.665287465420235
2011-10-04 09:37:00.00000031,8.206505934452938
2011-10-04 09:37:00.00000049,48.046844316157305
2011-10-04 09:37:00.0000005,6.5307006588262215
2011-10-04 09:37:00.00000067,5.8420934673998834
2011-10-04 09:37:00.000000134,11.19584433137669
2011-10-04 09:37:00.00000025,7.48436119563366
2011-10-04 09:37:00.000000185,6.431113841432181
2011-10-04 09:37:00.000000180,7.505187204549283
2011-10-04 09:37:00.00000088,4.804752777870899
2011-10-04 09:37:00.000000108,9.644976532619083
2011-10-04 09:37:00.000000107,10.07938219251063
2011-10-04 09:37:00.00000062,21.30235378856448
2011-10-04 09:37:00.00000045,5.718278874680404
2011-10-04 09:37:00.00000028,11.560153908666658
2011-10-04 09:37:00.00000057,7.397489267415466
2011-10-04 09:37:00.00000013,10.519863438547635
2011-10-04 09:37:00.00000056,13.047769518755969
2011-10-04 09:37:00.000000106,6.507699185527452
2011-10-04 09:37:00.000000136,8.212925231083831
2014-12-24 03:00:00.0000005,20.608210354446037
2014-12-24 03:00:00.00000017,20.985996064789894
2014-12-24 03:00:00.00000036,18.393735821449262
2014-12-24 03:00:00.00000033,8.305630819077773
2014-12-24 03:00:00.00000026,20.30568880650838
2014-12-24 03:00:00.00000031,19.655539904177793
2014-12-24 03:00:00.00000015,12.633806365530829
2015-02-12 05:37:56.0000001,7.094175630848035
2014-04-27 02:57:00.000000124,14.889961100941807
2014-04-27 02:57:00.00000017,18.21886507434803
2014-04-27 02:57:00.000000151,6.91737232176495
2014-04-27 02:57:00.000000168,6.14931540409891
2014-04-27 02:57:00.00000039,7.289404083782474
2014-04-27 02:57:00.00000097,13.233630592129952
2014-04-27 02:57:00.00000033,8.161604438444163
2014-04-27 02:57:00.000000129,9.22798569815842
2014-04-27 02:57:00.000000141,9.382471322501253
2014-04-27 02:57:00.00000074,14.209928331593577
2014-04-27 02:57:00.00000047,19.145432151110246
2014-04-27 02:57:00.00000076,11.974511756742508
2014-04-27 02:57:00.000000142,7.452515026006642
2014-04-27 02:57:00.000000143,17.200842414600665
2014-04-27 02:57:00.00000090,18.464272481636993
2014-04-27 02:57:00.000000106,19.313451048032032
2014-04-27 02:57:00.000000167,15.808091299199866
2014-04-27 02:57:00.000000145,11.841895064054539
2011-12-13 22:00:00.00000085,14.091513711609363
2011-12-13 22:00:00.000000264,8.748203591593509
2011-12-13 22:00:00.000000138,11.957925559373152
2011-12-13 22:00:00.000000135,7.566816091185845
2011-12-13 22:00:00.000000197,7.64507869737812
2011-12-13 22:00:00.000000143,13.009710981957543
2011-12-13 22:00:00.000000134,7.231400845670692
2011-12-13 22:00:00.00000033,12.165044044882862
2011-12-13 22:00:00.00000058,8.67304268964403
2011-12-13 22:00:00.000000205,9.651540458350539
2011-12-13 22:00:00.000000173,13.404964426492922
2011-12-13 22:00:00.000000248,8.430721083295976
2011-12-13 22:00:00.00000074,8.847341622535737
2011-12-13 22:00:00.00000098,6.62692948566151
2011-12-13 22:00:00.00000095,12.13978095127019
2011-12-13 22:00:00.000000229,24.536163253432814
2011-12-13 22:00:00.000000186,13.851256908441954
2011-12-13 22:00:00.0000005,25.10024465695673
2011-12-13 22:00:00.000000246,16.328374597972164
2011-12-13 22:00:00.000000180,9.627280022031659
2011-12-13 22:00:00.00000044,5.9946954392493765
2011-12-13 22:00:00.000000110,10.203489385048055
2011-12-13 22:00:00.000000231,7.6837899715482445
2011-12-13 22:00:00.000000144,11.375692833399015
2011-12-13 22:00:00.00000070,39.528149909427505
2011-12-13 22:00:00.000000116,9.169177864042553
2011-12-13 22:00:00.000000156,6.8843907055406
2011-12-13 22:00:00.000000148,9.596619681491054
2011-12-13 22:00:00.00000072,10.083460562354325
2011-12-13 22:00:00.00000028,12.257050264403176
2011-12-13 22:00:00.00000066,11.688393462858267
2011-12-13 22:00:00.000000121,13.222761534299904
2011-12-13 22:00:00.00000094,47.12186340536523
2011-12-13 22:00:00.000000266,11.342614184444276
2015-04-11 14:16:12.0000004,11.542675253322937
2015-05-10 19:54:00.0000002,14.0111082714138
2014-07-21 18:19:00.00000054,10.377129555970042
2014-07-21 18:19:00.000000230,8.501586368017582
2014-07-21 18:19:00.000000187,15.77858981017523
2014-07-21 18:19:00.000000100,10.361162302715108
2014-07-21 18:19:00.00000071,11.143305822565331
2014-07-21 18:19:00.000000172,9.994345255775665
2014-07-21 18:19:00.00000025,6.051232232437181
2014-07-21 18:19:00.000000191,12.183036214727535
2014-07-21 18:19:00.00000034,11.19942471187726
2014-07-21 18:19:00.000000176,7.209322898267857
2014-07-21 18:19:00.00000037,9.181327769053556
2014-07-21 18:19:00.000000160,7.512842222905435
2014-07-21 18:19:00.00000077,9.395096764154854
2014-07-21 18:19:00.00000013,11.574198025777433
2014-07-21 18:19:00.000000184,9.11035662163871
2014-07-21 18:19:00.000000232,7.613007854795947
2014-07-21 18:19:00.000000116,10.876673988202704
2014-07-21 18:19:00.00000048,9.925494052435454
2014-07-21 18:19:00.00000067,10.55855359934794
2014-07-21 18:19:00.00000099,7.341596505577614
2014-07-21 18:19:00.000000223,9.609060819179353
2014-07-21 18:19:00.000000162,13.967480506642898
2014-07-21 18:19:00.00000068,9.944689736202127
2014-07-21 18:19:00.000000144,9.69211869013431
2014-07-21 18:19:00.00000035,25.52115822545475
2014-07-21 18:19:00.00000029,9.563923978531593
2014-07-21 18:19:00.00000032,6.379546059873135
2014-07-21 18:19:00.00000082,7.806662810825799
2014-07-21 18:19:00.000000132,7.434049307756955
2014-07-21 18:19:00.000000152,9.273493469932445
2014-07-21 18:19:00.00000039,7.556537549678021
2014-07-21 18:19:00.000000241,6.524993867511195
2014-07-21 18:19:00.00000088,8.207487584215583
2010-09-20 16:48:00.000000159,30.823225294771373
2010-09-20 16:48:00.0000006,8.122866381252889
2010-09-20 16:48:00.000000166,6.823645312732861
2010-09-20 16:48:00.000000110,7.705181609765502
2010-09-20 16:48:00.000000139,19.122729119125115
2010-09-20 16:48:00.00000015,8.767329234667482
2010-09-20 16:48:00.00000068,13.632961941787737
2010-09-20 16:48:00.000000158,45.00438032012748
2010-09-20 16:48:00.00000035,13.528792293143844
2010-09-20 16:48:00.000000148,5.272561179535376
2010-09-20 16:48:00.00000023,13.892047040928516
2010-09-20 16:48:00.00000027,9.601310390153364
2010-09-20 16:48:00.00000092,29.57496562233739
2010-09-20 16:48:00.000000151,25.162231217927694
2010-09-20 16:48:00.00000071,7.464148803090795
2010-09-20 16:48:00.000000132,7.205201038443783
2010-09-20 16:48:00.00000099,14.895669387732486
2010-09-20 16:48:00.0000001,5.486861502078306
2010-09-20 16:48:00.0000005,23.388082757302712
2011-03-06 21:01:00.00000037,5.198228951764124
2011-03-06 21:01:00.00000028,14.671361363855238
2011-03-06 21:01:00.00000025,6.830524812178129
2011-03-06 21:01:00.000000139,6.500217176225442
2011-03-06 21:01:00.00000083,11.362667852028014
2011-03-06 21:01:00.000000173,21.652637958741348
2011-03-06 21:01:00.00000051,19.71435402456639
2011-03-06 21:01:00.000000116,16.455457523975962
2011-03-06 21:01:00.00000057,6.157848800613851
2011-03-06 21:01:00.000000168,9.13758014885252
2011-03-06 21:01:00.000000138,16.753225434863342
2011-03-06 21:01:00.00000043,9.582967015186863
2011-03-06 21:01:00.000000127,5.08445369931235
2011-03-06 21:01:00.00000096,14.41040672322849
2011-03-06 21:01:00.00000074,4.419500267273599
2011-03-06 21:01:00.000000113,8.02905684286418
2011-03-06 21:01:00.000000120,26.023595555245667
2011-03-06 21:01:00.00000018,4.040360591668321
2011-03-06 21:01:00.00000071,6.838601590819423
2011-03-06 21:01:00.000000137,4.052653063875262
2011-03-06 21:01:00.00000011,20.25737104776379
2011-03-06 21:01:00.000000146,8.602472737403167
2011-03-06 21:01:00.000000149,5.589161731432816
2011-03-06 21:01:00.00000056,5.770766156644918
2011-03-06 21:01:00.00000052,11.997271921460957
2011-03-06 21:01:00.000000109,6.037727282214647
2012-01-26 07:33:00.000000167,8.490292144684634
2012-01-26 07:33:00.000000114,14.827296977272796
2012-01-26 07:33:00.00000031,10.794143454107273
2012-01-26 07:33:00.000000133,22.058798992715616
2012-01-26 07:33:00.000000180,6.530294992589374
2012-01-26 07:33:00.000000120,10.600043144882992
2012-01-26 07:33:00.000000168,9.213230898116775
2012-01-26 07:33:00.000000122,9.151511914893364
2012-01-26 07:33:00.000000166,11.454917265059578
2012-01-26 07:33:00.000000186,8.130578787053283
2012-01-26 07:33:00.00000068,9.189817705684504
2012-01-26 07:33:00.00000085,21.09226109082571
2012-01-26 07:33:00.000000103,5.3284183726702
2012-01-26 07:33:00.00000081,28.859602679731186
2012-01-26 07:33:00.00000099,12.488296554322394
2012-01-26 07:33:00.00000051,10.73705251100424
2012-01-26 07:33:00.000000160,5.808036444891037
2012-01-26 07:33:00.00000091,6.377185707561702
2012-01-26 07:33:00.00000089,9.677830350668259
2012-01-26 07:33:00.000000189,9.030408922279307
2010-12-09 07:29:00.0000003,7.875756546373901
2010-12-09 07:29:00.00000078,10.891650920574797
2010-12-09 07:29:00.000000127,7.721694423483228
2010-12-09 07:29:00.00000050,8.137763464407973
2010-12-09 07:29:00.000000135,5.710001479200821
2010-12-09 07:29:00.000000196,13.602940914508768
2010-12-09 07:29:00.000000183,8.973808524029119
2010-12-09 07:29:00.000000152,12.690177390438194
2010-12-09 07:29:00.00000098,21.25057329772678
2010-12-09 07:29:00.00000090,10.543521252937442
2010-12-09 07:29:00.00000025,13.26866049121978
2010-12-09 07:29:00.000000150,7.465278724860678
2010-12-09 07:29:00.00000041,9.678657220343103
2010-12-09 07:29:00.000000143,9.523887507173535
2010-12-09 07:29:00.000000148,5.938404210217229
2010-12-09 07:29:00.000000151,6.935156648626711
2010-12-09 07:29:00.0000007,5.831419399996177
2010-12-09 07:29:00.00000069,9.96898332099851
2010-12-09 07:29:00.00000036,6.286852010541034
2010-12-09 07:29:00.00000046,16.493678668601206
2010-12-09 07:29:00.000000195,7.904706111985026
2010-12-09 07:29:00.000000115,16.992218747211865
2010-12-09 07:29:00.000000134,6.929017064421288
2010-12-09 07:29:00.00000067,9.031235571265231
2010-12-09 07:29:00.000000112,7.097544114835252
2010-12-09 07:29:00.00000015,9.25620839176393
2010-12-09 07:29:00.00000031,8.598259267703108
2010-12-09 07:29:00.000000193,8.136929158285675
2010-12-09 07:29:00.00000012,9.42060333561461
2010-12-09 07:29:00.0000005,48.405089919080524
2010-12-09 07:29:00.00000038,12.621344367482227
2010-12-09 07:29:00.00000097,6.431736754870254
2010-12-09 07:29:00.000000102,7.023882092562561
2010-12-09 07:29:00.00000089,8.419853851933883
2010-12-09 07:29:00.00000068,7.187538160633149
2010-12-09 07:29:00.00000071,10.434905173647623
2010-12-09 07:29:00.000000186,7.023920223067216
2012-05-08 03:50:00.0000009,18.41205884918586
2012-05-08 03:50:00.0000001,8.16067384870547
2012-05-08 03:50:00.00000012,13.312893213921248
2012-05-08 03:50:00.0000006,16.939638909419763
2015-03-12 19:43:24.0000005,9.005323471219901
2015-02-01 00:48:44.0000001,26.337258166583304
2015-02-21 18:39:16.0000005,8.726492331330705
2011-01-24 20:47:04.0000001,10.062979379485338
2010-12-25 13:54:12.0000001,15.983259190982507
2015-04-07 14:31:12.0000001,9.08833527056531
2012-11-20 21:54:00.00000086,17.32196267160628
2012-11-20 21:54:00.000000150,9.054909561176423
2012-11-20 21:54:00.000000184,8.007329534824093
2012-11-20 21:54:00.00000080,20.67374123134886
2012-11-20 21:54:00.00000021,8.39109428621106
2012-11-20 21:54:00.00000019,8.789781633857764
2012-11-20 21:54:00.00000087,6.0479823392551655
2012-11-20 21:54:00.00000077,12.75129393416934
2012-11-20 21:54:00.000000216,9.78055327392148
2012-11-20 21:54:00.00000010,7.719169210049123
2012-11-20 21:54:00.000000104,8.960644571277667
2012-11-20 21:54:00.00000048,7.989005657711889
2012-11-20 21:54:00.000000221,19.5738507345906
2012-11-20 21:54:00.00000030,10.507484174425969
2012-11-20 21:54:00.00000085,7.303146471858026
2012-11-20 21:54:00.000000133,7.874808575164726
2012-11-20 21:54:00.000000144,9.377137392109583
2012-11-20 21:54:00.00000047,7.433058255727613
2012-11-20 21:54:00.000000229,6.835047293080463
2012-11-20 21:54:00.00000015,7.54796244452781
2012-11-20 21:54:00.000000101,8.848371083414907
2012-11-20 21:54:00.000000238,9.29592503828179
2012-11-20 21:54:00.00000097,18.24156752358629
2012-11-20 21:54:00.00000049,8.250338734693587
2012-11-20 21:54:00.000000209,15.545263747591765
2012-11-20 21:54:00.00000012,9.799432973587297
2012-11-20 21:54:00.000000132,11.501360753637256
2012-11-20 21:54:00.000000197,7.4669251949456505
2012-11-20 21:54:00.000000211,14.33480670911397
2012-11-20 21:54:00.00000083,9.072537065839475
2012-11-20 21:54:00.000000127,9.001827096566252
2012-11-20 21:54:00.000000223,36.26398872784262
2012-11-20 21:54:00.000000130,12.700441705274232
2012-11-20 21:54:00.000000149,10.196399871810609
2012-11-20 21:54:00.000000196,11.523393442390333
2012-11-20 21:54:00.00000056,7.018958782293746
2012-11-20 21:54:00.00000026,11.222082491812822
2012-11-20 21:54:00.00000055,10.021501096194992
2012-11-20 21:54:00.000000135,27.437230690064254
2014-06-23 00:16:00.00000023,13.092417535236017
2014-06-23 00:16:00.00000014,9.49911965959011
2014-06-23 00:16:00.00000080,9.514153777315814
2014-06-23 00:16:00.0000003,12.274734513717883
2014-06-23 00:16:00.00000029,13.763379610440062
2014-06-23 00:16:00.00000055,34.91118563625143
2014-06-23 00:16:00.00000050,16.62447213810056
2014-06-23 00:16:00.0000002,16.78141036921089
2014-06-23 00:16:00.00000072,8.277247034899219
2014-06-23 00:16:00.00000020,11.107493384674239
2013-09-25 22:00:00.00000052,12.553291491217294
2013-09-25 22:00:00.000000129,8.108273610202009
2013-09-25 22:00:00.000000226,45.20214657554325
2013-09-25 22:00:00.00000029,12.654726765613038
2013-09-25 22:00:00.000000141,8.198860601425888
2013-09-25 22:00:00.000000206,14.932956468755906
2013-09-25 22:00:00.00000051,8.78293151593963
2013-09-25 22:00:00.000000238,9.515700162146201
2013-09-25 22:00:00.000000251,12.722598882937517
2013-09-25 22:00:00.00000031,8.880841059475213
2013-09-25 22:00:00.000000124,10.366350581784346
2013-09-25 22:00:00.000000102,10.076501024981539
2013-09-25 22:00:00.000000198,24.560810086360092
2013-09-25 22:00:00.000000208,7.488684800803373
2013-09-25 22:00:00.00000087,16.5264407402203
2013-09-25 22:00:00.000000116,7.122034824692276
2013-09-25 22:00:00.00000034,12.910799170511511
2013-09-25 22:00:00.000000104,11.644988179262555
2013-09-25 22:00:00.00000088,8.492369535090285
2013-09-25 22:00:00.000000218,21.857666999083417
2013-09-25 22:00:00.00000065,15.683524159071307
2013-09-25 22:00:00.000000115,11.766138576775823
2013-09-25 22:00:00.00000042,11.91078153131432
2013-09-25 22:00:00.000000234,8.53225648681778
2013-09-25 22:00:00.000000247,7.7931293960000385
2013-09-25 22:00:00.000000147,14.012842564864666
2013-09-25 22:00:00.000000248,10.235126564990141
2013-09-25 22:00:00.000000162,15.524606915355152
2013-09-25 22:00:00.000000130,12.671212383496652
2013-09-25 22:00:00.000000174,7.489218249575362
2015-03-04 21:42:57.0000006,8.993558605718462
2015-04-25 01:06:17.0000005,16.25215291406426
2015-02-19 11:39:21.0000001,20.017273096150603
2015-01-29 13:15:50.0000001,8.233139378282
2015-05-07 15:33:26.0000005,8.090461680031385
2015-02-09 07:16:26.0000005,15.424594045739621
2015-04-16 18:45:22.0000004,15.902668967986115
2015-05-31 20:48:54.0000006,41.3875368564197
2015-05-31 20:48:54.0000003,8.293372372294389
2015-06-18 20:56:55.0000001,21.258701856766045
2015-02-14 13:15:19.0000005,8.839335689450643
2015-05-10 12:37:51.0000007,8.453692048149671
2015-05-10 12:37:51.0000005,11.673675628400701
2015-05-20 00:59:15.0000002,14.18149164264192
2015-05-29 18:59:35.0000003,10.826873685466243
2015-02-25 18:00:51.0000008,9.15923395404327
2015-02-08 08:44:03.0000002,9.786629679877892
2015-05-12 08:31:07.0000003,9.540665799512514
2015-03-16 21:12:19.0000007,9.355448992871054
2014-06-14 13:39:00.000000117,7.101326736961517
2014-06-14 13:39:00.000000187,8.570931928401272
2014-06-14 13:39:00.00000099,8.9826942284029
2014-06-14 13:39:00.000000112,18.660710301923956
2014-06-14 13:39:00.00000039,11.728220548548231
2014-06-14 13:39:00.00000078,47.982385032116596
2014-06-14 13:39:00.00000084,9.155089177977967
2014-06-14 13:39:00.000000166,7.868319971217848
2014-06-14 13:39:00.00000089,6.434020022942829
2014-06-14 13:39:00.00000047,9.13441012683286
2014-06-14 13:39:00.0000001,15.574433929839028
2015-01-31 20:54:04.0000002,11.17987126940448
2011-10-02 23:36:00.0000002,8.921395067960232
2011-10-02 23:36:00.00000051,11.166763961502106
2011-06-24 12:03:00.000000182,7.055552097446471
2011-06-24 12:03:00.000000103,7.366790470135826
2011-06-24 12:03:00.0000003,7.706713553524974
2011-06-01 07:37:00.00000050,8.098474214468602
2010-08-27 18:45:00.000000216,5.290077421739312
2010-08-14 02:13:00.000000135,12.942418747437184
2014-03-25 23:47:00.00000022,7.986854047433833
2014-03-25 23:47:00.000000128,19.541750438251388
2014-03-25 23:47:00.000000105,8.18815885690579
2014-03-25 23:47:00.00000091,7.9650090618827205
2014-03-25 23:47:00.00000054,10.379426812926575
2014-03-25 23:47:00.000000129,9.811899188189294
2014-03-25 23:47:00.00000063,27.084065021078363
2014-03-25 23:47:00.00000060,8.755216852808797
2014-03-25 23:47:00.00000075,19.34011304633707
2010-09-29 16:43:00.00000083,6.633721554947489
2014-10-27 14:58:00.000000145,26.957239536389785
2014-10-27 14:58:00.0000007,11.730643951939015
2014-10-27 14:58:00.00000031,10.08968151951902
2014-10-27 14:58:00.000000128,20.428576417193824
2014-10-27 14:58:00.00000097,6.372947348891634
2014-10-27 14:58:00.00000078,26.926077728873604
2014-10-27 14:58:00.000000135,9.060798277510415
2012-11-03 17:11:00.00000044,7.5108588679467605
2012-11-03 17:11:00.00000050,9.868908297105921
2012-11-03 17:11:00.00000024,8.385928050529508
2012-11-03 17:11:00.00000072,11.003415002252371
2012-11-03 17:11:00.000000159,9.01646569334285
2012-11-03 17:11:00.000000126,6.507519074519197
2012-11-03 17:11:00.00000090,9.985553245658634
2011-03-11 01:44:00.00000062,35.08829122882267
2015-02-22 09:48:32.0000004,18.67502503044525
2011-10-04 09:37:00.000000102,9.93052103570103
2011-10-04 09:37:00.00000023,8.396516851972473
2014-12-24 03:00:00.0000003,9.073379368664776
2014-12-24 03:00:00.00000014,8.701395356790941
2014-12-24 03:00:00.0000002,14.343904497559707
2014-12-24 03:00:00.00000027,20.24060177402562
2015-04-11 20:31:32.0000004,9.760856780793699
2014-04-27 02:57:00.000000123,9.13360292775899
2014-04-27 02:57:00.00000078,6.629584857264135
2014-04-27 02:57:00.00000075,11.012681093161085
2014-04-27 02:57:00.000000178,7.895722923525057
2014-04-27 02:57:00.0000004,10.786906460852974
2014-04-27 02:57:00.000000166,12.477605765493596
2014-04-27 02:57:00.00000091,14.268876581518448
2014-04-27 02:57:00.000000173,9.328524993798935
2014-04-27 02:57:00.00000066,20.80951943290174
2014-04-27 02:57:00.000000183,6.627083294691787
2014-04-27 02:57:00.000000179,10.824642066997015
2014-04-27 02:57:00.000000144,8.820083728311312
2014-04-27 02:57:00.00000025,18.12101116471079
2014-04-27 02:57:00.00000052,7.7329509096165125
2014-04-27 02:57:00.00000094,7.650828402305985
2014-04-27 02:57:00.000000189,20.010971419406484
2011-12-13 22:00:00.00000040,11.777154933794526
2011-12-13 22:00:00.000000228,8.717466830403971
2011-12-13 22:00:00.000000130,25.952147807439665
2011-12-13 22:00:00.000000141,8.36069938376606
2011-12-13 22:00:00.000000149,7.954552051497842
2011-12-13 22:00:00.000000224,7.202647582822774
2011-12-13 22:00:00.000000154,7.9974054296357915
2011-12-13 22:00:00.000000131,9.150461649250456
2011-12-13 22:00:00.0000002,9.078571307121928
2011-12-13 22:00:00.000000221,11.075255191619998
2011-12-13 22:00:00.00000056,7.829102845311741
2011-12-13 22:00:00.000000195,7.760328667587453
2011-12-13 22:00:00.000000191,8.13243605661901
2011-12-13 22:00:00.00000059,6.911540499190852
2015-02-26 15:55:48.0000001,15.830163308083964
2014-07-21 18:19:00.000000197,8.505272934430659
2014-07-21 18:19:00.000000153,6.877477074352845
2014-07-21 18:19:00.000000159,8.50883256474145
2014-07-21 18:19:00.000000212,34.70746384793277
2014-07-21 18:19:00.00000091,8.197897975813412
2014-07-21 18:19:00.0000002,7.844229587244223
2014-07-21 18:19:00.000000142,5.4784379273519965
2014-07-21 18:19:00.000000141,13.326924644203663
2014-07-21 18:19:00.000000149,8.86546172139228
2014-07-21 18:19:00.00000065,5.498232131316408
2014-07-21 18:19:00.00000033,9.209063447435291
2010-09-20 16:48:00.000000146,8.239768302411337
2010-09-20 16:48:00.00000047,13.7532308427528
2010-09-20 16:48:00.000000129,8.937443531852113
2015-01-26 07:13:44.0000005,47.04582993353145
2011-03-06 21:01:00.00000033,7.170400807479834
2012-01-26 07:33:00.00000090,7.147647640041352
2012-01-26 07:33:00.00000087,11.055746767586818
2012-01-26 07:33:00.00000012,10.642852202562821
2012-01-26 07:33:00.000000171,8.713946455053144
2012-01-26 07:33:00.00000065,43.13217360541182
2012-01-26 07:33:00.00000088,9.782495694444178
2012-01-26 07:33:00.000000119,20.416434697569805
2015-03-20 23:34:40.0000004,21.861029615875392
2010-12-09 07:29:00.0000001,9.131468112318387
2012-05-08 03:50:00.00000013,8.253239731259239
2015-03-12 19:43:24.0000003,21.1729476371492
2012-11-20 21:54:00.00000034,10.577568918561695
2012-11-20 21:54:00.000000170,8.9069591812125
2012-11-20 21:54:00.000000108,10.747039582587862
2012-11-20 21:54:00.00000031,11.510690334953622
2012-11-20 21:54:00.000000171,13.369652847489448
2012-11-20 21:54:00.00000023,9.633670939928948
2012-11-20 21:54:00.00000074,8.381336521999655
2012-11-20 21:54:00.000000122,11.798328895055025
2012-11-20 21:54:00.0000006,7.954629719332847
2012-11-20 21:54:00.000000160,11.369506976533993
2012-11-20 21:54:00.00000042,30.905478077024725
2012-11-20 21:54:00.00000039,11.062699946117649
2012-11-20 21:54:00.00000043,10.756290337693802
2012-11-20 21:54:00.000000219,7.606197173041615
2012-11-20 21:54:00.00000020,7.601446854409275
2012-11-20 21:54:00.000000222,7.402900396549365
2012-11-20 21:54:00.0000005,9.326572981153138
2012-11-20 21:54:00.000000154,9.350005979710755
2014-06-23 00:16:00.00000060,18.508394244612525
2014-06-23 00:16:00.0000008,10.078837456779372
2014-06-23 00:16:00.00000035,27.30760062593966
2014-06-23 00:16:00.00000052,10.544455066024659
2014-06-23 00:16:00.00000053,9.717188637096868
2013-09-25 22:00:00.00000056,25.354407438220733
2013-09-25 22:00:00.00000083,8.518625908013433
2013-09-25 22:00:00.000000128,8.564416021298122
2013-09-25 22:00:00.00000037,14.530191522995977
2013-09-25 22:00:00.00000013,8.400525931843607
2013-09-25 22:00:00.000000168,9.640255751312582
2013-09-25 22:00:00.000000181,7.9282943362705645
2013-09-25 22:00:00.00000016,12.83644424474943
2013-09-25 22:00:00.00000063,15.828435279933636
2013-09-25 22:00:00.00000047,9.215499504610145
2013-09-25 22:00:00.000000220,15.132092111170799
2013-09-25 22:00:00.000000163,10.5990530570589
2013-09-25 22:00:00.00000077,14.087956257180306
2013-09-25 22:00:00.00000060,44.09425166448125
2013-09-25 22:00:00.000000213,14.894195185714917
2013-09-25 22:00:00.000000150,21.223274797673287
2013-09-25 22:00:00.00000010,9.037116120367784
2013-09-25 22:00:00.000000146,5.66855530271091
2013-09-25 22:00:00.00000041,12.309797092303445
2013-09-25 22:00:00.000000109,11.531070500169314
2013-09-25 22:00:00.000000210,17.668613181570738
2013-09-25 22:00:00.000000151,10.966760715531853
2013-09-25 22:00:00.000000190,17.49617144214611
2013-09-25 22:00:00.000000153,12.171939630562358
2013-09-25 22:00:00.000000241,26.862224761406107
2013-09-25 22:00:00.000000127,10.427351595322108
2015-02-20 11:08:29.0000001,14.993262430533484
2015-01-12 15:36:37.0000002,6.806539804592283
2015-06-07 00:38:14.0000002,17.130443961145417
2015-04-12 21:56:22.0000005,9.51702777208872
2015-04-10 11:56:54.0000004,8.74612101893472
2015-06-25 01:01:46.0000002,19.192146727224745
2015-05-29 10:02:42.0000001,11.499615477989824
2015-06-30 20:03:50.0000002,44.55032796372694
2015-02-27 19:36:02.0000006,26.81475711878767
2015-06-15 01:00:06.0000002,6.968343022451671
2015-02-03 09:00:58.0000001,26.279126945584483
2015-05-19 13:58:11.0000001,9.966379801972325
2015-05-10 12:37:51.0000002,8.580941188466824
2015-01-12 17:05:51.0000001,10.69684404941765
2015-04-19 20:44:15.0000001,48.12397792543506
2015-01-31 01:05:19.0000005,22.23886676448246
2015-01-18 14:06:23.0000006,8.905318488449982
