key,fare_amount
2015-01-27 13:08:24.0000002,10.47971506029992
2015-01-27 13:08:24.0000003,10.47971506029992
2011-10-08 11:53:44.0000002,5.040492638666299
2012-12-01 21:12:12.0000002,8.545093260239124
2012-12-01 21:12:12.0000003,14.2676271697506
2012-12-01 21:12:12.0000005,9.63478918826584
2011-10-06 12:10:20.0000001,5.519846086717091
2011-10-06 12:10:20.0000003,47.52083781754235
2011-10-06 12:10:20.0000002,11.532171886561587
2014-02-18 15:22:20.0000002,6.349191194889395
2014-02-18 15:22:20.0000003,10.47971506029992
2014-02-18 15:22:20.0000001,16.756161875726125
2010-03-29 20:20:32.0000002,5.040492638666299
2010-03-29 20:20:32.0000001,6.970878407199237
2011-10-06 03:59:12.0000002,8.094799293183742
2011-10-06 03:59:12.0000001,12.294881949422134
2012-07-15 16:45:04.0000006,5.040492638666299
2012-07-15 16:45:04.0000002,8.884445460718151
2012-07-15 16:45:04.0000003,5.040492638666299
2012-07-15 16:45:04.0000004,5.040492638666299
2014-10-29 02:09:56.0000001,8.091903277076302
2014-06-14 13:39:00.00000010,8.833881127543657
2014-06-14 13:39:00.00000060,7.456435678801829
2014-06-14 13:39:00.00000087,9.552973725506293
2014-06-14 13:39:00.00000050,19.547046071948866
2014-06-14 13:39:00.0000003,6.5471934587910425
2014-06-14 13:39:00.000000158,39.324690468929234
2014-06-14 13:39:00.00000015,24.009086469686892
2014-06-14 13:39:00.00000073,5.708422488195048
2014-06-14 13:39:00.00000077,16.597488699482877
2014-06-14 13:39:00.000000145,10.833234080971103
2014-06-14 13:39:00.00000079,6.795081437192735
2014-06-14 13:39:00.000000121,5.570155969007919
2014-06-14 13:39:00.00000021,11.82066364857671
2014-06-14 13:39:00.0000005,9.857437721303985
2014-06-14 13:39:00.000000165,8.15338952136569
2014-06-14 13:39:00.000000184,6.445119552360852
2014-06-14 13:39:00.00000059,6.445119552360852
2014-06-14 13:39:00.00000070,8.15338952136569
2014-06-14 13:39:00.00000068,4.827101914125454
2014-06-14 13:39:00.000000133,19.94069377467397
2014-06-14 13:39:00.000000128,11.243239460012031
2014-06-14 13:39:00.000000136,19.932028563539806
2014-06-14 13:39:00.00000017,10.47438467590078
2014-06-14 13:39:00.000000111,5.098009270804032
2014-06-14 13:39:00.000000115,12.662106219015325
2014-06-14 13:39:00.000000168,5.356165744240921
2014-06-14 13:39:00.00000031,7.005695974077466
2014-06-14 13:39:00.000000116,6.445119552360852
2014-06-14 13:39:00.00000051,5.098009270804032
2014-06-14 13:39:00.000000193,12.724355203760306
2014-06-14 13:39:00.000000132,13.627090432116109
2014-06-14 13:39:00.000000167,20.539929711782303
2014-06-14 13:39:00.00000044,6.3638322512181045
2014-06-14 13:39:00.000000138,7.484815111680552
2014-06-14 13:39:00.00000066,16.714499051014254
2014-06-14 13:39:00.00000063,13.023509813856531
2014-06-14 13:39:00.000000154,10.47438467590078
2014-06-14 13:39:00.00000097,14.087653226216753
2014-06-14 13:39:00.00000067,14.25514091543674
2014-06-14 13:39:00.000000179,7.484815111680552
2014-06-14 13:39:00.00000092,11.679041171350331
2014-06-14 13:39:00.00000029,5.098009270804032
2014-06-14 13:39:00.000000177,5.158693574178448
2014-06-14 13:39:00.000000192,7.857879452206193
2014-06-14 13:39:00.000000181,7.379018414759573
2014-06-14 13:39:00.000000120,11.803139027667566
2014-06-14 13:39:00.0000008,5.679728840740987
2014-06-14 13:39:00.000000103,5.098009270804032
2014-06-14 13:39:00.00000049,19.286300958840265
2014-06-14 13:39:00.000000108,7.349944911843164
2014-06-14 13:39:00.00000072,5.098009270804032
2014-06-14 13:39:00.000000182,12.279166017110677
2014-06-14 13:39:00.00000061,7.484815111680552
2014-06-14 13:39:00.00000093,10.485136557207392
2014-06-14 13:39:00.000000170,12.348296467344053
2014-06-14 13:39:00.000000147,46.19207580078674
2014-06-14 13:39:00.000000140,5.098009270804032
2014-06-14 13:39:00.000000159,4.841142342449018
2014-06-14 13:39:00.00000012,4.860425916619737
2014-06-14 13:39:00.00000025,6.445119552360852
2014-06-14 13:39:00.000000156,5.57629625801614
2014-06-14 13:39:00.000000152,7.83949272763584
2014-06-14 13:39:00.000000129,10.449164333802774
2014-06-14 13:39:00.000000119,19.660444900042084
2014-06-14 13:39:00.000000118,6.307008622473898
2014-06-14 13:39:00.00000076,5.098009270804032
2014-06-14 13:39:00.000000135,7.484815111680552
2014-06-14 13:39:00.00000023,18.967745550360497
2014-06-14 13:39:00.00000082,10.835667324082527
2014-06-14 13:39:00.000000125,11.803139027667566
2014-06-14 13:39:00.00000075,9.737211876789413
2014-06-14 13:39:00.000000124,7.349944911843164
2014-06-14 13:39:00.000000172,7.341720339793143
2014-06-14 13:39:00.00000024,15.148152420255244
2014-06-14 13:39:00.000000169,15.968850593602772
2014-06-14 13:39:00.00000052,12.643307257694355
2014-06-14 13:39:00.000000161,14.427245866973369
2014-06-14 13:39:00.00000038,7.484815111680552
2014-06-14 13:39:00.00000035,11.803139027667566
2014-06-14 13:39:00.00000053,11.803139027667566
2014-06-14 13:39:00.000000183,7.367721333430191
2014-06-14 13:39:00.000000131,55.87005979746543
2014-06-14 13:39:00.000000180,7.390079762683868
2014-06-14 13:39:00.000000130,10.09610758042808
2014-06-14 13:39:00.00000032,4.827101914125454
2014-06-14 13:39:00.000000148,11.438572458223922
2014-06-14 13:39:00.0000007,10.449164333802774
2014-06-14 13:39:00.00000095,12.662106219015325
2014-06-14 13:39:00.000000144,37.80835958290292
2014-06-14 13:39:00.000000141,31.820186959735253
2014-06-14 13:39:00.000000162,19.9396244621851
2014-06-14 13:39:00.00000018,11.803139027667566
2014-06-14 13:39:00.00000054,10.449164333802774
2014-06-14 13:39:00.00000040,6.628244938181337
2014-06-14 13:39:00.00000096,7.745718639660905
2014-06-14 13:39:00.00000055,27.429055787684273
2014-06-14 13:39:00.000000109,10.857859946704144
2014-06-14 13:39:00.000000151,7.484815111680552
2014-06-14 13:39:00.00000016,11.42982684112083
2014-06-14 13:39:00.00000062,10.688712484917456
2014-06-14 13:39:00.000000191,9.131155700930842
2014-06-14 13:39:00.00000034,8.542072526067876
2014-06-14 13:39:00.000000160,6.5471934587910425
2014-06-14 13:39:00.00000013,7.311282481216779
2014-06-14 13:39:00.000000188,5.098009270804032
2014-06-14 13:39:00.00000086,8.25490955974556
2014-06-14 13:39:00.000000185,12.662106219015325
2014-06-14 13:39:00.00000074,8.352560685686766
2014-06-14 13:39:00.00000022,19.40803855625408
2014-06-14 13:39:00.00000036,5.545960089047588
2014-06-14 13:39:00.000000126,4.827101914125454
2014-06-14 13:39:00.000000190,6.875164080973599
2014-06-14 13:39:00.00000042,7.456435678801829
2014-06-14 13:39:00.000000178,7.484815111680552
2014-06-14 13:39:00.000000163,5.098009270804032
2014-06-14 13:39:00.00000020,13.627090432116109
2014-06-14 13:39:00.00000098,6.4230554806722875
2014-06-14 13:39:00.000000114,21.08985233425222
2014-06-14 13:39:00.00000045,9.503262866477424
2014-06-14 13:39:00.00000094,4.967598195598546
2014-06-14 13:39:00.000000146,10.279376652690896
2014-06-14 13:39:00.00000033,9.737211876789413
2014-06-14 13:39:00.000000143,5.158693574178448
2014-06-14 13:39:00.000000107,6.5471934587910425
2014-06-14 13:39:00.00000048,10.449164333802774
2014-06-14 13:39:00.00000043,11.803139027667566
2014-06-14 13:39:00.000000123,10.449164333802774
2014-06-14 13:39:00.000000134,8.494610545178515
2014-06-14 13:39:00.000000142,6.5471934587910425
2014-06-14 13:39:00.000000122,12.485360882826729
2014-06-14 13:39:00.000000176,10.348340934762055
2011-12-12 09:42:12.0000004,6.349370903742641
2011-12-12 09:42:12.0000002,4.899996357193207
2011-12-12 09:42:12.0000001,11.567429920970076
2011-12-12 09:42:12.0000003,7.779024220059841
2011-12-12 09:42:12.0000005,7.779024220059841
2013-06-27 00:20:40.0000001,20.098480076360865
2013-06-27 00:20:40.0000003,11.271727936612729
2009-02-20 13:34:16.0000001,8.759941136631124
2009-02-20 13:34:16.0000002,12.594211190635148
2009-02-20 13:34:16.0000003,6.146684778409267
2010-08-22 21:14:08.0000001,30.26733734805209
2010-08-22 21:14:08.0000005,16.18835518389995
2010-08-22 21:14:08.0000003,5.040492638666299
2010-08-22 21:14:08.0000002,8.646546223158785
2012-08-06 08:58:08.0000002,5.040492638666299
2012-08-06 08:58:08.0000001,17.063103148398362
2013-11-04 08:34:12.0000003,5.545960089047588
2013-11-04 08:34:12.0000001,10.866218050579675
2013-11-04 08:34:12.0000002,10.504935402397928
2011-06-24 20:34:48.0000002,8.219959544436778
2011-06-24 20:34:48.0000001,18.65538441827142
2011-03-28 20:38:36.0000003,6.927187692326305
2011-03-28 20:38:36.0000004,4.899996357193207
2011-03-28 20:38:36.0000002,8.626254667569254
2011-08-14 20:36:28.0000004,6.706014121743948
2011-08-14 20:36:28.0000001,7.642118886612417
2011-08-14 20:36:28.0000003,20.55692008427321
2011-08-14 20:36:28.0000002,7.345222252611741
2015-02-21 15:52:44.0000004,19.660444900042084
2015-02-21 15:52:44.0000003,9.737211876789413
2015-02-21 15:52:44.0000002,18.278968175958944
2015-02-21 15:52:44.0000001,9.848960099067693
2013-01-29 11:29:52.0000001,10.504935402397928
2014-09-12 19:03:48.0000001,9.577498193552504
2013-11-09 18:52:40.0000004,8.352560685686766
2013-11-09 18:52:40.0000002,13.49905437211425
2013-04-25 16:10:04.0000001,55.87005979746543
2013-04-25 16:10:04.0000002,7.484815111680552
2013-09-07 14:37:52.0000001,8.445218170976002
2013-09-07 14:37:52.0000002,9.737211876789413
2013-09-07 14:37:52.0000003,6.251502989278394
2011-05-21 13:16:20.0000004,5.649786825306072
2011-05-21 13:16:20.0000001,6.1369236376544105
2011-05-21 13:16:20.0000003,9.286761825876827
2011-11-25 16:36:24.0000002,6.481095728488116
2011-11-25 16:36:24.0000001,11.532171886561587
2015-01-31 20:54:04.0000001,6.320981574242098
2010-11-01 23:31:28.0000002,7.79904339308642
2010-11-01 23:31:28.0000001,9.397569348115068
2010-11-01 23:31:28.0000003,10.21045531248984
2011-03-24 15:57:04.0000003,5.040492638666299
2011-03-24 15:57:04.0000001,6.569778394438512
2010-05-10 10:37:04.0000005,6.0602292575984364
2010-05-10 10:37:04.0000002,5.067226456770709
2010-05-10 10:37:04.0000003,8.620391496700396
2010-05-10 10:37:04.0000006,9.425760103098963
2012-06-09 16:53:44.0000002,7.265634542325787
2012-08-22 22:39:20.0000003,18.056054916161504
2012-08-22 22:39:20.0000001,5.637004252624646
2012-12-23 02:29:16.0000001,12.345225710485186
2012-06-30 15:55:12.0000004,11.575826670243233
2012-06-30 15:55:12.0000002,6.9852548555889555
2012-06-30 15:55:12.0000003,11.575826670243233
2012-06-30 15:55:12.0000001,6.518316874719967
2011-10-02 23:36:00.00000056,13.007067897895046
2011-10-02 23:36:00.00000086,15.3813756317988
2011-10-02 23:36:00.00000081,15.019305291860245
2011-10-02 23:36:00.0000009,4.899996357193207
2011-10-02 23:36:00.00000041,12.556106078835203
2011-10-02 23:36:00.00000091,5.040492638666299
2011-10-02 23:36:00.0000008,12.72425246161715
2011-10-02 23:36:00.00000015,26.806663537771044
2011-10-02 23:36:00.00000014,10.271070073738803
2011-10-02 23:36:00.00000047,7.09652872199825
2011-10-02 23:36:00.00000076,7.09652872199825
2011-10-02 23:36:00.00000011,8.373160231995172
2011-10-02 23:36:00.00000075,6.39709390739075
2011-10-02 23:36:00.00000035,7.082152273608531
2011-10-02 23:36:00.00000099,5.993952296946576
2011-10-02 23:36:00.00000062,9.379294751217294
2011-10-02 23:36:00.00000085,8.347364860259077
2011-10-02 23:36:00.00000043,19.464781109332424
2011-10-02 23:36:00.00000071,10.432720548472904
2011-10-02 23:36:00.00000023,6.754311413884331
2011-10-02 23:36:00.00000092,5.728381068663981
2011-10-02 23:36:00.00000037,9.397569348115068
2011-10-02 23:36:00.00000083,11.514880770638758
2011-10-02 23:36:00.00000054,12.514592288432329
2011-10-02 23:36:00.00000073,10.478454124794954
2011-10-02 23:36:00.0000005,7.779024220059841
2011-10-02 23:36:00.00000095,5.560015384602345
2011-10-02 23:36:00.00000088,6.739710525394337
2011-10-02 23:36:00.00000030,8.730714130368685
2011-10-02 23:36:00.0000007,14.19474001895151
2011-10-02 23:36:00.00000013,10.252742461632272
2011-10-02 23:36:00.00000065,25.556244913303875
2011-10-02 23:36:00.00000089,47.52083781754235
2011-10-02 23:36:00.00000096,8.568626912530984
2011-10-02 23:36:00.00000039,8.76717494123714
2011-10-02 23:36:00.00000038,26.97629061389634
2011-10-02 23:36:00.00000067,18.456955956173342
2011-10-02 23:36:00.00000077,9.818199884687122
2011-10-02 23:36:00.00000020,17.734050905789992
2011-10-02 23:36:00.00000063,16.374034583443866
2011-10-02 23:36:00.00000012,8.566692801433653
2011-10-02 23:36:00.00000058,16.005380443257753
2011-10-02 23:36:00.00000026,9.553680653181745
2011-10-02 23:36:00.00000074,20.672864614260156
2011-10-02 23:36:00.00000059,10.855550133209494
2011-10-02 23:36:00.00000090,14.604731774288757
2011-10-02 23:36:00.0000004,36.020428943988335
2011-10-02 23:36:00.0000003,15.017778690914128
2011-10-02 23:36:00.00000021,17.53786460614112
2011-10-02 23:36:00.00000097,7.779024220059841
2011-10-02 23:36:00.00000036,16.101184894720767
2011-10-02 23:36:00.00000024,20.71846018106098
2011-10-02 23:36:00.00000082,47.52083781754235
2011-10-02 23:36:00.000000100,9.347424019837062
2011-10-02 23:36:00.00000040,5.040492638666299
2011-10-02 23:36:00.00000022,4.914036785516773
2013-03-21 12:47:28.0000006,12.623379112034383
2013-03-21 12:47:28.0000008,10.283134119704702
2013-03-21 12:47:28.0000003,13.685716884867816
2013-03-21 12:47:28.0000005,6.4503760008980136
2013-03-21 12:47:28.0000002,7.484815111680552
2013-06-07 03:02:56.0000002,18.489602802104105
2013-06-07 03:02:56.0000001,8.091903277076302
2010-09-05 22:31:32.0000002,26.81675623566199
2013-07-12 23:33:24.0000001,9.70927574295918
2009-12-03 02:32:08.0000001,20.71769756493959
2009-10-15 03:50:36.0000001,6.408370604381633
2011-09-25 22:36:32.0000002,21.58220336116033
2011-09-25 22:36:32.0000001,10.349170912859062
2015-06-08 20:02:56.0000001,10.040400698397079
2014-07-16 08:03:32.0000002,11.803139027667566
2014-07-16 08:03:32.0000001,13.650508008551123
2011-12-15 13:14:32.0000002,8.554394320080453
2011-12-15 13:14:32.0000001,5.626494053418059
2011-10-11 22:13:48.0000002,14.225381738399562
2011-10-11 22:13:48.0000005,9.258979124300621
2011-10-11 22:13:48.0000003,7.863514452217454
2013-09-14 16:53:20.0000001,10.01754077619647
2013-09-14 16:53:20.0000002,11.77082069962854
2014-02-06 09:09:56.0000004,5.631838710569131
2014-02-06 09:09:56.0000003,5.570155969007919
2014-02-06 09:09:56.0000001,5.098009270804032
2009-06-10 16:55:00.00000081,28.310230229173623
2009-06-10 16:55:00.00000029,5.040492638666299
2009-06-10 16:55:00.000000109,8.163591936844291
2009-06-10 16:55:00.00000098,47.31576882151711
2009-06-10 16:55:00.00000054,10.961864663305228
2009-06-10 16:55:00.00000021,28.90392560270239
2009-06-10 16:55:00.00000012,7.061221572067472
2009-06-10 16:55:00.00000033,5.3818768886268815
2009-06-10 16:55:00.00000024,9.305892106307976
2009-06-10 16:55:00.00000099,9.77371312851015
2009-06-10 16:55:00.0000009,6.927187692326305
2009-06-10 16:55:00.000000158,5.236554652208352
2009-06-10 16:55:00.000000141,5.040492638666299
2009-06-10 16:55:00.00000093,6.9852548555889555
2009-06-10 16:55:00.000000161,9.77371312851015
2009-06-10 16:55:00.00000088,5.232252179959768
2009-06-10 16:55:00.0000003,7.664454176089582
2009-06-10 16:55:00.00000018,5.357745943241842
2009-06-10 16:55:00.00000047,6.825369452662878
2009-06-10 16:55:00.000000154,9.64410828078321
2009-06-10 16:55:00.000000131,9.131155700930842
2009-06-10 16:55:00.00000046,11.575826670243233
2009-06-10 16:55:00.0000004,6.083635019827851
2009-06-10 16:55:00.000000107,7.4459636822664645
2009-06-10 16:55:00.000000114,6.798277991650591
2009-06-10 16:55:00.000000117,8.20167336852687
2009-06-10 16:55:00.000000162,9.77371312851015
2009-06-10 16:55:00.00000049,11.295718279365904
2009-06-10 16:55:00.00000069,8.102243648494007
2009-06-10 16:55:00.000000111,7.642118886612417
2009-06-10 16:55:00.00000083,4.776391278081455
2009-06-10 16:55:00.000000166,55.481315592988494
2009-06-10 16:55:00.000000135,9.34073277087499
2009-06-10 16:55:00.00000044,30.215081105383916
2009-06-10 16:55:00.00000085,6.881774377513146
2009-06-10 16:55:00.000000115,5.526194953802452
2009-06-10 16:55:00.000000108,5.710669736889061
2009-06-10 16:55:00.00000034,5.710669736889061
2009-06-10 16:55:00.00000060,14.073207951465928
2009-06-10 16:55:00.000000120,5.596168366190152
2009-06-10 16:55:00.000000174,30.66598537114674
2009-06-10 16:55:00.0000007,6.825369452662878
2009-06-10 16:55:00.000000159,8.39119138510976
2009-06-10 16:55:00.000000171,23.41136587564072
2009-06-10 16:55:00.000000145,10.89435307675293
2009-06-10 16:55:00.00000074,7.642118886612417
2009-06-10 16:55:00.000000138,11.15234519705729
2009-06-10 16:55:00.00000048,5.526194953802452
2009-06-10 16:55:00.000000101,5.400497907269119
2009-06-10 16:55:00.000000153,4.929672538656087
2009-06-10 16:55:00.0000002,6.891812670680243
2009-06-10 16:55:00.00000037,8.39119138510976
2009-06-10 16:55:00.000000151,9.286761825876827
2009-06-10 16:55:00.000000127,26.487154086202004
2009-06-10 16:55:00.000000144,36.73682912377653
2009-06-10 16:55:00.000000165,12.456809360782168
2009-06-10 16:55:00.0000008,5.040492638666299
2009-06-10 16:55:00.000000122,7.664454176089582
2009-06-10 16:55:00.00000055,27.65011514934048
2009-06-10 16:55:00.00000079,4.804034357507094
2009-06-10 16:55:00.00000016,15.922239651686692
2009-06-10 16:55:00.000000160,17.7343774274323
2009-06-10 16:55:00.000000139,5.040492638666299
2009-06-10 16:55:00.00000075,5.526194953802452
2009-06-10 16:55:00.00000017,6.927187692326305
2009-06-10 16:55:00.00000070,5.526194953802452
2009-06-10 16:55:00.000000118,10.979792107041206
2009-06-10 16:55:00.00000066,11.004785356677708
2009-06-10 16:55:00.000000164,5.625599991872222
2009-06-10 16:55:00.000000100,9.918711211163068
2009-06-10 16:55:00.00000082,8.102243648494007
2009-06-10 16:55:00.00000090,12.361453613002602
2009-06-10 16:55:00.000000125,11.473987870207777
2009-06-10 16:55:00.000000149,6.860786419240888
2009-06-10 16:55:00.00000068,11.473987870207777
2009-06-10 16:55:00.00000039,5.4774755946260605
2009-06-10 16:55:00.000000124,4.836703606760864
2009-06-10 16:55:00.00000053,5.19025545806474
2009-06-10 16:55:00.00000045,7.642118886612417
2009-06-10 16:55:00.000000102,5.787168091487446
2009-06-10 16:55:00.000000140,6.329769240672651
2009-06-10 16:55:00.000000148,6.9852548555889555
2009-06-10 16:55:00.000000147,5.526194953802452
2009-06-10 16:55:00.00000097,6.9852548555889555
2009-06-10 16:55:00.00000094,6.9852548555889555
2009-06-10 16:55:00.00000078,8.262061908419613
2009-06-10 16:55:00.00000035,6.0602292575984364
2009-06-10 16:55:00.00000072,7.1389101109073225
2009-06-10 16:55:00.00000031,5.486081704113987
2009-06-10 16:55:00.00000056,6.970878407199237
2009-06-10 16:55:00.000000128,17.632966018812496
2009-06-10 16:55:00.00000057,6.146684778409267
2009-06-10 16:55:00.00000030,7.629371477710063
2009-06-10 16:55:00.00000043,10.672270566186807
2009-06-10 16:55:00.000000146,7.928379061718284
2009-06-10 16:55:00.00000010,7.265634542325787
2009-06-10 16:55:00.00000067,10.414725017858611
2009-06-10 16:55:00.000000119,5.526194953802452
2009-06-10 16:55:00.00000076,15.548781097837566
2009-06-10 16:55:00.00000025,6.9852548555889555
2009-06-10 16:55:00.00000071,17.593442727842106
2009-06-10 16:55:00.000000143,8.39119138510976
2013-06-26 11:19:36.0000002,4.827101914125454
2014-09-05 10:02:48.0000004,5.098009270804032
2014-09-05 10:02:48.0000002,8.352560685686766
2014-09-05 10:02:48.0000001,37.28266270592912
2014-09-05 10:02:48.0000003,8.906473094294686
2012-09-19 12:31:40.0000001,8.601975816742511
2012-09-19 12:31:40.0000002,6.041981252422611
2009-03-22 04:31:40.0000002,19.09478603771141
2009-08-27 02:31:44.0000001,20.064617234858662
2009-05-02 20:11:32.0000001,10.286937847555214
2009-05-02 20:11:32.0000004,8.626254667569254
2011-02-20 02:31:16.0000002,7.606843643339441
2011-02-20 02:31:16.0000001,20.41929070475404
2011-06-24 12:03:00.00000010,5.526194953802452
2011-06-24 12:03:00.00000067,11.916742167555075
2011-06-24 12:03:00.00000071,11.473987870207777
2011-06-24 12:03:00.000000100,6.0602292575984364
2011-06-24 12:03:00.000000145,9.131155700930842
2011-06-24 12:03:00.000000152,8.32744585878348
2011-06-24 12:03:00.00000026,12.55004292632345
2011-06-24 12:03:00.000000199,5.040492638666299
2011-06-24 12:03:00.000000195,5.4241748676972845
2011-06-24 12:03:00.000000119,5.526194953802452
2011-06-24 12:03:00.00000086,9.131155700930842
2011-06-24 12:03:00.00000012,6.53519355023794
2011-06-24 12:03:00.00000097,17.142774174278195
2011-06-24 12:03:00.00000058,5.040492638666299
2011-06-24 12:03:00.000000176,4.963159459910392
2011-06-24 12:03:00.000000139,4.757585793058761
2011-06-24 12:03:00.00000048,6.9852548555889555
2011-06-24 12:03:00.000000159,6.719571741829687
2011-06-24 12:03:00.00000079,6.146684778409267
2011-06-24 12:03:00.000000138,6.878422818411265
2011-06-24 12:03:00.000000135,11.004785356677708
2011-06-24 12:03:00.000000173,9.131155700930842
2011-06-24 12:03:00.000000162,11.438729835799288
2011-06-24 12:03:00.00000018,9.305892106307976
2011-06-24 12:03:00.000000136,5.717415741025852
2011-06-24 12:03:00.000000185,7.3314329329944075
2011-06-24 12:03:00.00000069,5.744334487104089
2011-06-24 12:03:00.000000105,6.970878407199237
2011-06-24 12:03:00.000000180,6.004998722168584
2011-06-24 12:03:00.00000053,9.34073277087499
2011-06-24 12:03:00.000000142,6.970878407199237
2011-06-24 12:03:00.000000188,9.64410828078321
2011-06-24 12:03:00.00000089,4.757585793058761
2011-06-24 12:03:00.000000109,6.907019318633369
2011-06-24 12:03:00.00000074,6.473184506204063
2011-06-24 12:03:00.000000113,9.77371312851015
2011-06-24 12:03:00.00000044,5.468229273736972
2011-06-24 12:03:00.000000183,5.4774755946260605
2011-06-24 12:03:00.00000047,9.131155700930842
2011-06-24 12:03:00.0000006,8.869992795339694
2011-06-24 12:03:00.0000005,8.262061908419613
2011-06-24 12:03:00.000000200,9.286761825876827
2011-06-24 12:03:00.000000127,8.32744585878348
2011-06-24 12:03:00.000000120,10.89435307675293
2011-06-24 12:03:00.000000133,5.4774755946260605
2011-06-24 12:03:00.00000073,6.039522144977285
2011-06-24 12:03:00.000000101,5.040492638666299
2011-06-24 12:03:00.000000187,9.77371312851015
2011-06-24 12:03:00.000000122,8.39119138510976
2011-06-24 12:03:00.000000175,6.210551495215469
2011-06-24 12:03:00.000000154,10.89435307675293
2011-06-24 12:03:00.000000197,8.32744585878348
2011-06-24 12:03:00.00000017,8.32744585878348
2011-06-24 12:03:00.000000186,9.738240590812463
2011-06-24 12:03:00.00000020,8.669431497236749
2011-06-24 12:03:00.00000035,10.89435307675293
2011-06-24 12:03:00.000000193,8.32744585878348
2011-06-24 12:03:00.000000201,6.9852548555889555
2011-06-24 12:03:00.00000054,25.247895839630996
2011-06-24 12:03:00.00000075,6.9852548555889555
2011-06-24 12:03:00.000000114,8.262061908419613
2011-06-24 12:03:00.00000062,25.907317040776626
2011-06-24 12:03:00.00000055,27.144485631645132
2011-06-24 12:03:00.00000025,6.0602292575984364
2011-06-24 12:03:00.00000022,5.625599991872222
2011-06-24 12:03:00.000000144,12.8323627036966
2011-06-24 12:03:00.000000177,5.526194953802452
2011-06-24 12:03:00.000000124,6.0602292575984364
2011-06-24 12:03:00.00000094,4.914036785516773
2011-06-24 12:03:00.00000041,6.1369236376544105
2011-06-24 12:03:00.000000141,6.083635019827851
2011-06-24 12:03:00.00000092,7.664454176089582
2011-06-24 12:03:00.000000189,17.7343774274323
2011-06-24 12:03:00.000000171,11.295718279365904
2011-06-24 12:03:00.000000157,6.146684778409267
2011-06-24 12:03:00.000000179,7.664454176089582
2011-06-24 12:03:00.000000107,10.961864663305228
2011-06-24 12:03:00.00000095,15.780066511172276
2011-06-24 12:03:00.00000076,11.4283210864341
2011-06-24 12:03:00.000000156,7.172355349174642
2011-06-24 12:03:00.000000111,30.19310229536047
2011-06-24 12:03:00.000000116,7.7564372627289035
2011-06-24 12:03:00.00000033,9.95763998717742
2011-06-24 12:03:00.00000082,5.040492638666299
2011-06-24 12:03:00.00000078,5.710669736889061
2011-06-24 12:03:00.00000051,9.131155700930842
2011-06-24 12:03:00.000000143,10.89435307675293
2011-06-24 12:03:00.000000126,12.594211190635148
2011-06-24 12:03:00.00000088,9.286761825876827
2011-06-24 12:03:00.000000191,17.593442727842106
2011-06-24 12:03:00.00000063,12.619373284617465
2011-06-24 12:03:00.00000045,13.882934806351434
2011-06-24 12:03:00.00000060,6.970878407199237
2011-06-24 12:03:00.00000040,30.561715024689164
2011-06-24 12:03:00.00000057,8.39119138510976
2011-06-24 12:03:00.00000013,5.232252179959768
2011-06-24 12:03:00.00000068,30.441540945733454
2011-06-24 12:03:00.000000165,4.771626221382324
2011-06-24 12:03:00.00000056,5.222895148305938
2011-06-24 12:03:00.000000150,7.567466610589703
2011-06-24 12:03:00.00000052,5.040492638666299
2011-06-24 12:03:00.00000085,47.363639170539756
2011-06-24 12:03:00.000000190,6.860786419240888
2011-06-24 12:03:00.00000072,6.825115688234412
2011-06-24 12:03:00.000000137,5.040492638666299
2011-06-24 12:03:00.000000102,6.083635019827851
2011-06-24 12:03:00.000000106,7.061221572067472
2011-06-24 12:03:00.000000118,5.040492638666299
2011-06-24 12:03:00.00000046,12.55004292632345
2011-06-24 12:03:00.000000110,11.438729835799288
2011-06-24 12:03:00.000000181,5.461137858250486
2011-06-24 12:03:00.000000194,5.526194953802452
2011-06-24 12:03:00.00000061,11.804427789534902
2011-06-24 12:03:00.0000001,8.92268484899447
2011-06-24 12:03:00.00000087,9.265831656480682
2011-06-24 12:03:00.00000066,5.4774755946260605
2011-06-24 12:03:00.000000146,6.569778394438512
2011-06-24 12:03:00.000000149,47.363639170539756
2011-06-24 12:03:00.00000038,9.950258792021645
2011-06-24 12:03:00.000000196,6.9852548555889555
2011-06-24 12:03:00.00000093,6.9852548555889555
2011-06-24 12:03:00.000000170,5.526194953802452
2011-06-24 12:03:00.000000168,8.417005005845718
2011-06-24 12:03:00.0000002,12.499277525114213
2011-06-24 12:03:00.00000042,12.594211190635148
2014-06-15 07:06:00.0000006,5.098009270804032
2014-06-15 07:06:00.00000037,8.56879804826592
2014-06-15 07:06:00.00000025,7.0544238739743665
2014-06-15 07:06:00.0000008,10.222055606531045
2014-06-15 07:06:00.00000036,41.590380640758035
2014-06-15 07:06:00.00000042,22.72401044187241
2014-06-15 07:06:00.00000033,5.098009270804032
2014-06-15 07:06:00.00000013,10.041999694298337
2014-06-15 07:06:00.00000035,55.87005979746543
2014-06-15 07:06:00.00000030,10.301043646186038
2014-06-15 07:06:00.00000024,8.091903277076302
2014-06-15 07:06:00.00000031,10.222055606531045
2014-06-15 07:06:00.0000009,15.355443200924862
2014-06-15 07:06:00.00000039,55.87005979746543
2014-06-15 07:06:00.00000010,5.098009270804032
2014-06-15 07:06:00.00000019,15.622315813667388
2014-06-15 07:06:00.00000041,7.755037438830485
2014-06-15 07:06:00.00000028,17.29836051409807
2014-06-15 07:06:00.00000014,55.35622957125228
2014-06-15 07:06:00.0000003,14.353817981498556
2014-06-15 07:06:00.00000017,55.87005979746543
2014-06-15 07:06:00.00000015,17.9389761984647
2014-06-15 07:06:00.00000026,6.4117681920597445
2014-06-15 07:06:00.0000002,14.378971385661703
2014-06-15 07:06:00.00000040,5.545960089047588
2014-06-15 07:06:00.00000016,6.4117681920597445
2014-06-06 16:22:20.0000003,5.098009270804032
2014-06-06 16:22:20.0000002,7.857879452206193
2015-05-30 21:29:04.0000004,12.802247198696765
2015-05-30 21:29:04.0000007,17.117086021092383
2015-05-30 21:29:04.0000003,11.11685542508874
2015-05-30 21:29:04.0000001,8.15338952136569
2009-10-26 12:01:36.0000001,9.97098561588812
2009-10-26 12:01:36.0000002,7.779024220059841
2009-10-26 12:01:36.0000005,6.408370604381633
2009-10-26 12:01:36.0000003,6.7841786497458205
2013-02-02 15:45:08.0000003,8.297420250014769
2013-02-02 15:45:08.0000001,10.493177860140152
2013-02-02 15:45:08.0000002,10.360421870085656
2015-04-15 06:47:04.0000001,9.070815874294984
2015-04-15 06:47:04.0000002,11.464683463753117
2010-12-14 23:27:36.0000001,6.408370604381633
2009-03-05 11:03:04.0000002,5.040492638666299
2009-03-05 11:03:04.0000001,12.55004292632345
2013-07-18 12:23:40.0000003,4.860425916619737
2013-07-18 12:23:40.0000002,5.098009270804032
2013-07-18 12:23:40.0000001,7.774766719374296
2014-04-14 13:48:32.0000004,9.879778891444204
2014-04-14 13:48:32.0000003,5.098009270804032
2014-08-18 05:33:08.0000001,8.939856496891453
2012-01-28 03:14:28.0000001,29.305135730208157
2009-09-14 02:19:00.00000014,10.648080294534491
2009-09-14 02:19:00.00000035,9.609406280949743
2009-09-14 02:19:00.00000040,7.779652377939675
2009-09-14 02:19:00.00000031,5.067226456770709
2009-09-14 02:19:00.0000003,5.040492638666299
2009-09-14 02:19:00.00000025,8.702538543669293
2009-09-14 02:19:00.0000008,7.839807612634436
2009-09-14 02:19:00.00000024,11.249234106552297
2009-09-14 02:19:00.00000021,8.691652246647353
2009-09-14 02:19:00.00000036,10.19693607232502
2009-09-14 02:19:00.0000009,50.180966219760215
2009-09-14 02:19:00.0000001,8.7170993712032
2009-09-14 02:19:00.00000018,5.040492638666299
2009-09-14 02:19:00.00000039,7.221762953752926
2009-09-14 02:19:00.0000002,14.634431809313483
2009-09-14 02:19:00.00000038,9.620334406960975
2009-09-14 02:19:00.00000020,18.016259703630965
2009-09-14 02:19:00.00000028,7.529093837897537
2009-09-14 02:19:00.00000026,20.35327883405707
2009-09-14 02:19:00.00000017,8.074137352019381
2009-09-14 02:19:00.00000030,7.908061459629532
2009-09-14 02:19:00.00000016,6.361123681957906
2009-09-14 02:19:00.0000006,7.827255848578932
2009-09-14 02:19:00.0000007,8.7170993712032
2011-08-14 14:17:28.0000003,8.276187122222474
2011-08-14 14:17:28.0000001,5.539841620817438
2011-08-14 14:17:28.0000004,6.53519355023794
2011-08-14 14:17:28.0000002,5.944588881558135
2011-08-14 14:17:28.0000005,13.401116979052611
2014-03-17 16:07:56.0000002,55.87005979746543
2010-11-03 21:09:56.0000002,5.728381068663981
2010-11-03 21:09:56.0000001,11.294690826691868
2012-12-11 23:37:08.0000002,8.9337525825282
2012-12-11 23:37:08.0000005,8.90773907775415
2012-12-11 23:37:08.0000004,7.283882918930525
2012-12-11 23:37:08.0000006,8.930118700129047
2012-12-11 23:37:08.0000003,5.040492638666299
2012-12-11 23:37:08.0000001,14.479078707401346
2015-06-24 14:19:52.0000001,12.08126618517665
2015-06-24 14:19:52.0000002,55.80599659871427
2015-06-24 14:19:52.0000004,7.456435678801829
2010-08-21 22:21:32.0000004,13.740500119457085
2011-02-19 10:20:28.0000003,4.995825899099605
2011-02-19 10:20:28.0000002,12.4056218773143
2011-02-19 10:20:28.0000001,7.294905962082105
2011-02-19 10:20:28.0000004,8.37944524616086
2011-10-02 22:31:44.0000004,9.397569348115068
2011-10-02 22:31:44.0000002,19.916254803078562
2011-10-02 22:31:44.0000003,16.797330848281028
2012-01-26 11:17:36.0000002,5.040492638666299
2012-05-06 23:37:24.0000002,21.49679036772235
2012-05-06 23:37:24.0000001,21.97865812235262
2013-06-12 20:03:36.0000001,8.297420250014769
2013-06-12 20:03:36.0000002,55.792501884301274
2015-02-27 14:15:52.0000003,82.951597899667
2013-12-21 17:20:32.0000001,10.449164333802774
2009-06-29 08:09:40.0000002,9.677076218416614
2009-06-29 08:09:40.0000001,12.53404320295635
2014-09-14 17:22:12.0000002,7.690483506181403
2014-09-14 17:22:12.0000001,11.803139027667566
2014-09-14 17:22:12.0000003,16.954496003986804
2014-09-14 17:22:12.0000005,7.878509126789024
2014-08-20 14:37:56.0000001,14.516410032700174
2011-07-20 16:34:48.0000001,4.987831775623464
2011-07-20 16:34:48.0000003,6.1369236376544105
2009-10-05 10:11:32.0000001,7.09652872199825
2009-10-05 10:11:32.0000002,14.262987079530422
2011-02-16 08:44:04.0000001,14.231217933207699
2011-02-16 08:44:04.0000007,7.897342799563799
2011-02-16 08:44:04.0000004,8.39119138510976
2011-02-16 08:44:04.0000003,5.710669736889061
2011-02-16 08:44:04.0000002,5.300192826863569
2011-02-16 08:44:04.0000006,17.593442727842106
2011-02-16 08:44:04.0000005,6.860786419240888
2009-01-01 11:04:24.0000002,5.526194953802452
2014-04-28 19:46:36.0000003,8.352560685686766
2012-11-11 20:35:40.0000001,38.367604593729745
2012-11-11 20:35:40.0000002,9.169437619101311
2011-06-01 07:37:00.000000171,8.796334188077546
2011-06-01 07:37:00.000000199,6.867395875522985
2011-06-01 07:37:00.00000032,5.526194953802452
2011-06-01 07:37:00.000000175,7.676742672577423
2011-06-01 07:37:00.00000095,6.0602292575984364
2011-06-01 07:37:00.000000106,5.4774755946260605
2011-06-01 07:37:00.00000090,8.765341024662165
2011-06-01 07:37:00.000000169,14.961098885558972
2011-06-01 07:37:00.0000007,5.067226456770709
2011-06-01 07:37:00.000000151,14.37387714483538
2011-06-01 07:37:00.000000101,5.526194953802452
2011-06-01 07:37:00.00000099,28.02013949581439
2011-06-01 07:37:00.00000084,5.040492638666299
2011-06-01 07:37:00.00000083,5.067226456770709
2011-06-01 07:37:00.00000043,6.740930182179935
2011-06-01 07:37:00.00000029,5.526194953802452
2011-06-01 07:37:00.000000132,18.685627313424575
2011-06-01 07:37:00.000000208,6.699333144207233
2011-06-01 07:37:00.000000221,5.31621019243694
2011-06-01 07:37:00.000000131,5.526194953802452
2011-06-01 07:37:00.000000220,6.867395875522985
2011-06-01 07:37:00.000000207,7.2468254508609125
2011-06-01 07:37:00.000000205,4.776391278081455
2011-06-01 07:37:00.000000180,7.304876286833962
2011-06-01 07:37:00.000000103,10.574238984895326
2011-06-01 07:37:00.00000098,28.132248236527026
2011-06-01 07:37:00.000000189,7.474990042512474
2011-06-01 07:37:00.000000165,5.38903641211297
2011-06-01 07:37:00.000000184,35.45029175017741
2011-06-01 07:37:00.00000092,6.146684778409267
2011-06-01 07:37:00.00000020,8.714025992651912
2011-06-01 07:37:00.000000105,7.317623695736314
2011-06-01 07:37:00.00000088,9.578166486129813
2011-06-01 07:37:00.000000122,7.317623695736314
2011-06-01 07:37:00.000000219,12.517136823990493
2011-06-01 07:37:00.000000222,7.337377415381132
2011-06-01 07:37:00.00000049,7.337377415381132
2011-06-01 07:37:00.000000114,5.067226456770709
2011-06-01 07:37:00.000000181,5.067226456770709
2011-06-01 07:37:00.000000144,47.20390817802737
2011-06-01 07:37:00.000000155,7.317623695736314
2011-06-01 07:37:00.000000118,6.809328712260333
2011-06-01 07:37:00.000000142,6.0602292575984364
2011-06-01 07:37:00.000000223,7.304876286833962
2011-06-01 07:37:00.00000057,6.583873065504403
2011-06-01 07:37:00.000000168,4.963159459910392
2011-06-01 07:37:00.000000226,7.317623695736314
2011-06-01 07:37:00.000000177,12.26877067054128
2011-06-01 07:37:00.000000185,27.60574216415086
2011-06-01 07:37:00.000000178,13.944121714996959
2011-06-01 07:37:00.000000140,8.783913152836957
2011-06-01 07:37:00.000000141,11.074179830085498
2011-06-01 07:37:00.00000045,7.936967729847451
2011-06-01 07:37:00.00000086,7.337377415381132
2011-06-01 07:37:00.000000145,6.519217334463903
2011-06-01 07:37:00.00000037,8.224605701873177
2011-06-01 07:37:00.00000094,7.038495136517635
2011-06-01 07:37:00.00000082,5.644883870586313
2011-06-01 07:37:00.000000179,9.547512519522797
2011-06-01 07:37:00.000000197,6.504336815144359
2011-06-01 07:37:00.000000154,12.890701599077627
2011-06-01 07:37:00.00000019,9.58844847428453
2011-06-01 07:37:00.00000075,6.039522144977285
2011-06-01 07:37:00.000000110,12.309187108282645
2011-06-01 07:37:00.00000078,5.31621019243694
2011-06-01 07:37:00.000000146,7.317623695736314
2011-06-01 07:37:00.000000143,8.243560648566541
2011-06-01 07:37:00.000000227,12.945928347133579
2011-06-01 07:37:00.00000070,5.040492638666299
2011-06-01 07:37:00.000000176,7.317623695736314
2011-06-01 07:37:00.000000217,8.209490561761772
2011-06-01 07:37:00.00000026,6.867395875522985
2011-06-01 07:37:00.000000209,7.038495136517635
2011-06-01 07:37:00.000000183,8.765341024662165
2011-06-01 07:37:00.000000210,5.990653240839859
2011-06-01 07:37:00.00000060,9.625282949291641
2011-06-01 07:37:00.000000174,6.867395875522985
2011-06-01 07:37:00.000000203,9.63662985508633
2011-06-01 07:37:00.000000139,7.317623695736314
2011-06-01 07:37:00.000000162,7.662121982192747
2011-06-01 07:37:00.000000125,7.570403035811512
2011-06-01 07:37:00.000000198,8.699465165118005
2011-06-01 07:37:00.00000055,11.843614673494702
2011-06-01 07:37:00.00000016,7.069458612227942
2011-06-01 07:37:00.00000027,7.956701845629247
2011-06-01 07:37:00.00000053,18.63080835203565
2011-06-01 07:37:00.000000201,30.464872302085745
2011-06-01 07:37:00.000000138,5.526194953802452
2011-06-01 07:37:00.00000077,4.899996357193207
2011-06-01 07:37:00.00000022,7.760330742232108
2011-06-01 07:37:00.000000182,9.67977047878455
2011-06-01 07:37:00.000000163,7.092234355001253
2011-06-01 07:37:00.000000204,9.54530785058631
2011-06-01 07:37:00.000000137,8.243560648566541
2011-06-01 07:37:00.000000152,7.317623695736314
2011-06-01 07:37:00.00000048,7.386996523585151
2011-06-01 07:37:00.00000025,8.064810201411465
2011-06-01 07:37:00.000000100,14.991435813666277
2011-06-01 07:37:00.00000015,5.040492638666299
2011-06-01 07:37:00.00000097,17.589801310591202
2011-06-01 07:37:00.000000127,8.699465165118005
2011-06-01 07:37:00.000000170,5.526194953802452
2011-06-01 07:37:00.00000091,14.05328249453963
2011-06-01 07:37:00.000000109,7.882589857173589
2011-06-01 07:37:00.00000028,8.224605701873177
2011-06-01 07:37:00.000000129,19.787809170033352
2011-06-01 07:37:00.000000158,5.040492638666299
2011-06-01 07:37:00.0000005,5.214901024829797
2011-06-01 07:37:00.00000034,7.959980791070483
2011-06-01 07:37:00.000000107,7.654437552600936
2011-06-01 07:37:00.00000036,6.0602292575984364
2011-06-01 07:37:00.00000046,8.192742856500887
2011-06-01 07:37:00.000000108,5.040492638666299
2011-06-01 07:37:00.0000008,7.654437552600936
2011-06-01 07:37:00.000000212,9.177678494182732
2011-06-01 07:37:00.00000068,7.9683825048583135
2011-06-01 07:37:00.00000065,5.910467767067781
2011-06-01 07:37:00.000000116,5.040492638666299
2011-06-01 07:37:00.000000196,7.337377415381132
2011-06-01 07:37:00.000000172,10.379679875853016
2011-06-01 07:37:00.00000059,12.792608325518078
2011-06-01 07:37:00.000000167,4.757585793058761
2011-06-01 07:37:00.00000058,7.337377415381132
2011-06-01 07:37:00.00000061,5.040492638666299
2011-06-01 07:37:00.000000156,15.498405864067468
2011-06-01 07:37:00.000000128,8.28692174955895
2011-06-01 07:37:00.00000079,5.526194953802452
2011-06-01 07:37:00.000000206,7.654437552600936
2011-06-01 07:37:00.00000069,6.867395875522985
2011-06-01 07:37:00.000000190,6.84185992215207
2011-06-01 07:37:00.000000112,5.300192826863569
2011-06-01 07:37:00.000000104,5.526194953802452
2011-06-01 07:37:00.000000194,5.4897931790057655
2011-06-01 07:37:00.0000002,5.597022198110495
2011-06-01 07:37:00.00000044,6.1369236376544105
2011-06-01 07:37:00.00000010,7.91666761674053
2011-06-01 07:37:00.000000157,18.67936250019934
2011-06-01 07:37:00.000000147,6.867395875522985
2011-06-01 07:37:00.000000120,5.4897931790057655
2011-06-01 07:37:00.000000149,10.264412104885658
2011-06-01 07:37:00.000000119,7.939680677963564
2011-06-01 07:37:00.00000023,5.526194953802452
2011-06-01 07:37:00.00000017,8.765341024662165
2011-06-01 07:37:00.00000038,15.519544787220791
2011-06-01 07:37:00.000000113,8.004400181279975
2011-06-01 07:37:00.000000211,8.28692174955895
2011-06-01 07:37:00.00000051,7.132443828861935
2011-06-01 07:37:00.00000054,7.317623695736314
2011-06-01 07:37:00.000000186,9.70515040725604
2009-02-16 03:13:40.0000001,8.336683916339855
2010-08-27 18:45:00.000000234,5.040492638666299
2010-08-27 18:45:00.00000057,6.840757042628281
2010-08-27 18:45:00.00000039,11.916742167555075
2010-08-27 18:45:00.000000161,7.120895095706098
2010-08-27 18:45:00.000000220,9.594154982651267
2010-08-27 18:45:00.00000028,9.305892106307976
2010-08-27 18:45:00.00000014,12.619373284617465
2010-08-27 18:45:00.000000226,12.881471291427644
2010-08-27 18:45:00.000000175,5.7480541171518365
2010-08-27 18:45:00.00000040,19.326352092309964
2010-08-27 18:45:00.000000144,14.697153853919279
2010-08-27 18:45:00.00000085,10.171135874127962
2010-08-27 18:45:00.000000194,29.337889665229216
2010-08-27 18:45:00.00000094,7.664454176089582
2010-08-27 18:45:00.000000141,15.840212792519072
2010-08-27 18:45:00.00000067,4.917797368454165
2010-08-27 18:45:00.000000231,6.6101815220895235
2010-08-27 18:45:00.000000214,10.484369205717233
2010-08-27 18:45:00.00000037,14.710489713777033
2010-08-27 18:45:00.000000165,5.344188807994743
2010-08-27 18:45:00.000000158,5.839053146919051
2010-08-27 18:45:00.000000217,7.061221572067472
2010-08-27 18:45:00.00000090,14.070286557153361
2010-08-27 18:45:00.000000142,8.276187122222474
2010-08-27 18:45:00.0000004,7.314072953617871
2010-08-27 18:45:00.00000070,5.040492638666299
2010-08-27 18:45:00.000000202,7.642118886612417
2010-08-27 18:45:00.000000177,7.071926832171831
2010-08-27 18:45:00.00000084,12.55004292632345
2010-08-27 18:45:00.000000209,9.879432108168077
2010-08-27 18:45:00.000000184,31.564328356929753
2010-08-27 18:45:00.000000173,7.642118886612417
2010-08-27 18:45:00.00000029,5.089813449115776
2010-08-27 18:45:00.00000025,5.539841620817438
2010-08-27 18:45:00.00000012,5.040492638666299
2010-08-27 18:45:00.00000010,5.040492638666299
2010-08-27 18:45:00.000000136,8.32744585878348
2010-08-27 18:45:00.00000073,10.961864663305228
2010-08-27 18:45:00.000000124,6.9350172179344725
2010-08-27 18:45:00.000000125,5.6059007432440415
2010-08-27 18:45:00.000000169,4.943221177926661
2010-08-27 18:45:00.000000208,5.040492638666299
2010-08-27 18:45:00.000000152,5.955442088240028
2010-08-27 18:45:00.000000196,9.131155700930842
2010-08-27 18:45:00.0000005,11.575826670243233
2010-08-27 18:45:00.00000077,5.539841620817438
2010-08-27 18:45:00.000000123,6.240672448460779
2010-08-27 18:45:00.00000046,9.77371312851015
2010-08-27 18:45:00.00000033,6.240672448460779
2010-08-27 18:45:00.000000166,12.098158168525861
2010-08-27 18:45:00.000000190,6.026789255360804
2010-08-27 18:45:00.00000043,7.540794389046647
2010-08-27 18:45:00.00000081,5.539841620817438
2010-08-27 18:45:00.00000034,9.286761825876827
2010-08-27 18:45:00.00000089,17.7343774274323
2010-08-27 18:45:00.000000189,5.491122261641046
2010-08-27 18:45:00.00000078,7.265634542325787
2010-08-27 18:45:00.00000053,11.949664253258216
2010-08-27 18:45:00.000000188,6.9852548555889555
2010-08-27 18:45:00.00000071,7.642118886612417
2010-08-27 18:45:00.00000097,16.18835518389995
2010-08-27 18:45:00.00000031,6.240672448460779
2010-08-27 18:45:00.000000101,11.916742167555075
2010-08-27 18:45:00.000000140,5.539841620817438
2010-08-27 18:45:00.00000054,27.06500066414784
2010-08-27 18:45:00.0000006,9.305892106307976
2010-08-27 18:45:00.00000011,6.9852548555889555
2010-08-27 18:45:00.00000055,6.9350172179344725
2010-08-27 18:45:00.000000160,10.89435307675293
2010-08-27 18:45:00.00000024,10.961864663305228
2010-08-27 18:45:00.000000106,5.1200257795008
2010-08-27 18:45:00.000000131,5.687966914723105
2010-08-27 18:45:00.00000087,12.361453613002602
2010-08-27 18:45:00.000000110,9.756383685782854
2010-08-27 18:45:00.000000197,11.512430088091602
2010-08-27 18:45:00.00000066,8.39119138510976
2010-08-27 18:45:00.000000205,11.366992619981463
2010-08-27 18:45:00.00000086,5.665647211999941
2010-08-27 18:45:00.000000207,7.467247334400213
2010-08-27 18:45:00.00000068,13.312340029013336
2010-08-27 18:45:00.00000050,5.539841620817438
2010-08-27 18:45:00.00000045,8.166082329995577
2010-08-27 18:45:00.00000093,4.899996357193207
2010-08-27 18:45:00.00000061,11.702739492160909
2010-08-27 18:45:00.00000022,5.040492638666299
2010-08-27 18:45:00.00000018,5.539841620817438
2010-08-27 18:45:00.000000192,9.286761825876827
2010-08-27 18:45:00.000000148,5.040492638666299
2010-08-27 18:45:00.000000195,5.402683079127955
2010-08-27 18:45:00.000000155,4.768562926341348
2010-08-27 18:45:00.000000129,9.77371312851015
2010-08-27 18:45:00.000000133,5.7480541171518365
2010-08-27 18:45:00.00000063,11.461190596932251
2010-08-27 18:45:00.00000076,5.539841620817438
2010-08-27 18:45:00.000000204,13.824730266536424
2010-08-27 18:45:00.000000179,4.844531958500973
2010-08-27 18:45:00.000000219,18.082297896578183
2010-08-27 18:45:00.000000107,6.240672448460779
2010-08-27 18:45:00.000000153,9.286761825876827
2010-08-27 18:45:00.00000026,12.35444493331842
2010-08-27 18:45:00.000000198,6.240672448460779
2010-08-27 18:45:00.00000016,10.961864663305228
2010-08-27 18:45:00.00000060,6.970878407199237
2010-08-27 18:45:00.00000017,26.660148634744388
2010-08-27 18:45:00.000000109,13.312340029013336
2010-08-27 18:45:00.000000227,10.248417405743492
2010-08-27 18:45:00.000000181,5.539841620817438
2010-08-27 18:45:00.000000191,6.9852548555889555
2010-08-27 18:45:00.000000228,6.536525477428451
2010-08-27 18:45:00.00000069,11.916742167555075
2010-08-27 18:45:00.000000113,9.305892106307976
2010-08-27 18:45:00.00000049,8.39119138510976
2010-08-27 18:45:00.000000103,5.539841620817438
2010-08-27 18:45:00.0000003,5.539841620817438
2010-08-27 18:45:00.0000008,7.664454176089582
2010-08-27 18:45:00.000000134,5.773088361204449
2010-08-27 18:45:00.000000183,21.926092098297765
2010-08-27 18:45:00.00000013,12.55004292632345
2010-08-27 18:45:00.000000235,5.491122261641046
2010-08-27 18:45:00.00000038,9.64410828078321
2010-08-27 18:45:00.00000030,16.190210256141395
2010-08-27 18:45:00.000000203,8.802301673619292
2010-08-27 18:45:00.000000182,9.305892106307976
2010-08-27 18:45:00.000000230,9.01859726324983
2010-08-27 18:45:00.00000065,7.642118886612417
2011-02-12 00:43:24.0000003,11.846327217052341
2011-02-12 00:43:24.0000001,9.56384376336572
2014-05-07 06:50:20.0000002,6.395648888189548
2014-05-07 06:50:20.0000001,7.46488152238945
2014-05-07 06:50:20.0000003,8.979876593521833
2011-04-27 20:59:24.0000002,8.626254667569254
2011-04-27 20:59:24.0000003,11.877313040365014
2011-04-27 20:59:24.0000004,5.067226456770709
2011-04-27 20:59:24.0000001,8.174741422052232
2011-04-27 20:59:24.0000005,6.927187692326305
2010-08-14 02:13:00.00000069,8.224605701873177
2010-08-14 02:13:00.00000049,7.505497567112428
2010-08-14 02:13:00.00000059,6.091339595964781
2010-08-14 02:13:00.00000075,17.816719307952088
2010-08-14 02:13:00.00000020,6.867395875522985
2010-08-14 02:13:00.000000102,15.954739385100032
2010-08-14 02:13:00.00000060,6.465385245204631
2010-08-14 02:13:00.00000033,16.026690154092723
2010-08-14 02:13:00.000000166,12.029940108556252
2010-08-14 02:13:00.000000111,7.5042595783690285
2010-08-14 02:13:00.00000056,8.788581302287618
2010-08-14 02:13:00.00000044,7.666989316656439
2010-08-14 02:13:00.000000132,5.040492638666299
2010-08-14 02:13:00.00000073,5.539841620817438
2010-08-14 02:13:00.00000043,8.209490561761772
2010-08-14 02:13:00.00000085,11.600537824508166
2010-08-14 02:13:00.000000108,18.068806658393996
2010-08-14 02:13:00.00000028,12.192748295866995
2010-08-14 02:13:00.00000076,5.067226456770709
2010-08-14 02:13:00.00000066,32.45309290628116
2010-08-14 02:13:00.00000080,24.024891607430323
2010-08-14 02:13:00.000000149,8.889661988873181
2010-08-14 02:13:00.00000054,6.363144216826157
2010-08-14 02:13:00.000000130,11.173924218864224
2010-08-14 02:13:00.00000032,9.198791638936878
2010-08-14 02:13:00.000000158,6.853019427133266
2010-08-14 02:13:00.000000171,14.339670198773268
2010-08-14 02:13:00.00000092,6.240672448460779
2010-08-14 02:13:00.000000155,7.935722886851709
2010-08-14 02:13:00.000000116,9.198791638936878
2010-08-14 02:13:00.000000109,13.549365032465966
2010-08-14 02:13:00.00000030,7.8265671506580246
2010-08-14 02:13:00.00000015,14.16025459747054
2010-08-14 02:13:00.000000133,5.067226456770709
2010-08-14 02:13:00.00000072,6.867395875522985
2010-08-14 02:13:00.00000052,10.13418302061994
2010-08-14 02:13:00.000000170,14.945059284530535
2010-08-14 02:13:00.0000007,6.099566281683547
2010-08-14 02:13:00.000000165,8.379492238681406
2010-08-14 02:13:00.00000026,11.66703312995181
2010-08-14 02:13:00.000000148,6.240672448460779
2010-08-14 02:13:00.00000034,12.178984131535215
2010-08-14 02:13:00.00000022,22.014226744932298
2010-08-14 02:13:00.000000100,5.040492638666299
2010-08-14 02:13:00.000000160,5.539841620817438
2010-08-14 02:13:00.0000009,17.94863449146972
2010-08-14 02:13:00.00000038,9.713254584396752
2010-08-14 02:13:00.0000001,8.687700978687191
2010-08-14 02:13:00.00000078,7.317623695736314
2010-08-14 02:13:00.000000134,8.635391187640518
2010-08-14 02:13:00.00000077,19.406024069942276
2010-08-14 02:13:00.000000168,7.317623695736314
2010-08-14 02:13:00.000000161,8.707799000034154
2010-08-14 02:13:00.000000122,6.853019427133266
2010-08-14 02:13:00.00000035,6.240672448460779
2010-08-14 02:13:00.000000110,7.304876286833962
2010-08-14 02:13:00.000000146,11.064272838321
2010-08-14 02:13:00.00000010,13.647179757327004
2010-08-14 02:13:00.000000141,5.040492638666299
2010-08-14 02:13:00.00000087,18.313042729096708
2010-08-14 02:13:00.000000137,6.817158237868502
2010-08-14 02:13:00.00000064,7.640460307140545
2010-08-14 02:13:00.00000084,7.993985179110941
2010-08-14 02:13:00.000000139,12.989700712771782
2010-08-14 02:13:00.00000089,31.236357832572388
2010-08-14 02:13:00.000000140,47.31576882151711
2010-08-14 02:13:00.00000012,8.896180323735075
2010-08-14 02:13:00.00000025,5.344188807994743
2010-08-14 02:13:00.00000070,5.040492638666299
2010-08-14 02:13:00.0000004,11.991189089739466
2010-08-14 02:13:00.00000090,12.291829265642154
2010-08-14 02:13:00.000000101,14.623613077253541
2010-08-14 02:13:00.00000017,5.65376241571986
2010-08-14 02:13:00.00000055,6.240672448460779
2010-08-14 02:13:00.00000014,10.219235104650979
2010-08-14 02:13:00.000000142,14.794633158400487
2010-08-14 02:13:00.00000021,6.19946669821827
2010-08-14 02:13:00.00000047,14.618064034078216
2010-08-14 02:13:00.00000083,5.040492638666299
2010-08-14 02:13:00.000000162,7.652444769573016
2015-04-16 22:32:48.0000006,11.130243105018641
2015-04-16 22:32:48.0000001,5.098009270804032
2015-04-16 22:32:48.0000004,6.4230554806722875
2015-04-16 22:32:48.0000002,14.113837697133281
2015-04-16 22:32:48.0000005,8.705503609199805
2013-03-15 11:57:04.0000002,7.128984451599424
2013-03-15 11:57:04.0000001,7.864496818086016
2014-11-16 08:47:12.0000002,15.80136890417342
2014-11-16 08:47:12.0000001,7.3158167199500514
2013-02-20 16:10:28.0000001,6.5471934587910425
2011-07-03 00:36:04.0000001,5.526194953802452
2014-03-25 23:47:00.00000074,7.430532360525392
2014-03-25 23:47:00.00000088,11.014697430757579
2014-03-25 23:47:00.000000100,7.484815111680552
2014-03-25 23:47:00.00000094,4.896538220483611
2014-03-25 23:47:00.00000059,12.168761223643376
2014-03-25 23:47:00.00000066,9.496641228122186
2014-03-25 23:47:00.00000016,5.098009270804032
2014-03-25 23:47:00.0000003,17.079240193121002
2014-03-25 23:47:00.00000080,5.098009270804032
2014-03-25 23:47:00.00000048,47.193607974386154
2014-03-25 23:47:00.00000058,11.008073791191887
2014-03-25 23:47:00.00000070,34.99732800622953
2014-03-25 23:47:00.00000046,14.050136706951662
2014-03-25 23:47:00.00000053,5.174812878048644
2014-03-25 23:47:00.00000029,6.861469908157744
2014-03-25 23:47:00.00000087,12.574158869787116
2014-03-25 23:47:00.000000126,9.288973449630223
2014-03-25 23:47:00.00000024,12.168761223643376
2014-03-25 23:47:00.0000007,12.802247198696765
2014-03-25 23:47:00.00000071,17.823037728881808
2014-03-25 23:47:00.0000008,9.089185937784212
2014-03-25 23:47:00.00000049,58.097750426656674
2014-03-25 23:47:00.00000090,27.007958279026106
2014-03-25 23:47:00.00000089,23.420005486805213
2014-03-25 23:47:00.000000117,5.174812878048644
2014-03-25 23:47:00.00000043,10.603244798101846
2014-03-25 23:47:00.00000032,8.914318125781014
2014-03-25 23:47:00.00000081,7.456435678801829
2014-03-25 23:47:00.00000023,7.484815111680552
2014-03-25 23:47:00.00000099,35.547315802200494
2014-03-25 23:47:00.00000077,5.159746547663133
2014-03-25 23:47:00.00000065,7.237103808364074
2014-03-25 23:47:00.000000111,16.168332488775924
2014-03-25 23:47:00.000000118,26.91996402280007
2014-03-25 23:47:00.00000038,9.944342177938736
2014-03-25 23:47:00.000000110,7.187443730288888
2014-03-25 23:47:00.00000014,14.543088570213726
2014-03-25 23:47:00.00000086,33.51393473271795
2014-03-25 23:47:00.00000097,8.38431209259515
2014-03-25 23:47:00.00000092,20.311332624992847
2014-03-25 23:47:00.000000140,12.051590429780594
2014-03-25 23:47:00.000000123,23.32123995678803
2014-03-25 23:47:00.000000131,6.445119552360852
2014-03-25 23:47:00.00000033,14.43213899621151
2014-03-25 23:47:00.00000015,6.829528060071183
2014-03-25 23:47:00.000000125,24.591005163419208
2014-03-25 23:47:00.00000061,21.51131125943738
2014-03-25 23:47:00.00000027,13.489645248965719
2014-03-25 23:47:00.000000101,28.34195850525317
2014-03-25 23:47:00.000000136,9.172320810090048
2014-03-25 23:47:00.000000133,5.098009270804032
2014-03-25 23:47:00.0000006,27.91771306779725
2014-03-25 23:47:00.00000047,12.114910055514436
2014-03-25 23:47:00.00000056,9.69202042098861
2014-03-25 23:47:00.0000001,4.860425916619737
2014-03-25 23:47:00.00000045,5.098009270804032
2014-03-25 23:47:00.00000073,7.857879452206193
2014-03-25 23:47:00.00000030,19.32096564960637
2014-03-25 23:47:00.00000010,28.923698119745694
2014-03-25 23:47:00.00000072,12.240337174536593
2014-03-25 23:47:00.0000009,20.355819254488175
2014-03-25 23:47:00.00000082,10.432878357482606
2014-03-25 23:47:00.00000017,7.390079762683868
2014-03-25 23:47:00.00000050,10.646522721481615
2014-03-25 23:47:00.000000121,9.70927574295918
2014-03-25 23:47:00.000000109,22.177001554660134
2014-03-25 23:47:00.00000018,5.098009270804032
2014-03-25 23:47:00.00000078,8.250699331917481
2014-03-25 23:47:00.00000025,5.098009270804032
2014-03-25 23:47:00.00000044,5.098009270804032
2014-03-25 23:47:00.0000005,5.098009270804032
2014-03-25 23:47:00.00000062,7.337281326394499
2014-03-25 23:47:00.000000130,43.053291563284226
2014-03-25 23:47:00.00000037,10.625564605634796
2014-03-25 23:47:00.000000114,15.386099190858818
2014-03-25 23:47:00.0000002,27.261278435414045
2014-03-25 23:47:00.000000103,34.06468472541161
2014-03-25 23:47:00.000000106,13.528271702106844
2014-03-25 23:47:00.00000095,10.839440876057918
2014-03-25 23:47:00.000000113,25.256210752571135
2014-03-25 23:47:00.0000004,18.208528907667613
2014-03-25 23:47:00.00000041,17.896376067540032
2014-03-25 23:47:00.00000079,17.286785430870715
2011-06-21 13:19:20.0000001,8.102243648494007
2011-06-21 13:19:20.0000003,6.5203130309183965
2011-06-21 13:19:20.0000002,12.361453613002602
2013-01-02 20:53:44.0000001,7.1510099153496345
2013-01-02 20:53:44.0000002,6.445119552360852
2009-10-07 08:16:24.0000001,11.567429920970076
2012-08-25 22:18:36.0000003,12.333331725714523
2012-08-25 22:18:36.0000004,10.226730546669302
2012-08-25 22:18:36.0000001,6.9852548555889555
2012-08-25 22:18:36.0000002,8.481139407297169
2015-06-05 08:38:56.0000005,7.857879452206193
2015-06-05 08:38:56.0000007,10.504935402397928
2015-06-05 08:38:56.0000006,6.445119552360852
2015-06-05 08:38:56.0000004,26.053793774528618
2015-06-05 08:38:56.0000001,37.389816663711386
2015-06-05 08:38:56.0000002,16.562835187557535
2013-02-26 11:10:24.0000002,9.752773236997978
2013-02-26 11:10:24.0000001,38.232076244212706
2014-04-29 00:02:40.0000001,9.381132610782577
2014-04-29 00:02:40.0000002,16.269098216233886
2014-04-29 00:02:40.0000003,14.481199829076655
2010-08-06 20:27:12.0000002,12.902938324068717
2010-08-06 20:27:12.0000005,9.31353237758928
2010-08-06 20:27:12.0000004,5.040492638666299
2010-08-06 20:27:12.0000001,10.411977830887245
2012-06-07 00:25:40.0000001,7.337377415381132
2012-06-07 00:25:40.0000002,16.132197798646736
2011-09-24 07:42:32.0000001,6.980269509316597
2011-09-28 10:58:48.0000002,7.09652872199825
2011-09-28 10:58:48.0000001,6.415955431655
2011-09-28 10:58:48.0000005,5.811649174622363
2011-09-28 10:58:48.0000004,13.56530018001744
2011-09-28 10:58:48.0000003,25.30709758084162
2011-09-28 10:58:48.0000006,11.567429920970076
2009-11-01 05:04:12.0000001,8.498100229411037
2009-11-01 05:04:12.0000002,13.685364815885345
2014-04-23 22:54:12.0000002,6.438320624188355
2014-04-23 22:54:12.0000001,27.233061635639007
2014-04-23 22:54:12.0000004,30.067546350642516
2014-04-23 22:54:12.0000003,11.278354274111859
2014-04-23 22:54:12.0000005,5.158693574178448
2014-04-23 22:54:12.0000006,10.75979001741732
2012-02-28 19:18:44.0000001,6.229593032811685
2012-02-28 19:18:44.0000002,10.773514665555178
2010-09-29 16:43:00.0000003,47.31576882151711
2010-09-29 16:43:00.000000143,5.643283490560727
2010-09-29 16:43:00.000000150,4.757585793058761
2010-09-29 16:43:00.00000077,5.9313248997881844
2010-09-29 16:43:00.000000153,13.013746664181776
2010-09-29 16:43:00.00000048,4.776391278081455
2010-09-29 16:43:00.00000086,9.131155700930842
2010-09-29 16:43:00.000000108,9.463376884265646
2010-09-29 16:43:00.000000101,6.428908774751965
2010-09-29 16:43:00.000000132,7.022221246612065
2010-09-29 16:43:00.00000033,4.757585793058761
2010-09-29 16:43:00.00000055,5.904668250088397
2010-09-29 16:43:00.000000107,11.51492987154358
2010-09-29 16:43:00.000000147,4.800810613792213
2010-09-29 16:43:00.00000098,7.79904339308642
2010-09-29 16:43:00.00000053,6.828200907962454
2010-09-29 16:43:00.00000052,10.100468580594987
2010-09-29 16:43:00.00000085,7.082152273608531
2010-09-29 16:43:00.000000115,5.811649174622363
2010-09-29 16:43:00.000000133,9.131155700930842
2010-09-29 16:43:00.000000131,11.733807338392136
2010-09-29 16:43:00.00000031,13.56530018001744
2010-09-29 16:43:00.00000096,4.757585793058761
2010-09-29 16:43:00.000000120,6.481095728488116
2010-09-29 16:43:00.000000175,10.39859551733917
2010-09-29 16:43:00.00000072,11.067494550992484
2010-09-29 16:43:00.00000038,9.97098561588812
2010-09-29 16:43:00.00000043,9.041758970530143
2010-09-29 16:43:00.0000007,45.401771882485505
2010-09-29 16:43:00.000000111,7.79904339308642
2010-09-29 16:43:00.00000067,8.284741220157851
2010-09-29 16:43:00.00000065,9.075769655204107
2010-09-29 16:43:00.00000046,5.040492638666299
2010-09-29 16:43:00.00000075,11.04659097747906
2010-09-29 16:43:00.000000155,6.481095728488116
2010-09-29 16:43:00.00000087,47.31576882151711
2010-09-29 16:43:00.000000160,9.556410791834843
2010-09-29 16:43:00.00000060,7.779024220059841
2010-09-29 16:43:00.00000020,8.284741220157851
2010-09-29 16:43:00.00000091,9.97098561588812
2010-09-29 16:43:00.00000068,13.56530018001744
2010-09-29 16:43:00.000000165,7.8790490798491195
2010-09-29 16:43:00.000000146,6.738378598203828
2010-09-29 16:43:00.000000169,9.97098561588812
2010-09-29 16:43:00.000000141,6.427232128645883
2010-09-29 16:43:00.00000018,7.779024220059841
2010-09-29 16:43:00.000000100,9.521570127267829
2010-09-29 16:43:00.000000163,19.632137683167418
2010-09-29 16:43:00.00000076,9.179403817098793
2010-09-29 16:43:00.00000027,31.80654985080978
2010-09-29 16:43:00.000000137,9.539069206159478
2010-09-29 16:43:00.00000021,7.895866629680694
2010-09-29 16:43:00.00000063,8.438526756294133
2010-09-29 16:43:00.00000058,8.448432237782313
2010-09-29 16:43:00.00000090,14.701770718200919
2010-09-29 16:43:00.00000066,11.004072640563265
2010-09-29 16:43:00.000000156,6.739710525394337
2010-09-29 16:43:00.000000104,5.729524420352057
2010-09-29 16:43:00.00000089,32.46052559998978
2010-09-29 16:43:00.00000029,8.129129944966296
2010-09-29 16:43:00.0000004,6.883586308447031
2010-09-29 16:43:00.00000051,11.071584227115563
2010-09-29 16:43:00.00000036,8.554394320080453
2010-09-29 16:43:00.000000158,9.502439846836678
2010-09-29 16:43:00.000000106,9.629433619284443
2010-09-29 16:43:00.00000047,6.018072808908599
2010-09-29 16:43:00.00000073,9.935513078190432
2010-09-29 16:43:00.00000024,7.09652872199825
2010-09-29 16:43:00.000000151,6.481095728488116
2010-09-29 16:43:00.000000134,4.771626221382324
2010-09-29 16:43:00.000000138,5.811649174622363
2010-09-29 16:43:00.000000125,7.082152273608531
2010-09-29 16:43:00.000000112,7.082152273608531
2010-09-29 16:43:00.0000006,5.811649174622363
2010-09-29 16:43:00.00000025,15.922239651686692
2010-09-29 16:43:00.0000008,9.20728889226026
2010-09-29 16:43:00.00000049,30.471500607932644
2010-09-29 16:43:00.000000173,6.804367104785402
2010-09-29 16:43:00.00000050,7.09652872199825
2010-09-29 16:43:00.00000035,5.902284936785798
2010-09-29 16:43:00.00000097,31.94216999163366
2010-09-29 16:43:00.00000054,7.070992768627335
2010-09-29 16:43:00.000000166,5.934424275986228
2010-09-29 16:43:00.0000005,7.166866154973294
2010-09-29 16:43:00.00000030,28.348935846858133
2010-09-29 16:43:00.000000102,6.614296377993374
2010-09-29 16:43:00.00000056,10.100468580594987
2010-09-29 16:43:00.000000103,6.926055808353299
2010-09-29 16:43:00.00000092,31.97173745924909
2010-09-29 16:43:00.00000079,6.400277929327672
2010-09-29 16:43:00.000000149,5.811649174622363
2010-09-29 16:43:00.000000123,4.8226631784373
2010-09-29 16:43:00.000000128,5.643283490560727
2010-09-29 16:43:00.000000121,7.363184713609331
2010-09-29 16:43:00.000000105,29.780327479296194
2010-09-29 16:43:00.00000026,7.328443177695545
2010-09-29 16:43:00.000000109,10.778296320964218
2010-09-29 16:43:00.000000124,4.757585793058761
2010-09-29 16:43:00.00000071,5.6031141926754735
2010-09-29 16:43:00.00000061,18.67936250019934
2010-09-29 16:43:00.000000129,9.97098561588812
2010-09-29 16:43:00.00000095,5.750473066844725
2010-09-29 16:43:00.00000010,11.567429920970076
2010-09-29 16:43:00.00000081,8.448432237782313
2010-09-29 16:43:00.00000017,11.733807338392136
2010-09-29 16:43:00.00000028,9.521570127267829
2010-09-29 16:43:00.000000167,5.027103361151073
2010-09-29 16:43:00.00000082,13.497005851907065
2010-09-29 16:43:00.000000116,9.502439846836678
2010-09-29 16:43:00.000000127,35.740431116066134
2014-10-27 14:58:00.00000095,8.352560685686766
2014-10-27 14:58:00.000000118,10.866218050579675
2014-10-27 14:58:00.00000098,9.51190592015351
2014-10-27 14:58:00.000000108,14.15853050775982
2014-10-27 14:58:00.00000074,4.8380790474080415
2014-10-27 14:58:00.00000079,14.516410032700174
2014-10-27 14:58:00.000000137,7.484815111680552
2014-10-27 14:58:00.0000001,12.662106219015325
2014-10-27 14:58:00.00000018,6.46430748916991
2014-10-27 14:58:00.000000142,6.307008622473898
2014-10-27 14:58:00.00000082,7.341720339793143
2014-10-27 14:58:00.0000008,20.55511472882619
2014-10-27 14:58:00.00000016,7.456435678801829
2014-10-27 14:58:00.000000117,8.352560685686766
2014-10-27 14:58:00.00000048,9.879778891444204
2014-10-27 14:58:00.00000075,5.098009270804032
2014-10-27 14:58:00.000000112,19.629155140805185
2014-10-27 14:58:00.00000029,5.098009270804032
2014-10-27 14:58:00.00000058,8.352560685686766
2014-10-27 14:58:00.00000053,13.557680824865955
2014-10-27 14:58:00.00000052,5.098009270804032
2014-10-27 14:58:00.00000071,13.660433177182659
2014-10-27 14:58:00.00000044,10.385642212183663
2014-10-27 14:58:00.000000120,6.4230554806722875
2014-10-27 14:58:00.00000034,10.350827021100873
2014-10-27 14:58:00.000000105,6.875164080973599
2014-10-27 14:58:00.000000147,7.83949272763584
2014-10-27 14:58:00.00000030,6.995341430430429
2014-10-27 14:58:00.000000100,7.484815111680552
2014-10-27 14:58:00.00000086,7.484815111680552
2014-10-27 14:58:00.00000047,38.51884424930584
2014-10-27 14:58:00.000000107,31.904347251059885
2014-10-27 14:58:00.000000127,28.388118289954935
2014-10-27 14:58:00.000000119,5.098009270804032
2014-10-27 14:58:00.00000013,33.62070720867378
2014-10-27 14:58:00.00000076,38.12988027507735
2014-10-27 14:58:00.00000085,7.456435678801829
2014-10-27 14:58:00.00000038,10.504935402397928
2014-10-27 14:58:00.0000004,7.484815111680552
2014-10-27 14:58:00.00000037,28.326199716196307
2014-10-27 14:58:00.00000041,5.069926712084422
2014-10-27 14:58:00.000000141,5.098009270804032
2014-10-27 14:58:00.000000140,9.752773236997978
2014-10-27 14:58:00.00000042,8.352560685686766
2014-10-27 14:58:00.000000109,6.5471934587910425
2014-10-27 14:58:00.00000077,11.803139027667566
2014-10-27 14:58:00.00000026,19.473600283615248
2014-10-27 14:58:00.000000151,4.971553417654505
2014-10-27 14:58:00.00000061,7.484815111680552
2014-10-27 14:58:00.000000114,17.37342649086306
2014-10-27 14:58:00.00000021,18.426674006244845
2014-10-27 14:58:00.00000063,6.715348163588635
2014-10-27 14:58:00.00000072,55.87005979746543
2014-10-27 14:58:00.000000131,8.352560685686766
2014-10-27 14:58:00.0000005,35.80826378728094
2014-10-27 14:58:00.000000110,6.422494710022711
2014-10-27 14:58:00.00000011,6.5471934587910425
2014-10-27 14:58:00.00000064,6.5471934587910425
2014-10-27 14:58:00.00000033,5.098009270804032
2014-10-27 14:58:00.00000091,7.430532360525392
2014-10-27 14:58:00.0000003,14.797105392853638
2014-10-27 14:58:00.00000096,4.827101914125454
2014-10-27 14:58:00.00000051,9.857437721303985
2014-10-27 14:58:00.00000020,7.857879452206193
2014-10-27 14:58:00.000000138,55.87005979746543
2014-10-27 14:58:00.0000002,19.974015006402656
2014-10-27 14:58:00.00000039,12.643307257694355
2014-10-27 14:58:00.00000073,9.552973725506293
2014-10-27 14:58:00.000000116,8.352560685686766
2014-10-27 14:58:00.00000049,7.83949272763584
2014-10-27 14:58:00.00000025,16.135229873870568
2014-10-27 14:58:00.000000133,4.827101914125454
2014-10-27 14:58:00.00000043,9.737211876789413
2014-10-27 14:58:00.00000055,7.456435678801829
2014-10-27 14:58:00.000000124,33.99209883234222
2014-10-27 14:58:00.00000083,10.504935402397928
2014-10-27 14:58:00.00000010,7.975345745256341
2014-10-27 14:58:00.000000126,5.720111874936022
2014-10-27 14:58:00.00000017,11.803139027667566
2014-10-27 14:58:00.000000139,11.227463024457556
2014-10-27 14:58:00.00000014,5.646014608168706
2014-10-27 14:58:00.00000045,8.956797515092541
2014-10-27 14:58:00.000000132,6.175023212837829
2014-10-27 14:58:00.00000080,37.651497203195795
2014-10-27 14:58:00.00000019,7.8274005144600425
2014-10-27 14:58:00.000000102,13.736666597935917
2014-10-27 14:58:00.00000062,13.660433177182659
2014-10-27 14:58:00.000000122,37.457472089432365
2014-10-27 14:58:00.00000032,17.258200495777714
2014-10-27 14:58:00.00000015,9.737211876789413
2014-10-27 14:58:00.00000084,55.87005979746543
2014-10-27 14:58:00.000000134,6.4503760008980136
2014-10-27 14:58:00.00000093,10.47971506029992
2014-10-27 14:58:00.00000068,7.055676546271259
2014-10-27 14:58:00.00000089,47.17312632672909
2014-10-27 14:58:00.00000027,55.87005979746543
2009-10-08 23:44:56.0000004,15.773771060268569
2009-10-08 23:44:56.0000001,12.204482840831902
2012-11-03 17:11:00.00000035,6.033759795452496
2012-11-03 17:11:00.000000107,10.052094150972216
2012-11-03 17:11:00.00000069,10.052094150972216
2012-11-03 17:11:00.000000116,11.071584227115563
2012-11-03 17:11:00.000000145,5.728381068663981
2012-11-03 17:11:00.00000097,5.040492638666299
2012-11-03 17:11:00.000000119,5.560015384602345
2012-11-03 17:11:00.000000134,4.899996357193207
2012-11-03 17:11:00.000000137,7.381892193070039
2012-11-03 17:11:00.00000010,15.769118909151015
2012-11-03 17:11:00.000000157,5.040492638666299
2012-11-03 17:11:00.000000121,18.229502776580272
2012-11-03 17:11:00.00000073,54.22949076509192
2012-11-03 17:11:00.00000062,9.05038918088152
2012-11-03 17:11:00.000000130,6.849645421727618
2012-11-03 17:11:00.000000141,8.566726446444566
2012-11-03 17:11:00.00000098,11.004072640563265
2012-11-03 17:11:00.00000066,8.20707807942501
2012-11-03 17:11:00.00000036,9.741266252617718
2012-11-03 17:11:00.00000026,7.670920776961654
2012-11-03 17:11:00.000000110,7.283882918930525
2012-11-03 17:11:00.00000021,6.59570435125214
2012-11-03 17:11:00.00000040,6.633191298028203
2012-11-03 17:11:00.00000087,10.213124696537658
2012-11-03 17:11:00.00000039,9.391241625958916
2012-11-03 17:11:00.00000033,11.58688319702323
2012-11-03 17:11:00.0000006,6.3927282428250365
2012-11-03 17:11:00.00000025,16.01416151351055
2012-11-03 17:11:00.000000129,10.034764708244918
2012-11-03 17:11:00.000000153,11.62214123143172
2012-11-03 17:11:00.000000138,12.142397645975556
2012-11-03 17:11:00.000000143,9.215960412353201
2012-11-03 17:11:00.000000109,6.956867476108714
2012-11-03 17:11:00.00000042,11.071584227115563
2012-11-03 17:11:00.000000104,19.05392396972497
2012-11-03 17:11:00.0000005,7.023742069275615
2012-11-03 17:11:00.00000056,53.132978452687006
2012-11-03 17:11:00.00000045,5.040492638666299
2012-11-03 17:11:00.00000034,11.58688319702323
2012-11-03 17:11:00.000000120,9.031700511688065
2012-11-03 17:11:00.000000127,10.213124696537658
2012-11-03 17:11:00.00000022,5.040492638666299
2012-11-03 17:11:00.0000003,14.793208979792865
2012-11-03 17:11:00.00000084,7.381892193070039
2012-11-03 17:11:00.00000089,9.793451908254845
2012-11-03 17:11:00.00000041,11.024531005322263
2012-11-03 17:11:00.000000108,11.114504920488043
2012-11-03 17:11:00.000000158,8.98978567086006
2012-11-03 17:11:00.000000122,4.757585793058761
2012-11-03 17:11:00.000000111,16.169742067406844
2012-11-03 17:11:00.00000027,5.234650312971416
2012-11-03 17:11:00.0000008,9.264208528521152
2012-11-03 17:11:00.000000148,18.370437476170462
2012-11-03 17:11:00.000000144,35.38076908408665
2012-11-03 17:11:00.00000029,9.741266252617718
2012-11-03 17:11:00.00000049,6.512226010874744
2012-11-03 17:11:00.00000011,5.604358332162845
2012-11-03 17:11:00.00000094,15.714427373272267
2012-11-03 17:11:00.000000152,15.153497677890252
2012-11-03 17:11:00.00000051,9.05038918088152
2012-11-03 17:11:00.00000048,8.438321837293007
2012-11-03 17:11:00.00000043,9.722135972186567
2012-11-03 17:11:00.00000059,8.462716531556271
2012-11-03 17:11:00.00000019,7.025073996466125
2012-11-03 17:11:00.000000135,9.722135972186567
2012-11-03 17:11:00.00000017,10.815922573304553
2012-11-03 17:11:00.000000146,7.381892193070039
2012-11-03 17:11:00.00000068,11.114504920488043
2012-11-03 17:11:00.00000092,10.052094150972216
2012-11-03 17:11:00.0000002,16.932525806252634
2012-11-03 17:11:00.000000133,5.728381068663981
2012-11-03 17:11:00.00000038,11.114504920488043
2012-11-03 17:11:00.000000123,6.578035086265575
2012-11-03 17:11:00.00000015,5.575426111452967
2012-11-03 17:11:00.000000131,5.067226456770709
2012-11-03 17:11:00.000000112,5.560015384602345
2012-11-03 17:11:00.000000100,6.713363690061262
2012-11-03 17:11:00.00000095,13.869522814101533
2012-11-03 17:11:00.0000004,7.023742069275615
2012-11-03 17:11:00.00000047,14.461135716712771
2012-11-03 17:11:00.00000020,16.97534394555472
2012-11-03 17:11:00.000000156,16.234163428602308
2012-11-03 17:11:00.00000014,4.955488110427575
2012-11-03 17:11:00.000000139,10.034764708244918
2012-11-03 17:11:00.000000154,7.381892193070039
2012-11-03 17:11:00.000000151,5.728381068663981
2012-11-03 17:11:00.00000070,9.683073009615534
2012-11-03 17:11:00.00000023,10.052094150972216
2012-11-03 17:11:00.00000065,9.016418792259584
2012-11-03 17:11:00.00000018,8.554747536930307
2012-11-03 17:11:00.00000088,5.604650610276719
2012-11-03 17:11:00.000000140,13.577794560827986
2012-11-03 17:11:00.00000071,8.566726446444566
2009-05-07 13:58:32.0000003,6.95971890221804
2009-05-07 13:58:32.0000001,7.378696645918767
2011-12-25 21:26:32.0000001,5.040492638666299
2015-01-12 19:01:00.0000001,12.794659668546288
2015-01-12 19:01:00.0000003,4.971553417654505
2015-01-12 19:01:00.0000004,13.039246824912164
2015-01-12 19:01:00.0000002,6.531074154920847
2009-10-06 16:09:24.0000001,7.09652872199825
2009-10-06 16:09:24.0000003,7.051554412982715
2009-10-06 16:09:24.0000002,5.712994192102835
2009-05-06 01:49:12.0000003,28.54786053409008
2009-05-06 01:49:12.0000005,6.535150150144408
2009-05-06 01:49:12.0000001,13.333383778568498
2009-05-06 01:49:12.0000006,7.339037794577027
2014-10-07 11:20:56.0000002,36.279328108765796
2014-10-07 11:20:56.0000001,11.992766592587706
2014-10-07 11:20:56.0000003,7.83949272763584
2009-02-10 15:30:04.0000002,10.89435307675293
2009-02-10 15:30:04.0000001,9.265831656480682
2013-09-28 00:06:20.0000004,15.997828261305193
2013-09-28 00:06:20.0000001,16.6089292754418
2013-09-28 00:06:20.0000009,11.939827856515338
2013-09-28 00:06:20.0000008,11.600304777311056
2013-09-28 00:06:20.0000007,6.504870980627109
2013-09-28 00:06:20.0000006,13.09512892771446
2013-09-28 00:06:20.0000002,12.9991567078349
2013-07-18 08:25:04.0000001,8.352560685686766
2013-07-18 08:25:04.0000002,6.445119552360852
2013-07-18 08:25:04.0000003,9.857437721303985
2011-03-11 01:44:00.00000010,6.984489873624358
2011-03-11 01:44:00.00000070,6.984489873624358
2011-03-11 01:44:00.00000088,23.720443700606328
2011-03-11 01:44:00.00000063,14.884382688725776
2011-03-11 01:44:00.00000058,16.000759550316808
2011-03-11 01:44:00.00000086,19.341580911506746
2011-03-11 01:44:00.00000053,6.146684778409267
2011-03-11 01:44:00.00000094,12.066660344737526
2011-03-11 01:44:00.00000069,5.526194953802452
2011-03-11 01:44:00.00000061,15.459802838904398
2011-03-11 01:44:00.0000008,5.040492638666299
2011-03-11 01:44:00.0000002,15.00407176656274
2011-03-11 01:44:00.00000050,5.040492638666299
2011-03-11 01:44:00.00000068,8.302036889670354
2011-03-11 01:44:00.00000018,8.687700978687191
2011-03-11 01:44:00.00000079,15.221145515278508
2011-03-11 01:44:00.00000037,5.38903641211297
2011-03-11 01:44:00.00000015,8.03741197886766
2011-03-11 01:44:00.00000071,5.31621019243694
2011-03-11 01:44:00.00000054,15.77511175291786
2011-03-11 01:44:00.00000080,5.040492638666299
2011-03-11 01:44:00.00000078,8.302036889670354
2011-03-11 01:44:00.00000055,7.652444769573016
2011-03-11 01:44:00.00000026,19.970405226959453
2011-03-11 01:44:00.00000045,12.591939930515117
2011-03-11 01:44:00.00000013,6.1369236376544105
2011-03-11 01:44:00.0000007,28.964491970078484
2011-03-11 01:44:00.00000024,5.040492638666299
2011-03-11 01:44:00.00000093,5.526194953802452
2011-03-11 01:44:00.00000089,8.770009174112825
2011-03-11 01:44:00.00000022,9.29888341164473
2011-03-11 01:44:00.00000020,5.040492638666299
2011-03-11 01:44:00.00000025,4.943221177926661
2011-03-11 01:44:00.00000090,22.595443493774795
2011-03-11 01:44:00.00000087,14.902429235876621
2011-03-11 01:44:00.00000017,12.922290602955561
2011-03-11 01:44:00.00000031,25.909159143779494
2011-03-11 01:44:00.00000048,13.032228695285099
2011-03-11 01:44:00.00000076,18.337916006171522
2011-03-11 01:44:00.00000012,14.800928609304188
2011-03-11 01:44:00.00000066,9.895459044662399
2011-03-11 01:44:00.0000001,7.399050882324953
2011-03-11 01:44:00.00000091,14.903421408244117
2011-03-11 01:44:00.00000043,8.259881320616252
2011-03-11 01:44:00.00000060,6.984489873624358
2011-03-11 01:44:00.00000049,13.008995270855886
2011-03-11 01:44:00.00000073,6.867395875522985
2011-03-11 01:44:00.0000004,14.311044002058534
2013-12-16 19:06:44.0000002,6.946832187647469
2013-12-18 03:49:24.0000001,8.348569562939563
2013-08-05 19:04:36.0000002,10.824701651163647
2013-08-05 19:04:36.0000001,8.352560685686766
2009-05-08 18:00:36.0000002,5.4774755946260605
2013-01-27 00:09:12.0000002,11.711647224856254
2013-01-27 00:09:12.0000006,7.416857085779517
2013-01-27 00:09:12.0000009,8.838246216634179
2013-01-27 00:09:12.0000001,5.158693574178448
2013-01-27 00:09:12.0000004,8.670697948655544
2013-01-27 00:09:12.0000007,15.068981148663465
2013-01-27 00:09:12.0000005,8.951306660070953
2012-06-18 22:51:56.0000002,5.526194953802452
2012-06-18 22:51:56.0000001,5.040492638666299
2011-06-20 09:55:24.0000004,9.177737806759612
2011-06-20 09:55:24.0000003,5.526194953802452
2011-06-20 09:55:24.0000001,9.305892106307976
2011-06-20 09:55:24.0000002,5.31621019243694
2011-06-20 09:55:24.0000005,7.642118886612417
2015-02-22 09:48:32.0000002,8.352560685686766
2015-02-22 09:48:32.0000001,18.552159885329367
2015-02-22 09:48:32.0000003,23.36978478562913
2010-08-25 23:40:32.0000001,10.562142774444649
2012-01-07 11:21:56.0000002,14.034324954912123
2012-10-31 12:17:24.0000003,8.47746142472379
2012-10-31 12:17:24.0000001,5.50862555960822
2012-10-20 02:05:08.0000001,13.202846022863636
2012-10-20 02:05:08.0000002,6.59570435125214
2012-05-06 08:52:08.0000001,12.546538103892008
2014-10-11 15:11:24.0000002,6.795081437192735
2014-10-11 15:11:24.0000004,42.8501939512039
2014-10-11 15:11:24.0000005,14.454870127348153
2014-10-11 15:11:24.0000006,39.924822689782495
2014-10-11 15:11:24.0000001,7.484815111680552
2009-08-17 12:27:08.0000004,6.525926936680773
2009-08-17 12:27:08.0000001,18.67936250019934
2009-08-17 12:27:08.0000003,6.303181104674181
2011-10-28 07:45:04.0000001,16.575203716177665
2011-10-28 07:45:04.0000003,6.869516209459276
2011-10-28 07:45:04.0000002,5.040492638666299
2014-04-09 09:23:12.0000003,7.484815111680552
2014-04-09 09:23:12.0000005,6.706530008561016
2014-04-09 09:23:12.0000002,6.7496064170757055
2014-04-09 09:23:12.0000001,10.46298963019026
2013-09-15 02:37:52.0000001,11.743090333620174
2013-09-15 02:37:52.0000003,9.564944032257097
2009-11-25 19:32:52.0000005,13.464973567650768
2009-11-25 19:32:52.0000002,10.269617886730078
2009-11-25 19:32:52.0000003,16.786006196145266
2014-05-30 00:09:16.0000002,11.849509900124161
2014-05-30 00:09:16.0000005,11.268247576874149
2014-05-30 00:09:16.0000003,6.309694285629554
2014-05-30 00:09:16.0000004,6.4117681920597445
2014-05-30 00:09:16.0000001,9.813408837708398
2013-10-24 14:18:20.0000001,4.8380790474080415
2013-10-24 14:18:20.0000002,7.5208179751395665
2013-10-24 14:18:20.0000003,13.660433177182659
2014-06-07 22:07:12.0000002,16.139876069347082
2014-06-07 22:07:12.0000001,12.168761223643376
2013-01-07 17:08:32.0000003,7.484815111680552
2013-01-07 17:08:32.0000001,6.887846413442849
2010-08-11 00:12:08.0000001,6.488995724284171
2011-10-04 09:37:00.0000007,7.716617566717636
2011-10-04 09:37:00.00000092,6.464229492585441
2011-10-04 09:37:00.000000150,5.957336946642367
2011-10-04 09:37:00.00000010,5.667204960886342
2011-10-04 09:37:00.00000065,30.5653538725388
2011-10-04 09:37:00.000000151,6.926055808353299
2011-10-04 09:37:00.00000089,5.067226456770709
2011-10-04 09:37:00.000000120,6.943350746751373
2011-10-04 09:37:00.0000009,6.39709390739075
2011-10-04 09:37:00.000000110,5.728381068663981
2011-10-04 09:37:00.00000098,13.28014551148055
2011-10-04 09:37:00.00000011,5.040492638666299
2011-10-04 09:37:00.00000042,7.609479224467232
2011-10-04 09:37:00.00000024,7.426734174995149
2011-10-04 09:37:00.000000188,15.770517382241838
2011-10-04 09:37:00.00000071,10.132016161453564
2011-10-04 09:37:00.000000168,11.004072640563265
2011-10-04 09:37:00.000000159,9.922948655744117
2011-10-04 09:37:00.000000171,10.422884781163443
2011-10-04 09:37:00.000000129,6.408370604381633
2011-10-04 09:37:00.000000186,5.728381068663981
2011-10-04 09:37:00.000000123,13.436269538767956
2011-10-04 09:37:00.00000020,4.804034357507094
2011-10-04 09:37:00.00000033,5.040492638666299
2011-10-04 09:37:00.00000058,12.833481905678664
2011-10-04 09:37:00.00000068,9.502439846836678
2011-10-04 09:37:00.000000131,5.040492638666299
2011-10-04 09:37:00.000000178,29.540594391082976
2011-10-04 09:37:00.000000103,30.6996341690109
2011-10-04 09:37:00.00000026,8.554394320080453
2011-10-04 09:37:00.000000115,5.236554652208352
2011-10-04 09:37:00.00000059,32.96104312718197
2011-10-04 09:37:00.00000090,13.973791916193921
2011-10-04 09:37:00.00000063,7.09652872199825
2011-10-04 09:37:00.000000169,5.040492638666299
2011-10-04 09:37:00.00000066,9.502439846836678
2011-10-04 09:37:00.000000181,5.040492638666299
2011-10-04 09:37:00.00000018,4.869999515812242
2011-10-04 09:37:00.000000112,5.728381068663981
2011-10-04 09:37:00.00000094,11.04659097747906
2011-10-04 09:37:00.0000001,5.728381068663981
2011-10-04 09:37:00.000000139,11.509982436511008
2011-10-04 09:37:00.000000152,10.05576738934079
2011-10-04 09:37:00.000000187,5.728381068663981
2011-10-04 09:37:00.00000070,6.481095728488116
2011-10-04 09:37:00.00000050,6.051281722173353
2011-10-04 09:37:00.0000004,5.807318663748232
2011-10-04 09:37:00.000000153,11.567429920970076
2011-10-04 09:37:00.00000076,29.18043888083339
2011-10-04 09:37:00.00000079,30.6425362477111
2011-10-04 09:37:00.000000146,6.464229492585441
2011-10-04 09:37:00.000000192,8.554394320080453
2011-10-04 09:37:00.000000172,9.502439846836678
2011-10-04 09:37:00.000000154,6.926055808353299
2011-10-04 09:37:00.000000124,8.423283723901875
2011-10-04 09:37:00.000000142,5.667204960886342
2011-10-04 09:37:00.000000167,8.73242025193239
2011-10-04 09:37:00.00000048,11.004072640563265
2011-10-04 09:37:00.00000074,13.05791492849347
2011-10-04 09:37:00.000000193,9.502439846836678
2011-10-04 09:37:00.000000166,6.509162733667654
2011-10-04 09:37:00.000000147,5.957336946642367
2011-10-04 09:37:00.000000189,6.665807025750409
2011-10-04 09:37:00.0000008,7.082152273608531
2011-10-04 09:37:00.000000125,6.14924054051234
2011-10-04 09:37:00.00000051,5.040492638666299
2011-10-04 09:37:00.000000173,8.554394320080453
2011-10-04 09:37:00.00000096,11.071584227115563
2011-10-04 09:37:00.000000174,6.408370604381633
2011-10-04 09:37:00.000000130,7.779024220059841
2011-10-04 09:37:00.00000016,6.481095728488116
2011-10-04 09:37:00.000000145,6.876556392388126
2011-10-04 09:37:00.000000140,7.79904339308642
2011-10-04 09:37:00.00000040,29.519884325337735
2011-10-04 09:37:00.000000118,11.567429920970076
2011-10-04 09:37:00.00000081,7.070992768627335
2011-10-04 09:37:00.000000175,10.17959681777975
2011-10-04 09:37:00.00000072,9.502439846836678
2011-10-04 09:37:00.000000143,5.575426111452967
2011-10-04 09:37:00.000000104,6.481095728488116
2011-10-04 09:37:00.00000053,6.738325024440938
2011-10-04 09:37:00.00000084,5.040492638666299
2011-10-04 09:37:00.00000030,9.539069206159478
2011-10-04 09:37:00.000000100,6.926055808353299
2011-10-04 09:37:00.000000105,7.129774098731521
2011-10-04 09:37:00.00000041,5.040492638666299
2011-10-04 09:37:00.00000091,11.733807338392136
2011-10-04 09:37:00.00000078,6.481095728488116
2011-10-04 09:37:00.000000197,7.67854944227358
2011-10-04 09:37:00.000000119,9.935513078190432
2011-10-04 09:37:00.000000161,7.779024220059841
2011-10-04 09:37:00.00000039,6.408370604381633
2011-10-04 09:37:00.00000086,7.070992768627335
2011-10-04 09:37:00.000000195,9.124547587391795
2011-10-04 09:37:00.000000182,7.128760947125559
2011-10-04 09:37:00.000000133,6.481095728488116
2011-10-04 09:37:00.00000029,9.34034171985057
2011-10-04 09:37:00.000000144,6.349370903742641
2011-10-04 09:37:00.000000128,6.481095728488116
2011-10-04 09:37:00.00000027,7.79904339308642
2011-10-04 09:37:00.00000032,6.481095728488116
2011-10-04 09:37:00.00000073,8.53143240004023
2011-10-04 09:37:00.00000083,8.579542833960891
2011-10-04 09:37:00.00000021,6.673175458064509
2011-10-04 09:37:00.000000137,5.040492638666299
2011-10-04 09:37:00.00000087,47.52083781754235
2011-10-04 09:37:00.00000060,30.6425362477111
2011-10-04 09:37:00.000000138,9.101586627796786
2011-10-04 09:37:00.00000046,9.556410791834843
2011-10-04 09:37:00.00000075,9.26254251818197
2011-10-04 09:37:00.000000198,5.040492638666299
2011-10-04 09:37:00.000000121,9.521570127267829
2011-10-04 09:37:00.000000116,5.040492638666299
2011-10-04 09:37:00.000000117,7.79904339308642
2011-10-04 09:37:00.00000097,13.541682084273052
2011-10-04 09:37:00.00000012,5.040492638666299
2011-10-04 09:37:00.00000093,32.46144029255999
2011-10-04 09:37:00.000000101,5.728381068663981
2011-10-04 09:37:00.00000082,18.730267582392194
2011-10-04 09:37:00.000000126,6.501628774124332
2011-10-04 09:37:00.00000035,9.502439846836678
2011-10-04 09:37:00.000000127,15.413055048397803
2011-10-04 09:37:00.000000156,5.067226456770709
2014-04-29 08:15:56.0000002,6.5471934587910425
2014-04-29 08:15:56.0000001,7.484815111680552
2012-10-23 14:15:04.0000003,10.913515021530205
2012-10-23 14:15:04.0000004,12.500879157240288
2012-10-23 14:15:04.0000001,5.728381068663981
2012-08-31 08:01:16.0000001,6.309754064759585
2012-10-18 21:06:20.0000003,9.614691016139997
2012-10-18 21:06:20.0000006,49.31217147284984
2012-10-18 21:06:20.0000002,7.356356239699122
2012-10-18 21:06:20.0000005,9.169437619101311
2012-10-18 21:06:20.0000004,8.871195308459258
2012-10-18 21:06:20.0000008,8.907226796141128
2012-10-18 21:06:20.00000010,7.381892193070039
2012-10-18 21:06:20.0000001,30.799347744442418
2014-02-26 04:36:28.0000001,15.693821849139212
2010-02-20 00:43:28.0000002,7.337377415381132
2010-02-20 00:43:28.0000004,19.399880210891396
2010-02-20 00:43:28.0000003,8.320991836363719
2010-02-20 00:43:28.0000001,11.15860660814605
2009-08-21 08:00:48.0000002,8.39119138510976
2009-08-21 08:00:48.0000001,7.25250456761912
2009-08-21 08:00:48.0000003,6.970878407199237
2014-12-24 03:00:00.00000034,8.091903277076302
2014-12-24 03:00:00.00000013,27.948109993633885
2014-12-24 03:00:00.0000001,15.55386189640484
2014-12-24 03:00:00.00000032,8.856706368173942
2014-12-24 03:00:00.0000006,6.397683651708254
2014-12-24 03:00:00.00000037,7.1679366592332014
2014-12-24 03:00:00.00000012,11.479020181702516
2014-12-24 03:00:00.00000023,22.319291240034776
2014-12-24 03:00:00.00000041,6.4117681920597445
2014-12-24 03:00:00.0000008,8.082341788746415
2014-12-24 03:00:00.00000024,14.663436035667738
2014-12-24 03:00:00.00000038,8.939856496891453
2014-12-24 03:00:00.0000009,8.265640647190581
2014-12-24 03:00:00.00000018,14.184918575703582
2014-12-24 03:00:00.00000011,26.620650975311207
2014-12-24 03:00:00.00000021,12.264174484828882
2014-12-24 03:00:00.00000030,8.856706368173942
2014-12-24 03:00:00.00000010,7.1007207935092795
2014-12-24 03:00:00.0000004,10.325519275052189
2014-12-24 03:00:00.00000022,14.141813777388894
2014-12-24 03:00:00.00000028,7.16707670962724
2012-08-19 12:46:40.0000003,15.02396275506555
2012-08-19 12:46:40.0000002,5.040492638666299
2012-08-19 12:46:40.0000001,9.286761825876827
2013-12-02 17:53:24.0000003,11.803139027667566
2013-12-02 17:53:24.0000001,13.085673999368112
2013-12-02 17:53:24.0000002,11.661159728580452
2011-11-07 18:53:08.0000002,9.97098561588812
2011-11-07 18:53:08.0000001,11.532171886561587
2009-05-16 23:36:24.0000001,8.414314179860344
2009-05-16 23:36:24.0000002,5.526194953802452
2011-01-10 10:56:56.0000003,7.642118886612417
2011-01-10 10:56:56.0000002,30.176724427737703
2011-01-10 10:56:56.0000001,5.526194953802452
2010-10-07 10:54:20.0000002,8.67896875742789
2010-10-07 10:54:20.0000005,13.48299710260307
2010-10-07 10:54:20.0000001,5.728381068663981
2010-10-07 10:54:20.0000004,7.09652872199825
2011-02-21 20:11:08.0000001,8.626254667569254
2011-02-21 20:11:08.0000005,6.9852548555889555
2011-02-21 20:11:08.0000002,9.506163457975445
2011-02-21 20:11:08.0000003,8.626254667569254
2011-02-21 20:11:08.0000004,37.91647143298216
2009-10-04 22:54:56.0000003,9.379294751217294
2015-04-11 20:31:32.0000007,6.62492102362603
2015-04-11 20:31:32.00000012,7.037241115739742
2015-04-11 20:31:32.0000003,35.01434037959496
2015-04-11 20:31:32.0000006,12.79909967141334
2015-04-11 20:31:32.0000002,22.177001554660134
2015-04-11 20:31:32.0000009,12.168761223643376
2015-04-11 20:31:32.00000010,5.570155969007919
2015-04-11 20:31:32.0000001,8.352560685686766
2012-04-02 02:53:24.0000001,14.446731170300282
2014-04-21 16:00:36.0000001,5.174812878048644
2014-04-21 16:00:36.0000003,9.131155700930842
2014-04-21 16:00:36.0000002,5.098009270804032
2012-03-22 21:11:36.0000006,14.846569470609008
2012-03-22 21:11:36.0000008,9.31353237758928
2012-03-22 21:11:36.0000005,10.167867780084489
2012-03-22 21:11:36.0000001,10.190509396328423
2012-03-22 21:11:36.0000004,5.040492638666299
2012-03-22 21:11:36.0000007,5.526194953802452
2012-03-22 21:11:36.0000002,9.281661646209047
2012-03-22 21:11:36.0000003,20.988333422496062
2011-04-08 00:57:44.0000001,5.4774755946260605
2011-02-20 12:31:04.0000001,9.77371312851015
2011-02-20 12:31:04.0000003,4.757585793058761
2011-02-06 17:08:24.0000004,17.664298625128808
2011-02-06 17:08:24.0000002,7.642118886612417
2011-02-06 17:08:24.0000001,8.841749098270432
2013-01-01 22:04:56.0000001,8.653692950954966
2013-04-23 17:52:44.0000001,19.697094719339706
2013-04-23 17:52:44.0000002,6.445119552360852
2013-07-02 21:47:24.0000003,5.098009270804032
2013-07-02 21:47:24.0000002,17.024791311756907
2013-07-02 21:47:24.0000001,19.29924614542484
2010-01-01 13:19:40.0000002,17.664298625128808
2010-01-01 13:19:40.0000005,8.92268484899447
2010-01-01 13:19:40.0000001,9.950258792021645
2010-01-01 13:19:40.0000003,65.13328938192225
2013-04-26 20:41:16.0000001,9.047620377187908
2010-03-06 23:51:08.0000002,12.2339122768669
2010-03-06 23:51:08.0000001,8.626254667569254
2014-04-17 16:58:28.0000001,9.857437721303985
2014-04-17 16:58:28.0000002,12.643307257694355
2014-01-06 16:39:16.0000001,27.3966729217207
2015-02-12 05:37:56.0000002,5.098009270804032
2011-12-22 01:00:08.0000001,17.901530541504222
2011-12-22 01:00:08.0000002,7.627114560541775
2011-08-20 17:04:24.0000001,5.067226456770709
2011-06-30 13:07:36.0000001,5.526194953802452
2011-06-30 13:07:36.0000005,9.286761825876827
2011-06-30 13:07:36.0000002,6.927187692326305
2011-06-30 13:07:36.0000004,6.449678156107983
2011-06-30 13:07:36.0000003,8.39119138510976
2014-04-27 02:57:00.000000100,4.957512989330939
2014-04-27 02:57:00.000000130,6.875164080973599
2014-04-27 02:57:00.000000109,30.09418513439711
2014-04-27 02:57:00.00000096,20.06967318352931
2014-04-27 02:57:00.00000063,11.626044390396727
2014-04-27 02:57:00.000000177,7.405763326245736
2014-04-27 02:57:00.000000132,16.31691861651054
2014-04-27 02:57:00.000000170,23.14605694070243
2014-04-27 02:57:00.00000021,11.808025891534934
2014-04-27 02:57:00.000000136,13.852625810978344
2014-04-27 02:57:00.00000032,11.665492194757785
2014-04-27 02:57:00.000000107,6.309694285629554
2014-04-27 02:57:00.00000028,42.29428457438552
2014-04-27 02:57:00.00000026,16.118262014577468
2014-04-27 02:57:00.000000139,8.545983000167343
2014-04-27 02:57:00.00000015,21.117829553883606
2014-04-27 02:57:00.00000095,5.098009270804032
2014-04-27 02:57:00.000000105,24.116572014745028
2014-04-27 02:57:00.000000196,9.723333132925395
2014-04-27 02:57:00.0000001,5.476113530820283
2014-04-27 02:57:00.000000175,12.984367789237771
2014-04-27 02:57:00.000000188,18.906938809511495
2014-04-27 02:57:00.00000051,14.618546573725855
2014-04-27 02:57:00.00000055,8.091903277076302
2014-04-27 02:57:00.00000016,15.653837879362598
2014-04-27 02:57:00.000000169,8.091903277076302
2014-04-27 02:57:00.00000086,12.460769310606038
2014-04-27 02:57:00.000000148,15.747250084137098
2014-04-27 02:57:00.00000087,15.88156623757288
2014-04-27 02:57:00.00000027,15.618300896504149
2014-04-27 02:57:00.000000120,21.915166702396302
2014-04-27 02:57:00.00000068,5.098009270804032
2014-04-27 02:57:00.00000099,8.545983000167343
2014-04-27 02:57:00.000000193,9.028761369485103
2014-04-27 02:57:00.00000081,18.54746333330572
2014-04-27 02:57:00.000000135,23.012283959572382
2014-04-27 02:57:00.000000181,6.4117681920597445
2014-04-27 02:57:00.00000020,6.580887632292547
2014-04-27 02:57:00.000000157,18.629927125200336
2014-04-27 02:57:00.00000079,20.697928449191135
2014-04-27 02:57:00.00000019,8.229023407337468
2014-04-27 02:57:00.000000126,14.333848295853693
2014-04-27 02:57:00.0000002,6.309694285629554
2014-04-27 02:57:00.00000062,9.915928187247262
2014-04-27 02:57:00.00000085,11.611308569825779
2014-04-27 02:57:00.00000014,13.844373647890132
2014-04-27 02:57:00.000000161,10.539384848866192
2014-04-27 02:57:00.00000084,13.407559367399703
2014-04-27 02:57:00.000000122,20.149738414286638
2014-04-27 02:57:00.000000111,8.940378892915426
2014-04-27 02:57:00.000000113,9.791806164065038
2014-04-27 02:57:00.00000071,10.222055606531045
2014-04-27 02:57:00.00000077,11.548889280650872
2014-04-27 02:57:00.000000134,46.79512105527081
2014-04-27 02:57:00.000000103,11.751416265755221
2014-04-27 02:57:00.000000102,13.09329145342014
2014-04-27 02:57:00.000000160,22.38728214839062
2014-04-27 02:57:00.00000042,5.098009270804032
2014-04-27 02:57:00.00000054,7.023596050513097
2014-04-27 02:57:00.00000049,15.531473498706806
2014-04-27 02:57:00.000000147,11.548889280650872
2014-04-27 02:57:00.00000045,9.061989749673005
2014-04-27 02:57:00.0000003,20.104330138979414
2014-04-27 02:57:00.000000182,9.496984040083518
2014-04-27 02:57:00.000000180,8.717460839043706
2014-04-27 02:57:00.00000038,21.241261572819877
2014-04-27 02:57:00.0000005,9.88920321848735
2014-04-27 02:57:00.000000108,5.098009270804032
2014-04-27 02:57:00.00000092,6.208594814702599
2014-04-27 02:57:00.000000192,6.309694285629554
2014-04-27 02:57:00.000000165,8.037837796956003
2014-04-27 02:57:00.000000115,9.464406745716559
2014-04-27 02:57:00.00000029,9.343215279930023
2014-04-27 02:57:00.00000050,7.16707670962724
2014-04-27 02:57:00.000000119,9.747837411806053
2014-04-27 02:57:00.00000011,17.31454675063985
2014-04-27 02:57:00.000000114,8.091903277076302
2014-04-27 02:57:00.000000190,12.327287354972338
2014-04-27 02:57:00.00000061,9.998162460275784
2014-04-27 02:57:00.00000098,11.464683463753117
2014-04-27 02:57:00.00000040,7.638592476778122
2014-04-27 02:57:00.000000117,18.081143755183128
2014-04-27 02:57:00.000000150,8.358615437850531
2014-04-27 02:57:00.00000035,8.97513504606113
2014-04-27 02:57:00.00000022,20.22348821623092
2014-04-27 02:57:00.000000146,7.857323990979744
2014-04-27 02:57:00.00000018,9.723333132925395
2014-04-27 02:57:00.00000041,14.285740406947218
2014-04-27 02:57:00.00000089,18.04882536487853
2014-04-27 02:57:00.00000088,8.149433495250786
2014-04-27 02:57:00.000000101,11.575450188982924
2014-04-27 02:57:00.00000058,25.901016042668765
2014-04-27 02:57:00.00000030,8.986007427476842
2014-04-27 02:57:00.000000156,13.38743410038099
2014-04-27 02:57:00.00000024,8.12917615646236
2014-04-27 02:57:00.000000163,7.810011552804222
2014-04-27 02:57:00.000000152,12.063207382175737
2014-04-27 02:57:00.00000037,7.0366474523873395
2014-04-27 02:57:00.00000065,6.309694285629554
2014-04-27 02:57:00.0000006,26.87982951088612
2014-04-27 02:57:00.00000060,9.16400673509492
2014-04-27 02:57:00.000000110,7.416857085779517
2014-04-27 02:57:00.00000034,6.309694285629554
2014-04-27 02:57:00.000000149,25.749168993722797
2014-04-27 02:57:00.000000176,5.098009270804032
2014-04-27 02:57:00.000000184,7.141173391350803
2014-04-27 02:57:00.000000118,8.18073954046582
2014-04-27 02:57:00.000000186,14.189649387451357
2014-04-27 02:57:00.000000104,10.527655073171788
2014-04-27 02:57:00.00000080,26.099420795404665
2014-04-27 02:57:00.000000121,8.63835642819664
2014-04-27 02:57:00.00000093,7.620205752207771
2014-04-27 02:57:00.00000056,9.671264207461457
2014-04-27 02:57:00.00000044,15.615861085864875
2014-04-27 02:57:00.00000048,8.381094892214545
2014-04-27 02:57:00.00000059,13.661070787869807
2014-04-27 02:57:00.000000194,20.304716345445602
2014-04-27 02:57:00.000000185,21.97582954668025
2014-04-27 02:57:00.000000125,18.489602802104105
2014-04-27 02:57:00.00000046,13.290855388120017
2014-04-27 02:57:00.00000070,18.388329450623843
2014-04-27 02:57:00.000000133,15.028053770741518
2011-01-18 10:26:40.0000003,5.4774755946260605
2011-01-18 10:26:40.0000002,8.39119138510976
2012-04-20 07:57:20.0000001,8.317423738725957
2012-04-20 07:57:20.0000004,5.526194953802452
2012-04-20 07:57:20.0000003,6.295249130115571
2012-04-20 07:57:20.0000002,5.040492638666299
2011-12-13 22:00:00.00000071,13.041558694568945
2011-12-13 22:00:00.000000178,5.040492638666299
2011-12-13 22:00:00.00000016,8.34106708749608
2011-12-13 22:00:00.000000127,8.259332883871867
2011-12-13 22:00:00.00000065,5.040492638666299
2011-12-13 22:00:00.000000227,4.757585793058761
2011-12-13 22:00:00.000000257,5.728381068663981
2011-12-13 22:00:00.000000238,7.691596322055881
2011-12-13 22:00:00.0000008,8.891475681804653
2011-12-13 22:00:00.000000252,5.728381068663981
2011-12-13 22:00:00.000000204,13.041558694568945
2011-12-13 22:00:00.000000120,9.967705612980705
2011-12-13 22:00:00.000000175,5.040492638666299
2011-12-13 22:00:00.00000010,12.556106078835203
2011-12-13 22:00:00.00000048,6.738325024440938
2011-12-13 22:00:00.000000189,5.560015384602345
2011-12-13 22:00:00.00000011,5.560015384602345
2011-12-13 22:00:00.000000247,7.779024220059841
2011-12-13 22:00:00.000000261,4.757585793058761
2011-12-13 22:00:00.0000004,12.352981789395011
2011-12-13 22:00:00.00000014,12.098158168525861
2011-12-13 22:00:00.000000151,36.750477321008944
2011-12-13 22:00:00.00000025,6.481095728488116
2011-12-13 22:00:00.00000039,10.30688376371663
2011-12-13 22:00:00.000000179,8.34106708749608
2011-12-13 22:00:00.000000137,10.468794531694206
2011-12-13 22:00:00.00000091,14.671862997698142
2011-12-13 22:00:00.000000109,6.39709390739075
2011-12-13 22:00:00.000000174,8.730714130368685
2011-12-13 22:00:00.000000225,17.533833199814246
2011-12-13 22:00:00.000000207,7.082152273608531
2011-12-13 22:00:00.000000269,24.878182009624556
2011-12-13 22:00:00.000000234,7.09652872199825
2011-12-13 22:00:00.00000017,8.322944644782538
2011-12-13 22:00:00.00000046,5.728381068663981
2011-12-13 22:00:00.00000057,12.286788601055793
2011-12-13 22:00:00.000000105,7.779024220059841
2011-12-13 22:00:00.000000114,14.853957645654853
2011-12-13 22:00:00.00000030,5.728381068663981
2011-12-13 22:00:00.000000100,6.481095728488116
2011-12-13 22:00:00.00000088,15.93769334208722
2011-12-13 22:00:00.000000242,8.710422574779155
2011-12-13 22:00:00.000000113,7.082152273608531
2011-12-13 22:00:00.000000157,12.098158168525861
2011-12-13 22:00:00.000000177,13.041558694568945
2011-12-13 22:00:00.000000169,9.397569348115068
2011-12-13 22:00:00.000000123,5.040492638666299
2011-12-13 22:00:00.000000182,30.484598003025063
2011-12-13 22:00:00.000000129,7.779024220059841
2011-12-13 22:00:00.000000136,34.7975459807347
2011-12-13 22:00:00.000000187,6.464229492585441
2011-12-13 22:00:00.000000218,7.779024220059841
2011-12-13 22:00:00.000000167,27.581076186318388
2011-12-13 22:00:00.000000192,9.397569348115068
2011-12-13 22:00:00.00000024,7.070992768627335
2011-12-13 22:00:00.00000093,10.57344624227363
2011-12-13 22:00:00.000000260,5.040492638666299
2011-12-13 22:00:00.00000038,5.040492638666299
2011-12-13 22:00:00.000000208,6.481095728488116
2011-12-13 22:00:00.000000210,6.481095728488116
2011-12-13 22:00:00.000000181,6.608692055739402
2011-12-13 22:00:00.000000111,10.349170912859062
2011-12-13 22:00:00.000000161,16.18835518389995
2011-12-13 22:00:00.000000209,5.040492638666299
2011-12-13 22:00:00.00000029,6.481095728488116
2011-12-13 22:00:00.00000067,5.728381068663981
2011-12-13 22:00:00.000000202,5.067226456770709
2011-12-13 22:00:00.000000245,9.379294751217294
2011-12-13 22:00:00.000000206,10.252742461632272
2011-12-13 22:00:00.0000003,6.481095728488116
2011-12-13 22:00:00.00000060,12.51307012967078
2011-12-13 22:00:00.00000053,6.446560227598877
2011-12-13 22:00:00.000000201,8.473836613815275
2011-12-13 22:00:00.000000212,10.267233469477958
2011-12-13 22:00:00.000000235,16.374034583443866
2011-12-13 22:00:00.000000170,23.71913486125327
2011-12-13 22:00:00.000000253,5.040492638666299
2011-12-13 22:00:00.000000172,17.987135748196163
2011-12-13 22:00:00.00000086,5.040492638666299
2011-12-13 22:00:00.000000223,43.04152982905642
2011-12-13 22:00:00.0000009,11.879631389426994
2011-12-13 22:00:00.00000031,12.319107582415729
2011-12-13 22:00:00.000000243,9.379294751217294
2011-12-13 22:00:00.000000133,11.34252921359946
2011-12-13 22:00:00.000000199,7.79904339308642
2011-12-13 22:00:00.000000104,25.30709758084162
2011-12-13 22:00:00.00000023,47.52083781754235
2011-12-13 22:00:00.00000075,30.16206707608498
2011-12-13 22:00:00.000000217,5.040492638666299
2011-12-13 22:00:00.000000220,8.259332883871867
2011-12-13 22:00:00.000000211,4.804034357507094
2011-12-13 22:00:00.000000150,8.78385819046438
2011-12-13 22:00:00.00000020,5.040492638666299
2011-12-13 22:00:00.000000254,9.217685735269262
2011-12-13 22:00:00.000000183,7.779024220059841
2011-12-13 22:00:00.000000166,12.144348889784554
2011-12-13 22:00:00.00000063,7.779024220059841
2011-12-13 22:00:00.000000124,5.728381068663981
2011-12-13 22:00:00.000000219,8.50686514416701
2011-12-13 22:00:00.00000099,15.840212792519072
2011-12-13 22:00:00.00000041,7.082152273608531
2011-12-13 22:00:00.00000080,11.361314995215537
2011-12-13 22:00:00.000000216,24.878182009624556
2011-12-13 22:00:00.000000240,5.728381068663981
2011-12-13 22:00:00.000000153,8.34106708749608
2011-12-13 22:00:00.00000068,4.757585793058761
2011-12-13 22:00:00.000000263,9.289138050573607
2011-12-13 22:00:00.00000061,13.039465692363109
2011-12-13 22:00:00.000000162,5.728381068663981
2011-12-13 22:00:00.00000045,5.728381068663981
2011-12-13 22:00:00.000000193,5.4197237338572135
2011-12-13 22:00:00.000000112,30.484598003025063
2011-12-13 22:00:00.000000165,6.481095728488116
2011-12-13 22:00:00.000000255,12.435490070367866
2011-12-13 22:00:00.000000106,30.484598003025063
2011-12-13 22:00:00.000000125,14.48680770776871
2011-12-13 22:00:00.000000250,7.779024220059841
2011-12-13 22:00:00.0000006,5.728381068663981
2011-12-13 22:00:00.00000090,5.040492638666299
2011-12-13 22:00:00.00000055,5.869777831578041
2011-12-13 22:00:00.000000188,8.710422574779155
2011-12-13 22:00:00.000000259,13.579604712788049
2011-12-13 22:00:00.000000142,15.115172082070462
2011-12-13 22:00:00.000000155,6.953701715513752
2011-12-13 22:00:00.00000082,5.560015384602345
2011-12-13 22:00:00.00000069,7.09652872199825
2011-12-13 22:00:00.00000097,13.029512405360677
2011-12-13 22:00:00.000000107,29.47736071690997
2011-12-13 22:00:00.000000126,6.460084012443413
2011-12-13 22:00:00.00000012,10.349170912859062
2011-12-13 22:00:00.000000158,7.687103431407943
2011-12-13 22:00:00.000000196,7.037459700556303
2011-12-13 22:00:00.000000132,23.71913486125327
2011-12-13 22:00:00.000000244,6.953701715513752
2011-12-13 22:00:00.000000268,8.76717494123714
2011-12-13 22:00:00.00000064,6.464229492585441
2011-12-13 22:00:00.000000159,10.469382726331242
2011-12-13 22:00:00.000000163,20.009389833621366
2011-12-13 22:00:00.000000232,18.62999990609945
2011-12-13 22:00:00.0000007,9.169437619101311
2011-12-13 22:00:00.00000054,5.040492638666299
2011-12-13 22:00:00.000000230,17.220691960327194
2011-12-13 22:00:00.000000256,6.481095728488116
2011-12-13 22:00:00.000000146,6.938463261569514
2011-12-13 22:00:00.000000265,8.666798872612214
2011-12-13 22:00:00.00000076,7.363184713609331
2011-12-13 22:00:00.00000062,18.22116256597853
2011-12-13 22:00:00.00000032,6.739710525394337
2011-12-13 22:00:00.000000213,5.728381068663981
2011-12-13 22:00:00.00000083,13.298077787441926
2011-12-13 22:00:00.00000026,18.051441848916273
2011-12-13 22:00:00.000000239,12.514592288432329
2011-12-13 22:00:00.000000233,10.761340767705637
2011-12-13 22:00:00.00000089,9.169437619101311
2011-12-13 22:00:00.000000267,7.79904339308642
2011-12-13 22:00:00.000000176,7.7713235779734235
2011-12-13 22:00:00.000000139,5.040492638666299
2011-12-13 22:00:00.00000027,5.040492638666299
2011-12-13 22:00:00.00000042,8.71405645717831
2011-12-13 22:00:00.000000241,13.072040387873992
2011-12-13 22:00:00.000000222,7.779024220059841
2012-03-12 09:50:24.0000001,9.131155700930842
2012-03-12 09:50:24.0000003,6.53519355023794
2012-03-12 09:50:24.0000002,6.825115688234412
2014-05-13 07:33:52.0000006,5.098009270804032
2014-05-13 07:33:52.0000004,6.875164080973599
2014-05-13 07:33:52.0000001,8.200216640564621
2014-05-13 07:33:52.0000002,4.986881769769264
2014-05-13 07:33:52.0000003,13.340087188095842
2011-06-30 09:37:08.0000002,9.77371312851015
2011-06-30 09:37:08.0000003,4.979317415063302
2012-09-18 17:13:40.0000002,6.633191298028203
2012-09-18 17:13:40.0000001,7.107112962029085
2011-06-07 12:11:56.0000004,19.341580911506746
2011-06-07 12:11:56.0000001,10.89435307675293
2011-06-07 12:11:56.0000003,28.88162956858692
2011-06-07 12:11:56.0000002,4.969954996031069
2011-06-07 12:11:56.0000005,6.118723208771672
2010-05-21 23:04:44.0000002,17.994716407191273
2010-05-21 23:04:44.0000001,15.773771060268569
2009-01-28 16:36:28.0000002,7.100885660226131
2009-01-28 16:36:28.0000003,47.31576882151711
2009-01-28 16:36:28.0000005,6.6116709203818065
2009-01-28 16:36:28.0000006,9.677076218416614
2009-01-28 16:36:28.0000001,5.31621019243694
2012-03-12 02:58:56.0000001,15.271954223837591
2010-07-21 22:06:12.0000005,8.664498118966483
2010-07-21 22:06:12.0000003,6.970878407199237
2010-07-21 22:06:12.0000001,25.569812702366157
2010-07-21 22:06:12.0000002,11.863135862915076
2009-04-12 16:00:56.0000001,12.527606549367523
2013-05-24 13:37:32.0000001,6.5471934587910425
2011-07-29 20:50:36.0000001,13.038305652613303
2011-07-29 20:50:36.0000003,25.477191441977457
2011-07-29 20:50:36.0000002,5.785828642485623
2014-03-05 21:07:12.0000003,13.93792903523564
2014-03-05 21:07:12.0000004,8.629136197030892
2009-11-28 15:07:24.0000004,47.38148630937533
2009-11-28 15:07:24.0000001,11.323476506651229
2009-11-28 15:07:24.0000003,6.481095728488116
2015-04-11 14:16:12.0000003,6.4985657426569805
2015-04-11 14:16:12.00000010,4.896538220483611
2015-04-11 14:16:12.00000011,5.098009270804032
2015-04-11 14:16:12.0000001,7.484815111680552
2015-04-11 14:16:12.0000002,6.4985657426569805
2015-04-11 14:16:12.0000006,55.87005979746543
2015-04-11 14:16:12.0000007,5.098009270804032
2015-04-11 14:16:12.0000008,10.385642212183663
2014-11-15 10:57:20.0000002,4.827101914125454
2014-11-15 10:57:20.0000001,6.765682986766677
2010-07-31 15:47:28.0000001,5.040492638666299
2014-05-12 20:56:48.0000005,5.098009270804032
2014-05-12 20:56:48.0000001,8.938819184545553
2014-05-12 20:56:48.0000004,9.131155700930842
2014-05-12 20:56:48.0000003,8.653692950954966
2014-05-12 20:56:48.0000002,12.04721118097255
2014-01-16 06:00:48.0000001,11.763780048705316
2014-04-23 11:18:40.0000003,10.51568728370454
2014-04-23 11:18:40.0000002,7.349944911843164
2014-04-23 11:18:40.0000001,9.848960099067693
2011-09-22 04:49:56.0000001,34.17530717459751
2011-10-28 07:35:52.0000003,6.481095728488116
2011-10-28 07:35:52.0000002,9.721995541034714
2011-10-28 07:35:52.0000001,6.692283573268345
2015-05-10 19:54:00.0000001,8.352560685686766
2015-05-10 19:54:00.0000003,6.531074154920847
2015-05-10 19:54:00.0000005,9.133913740317208
2015-05-10 19:54:00.0000004,10.954930487673526
2011-03-28 23:18:48.0000001,10.625950506827568
2014-08-26 01:31:04.0000001,29.76494338647786
2015-02-26 15:55:48.0000004,12.279166017110677
2015-02-26 15:55:48.0000003,7.791874608552206
2015-02-26 15:55:48.0000002,5.098009270804032
2013-11-22 15:36:36.0000002,4.827101914125454
2010-02-13 11:03:04.0000002,5.526194953802452
2010-02-13 11:03:04.0000001,5.040492638666299
2010-02-13 11:03:04.0000004,5.526194953802452
2010-02-13 11:03:04.0000003,5.577224480929208
2011-06-26 18:48:08.0000004,10.286394249648692
2011-06-26 18:48:08.0000005,17.336073584185307
2011-06-26 18:48:08.0000002,5.4774755946260605
2011-06-26 18:48:08.0000001,7.9121981052687245
2010-10-14 23:48:56.0000001,6.408370604381633
2010-10-14 23:48:56.0000002,46.01881616034329
2010-10-14 23:48:56.0000003,12.124495572935263
2010-10-14 23:48:56.0000004,6.061532853409749
2011-01-22 07:48:28.0000001,8.270174044298063
2011-10-17 18:49:20.0000003,14.811403478646199
2011-10-17 18:49:20.0000002,6.7682938418897916
2011-10-17 18:49:20.0000005,9.845552422566026
2009-03-24 16:39:12.0000002,9.77371312851015
2009-03-24 16:39:12.0000004,7.642118886612417
2009-03-24 16:39:12.0000003,10.89435307675293
2009-03-24 16:39:12.0000001,5.7811836996854495
2014-07-21 18:19:00.000000102,7.484815111680552
2014-07-21 18:19:00.000000106,10.00739875419396
2014-07-21 18:19:00.000000107,6.3274505287091785
2014-07-21 18:19:00.00000094,39.994622313500656
2014-07-21 18:19:00.000000161,7.484815111680552
2014-07-21 18:19:00.000000129,16.62145887502453
2014-07-21 18:19:00.00000083,5.570155969007919
2014-07-21 18:19:00.000000163,14.736542113904102
2014-07-21 18:19:00.000000117,12.08126618517665
2014-07-21 18:19:00.00000028,4.896538220483611
2014-07-21 18:19:00.00000089,15.789792419360847
2014-07-21 18:19:00.000000130,6.554924138233605
2014-07-21 18:19:00.000000105,6.765682986766677
2014-07-21 18:19:00.000000123,17.071827922323248
2014-07-21 18:19:00.000000103,55.80599659871427
2014-07-21 18:19:00.000000227,9.179403817098793
2014-07-21 18:19:00.000000189,10.110616459805332
2014-07-21 18:19:00.000000168,8.352560685686766
2014-07-21 18:19:00.000000173,12.460742637888705
2014-07-21 18:19:00.000000128,15.19067247013658
2014-07-21 18:19:00.000000143,27.7143279008459
2014-07-21 18:19:00.00000018,20.126623266207833
2014-07-21 18:19:00.00000049,11.848239786935078
2014-07-21 18:19:00.00000022,7.407784798792143
2014-07-21 18:19:00.000000200,7.526312694227952
2014-07-21 18:19:00.000000193,9.969185943582264
2014-07-21 18:19:00.000000231,9.302119114256982
2014-07-21 18:19:00.000000202,13.464665065773897
2014-07-21 18:19:00.00000092,34.03562355029864
2014-07-21 18:19:00.000000148,6.5471934587910425
2014-07-21 18:19:00.00000057,4.896538220483611
2014-07-21 18:19:00.00000074,7.484815111680552
2014-07-21 18:19:00.000000183,13.59284251085648
2014-07-21 18:19:00.000000221,6.894053357832756
2014-07-21 18:19:00.00000078,7.456435678801829
2014-07-21 18:19:00.00000058,7.456435678801829
2014-07-21 18:19:00.000000214,7.484815111680552
2014-07-21 18:19:00.000000122,10.110616459805332
2014-07-21 18:19:00.000000137,4.827101914125454
2014-07-21 18:19:00.00000027,8.352560685686766
2014-07-21 18:19:00.00000047,20.764916981134203
2014-07-21 18:19:00.00000061,11.107152559704248
2014-07-21 18:19:00.000000196,10.47971506029992
2014-07-21 18:19:00.000000125,16.541428853167808
2014-07-21 18:19:00.000000126,19.89915889566924
2014-07-21 18:19:00.000000145,4.827101914125454
2014-07-21 18:19:00.00000080,14.08252075403787
2014-07-21 18:19:00.00000055,9.752773236997978
2014-07-21 18:19:00.00000066,10.764375276128982
2014-07-21 18:19:00.000000111,6.384087200343776
2014-07-21 18:19:00.00000042,7.484815111680552
2014-07-21 18:19:00.000000215,5.605010398630153
2014-07-21 18:19:00.00000043,27.948371581758817
2014-07-21 18:19:00.000000119,19.5296543258435
2014-07-21 18:19:00.000000115,12.42825825312704
2014-07-21 18:19:00.0000009,9.978844922809898
2014-07-21 18:19:00.00000075,10.47971506029992
2014-07-21 18:19:00.000000118,4.827101914125454
2014-07-21 18:19:00.00000038,17.940696628046886
2014-07-21 18:19:00.000000124,10.504935402397928
2014-07-21 18:19:00.000000242,9.879778891444204
2014-07-21 18:19:00.00000019,7.804519118762981
2014-07-21 18:19:00.00000056,12.177897331916599
2014-07-21 18:19:00.000000239,7.484815111680552
2014-07-21 18:19:00.000000101,8.352560685686766
2014-07-21 18:19:00.000000216,41.11343286596962
2014-07-21 18:19:00.000000198,6.45201479700421
2014-07-21 18:19:00.000000174,38.58561251143357
2014-07-21 18:19:00.00000070,7.704172835709106
2014-07-21 18:19:00.0000004,12.662106219015325
2014-07-21 18:19:00.000000135,8.478992429953733
2014-07-21 18:19:00.000000165,7.774766719374296
2014-07-21 18:19:00.00000010,12.662106219015325
2014-07-21 18:19:00.000000211,7.390079762683868
2014-07-21 18:19:00.000000190,7.83949272763584
2014-07-21 18:19:00.00000021,6.829528060071183
2014-07-21 18:19:00.000000204,6.445119552360852
2014-07-21 18:19:00.000000112,7.83949272763584
2014-07-21 18:19:00.000000169,19.926398772504992
2014-07-21 18:19:00.000000226,7.83949272763584
2014-07-21 18:19:00.000000109,6.445119552360852
2014-07-21 18:19:00.000000113,17.773811900811857
2014-07-21 18:19:00.000000127,19.859719535632685
2014-07-21 18:19:00.000000182,10.969520055870383
2014-07-21 18:19:00.00000036,8.52017725459289
2014-07-21 18:19:00.000000220,4.827101914125454
2014-07-21 18:19:00.000000121,6.649275058953958
2014-07-21 18:19:00.00000050,10.504935402397928
2014-07-21 18:19:00.000000178,5.174812878048644
2014-07-21 18:19:00.000000166,8.352560685686766
2014-07-21 18:19:00.000000224,6.649275058953958
2014-07-21 18:19:00.000000134,6.445119552360852
2014-07-21 18:19:00.000000195,11.803139027667566
2014-07-21 18:19:00.00000015,38.884098427305084
2014-07-21 18:19:00.0000005,53.26755484714939
2014-07-21 18:19:00.000000120,13.660433177182659
2014-07-21 18:19:00.000000133,7.2111342801555
2014-07-21 18:19:00.00000044,8.494956912494882
2014-07-21 18:19:00.000000233,7.484815111680552
2014-07-21 18:19:00.00000063,12.485360882826729
2014-07-21 18:19:00.000000167,11.803139027667566
2014-07-21 18:19:00.000000208,7.484815111680552
2014-07-21 18:19:00.00000030,12.948191472330842
2014-07-21 18:19:00.00000098,6.937368965375093
2014-07-21 18:19:00.000000179,7.484815111680552
2014-07-21 18:19:00.000000219,5.098009270804032
2014-07-21 18:19:00.0000006,4.971553417654505
2014-07-21 18:19:00.0000008,14.2022329473768
2014-07-21 18:19:00.00000031,23.214340063371004
2014-07-21 18:19:00.000000225,6.438083308732314
2014-07-21 18:19:00.000000235,10.47971506029992
2014-07-21 18:19:00.000000104,10.764375276128982
2014-07-21 18:19:00.00000011,4.827101914125454
2014-07-21 18:19:00.00000026,5.098009270804032
2014-07-21 18:19:00.000000228,7.484815111680552
2014-07-21 18:19:00.000000154,8.24696526971212
2014-07-21 18:19:00.000000240,6.445119552360852
2014-07-21 18:19:00.00000069,10.264331622045635
2014-07-21 18:19:00.000000210,10.236174477332307
2014-07-21 18:19:00.00000097,25.606440479588173
2014-07-21 18:19:00.000000136,8.297420250014769
2014-07-21 18:19:00.000000150,10.504935402397928
2014-07-21 18:19:00.00000060,4.827101914125454
2014-07-21 18:19:00.00000073,5.617921861428934
2014-07-21 18:19:00.000000177,17.06002250646319
2014-07-21 18:19:00.000000222,8.352560685686766
2014-07-21 18:19:00.0000003,19.850363049166177
2014-07-21 18:19:00.00000012,5.545960089047588
2014-07-21 18:19:00.000000139,6.5471934587910425
2014-07-21 18:19:00.000000194,11.803139027667566
2014-07-21 18:19:00.00000014,9.973469302681318
2014-07-21 18:19:00.00000051,6.424051575218857
2014-07-21 18:19:00.000000218,9.85643581246362
2014-07-21 18:19:00.000000181,6.531074154920847
2014-07-21 18:19:00.000000114,13.557680824865955
2014-07-21 18:19:00.00000072,8.352560685686766
2014-07-21 18:19:00.000000213,7.774766719374296
2014-07-21 18:19:00.00000064,5.02753399986327
2012-12-07 16:13:08.0000001,13.758115833912976
2011-06-13 09:55:04.0000005,8.901706818083886
2011-06-13 09:55:04.0000004,5.710669736889061
2011-06-13 09:55:04.0000001,9.265831656480682
2014-12-27 22:31:56.0000002,12.51207621813314
2014-11-24 09:50:20.0000001,5.098009270804032
2014-11-24 09:50:20.0000002,19.660444900042084
2015-02-17 12:29:52.0000003,7.465884495957657
2015-02-17 12:29:52.0000002,8.352560685686766
2015-02-17 12:29:52.0000004,16.041143966315765
2015-02-17 12:29:52.0000001,4.827101914125454
2010-02-21 21:57:20.0000001,9.131155700930842
2010-02-21 21:57:20.0000002,5.040492638666299
2010-09-20 16:48:00.000000101,12.751025411623427
2010-09-20 16:48:00.000000140,5.934424275986228
2010-09-20 16:48:00.00000052,6.481095728488116
2010-09-20 16:48:00.00000038,11.02101207279047
2010-09-20 16:48:00.000000135,7.09652872199825
2010-09-20 16:48:00.000000145,9.521570127267829
2010-09-20 16:48:00.00000090,10.414725017858611
2010-09-20 16:48:00.00000088,29.35172457506436
2010-09-20 16:48:00.000000161,16.656863145768423
2010-09-20 16:48:00.000000160,6.828734976270242
2010-09-20 16:48:00.00000012,6.188782294293072
2010-09-20 16:48:00.00000028,47.31576882151711
2010-09-20 16:48:00.000000117,22.97075306908583
2010-09-20 16:48:00.00000018,6.015580916221381
2010-09-20 16:48:00.00000059,6.959240014807496
2010-09-20 16:48:00.00000061,5.040492638666299
2010-09-20 16:48:00.00000037,6.427232128645883
2010-09-20 16:48:00.000000133,13.235106142607538
2010-09-20 16:48:00.000000141,11.004072640563265
2010-09-20 16:48:00.000000113,27.201519181572525
2010-09-20 16:48:00.00000067,17.136180775749974
2010-09-20 16:48:00.00000066,27.591338761753065
2010-09-20 16:48:00.000000128,11.567429920970076
2010-09-20 16:48:00.000000109,10.100468580594987
2010-09-20 16:48:00.000000167,31.192731116054972
2010-09-20 16:48:00.00000065,5.7653117201903825
2010-09-20 16:48:00.000000157,35.555789918431614
2010-09-20 16:48:00.00000045,11.733807338392136
2010-09-20 16:48:00.00000054,8.085801905568658
2010-09-20 16:48:00.00000076,6.388912657523375
2010-09-20 16:48:00.000000125,13.57384430479606
2010-09-20 16:48:00.00000031,11.733807338392136
2010-09-20 16:48:00.000000105,5.067226456770709
2010-09-20 16:48:00.00000017,8.518939323939431
2010-09-20 16:48:00.000000127,5.811649174622363
2010-09-20 16:48:00.000000149,47.31576882151711
2010-09-20 16:48:00.00000039,26.653013394756748
2010-09-20 16:48:00.00000095,39.60101877767357
2010-09-20 16:48:00.00000062,7.79904339308642
2010-09-20 16:48:00.00000029,8.554394320080453
2010-09-20 16:48:00.000000155,30.508404603283054
2010-09-20 16:48:00.000000123,7.09652872199825
2010-09-20 16:48:00.00000020,9.935513078190432
2010-09-20 16:48:00.0000003,10.132016161453564
2010-09-20 16:48:00.000000102,5.067226456770709
2010-09-20 16:48:00.00000096,8.423283723901875
2010-09-20 16:48:00.00000087,9.97098561588812
2010-09-20 16:48:00.00000063,28.395884381903425
2010-09-20 16:48:00.00000078,8.554394320080453
2010-09-20 16:48:00.00000049,5.040492638666299
2010-09-20 16:48:00.000000115,11.82538892154764
2010-09-20 16:48:00.00000080,9.97098561588812
2010-09-20 16:48:00.00000046,16.562621595985377
2010-09-20 16:48:00.00000048,8.53627187736691
2010-09-20 16:48:00.00000033,29.660789202453543
2010-09-20 16:48:00.000000136,5.811649174622363
2010-09-20 16:48:00.00000032,16.26596311186783
2010-09-20 16:48:00.00000082,15.267373196586664
2010-09-20 16:48:00.00000091,13.56530018001744
2010-09-20 16:48:00.00000051,35.270839716458404
2010-09-20 16:48:00.000000107,9.502439846836678
2010-09-20 16:48:00.000000150,6.363557990872271
2010-09-20 16:48:00.00000070,6.481095728488116
2010-09-20 16:48:00.000000165,30.476578234687633
2010-09-20 16:48:00.00000097,30.172040486044
2010-09-20 16:48:00.00000075,6.707050443285969
2010-09-20 16:48:00.000000164,12.177323054874174
2010-09-20 16:48:00.000000162,5.040492638666299
2010-09-20 16:48:00.00000026,6.415955431655
2010-09-20 16:48:00.000000126,9.935513078190432
2010-09-20 16:48:00.00000077,13.817410322172666
2010-09-20 16:48:00.000000138,5.811649174622363
2010-09-20 16:48:00.000000118,18.272775003671818
2010-09-20 16:48:00.00000011,13.60233891768161
2010-09-20 16:48:00.00000073,18.03100901303621
2010-09-20 16:48:00.000000120,8.327531170505091
2010-09-20 16:48:00.00000034,27.792089209722707
2010-09-20 16:48:00.00000057,10.100468580594987
2010-09-20 16:48:00.00000044,13.792243770749204
2010-09-20 16:48:00.00000079,7.985787913801755
2010-09-20 16:48:00.00000013,12.744016731939247
2010-09-20 16:48:00.00000060,7.09652872199825
2010-09-20 16:48:00.00000098,21.003798083568366
2010-09-20 16:48:00.00000022,5.040492638666299
2010-09-20 16:48:00.00000043,12.95592503117604
2010-09-20 16:48:00.000000130,5.067226456770709
2010-09-20 16:48:00.00000094,13.05791492849347
2010-09-20 16:48:00.000000153,11.716564135716059
2010-09-20 16:48:00.0000009,15.75707200094801
2010-09-20 16:48:00.000000119,7.578250295375166
2010-09-20 16:48:00.00000089,9.177737806759612
2010-09-20 16:48:00.00000053,13.235106142607538
2010-09-20 16:48:00.00000014,11.733807338392136
2010-09-20 16:48:00.00000093,13.997412863248252
2010-09-20 16:48:00.000000144,7.345682025687113
2010-09-20 16:48:00.00000030,18.068806658393996
2010-09-20 16:48:00.000000147,29.370006389814684
2010-09-20 16:48:00.000000108,14.829920231051009
2010-09-20 16:48:00.00000064,7.070992768627335
2010-09-20 16:48:00.00000010,12.098158168525861
2010-09-20 16:48:00.00000042,11.806467731971722
2012-04-01 22:22:28.0000001,7.528495206543488
2012-03-05 09:19:32.0000001,6.633196586399566
2012-03-05 09:19:32.0000002,6.0602292575984364
2012-03-05 09:19:32.0000005,46.145320240441066
2012-03-05 09:19:32.0000003,9.77371312851015
2012-03-05 09:19:32.0000004,6.083635019827851
2012-08-20 14:47:36.0000003,6.309754064759585
2012-08-20 14:47:36.0000004,36.737324344887604
2011-12-01 01:36:08.0000002,6.408370604381633
2013-06-21 11:33:28.0000002,7.484815111680552
2013-06-21 11:33:28.0000004,7.484815111680552
2013-06-21 11:33:28.0000001,6.40105900134936
2013-06-21 11:33:28.0000003,16.274447629065925
2013-04-10 11:33:28.0000001,17.88334330014032
2013-04-10 11:33:28.0000002,10.807461182324754
2014-03-29 14:59:28.0000003,4.967598195598546
2014-03-29 14:59:28.0000002,6.946832187647469
2010-04-05 06:01:24.0000001,6.867395875522985
2014-12-01 00:12:44.0000001,29.820816363142576
2012-08-01 18:54:24.0000001,8.39119138510976
2012-08-01 18:54:24.0000002,5.503439846020751
2012-08-01 18:54:24.0000003,6.690790589264675
2013-07-13 18:28:20.0000005,8.297420250014769
2013-07-13 18:28:20.0000001,5.259480356020154
2013-07-13 18:28:20.0000002,9.857437721303985
2013-07-13 18:28:20.0000004,7.83949272763584
2014-03-06 04:23:32.0000001,9.500002928196825
2014-10-07 19:04:08.0000002,9.840854082449551
2014-10-07 19:04:08.0000005,9.580074461326522
2014-10-07 19:04:08.0000006,12.517178935631314
2014-10-07 19:04:08.0000004,5.098009270804032
2013-08-21 09:32:24.0000002,11.635110972597705
2013-08-21 09:32:24.0000004,12.863719124722305
2013-08-21 09:32:24.0000003,9.778933206920987
2015-01-26 07:13:44.0000006,8.243617300192485
2015-01-26 07:13:44.0000002,8.12917615646236
2015-01-26 07:13:44.0000004,8.091903277076302
2015-01-26 07:13:44.0000003,10.445465207033378
2009-03-16 09:55:24.0000003,6.146684778409267
2009-03-16 09:55:24.0000005,5.4897931790057655
2009-03-16 09:55:24.0000004,10.89435307675293
2009-03-16 09:55:24.0000006,6.970878407199237
2009-03-16 09:55:24.0000002,5.040492638666299
2011-03-06 21:01:00.000000150,6.146684778409267
2011-03-06 21:01:00.00000026,4.943221177926661
2011-03-06 21:01:00.000000148,5.236554652208352
2011-03-06 21:01:00.00000088,6.0602292575984364
2011-03-06 21:01:00.00000098,5.4774755946260605
2011-03-06 21:01:00.00000054,12.307890526441353
2011-03-06 21:01:00.000000101,10.085068800335511
2011-03-06 21:01:00.000000175,7.642118886612417
2011-03-06 21:01:00.00000029,10.200617947205682
2011-03-06 21:01:00.000000106,5.040492638666299
2011-03-06 21:01:00.00000099,6.825115688234412
2011-03-06 21:01:00.000000158,8.664498118966483
2011-03-06 21:01:00.000000130,6.927187692326305
2011-03-06 21:01:00.00000027,5.596168366190152
2011-03-06 21:01:00.00000032,20.34364466947691
2011-03-06 21:01:00.000000111,13.87347465365327
2011-03-06 21:01:00.00000024,12.402637332211471
2011-03-06 21:01:00.000000118,8.664498118966483
2011-03-06 21:01:00.00000016,7.958982407972954
2011-03-06 21:01:00.00000066,9.331806974487053
2011-03-06 21:01:00.000000133,13.55738741760283
2011-03-06 21:01:00.00000070,5.067226456770709
2011-03-06 21:01:00.000000104,6.825115688234412
2011-03-06 21:01:00.00000076,9.331806974487053
2011-03-06 21:01:00.000000141,6.642379369579347
2011-03-06 21:01:00.000000145,6.53519355023794
2011-03-06 21:01:00.000000143,6.9852548555889555
2011-03-06 21:01:00.00000092,5.526194953802452
2011-03-06 21:01:00.00000080,5.526194953802452
2011-03-06 21:01:00.00000015,27.85393628995048
2011-03-06 21:01:00.000000153,16.067987719283895
2011-03-06 21:01:00.00000093,10.786954689959128
2011-03-06 21:01:00.000000162,25.97768540267192
2011-03-06 21:01:00.00000062,8.212996664818263
2011-03-06 21:01:00.000000129,15.02212499135499
2011-03-06 21:01:00.000000107,18.135651106781463
2011-03-06 21:01:00.00000045,5.400497907269119
2011-03-06 21:01:00.000000115,12.016666789113602
2011-03-06 21:01:00.0000002,4.836703606760864
2011-03-06 21:01:00.00000044,8.212996664818263
2011-03-06 21:01:00.000000167,6.798277991650591
2011-03-06 21:01:00.000000169,4.804034357507094
2011-03-06 21:01:00.00000067,29.23747446473626
2011-03-06 21:01:00.0000007,6.719571741829687
2011-03-06 21:01:00.000000135,47.363639170539756
2011-03-06 21:01:00.000000128,13.812342113329908
2011-03-06 21:01:00.0000004,7.318685524092054
2011-03-06 21:01:00.00000010,9.31353237758928
2011-03-06 21:01:00.000000151,11.85669920932625
2011-03-06 21:01:00.00000055,9.331806974487053
2011-03-06 21:01:00.00000095,7.958982407972954
2011-03-06 21:01:00.000000102,10.329224996697645
2011-03-06 21:01:00.00000034,7.796712949900329
2011-03-06 21:01:00.000000108,5.040492638666299
2011-03-06 21:01:00.00000012,5.040492638666299
2011-03-06 21:01:00.00000085,5.040492638666299
2011-03-06 21:01:00.0000001,10.883350741223158
2011-03-06 21:01:00.00000035,5.4774755946260605
2011-03-06 21:01:00.00000097,12.075876370653175
2011-03-06 21:01:00.000000105,8.646546223158785
2011-03-06 21:01:00.00000020,10.329224996697645
2011-03-06 21:01:00.000000114,5.040492638666299
2011-03-06 21:01:00.00000038,4.914036785516773
2011-03-06 21:01:00.0000006,10.506121569410421
2011-03-06 21:01:00.00000086,8.646546223158785
2011-03-06 21:01:00.00000049,6.473184506204063
2011-03-06 21:01:00.000000147,6.9852548555889555
2011-03-06 21:01:00.00000040,5.040492638666299
2011-03-06 21:01:00.00000064,6.95971890221804
2011-03-06 21:01:00.00000061,12.679923978159099
2011-03-06 21:01:00.0000005,6.174935640291215
2011-03-06 21:01:00.0000009,6.9852548555889555
2011-03-06 21:01:00.00000042,5.067226456770709
2011-03-06 21:01:00.00000022,30.28560706568507
2011-03-06 21:01:00.00000021,18.2041636488374
2011-03-06 21:01:00.00000094,5.526194953802452
2011-03-06 21:01:00.000000156,8.389497062775158
2011-03-06 21:01:00.00000072,5.526194953802452
2011-03-06 21:01:00.00000031,14.170085335495296
2011-03-06 21:01:00.00000089,6.9852548555889555
2011-03-06 21:01:00.00000023,11.223797771968844
2011-03-06 21:01:00.00000046,5.040492638666299
2011-03-06 21:01:00.00000087,6.1369236376544105
2011-03-06 21:01:00.00000053,13.97451513070637
2011-03-06 21:01:00.0000008,5.040492638666299
2011-03-06 21:01:00.000000157,5.526194953802452
2011-03-06 21:01:00.00000077,12.41468072057062
2011-03-06 21:01:00.00000073,10.103967076241057
2011-03-06 21:01:00.00000047,5.040492638666299
2011-03-06 21:01:00.000000172,6.9852548555889555
2011-03-06 21:01:00.00000084,11.104422537004863
2011-03-06 21:01:00.000000122,12.283488708164342
2011-03-06 21:01:00.000000154,15.861746854097344
2011-03-06 21:01:00.000000136,9.769707568596507
2011-03-06 21:01:00.00000075,4.757585793058761
2011-03-06 21:01:00.00000014,6.613718562320045
2009-09-04 20:52:28.0000002,5.796262298061217
2009-09-04 20:52:28.0000003,5.627896613999582
2009-09-04 20:52:28.0000004,5.796262298061217
2009-09-04 20:52:28.0000001,4.899996357193207
2013-09-25 05:52:12.0000002,13.113057165999788
2013-09-25 05:52:12.0000001,34.86747669758317
2010-04-16 10:32:24.0000002,7.492878955249618
2010-04-16 10:32:24.0000001,30.574582918225353
2011-10-12 07:24:40.0000001,9.65703978064101
2011-10-12 07:24:40.0000003,7.82452181539424
2011-10-12 07:24:40.0000002,25.782208889737024
2010-06-13 13:34:56.0000001,8.39119138510976
2011-11-20 02:39:04.0000002,16.469846687948642
2011-11-20 02:39:04.0000001,5.040492638666299
2010-12-13 06:42:16.0000002,4.776391278081455
2010-12-13 06:42:16.0000001,9.636686996505333
2009-11-24 08:58:48.0000003,8.554394320080453
2009-11-24 08:58:48.0000001,5.040492638666299
2009-11-24 08:58:48.0000006,13.85909030911068
2009-11-24 08:58:48.0000002,9.061127828132754
2009-11-24 08:58:48.0000005,8.482847843568333
2009-11-24 08:58:48.0000007,9.953656173160821
2014-09-22 07:14:16.0000002,15.33503710868705
2011-05-30 09:32:56.0000001,7.25250456761912
2012-09-21 05:41:36.0000001,7.765310063150041
2010-11-22 19:30:04.0000002,9.602790721796406
2010-11-22 19:30:04.0000001,12.69350577326426
2010-10-05 02:09:00.0000005,6.481095728488116
2010-10-05 02:09:00.0000006,21.924685483284815
2010-10-05 02:09:00.0000007,11.615938007464445
2010-10-05 02:09:00.00000018,23.414254118912197
2010-10-05 02:09:00.00000011,21.64934581485661
2010-10-05 02:09:00.00000023,13.350962933301616
2010-10-05 02:09:00.00000012,9.725971380498326
2010-10-05 02:09:00.00000022,5.728381068663981
2010-10-05 02:09:00.00000013,21.01556129415172
2010-10-05 02:09:00.0000003,21.347672990157985
2010-10-05 02:09:00.00000010,4.927639436618844
2010-10-05 02:09:00.0000001,7.830054256713453
2010-10-05 02:09:00.00000021,6.408370604381633
2010-10-05 02:09:00.0000008,14.54678565343895
2010-10-05 02:09:00.00000027,6.994645957706315
2010-10-05 02:09:00.0000002,18.135557359286587
2010-10-05 02:09:00.00000015,6.869516209459276
2014-08-23 16:30:24.0000002,8.352560685686766
2014-08-23 16:30:24.0000001,7.08174914475538
2012-03-15 08:17:36.0000001,7.642118886612417
2012-03-15 08:17:36.0000002,5.539419277327225
2012-03-15 08:17:36.0000005,18.302442359382542
2012-03-15 08:17:36.0000004,18.056054916161504
2012-03-15 08:17:36.0000003,5.680244995808591
2013-10-04 02:53:20.0000001,7.416857085779517
2013-10-04 02:53:20.0000002,9.33184446652719
2009-03-28 15:09:20.0000001,8.39119138510976
2009-03-28 15:09:20.0000003,15.902820068545214
2009-03-28 15:09:20.0000002,15.13136616471407
2012-01-25 22:43:44.0000003,11.991189089739466
2012-01-25 22:43:44.0000004,9.201698960184638
2012-01-25 22:43:44.0000002,5.4774755946260605
2012-01-25 22:43:44.0000001,15.376233943519846
2011-07-21 07:51:32.0000002,6.083635019827851
2011-07-21 07:51:32.0000003,11.113306828604554
2011-07-21 07:51:32.0000001,6.209193434622669
2010-12-01 22:04:52.0000001,7.779024220059841
2013-06-23 02:54:32.0000003,8.091903277076302
2013-06-23 02:54:32.0000002,7.1007207935092795
2014-03-24 22:36:24.0000004,10.729114985145257
2014-03-24 22:36:24.0000002,9.727290152063665
2014-03-24 22:36:24.0000001,6.38527677774477
2014-03-24 22:36:24.0000003,9.631885904747467
2013-09-13 01:54:20.0000001,8.091903277076302
2013-10-14 18:30:36.0000003,16.630214213244937
2013-10-14 18:30:36.0000002,7.484815111680552
2013-10-14 18:30:36.0000004,15.160115797684188
2013-10-14 18:30:36.0000001,4.827101914125454
2013-11-18 15:07:28.0000006,8.494956912494882
2013-11-18 15:07:28.0000004,55.87005979746543
2013-11-18 15:07:28.0000001,5.098009270804032
2013-11-18 15:07:28.0000005,5.098009270804032
2013-11-18 15:07:28.0000002,7.372303341096841
2011-02-20 23:35:12.0000001,8.212996664818263
2011-02-20 23:35:12.0000004,9.728779216074368
2011-02-20 23:35:12.0000005,19.618992269725553
2011-02-20 23:35:12.0000003,13.522305802607978
2011-02-20 23:35:12.0000002,13.827039521851484
2010-02-06 19:59:16.0000001,12.288616359304196
2012-03-10 02:36:04.0000003,8.794757109748732
2012-03-10 02:36:04.0000002,11.131677798225027
2012-03-10 02:36:04.0000001,6.146684778409267
2014-04-13 17:35:52.0000002,7.940850999538144
2010-04-04 21:59:56.0000002,8.646546223158785
2010-04-04 21:59:56.0000001,13.699250547466391
2010-04-04 21:59:56.0000003,11.974974814574834
2010-04-04 21:59:56.0000004,6.927187692326305
2013-03-23 04:51:12.0000001,17.72686477829269
2010-06-29 00:22:24.0000002,47.31576882151711
2010-06-29 00:22:24.0000001,5.040492638666299
2011-10-17 12:37:56.0000002,5.875402308281475
2011-10-17 12:37:56.0000001,7.09652872199825
2012-01-30 19:07:52.0000003,11.063282957724297
2012-01-30 19:07:52.0000002,7.023169832836837
2012-01-30 19:07:52.0000004,9.480429003846536
2012-01-30 19:07:52.0000001,6.209193434622669
2012-01-30 19:07:52.0000005,10.87131757603644
2011-05-30 01:44:40.0000001,8.673140151153284
2011-05-30 01:44:40.0000002,6.146684778409267
2011-02-08 01:04:08.0000001,9.471075654520323
2012-05-23 16:25:16.0000002,5.526194953802452
2011-09-20 18:02:28.0000001,9.131155700930842
2009-10-08 10:04:36.0000001,48.08503883378866
2009-10-08 10:04:36.0000003,11.071584227115563
2009-10-08 10:04:36.0000002,26.330942596902627
2010-07-02 22:03:04.0000002,11.223797771968844
2010-07-02 22:03:04.0000001,7.6648510271290435
2012-05-03 14:11:36.0000002,5.526194953802452
2012-05-03 14:11:36.0000005,9.77371312851015
2012-05-03 14:11:36.0000004,30.909135818319935
2012-05-03 14:11:36.0000003,15.240700861247202
2012-05-03 14:11:36.0000001,5.526194953802452
2013-04-04 16:31:56.0000001,18.313332813004394
2013-04-04 16:31:56.0000002,8.526454410843094
2009-12-02 15:59:56.0000001,30.993598688629948
2009-12-02 15:59:56.0000002,6.381374951766739
2010-01-03 02:03:40.0000002,7.337377415381132
2010-01-03 02:03:40.0000003,6.519217334463903
2011-08-21 10:54:24.0000003,7.695197636312352
2011-08-21 10:54:24.0000002,64.94271345654647
2011-08-21 10:54:24.0000001,15.922239651686692
2011-01-30 14:38:24.0000003,5.526194953802452
2011-01-30 14:38:24.0000002,14.8095888194842
2011-04-16 21:23:16.0000004,16.454550124409344
2011-04-16 21:23:16.0000002,10.286937847555214
2011-04-16 21:23:16.0000006,5.040492638666299
2013-10-05 19:51:04.0000006,8.927199321382137
2013-10-05 19:51:04.0000005,12.873887827398548
2013-10-05 19:51:04.0000003,15.83374897195807
2013-10-05 19:51:04.0000002,15.122059771324624
2014-10-31 08:17:44.0000002,8.352560685686766
2014-10-31 08:17:44.0000004,8.931693436392692
2014-10-31 08:17:44.0000005,8.352560685686766
2014-10-31 08:17:44.0000001,9.737211876789413
2014-10-31 08:17:44.0000003,20.81053697613006
2009-05-31 21:24:56.0000001,14.398519592547533
2014-06-04 01:50:40.0000001,13.22480457823465
2009-07-14 17:59:12.0000001,5.526194953802452
2009-07-14 17:59:12.0000003,5.31621019243694
2012-12-05 16:33:52.0000002,13.533626296516289
2012-12-05 16:33:52.0000001,31.564073429572225
2009-12-18 12:37:04.0000005,7.09652872199825
2009-12-18 12:37:04.0000001,8.482847843568333
2009-12-18 12:37:04.0000006,12.744016731939247
2009-12-18 12:37:04.0000004,9.282673166977169
2009-12-18 12:37:04.0000007,9.874348705794583
2009-12-18 12:37:04.0000002,9.97098561588812
2012-11-21 15:12:48.0000001,4.998656227247446
2011-05-03 07:01:40.0000001,11.211260389353058
2011-05-03 07:01:40.0000002,5.31621019243694
2011-05-03 07:01:40.0000003,5.663178612738544
2010-09-21 06:27:32.0000002,19.32420842085682
2010-09-21 06:27:32.0000001,9.578166486129813
2011-10-07 22:08:20.0000003,5.040492638666299
2011-10-07 22:08:20.0000006,9.289138050573607
2009-02-08 08:48:20.0000001,5.342860327998331
2013-09-24 21:16:40.0000006,8.918830737637204
2013-09-24 21:16:40.0000003,10.873159556647526
2013-09-24 21:16:40.0000001,10.903684523209082
2013-09-24 21:16:40.0000007,12.713518252935575
2013-09-24 21:16:40.0000002,13.489645248965719
2013-09-24 21:16:40.0000004,10.813035745278317
2012-03-14 19:10:48.0000005,13.366002614990322
2012-03-14 19:10:48.0000008,5.040492638666299
2012-03-14 19:10:48.0000002,8.77482053349567
2012-03-14 19:10:48.0000004,6.825115688234412
2012-03-14 19:10:48.0000001,6.146684778409267
2012-03-14 19:10:48.0000009,8.36579697856167
2012-03-14 19:10:48.0000006,11.44045619310208
2009-11-12 11:01:20.0000001,6.943350746751373
2009-11-12 11:01:20.0000002,4.768562926341348
2009-06-21 04:28:48.0000002,15.150568573610162
2009-06-21 04:28:48.0000003,13.125812480940164
2014-01-25 12:36:52.0000002,9.652540774296659
2014-01-25 12:36:52.0000001,8.352560685686766
2012-12-27 13:23:48.0000001,9.118177942114535
2011-06-28 16:09:44.0000001,5.526194953802452
2010-12-01 08:35:20.0000001,9.97098561588812
2012-11-19 12:40:40.0000005,5.040492638666299
2012-11-19 12:40:40.0000001,5.040492638666299
2012-11-19 12:40:40.0000002,7.356356239699122
2012-11-19 12:40:40.0000003,11.071584227115563
2012-11-19 12:40:40.0000004,40.69006231930091
2009-07-13 17:58:04.0000001,9.918711211163068
2009-07-13 17:58:04.0000003,6.600648559126094
2009-07-13 17:58:04.0000002,7.651706767187228
2011-06-25 11:42:36.0000003,4.916887559554548
2011-06-25 11:42:36.0000002,23.214951553576675
2012-01-26 07:33:00.000000128,11.236422483335375
2012-01-26 07:33:00.00000032,8.409994227848413
2012-01-26 07:33:00.000000163,6.564395041424883
2012-01-26 07:33:00.000000155,6.867395875522985
2012-01-26 07:33:00.000000153,7.67906292538373
2012-01-26 07:33:00.00000049,6.083635019827851
2012-01-26 07:33:00.00000095,5.040492638666299
2012-01-26 07:33:00.000000158,15.969151042563315
2012-01-26 07:33:00.00000050,6.853019427133266
2012-01-26 07:33:00.00000015,7.612626653967313
2012-01-26 07:33:00.00000062,7.925189634703971
2012-01-26 07:33:00.00000037,16.07176139577099
2012-01-26 07:33:00.00000069,11.595128766785027
2012-01-26 07:33:00.000000142,5.040492638666299
2012-01-26 07:33:00.000000150,5.067226456770709
2012-01-26 07:33:00.000000147,8.077342609562498
2012-01-26 07:33:00.000000125,6.7186915290931095
2012-01-26 07:33:00.000000124,30.35671445755249
2012-01-26 07:33:00.000000129,6.564395041424883
2012-01-26 07:33:00.00000033,8.783913152836957
2012-01-26 07:33:00.0000004,30.867868628160938
2012-01-26 07:33:00.00000029,9.679915447208568
2012-01-26 07:33:00.000000113,5.526194953802452
2012-01-26 07:33:00.00000017,9.409561936904113
2012-01-26 07:33:00.00000067,9.620334406960975
2012-01-26 07:33:00.000000141,27.832437354195452
2012-01-26 07:33:00.00000036,13.465381907003025
2012-01-26 07:33:00.000000162,18.927786947959625
2012-01-26 07:33:00.000000118,9.174879280576874
2012-01-26 07:33:00.000000154,25.819579437921675
2012-01-26 07:33:00.000000143,9.620334406960975
2012-01-26 07:33:00.00000083,7.337377415381132
2012-01-26 07:33:00.000000191,7.317623695736314
2012-01-26 07:33:00.000000140,11.101093565677493
2012-01-26 07:33:00.00000086,5.300192826863569
2012-01-26 07:33:00.0000002,8.241898578483063
2012-01-26 07:33:00.000000170,5.744334487104089
2012-01-26 07:33:00.00000010,7.337377415381132
2012-01-26 07:33:00.00000053,7.529344347862535
2012-01-26 07:33:00.000000102,11.056270579132939
2012-01-26 07:33:00.00000055,6.6039481703720755
2012-01-26 07:33:00.0000007,8.716390349735082
2012-01-26 07:33:00.00000013,6.519217334463903
2012-01-26 07:33:00.000000165,30.581697751778734
2012-01-26 07:33:00.00000026,5.040492638666299
2012-01-26 07:33:00.000000137,6.0602292575984364
2012-01-26 07:33:00.00000048,9.448472287627517
2012-01-26 07:33:00.00000059,11.06672025538481
2012-01-26 07:33:00.000000132,7.67906292538373
2012-01-26 07:33:00.00000096,12.699315240054
2012-01-26 07:33:00.000000190,5.040492638666299
2012-01-26 07:33:00.000000156,7.439201162958659
2012-01-26 07:33:00.00000075,7.67906292538373
2012-01-26 07:33:00.00000084,6.809328712260333
2012-01-26 07:33:00.0000006,5.040492638666299
2012-01-26 07:33:00.00000021,6.853019427133266
2012-01-26 07:33:00.0000001,13.666547583327718
2012-01-26 07:33:00.0000005,5.067226456770709
2012-01-26 07:33:00.00000034,6.021223010676307
2012-01-26 07:33:00.000000117,5.040492638666299
2012-01-26 07:33:00.000000106,10.018669848830626
2012-01-26 07:33:00.00000077,7.652533915867835
2012-01-26 07:33:00.00000045,5.4241748676972845
2012-01-26 07:33:00.000000116,11.738791497474427
2012-01-26 07:33:00.0000009,9.500082224810292
2012-01-26 07:33:00.000000146,5.413385877458561
2012-01-26 07:33:00.00000027,19.915483573356234
2012-01-26 07:33:00.000000127,7.442523791376081
2012-01-26 07:33:00.000000172,5.214901024829797
2012-01-26 07:33:00.00000074,5.040492638666299
2012-01-26 07:33:00.00000014,23.60577947538122
2012-01-26 07:33:00.000000108,9.594606902679185
2012-01-26 07:33:00.000000109,15.913394667883248
2012-01-26 07:33:00.000000152,6.146684778409267
2012-01-26 07:33:00.00000047,6.146684778409267
2012-01-26 07:33:00.000000192,9.620334406960975
2012-01-26 07:33:00.00000054,6.118723208771672
2012-01-26 07:33:00.000000185,5.526194953802452
2012-01-26 07:33:00.000000187,9.315454869945677
2012-01-26 07:33:00.00000060,10.201981677945746
2012-01-26 07:33:00.000000130,7.718659682508009
2012-01-26 07:33:00.00000046,8.931483417658619
2012-01-26 07:33:00.000000182,7.317623695736314
2012-01-26 07:33:00.000000177,11.837958118764286
2012-01-26 07:33:00.000000135,27.630858668696668
2012-01-26 07:33:00.00000063,4.776391278081455
2012-01-26 07:33:00.00000079,6.853019427133266
2012-01-26 07:33:00.000000169,8.065383478795708
2012-01-26 07:33:00.00000094,8.335707463523077
2012-01-26 07:33:00.000000176,11.25992225687256
2012-01-26 07:33:00.00000061,5.067226456770709
2012-01-26 07:33:00.000000188,5.526194953802452
2012-01-26 07:33:00.000000174,11.12697565990089
2012-01-26 07:33:00.000000126,6.867395875522985
2012-01-26 07:33:00.000000139,29.911906153483834
2012-01-26 07:33:00.000000184,5.526194953802452
2012-01-26 07:33:00.000000107,5.040492638666299
2012-01-26 07:33:00.00000038,5.4774755946260605
2012-01-26 07:33:00.000000134,4.927639436618844
2012-01-26 07:33:00.00000058,20.956237225230854
2012-01-26 07:33:00.00000078,4.757585793058761
2012-01-26 07:33:00.00000019,5.040492638666299
2012-01-26 07:33:00.000000111,8.08019705046707
2012-01-26 07:33:00.000000178,18.22551078784471
2012-01-26 07:33:00.0000003,10.164048828779052
2012-01-26 07:33:00.00000052,16.533724496203774
2012-01-26 07:33:00.00000040,9.725073321492543
2012-01-26 07:33:00.000000148,8.931483417658619
2012-01-26 07:33:00.00000066,11.129306551971652
2012-01-26 07:33:00.00000041,5.4774755946260605
2012-01-26 07:33:00.00000070,9.625282949291641
2012-01-26 07:33:00.000000157,27.27786069789513
2012-01-26 07:33:00.000000179,7.793507376326376
2012-01-26 07:33:00.000000112,17.092454802245655
2012-01-26 07:33:00.00000073,7.317623695736314
2012-01-26 07:33:00.000000138,16.60941567703695
2012-01-26 07:33:00.00000092,10.4097357842161
2012-01-26 07:33:00.000000164,18.01289020794021
2012-01-26 07:33:00.000000123,9.131155700930842
2012-01-26 07:33:00.00000043,5.31621019243694
2012-01-26 07:33:00.00000093,5.526194953802452
2012-01-26 07:33:00.00000016,9.488561174400932
2012-01-26 07:33:00.000000144,7.666511161328226
2012-01-26 07:33:00.00000042,6.87000104671858
2012-01-26 07:33:00.00000011,9.500858239550919
2012-01-26 07:33:00.00000035,8.275968665287833
2012-01-26 07:33:00.00000098,7.261020988970847
2012-01-26 07:33:00.000000149,22.871706364418426
2012-01-26 07:33:00.000000110,5.040492638666299
2012-01-26 07:33:00.000000159,9.848984461728877
2015-03-20 23:34:40.0000007,8.629136197030892
2015-03-20 23:34:40.0000002,23.135434137857665
2015-03-20 23:34:40.0000006,5.098009270804032
2013-12-14 03:20:48.0000001,29.89324873754893
2013-12-14 03:20:48.0000002,5.02087422810398
2014-04-14 07:03:52.0000001,8.939856496891453
2014-04-14 07:03:52.0000002,12.500838453382162
2015-05-21 07:08:08.0000002,7.620205752207771
2011-08-30 16:48:24.0000003,7.642118886612417
2011-08-30 16:48:24.0000002,9.323391185199624
2011-08-30 16:48:24.0000001,7.629371477710063
2010-12-09 07:29:00.000000189,5.040492638666299
2010-12-09 07:29:00.00000027,18.290481013870338
2010-12-09 07:29:00.000000184,10.247079118052778
2010-12-09 07:29:00.00000030,5.519846086717091
2010-12-09 07:29:00.00000011,4.776391278081455
2010-12-09 07:29:00.00000065,8.8116578628829
2010-12-09 07:29:00.00000063,8.728791966772315
2010-12-09 07:29:00.000000133,15.77511175291786
2010-12-09 07:29:00.00000054,6.797505640811506
2010-12-09 07:29:00.00000021,12.720459433764514
2010-12-09 07:29:00.000000162,6.481095728488116
2010-12-09 07:29:00.000000144,8.272234541736417
2010-12-09 07:29:00.000000116,9.725971380498326
2010-12-09 07:29:00.000000142,5.728381068663981
2010-12-09 07:29:00.000000113,9.710094712156424
2010-12-09 07:29:00.000000105,10.343565143226678
2010-12-09 07:29:00.00000047,5.6280546112943455
2010-12-09 07:29:00.0000008,6.980269509316597
2010-12-09 07:29:00.00000099,5.040492638666299
2010-12-09 07:29:00.00000048,5.667204960886342
2010-12-09 07:29:00.00000076,12.042437959403054
2010-12-09 07:29:00.000000174,16.239629839108254
2010-12-09 07:29:00.000000130,21.784069256402592
2010-12-09 07:29:00.000000177,8.285703342686272
2010-12-09 07:29:00.00000088,6.9691100043354
2010-12-09 07:29:00.00000091,6.481095728488116
2010-12-09 07:29:00.00000072,5.067226456770709
2010-12-09 07:29:00.00000014,8.079012735122
2010-12-09 07:29:00.000000157,6.994645957706315
2010-12-09 07:29:00.000000109,10.036444378446253
2010-12-09 07:29:00.00000016,7.553071818900277
2010-12-09 07:29:00.00000023,6.408370604381633
2010-12-09 07:29:00.000000118,7.553071818900277
2010-12-09 07:29:00.00000017,6.408370604381633
2010-12-09 07:29:00.00000032,9.396542207748634
2010-12-09 07:29:00.000000188,8.31583304881065
2010-12-09 07:29:00.00000040,6.321581928177173
2010-12-09 07:29:00.00000037,8.785760983983243
2010-12-09 07:29:00.000000128,7.817502492657948
2010-12-09 07:29:00.00000057,6.464229492585441
2010-12-09 07:29:00.000000125,8.714231139238406
2010-12-09 07:29:00.000000159,7.598424272774851
2010-12-09 07:29:00.00000018,6.408370604381633
2010-12-09 07:29:00.000000107,5.80228605326355
2010-12-09 07:29:00.00000051,17.620030300282004
2010-12-09 07:29:00.00000042,7.598424272774851
2010-12-09 07:29:00.00000059,6.657726922390806
2010-12-09 07:29:00.00000075,5.586665520163736
2010-12-09 07:29:00.00000035,8.283696741033562
2010-12-09 07:29:00.00000029,6.994645957706315
2010-12-09 07:29:00.00000045,8.298811881144967
2010-12-09 07:29:00.00000055,5.934424275986228
2010-12-09 07:29:00.000000140,7.817502492657948
2010-12-09 07:29:00.00000060,9.56107692073753
2010-12-09 07:29:00.000000185,11.878327795606364
2010-12-09 07:29:00.000000120,5.040492638666299
2010-12-09 07:29:00.000000104,6.481095728488116
2010-12-09 07:29:00.000000191,5.067226456770709
2010-12-09 07:29:00.000000106,5.067226456770709
2010-12-09 07:29:00.00000039,6.3763867947696
2010-12-09 07:29:00.000000132,4.757585793058761
2010-12-09 07:29:00.00000019,6.897439144505815
2010-12-09 07:29:00.000000166,5.040492638666299
2010-12-09 07:29:00.000000111,7.7732419671434485
2010-12-09 07:29:00.00000013,5.067226456770709
2010-12-09 07:29:00.000000138,6.408370604381633
2010-12-09 07:29:00.00000085,31.06616988080315
2010-12-09 07:29:00.000000169,6.464229492585441
2010-12-09 07:29:00.000000153,12.672839470171857
2010-12-09 07:29:00.00000033,47.38148630937533
2010-12-09 07:29:00.000000173,8.76270718795582
2010-12-09 07:29:00.00000077,5.934424275986228
2010-12-09 07:29:00.000000190,5.040492638666299
2010-12-09 07:29:00.000000137,5.728381068663981
2010-12-09 07:29:00.0000009,7.703041740372174
2010-12-09 07:29:00.000000155,7.830054256713453
2010-12-09 07:29:00.0000004,18.215303754546234
2010-12-09 07:29:00.000000119,5.728381068663981
2010-12-09 07:29:00.000000100,7.597215571224207
2010-12-09 07:29:00.00000024,5.728381068663981
2010-12-09 07:29:00.00000096,12.071372747453115
2010-12-09 07:29:00.000000170,8.34438022356985
2010-12-09 07:29:00.000000131,6.935576936264368
2010-12-09 07:29:00.00000022,12.672839470171857
2010-12-09 07:29:00.00000053,6.9691100043354
2010-12-09 07:29:00.000000165,64.61198152392352
2010-12-09 07:29:00.000000114,8.745782003338741
2010-12-09 07:29:00.00000074,8.376243068942141
2010-12-09 07:29:00.00000070,7.817502492657948
2010-12-09 07:29:00.000000167,5.040492638666299
2010-12-09 07:29:00.000000110,6.689001503545775
2010-12-09 07:29:00.00000020,11.473044144690004
2010-12-09 07:29:00.000000147,7.597215571224207
2010-12-09 07:29:00.000000178,27.365487279271072
2010-12-09 07:29:00.000000146,6.994645957706315
2010-12-09 07:29:00.000000103,7.565490276516407
2010-12-09 07:29:00.000000149,11.473044144690004
2010-12-09 07:29:00.000000182,8.830229991057696
2010-12-09 07:29:00.000000124,7.598424272774851
2010-12-09 07:29:00.000000154,12.003012175836492
2010-12-09 07:29:00.000000117,7.619838371615563
2010-12-09 07:29:00.00000034,10.386954723979214
2010-12-09 07:29:00.00000084,9.933242935250997
2010-12-09 07:29:00.00000064,6.935576936264368
2010-12-09 07:29:00.000000126,16.19034836601265
2010-12-09 07:29:00.00000082,6.994645957706315
2010-12-09 07:29:00.00000092,11.473044144690004
2010-12-09 07:29:00.00000087,6.1352363283130105
2010-12-09 07:29:00.00000095,24.626810394315978
2010-12-09 07:29:00.000000101,8.298811881144967
2010-12-09 07:29:00.000000122,6.738378598203828
2010-12-09 07:29:00.000000160,7.597215571224207
2010-12-09 07:29:00.000000175,8.714231139238406
2010-12-09 07:29:00.00000043,7.817502492657948
2010-12-09 07:29:00.00000061,12.042437959403054
2010-12-09 07:29:00.000000179,5.560015384602345
2010-12-09 07:29:00.00000049,7.830054256713453
2010-12-09 07:29:00.000000172,44.969021386540376
2010-12-09 07:29:00.000000192,7.553071818900277
2010-12-09 07:29:00.000000194,5.728381068663981
2010-12-09 07:29:00.00000052,9.683803459667162
2010-12-09 07:29:00.00000058,5.9086322345958635
2010-12-09 07:29:00.00000010,6.869516209459276
2010-12-09 07:29:00.000000108,5.728381068663981
2010-12-09 07:29:00.000000129,8.842651026298283
2010-12-09 07:29:00.000000163,8.12158751429443
2010-12-09 07:29:00.000000161,8.830229991057696
2010-12-09 07:29:00.000000187,6.9691100043354
2010-12-09 07:29:00.000000158,6.481095728488116
2010-12-09 07:29:00.000000121,9.725971380498326
2010-12-09 07:29:00.000000176,6.481095728488116
2011-09-25 13:01:20.0000005,7.79904339308642
2011-09-25 13:01:20.0000001,7.779024220059841
2011-09-25 13:01:20.0000004,9.082925966173804
2011-09-25 13:01:20.0000006,13.507507598105002
2011-09-25 13:01:20.0000003,5.902284936785798
2012-09-08 04:35:16.0000001,24.000741140156602
2012-05-08 03:50:00.00000011,21.960614597174132
2012-05-08 03:50:00.0000002,5.526194953802452
2012-05-08 03:50:00.0000008,18.457769510301322
2012-05-08 03:50:00.0000007,8.302862911192049
2012-05-08 03:50:00.00000015,15.913394667883248
2012-05-08 03:50:00.00000016,8.27100006581976
2012-05-08 03:50:00.0000003,6.709767847228212
2012-05-08 03:50:00.00000014,5.526194953802452
2012-05-08 03:50:00.0000004,15.954739385100032
2010-10-06 21:23:24.0000003,6.3763867947696
2010-10-06 21:23:24.0000001,7.79904339308642
2010-10-06 21:23:24.0000005,10.504219977432767
2010-10-06 21:23:24.0000002,6.460084012443413
2010-10-06 21:23:24.0000004,6.738378598203828
2014-05-17 02:47:12.0000002,13.223161344477187
2009-07-31 07:30:56.0000002,5.040492638666299
2009-07-31 07:30:56.0000001,9.928715163233766
2012-03-06 07:33:04.0000002,9.578166486129813
2009-01-29 22:15:48.0000001,11.223797771968844
2013-03-17 12:44:04.0000001,7.484815111680552
2014-06-18 09:23:32.0000001,18.85672827352744
2011-09-21 13:15:36.0000004,7.09652872199825
2011-09-21 13:15:36.0000003,8.098557029200629
2011-09-21 13:15:36.0000001,7.363184713609331
2011-09-21 13:15:36.0000002,47.363639170539756
2015-03-12 19:43:24.0000001,20.182296956076677
2015-03-12 19:43:24.0000002,36.879712578148855
2015-03-12 19:43:24.0000007,8.302105705384118
2015-03-12 19:43:24.0000004,14.673947373681617
2014-01-18 17:43:28.0000005,7.484815111680552
2014-01-18 17:43:28.0000003,6.355428197120547
2014-01-18 17:43:28.0000002,16.714499051014254
2014-01-18 17:43:28.0000004,13.899265546969307
2011-04-05 01:15:44.0000001,10.991236865482287
2011-04-05 01:15:44.0000002,11.173924218864224
2011-09-04 01:36:36.0000002,15.624623039207654
2010-08-09 08:53:56.0000004,10.697263815823309
2010-08-09 08:53:56.0000006,8.284378038251829
2010-08-09 08:53:56.0000002,12.594211190635148
2010-08-09 08:53:56.0000003,16.422665702171106
2010-08-09 08:53:56.0000005,9.305892106307976
2010-03-27 07:05:08.0000001,5.067226456770709
2011-11-16 12:52:52.0000002,7.095912969481529
2011-11-16 12:52:52.0000003,5.728381068663981
2011-11-16 12:52:52.0000001,47.52083781754235
2009-10-29 10:48:40.0000002,8.554394320080453
2009-10-29 10:48:40.0000001,11.004072640563265
2015-02-01 00:48:44.0000009,17.4770187368757
2015-02-01 00:48:44.0000004,9.833441078845619
2015-02-01 00:48:44.0000008,8.102238148272257
2015-02-01 00:48:44.0000006,8.848712137501646
2015-02-01 00:48:44.0000007,13.081674259842533
2014-04-03 02:31:08.0000001,8.091903277076302
2010-07-04 03:28:44.0000001,19.263723390535965
2009-03-31 23:01:36.0000002,8.169462040805373
2009-03-31 23:01:36.0000001,25.648075677203224
2009-03-31 23:01:36.0000003,14.560669242800131
2012-02-02 00:49:56.0000002,6.146684778409267
2012-02-02 00:49:56.0000001,16.385941613558664
2012-02-02 00:49:56.0000003,16.21508078275833
2012-02-02 00:49:56.0000004,14.42251277732341
2014-01-26 15:28:52.0000003,8.645247770805494
2012-02-14 15:32:40.0000002,5.526194953802452
2012-02-14 15:32:40.0000004,5.526194953802452
2012-02-14 15:32:40.0000001,8.37944524616086
2012-02-14 15:32:40.0000003,6.970878407199237
2011-12-06 11:07:40.0000001,15.439904429101006
2011-12-06 11:07:40.0000005,5.9626640909340995
2011-07-12 19:41:48.0000002,14.327558275154008
2011-07-12 19:41:48.0000003,9.68425228970224
2011-07-12 19:41:48.0000004,7.642118886612417
2010-09-16 14:27:16.0000001,7.345682025687113
2010-09-16 14:27:16.0000003,11.049524254958767
2010-09-16 14:27:16.0000004,9.97098561588812
2010-09-16 14:27:16.0000005,11.567429920970076
2014-06-11 01:13:40.0000001,10.41262620058928
2013-05-18 15:28:40.0000003,10.2602577198266
2013-05-18 15:28:40.0000002,9.857437721303985
2015-02-14 20:20:56.0000001,9.995424266147603
2015-02-14 20:20:56.0000002,8.352560685686766
2015-02-14 20:20:56.0000004,5.098009270804032
2009-01-22 12:27:20.0000003,6.534913919408391
2011-04-23 21:22:20.0000001,5.040492638666299
2013-09-01 17:57:04.0000002,5.098009270804032
2013-09-01 17:57:04.0000003,7.83949272763584
2013-04-22 13:19:16.0000001,19.503493286013722
2013-04-22 13:19:16.0000002,10.504935402397928
2013-04-22 13:19:16.0000003,6.479630651075484
2015-02-21 18:39:16.0000002,5.098009270804032
2009-04-23 00:05:40.0000001,29.365574477490224
2009-04-23 00:05:40.0000003,8.687700978687191
2012-05-28 05:48:40.0000001,32.60043324377599
2010-01-03 20:04:52.0000001,15.59991993386912
2013-03-09 21:40:52.0000003,13.93792903523564
2013-03-09 21:40:52.0000002,8.653692950954966
2011-04-21 08:22:32.0000001,4.757585793058761
2011-02-20 09:22:16.0000002,30.395845542590155
2011-02-20 09:22:16.0000001,9.08053416117783
2010-07-22 09:37:12.0000003,7.664454176089582
2010-07-22 09:37:12.0000004,6.473184506204063
2010-07-22 09:37:12.0000001,9.425760103098963
2011-01-24 20:47:04.0000002,10.473349846903403
2013-07-22 15:05:16.0000004,12.485360882826729
2013-07-22 15:05:16.0000001,5.098009270804032
2013-07-22 15:05:16.0000002,23.455277974779456
2013-07-22 15:05:16.0000003,5.57629625801614
2013-01-23 16:22:04.0000003,12.584451208570698
2013-01-23 16:22:04.0000002,8.52017725459289
2013-01-23 16:22:04.0000001,9.737211876789413
2013-01-06 12:46:36.0000001,4.827101914125454
2013-01-06 12:46:36.0000002,7.349944911843164
2012-02-13 04:52:32.0000001,48.24198919170788
2013-02-07 08:34:24.0000001,9.857437721303985
2013-02-07 08:34:24.0000003,11.803139027667566
2013-02-07 08:34:24.0000004,8.352560685686766
2013-02-07 08:34:24.0000002,12.662106219015325
2015-02-21 17:23:28.0000005,16.597488699482877
2015-02-21 17:23:28.0000003,7.484815111680552
2015-02-21 17:23:28.0000002,10.125914539593222
2015-02-21 17:23:28.0000001,10.03345882815617
2015-02-21 17:23:28.0000006,4.892179299503993
2013-06-19 13:36:52.0000004,9.737211876789413
2013-06-19 13:36:52.0000001,7.857879452206193
2013-06-19 13:36:52.0000002,8.352560685686766
2013-06-19 13:36:52.0000005,40.63935053286322
2013-06-19 13:36:52.0000003,20.016274741003883
2015-06-26 16:04:04.0000002,5.098009270804032
2015-06-26 16:04:04.0000001,4.827101914125454
2010-06-05 07:08:36.0000001,7.057832361096587
2011-10-28 13:48:16.0000002,8.579542833960891
2011-10-28 13:48:16.0000001,6.953701715513752
2011-10-28 13:48:16.0000003,5.728381068663981
2012-09-29 02:53:20.0000001,9.59851927026549
2011-08-06 12:59:12.0000001,14.743391759411072
2012-11-19 22:15:32.0000002,27.14769681541403
2013-11-29 20:09:12.0000002,9.026257877267792
2012-05-31 17:54:48.0000003,9.77371312851015
2012-05-31 17:54:48.0000002,10.35353134122416
2012-05-31 17:54:48.0000001,5.067226456770709
2012-05-31 17:54:48.0000004,7.23862991777078
2012-04-20 08:03:52.0000001,10.961864663305228
2012-04-20 08:03:52.0000002,8.334966342390825
2012-04-20 08:03:52.0000003,8.32744585878348
2009-01-26 18:26:48.0000001,6.970878407199237
2009-01-26 18:26:48.0000003,6.0602292575984364
2009-01-26 18:26:48.0000004,12.538397109606661
2009-01-26 18:26:48.0000002,7.023169832836837
2011-10-20 00:50:48.0000003,15.640400494383794
2011-10-20 00:50:48.0000002,5.728381068663981
2011-10-20 00:50:48.0000001,5.728381068663981
2011-06-03 11:45:16.0000002,10.939804691148431
2011-06-03 11:45:16.0000004,8.39119138510976
2011-06-03 11:45:16.0000005,5.526194953802452
2011-06-03 11:45:16.0000001,4.757585793058761
2011-06-03 11:45:16.0000003,5.6856354928364485
2011-10-25 20:34:20.0000001,7.779024220059841
2012-07-05 18:30:36.0000005,11.512430088091602
2012-07-05 18:30:36.0000006,6.95971890221804
2012-07-05 18:30:36.0000003,5.31621019243694
2012-07-05 18:30:36.0000001,9.305892106307976
2012-07-05 18:30:36.0000007,7.664454176089582
2012-07-05 18:30:36.0000002,6.039522144977285
2015-04-07 14:31:12.0000002,8.352560685686766
2015-04-07 14:31:12.0000003,6.320981574242098
2013-08-28 00:27:36.0000002,10.222055606531045
2013-08-28 00:27:36.0000001,8.091903277076302
2012-11-20 21:54:00.00000037,6.993769984866427
2012-11-20 21:54:00.00000081,10.478454124794954
2012-11-20 21:54:00.000000210,9.169437619101311
2012-11-20 21:54:00.00000050,5.01241007994669
2012-11-20 21:54:00.000000175,54.22949076509192
2012-11-20 21:54:00.000000208,5.728381068663981
2012-11-20 21:54:00.000000198,5.264184645056053
2012-11-20 21:54:00.000000185,8.533114350724867
2012-11-20 21:54:00.00000028,9.424776218131628
2012-11-20 21:54:00.000000134,7.36751574468032
2012-11-20 21:54:00.00000091,5.604358332162845
2012-11-20 21:54:00.00000033,4.899996357193207
2012-11-20 21:54:00.00000082,8.373824924980473
2012-11-20 21:54:00.000000142,21.265563473892158
2012-11-20 21:54:00.000000180,24.54031626268817
2012-11-20 21:54:00.00000093,15.251695947750491
2012-11-20 21:54:00.000000159,5.040492638666299
2012-11-20 21:54:00.000000165,7.791677301222111
2012-11-20 21:54:00.000000235,6.633191298028203
2012-11-20 21:54:00.00000089,5.040492638666299
2012-11-20 21:54:00.000000168,16.184376486784373
2012-11-20 21:54:00.000000224,5.067226456770709
2012-11-20 21:54:00.000000158,5.728381068663981
2012-11-20 21:54:00.000000212,54.22949076509192
2012-11-20 21:54:00.000000147,29.84479853603184
2012-11-20 21:54:00.000000140,10.94116823089354
2012-11-20 21:54:00.00000018,15.8651057987063
2012-11-20 21:54:00.000000124,5.691979293867294
2012-11-20 21:54:00.000000181,10.260845617087037
2012-11-20 21:54:00.000000187,10.62815801170522
2012-11-20 21:54:00.00000058,18.633720003676775
2012-11-20 21:54:00.000000151,18.370437476170462
2012-11-20 21:54:00.000000126,6.633191298028203
2012-11-20 21:54:00.00000099,13.03197601983977
2012-11-20 21:54:00.000000120,8.747109828500104
2012-11-20 21:54:00.0000009,5.040492638666299
2012-11-20 21:54:00.000000206,7.283882918930525
2012-11-20 21:54:00.00000079,7.025073996466125
2012-11-20 21:54:00.000000237,13.073489810242643
2012-11-20 21:54:00.000000143,12.5933993521219
2012-11-20 21:54:00.000000111,5.728381068663981
2012-11-20 21:54:00.000000106,8.9337525825282
2012-11-20 21:54:00.000000245,5.040492638666299
2012-11-20 21:54:00.00000032,10.21045531248984
2012-11-20 21:54:00.00000075,8.81837327910369
2012-11-20 21:54:00.000000244,24.533714033149586
2012-11-20 21:54:00.00000094,4.757585793058761
2012-11-20 21:54:00.000000118,28.24061704384395
2012-11-20 21:54:00.000000188,8.871195308459258
2012-11-20 21:54:00.00000051,16.11088432627536
2012-11-20 21:54:00.000000109,10.620522488019676
2012-11-20 21:54:00.0000003,7.381892193070039
2012-11-20 21:54:00.000000114,21.308369399341206
2012-11-20 21:54:00.00000013,5.728381068663981
2012-11-20 21:54:00.000000192,6.849645421727618
2012-11-20 21:54:00.000000228,4.786770185468647
2012-11-20 21:54:00.000000236,9.019016225495651
2012-11-20 21:54:00.000000178,12.245014416743752
2012-11-20 21:54:00.00000027,10.531729560478428
2012-11-20 21:54:00.000000176,5.040492638666299
2012-11-20 21:54:00.0000008,6.849645421727618
2012-11-20 21:54:00.00000061,15.979549341405539
2012-11-20 21:54:00.00000011,14.319545110070845
2012-11-20 21:54:00.00000096,7.215944881401613
2012-11-20 21:54:00.000000231,7.283882918930525
2012-11-20 21:54:00.000000190,13.073489810242643
2012-11-20 21:54:00.000000166,34.43416637764512
2012-11-20 21:54:00.00000022,5.067226456770709
2012-11-20 21:54:00.000000234,13.344226473269089
2012-11-20 21:54:00.00000035,7.381892193070039
2012-11-20 21:54:00.00000041,13.34328542772597
2012-11-20 21:54:00.000000113,6.873672845501434
2012-11-20 21:54:00.00000045,10.62815801170522
2012-11-20 21:54:00.000000157,12.508544868271827
2012-11-20 21:54:00.000000163,16.184881955506704
2012-11-20 21:54:00.000000193,10.901919730773695
2012-11-20 21:54:00.00000063,8.35827641827024
2012-11-20 21:54:00.000000183,7.023742069275615
2012-11-20 21:54:00.000000182,14.584397484098734
2012-11-20 21:54:00.000000117,8.914771654169948
2012-11-20 21:54:00.000000156,16.000716132216727
2012-11-20 21:54:00.000000220,7.381892193070039
2012-11-20 21:54:00.000000227,7.356356239699122
2012-11-20 21:54:00.000000194,12.842452912206696
2012-11-20 21:54:00.000000201,8.422479744725903
2012-11-20 21:54:00.000000115,41.260890104853864
2012-11-20 21:54:00.000000217,9.623781585955484
2012-11-20 21:54:00.00000017,12.098158168525861
2012-11-20 21:54:00.000000139,5.040492638666299
2012-11-20 21:54:00.00000038,10.30688376371663
2012-11-20 21:54:00.000000107,5.040492638666299
2012-11-20 21:54:00.000000218,14.409338483577988
2012-11-20 21:54:00.000000214,19.07622961706588
2012-11-20 21:54:00.000000213,10.271669712467222
2012-11-20 21:54:00.000000215,27.531794962573077
2012-11-20 21:54:00.000000112,8.950410255718577
2012-11-20 21:54:00.00000067,17.142774174278195
2012-11-20 21:54:00.00000044,12.626187768972558
2012-11-20 21:54:00.00000029,8.930118700129047
2012-11-20 21:54:00.000000119,13.34328542772597
2012-11-20 21:54:00.000000203,6.340118946306867
2012-11-20 21:54:00.000000239,5.728381068663981
2012-11-20 21:54:00.000000125,14.604731774288757
2012-11-20 21:54:00.00000064,8.533114350724867
2012-11-20 21:54:00.000000153,7.36751574468032
2012-11-20 21:54:00.00000054,7.356356239699122
2012-11-20 21:54:00.000000177,9.316682808698802
2012-11-20 21:54:00.000000243,10.620522488019676
2012-11-20 21:54:00.000000128,5.667204960886342
2012-11-20 21:54:00.00000095,8.545093260239124
2012-11-20 21:54:00.00000088,9.623781585955484
2012-11-20 21:54:00.000000200,6.59570435125214
2012-11-20 21:54:00.00000053,5.740904070351246
2012-11-20 21:54:00.000000199,5.728381068663981
2012-11-20 21:54:00.000000191,11.559961071345429
2012-11-20 21:54:00.00000057,7.381892193070039
2012-11-20 21:54:00.000000145,9.428532554921158
2012-11-20 21:54:00.00000072,8.98687106658703
2012-11-20 21:54:00.0000001,7.13692135128164
2012-11-20 21:54:00.000000241,6.59570435125214
2012-11-20 21:54:00.000000230,8.898689782564814
2012-11-20 21:54:00.000000146,23.015518244521438
2012-11-20 21:54:00.000000155,8.875645933255056
2012-11-20 21:54:00.00000046,8.930118700129047
2012-11-20 21:54:00.000000242,20.78581173584687
2012-11-20 21:54:00.00000060,8.98687106658703
2012-11-20 21:54:00.000000116,8.650024863400969
2012-11-20 21:54:00.00000059,10.227749211995768
2012-11-20 21:54:00.000000232,5.994428683258624
2012-11-20 21:54:00.000000162,8.533114350724867
2012-11-20 21:54:00.00000070,8.9337525825282
2012-11-20 21:54:00.00000052,23.00358807802418
2012-11-20 21:54:00.000000129,22.063243127853926
2012-11-20 21:54:00.000000136,13.468203567582837
2012-11-20 21:54:00.000000226,8.950410255718577
2012-11-20 21:54:00.000000240,12.146793055094829
2012-11-20 21:54:00.000000141,8.875645933255056
2012-11-20 21:54:00.000000204,13.34328542772597
2012-11-20 21:54:00.000000137,5.040492638666299
2011-02-22 14:18:40.0000001,8.901706818083886
2014-06-23 00:16:00.00000066,32.71610566838998
2014-06-23 00:16:00.00000039,8.206543952973455
2014-06-23 00:16:00.00000076,8.967404773255204
2014-06-23 00:16:00.00000030,36.21552458153121
2014-06-23 00:16:00.00000070,15.769862666552935
2014-06-23 00:16:00.00000065,8.12917615646236
2014-06-23 00:16:00.00000056,25.75258231788075
2014-06-23 00:16:00.00000038,7.1679366592332014
2014-06-23 00:16:00.00000071,23.636855147670637
2014-06-23 00:16:00.00000013,9.791806164065038
2014-06-23 00:16:00.00000073,8.939856496891453
2014-06-23 00:16:00.0000001,13.630873438802515
2014-06-23 00:16:00.00000026,14.537302177109364
2014-06-23 00:16:00.00000090,10.421201643136712
2014-06-23 00:16:00.00000092,23.376115298374206
2014-06-23 00:16:00.00000044,10.021724224838742
2014-06-23 00:16:00.00000064,9.829511955999935
2014-06-23 00:16:00.00000068,30.078069734099046
2014-06-23 00:16:00.00000033,9.723333132925395
2014-06-23 00:16:00.00000089,36.50921713567153
2014-06-23 00:16:00.0000004,8.098387597063113
2014-06-23 00:16:00.00000062,15.42514254874331
2014-06-23 00:16:00.00000019,8.187235562246148
2014-06-23 00:16:00.00000041,11.271727936612729
2014-06-23 00:16:00.00000024,18.041054724915156
2014-06-23 00:16:00.00000074,21.147905546816467
2014-06-23 00:16:00.00000018,13.574983748600568
2014-06-23 00:16:00.00000043,5.57629625801614
2014-06-23 00:16:00.00000022,7.397202005666424
2014-06-23 00:16:00.00000088,9.965930225186872
2014-06-23 00:16:00.00000057,5.098009270804032
2014-06-23 00:16:00.00000087,8.083426214748915
2014-06-23 00:16:00.00000016,26.10389335384669
2014-06-23 00:16:00.00000078,7.1723390157006985
2014-06-23 00:16:00.00000040,10.187285775870844
2014-06-23 00:16:00.00000077,7.9517292938740365
2014-06-23 00:16:00.00000015,13.320408838592991
2014-06-23 00:16:00.00000047,8.091903277076302
2014-06-23 00:16:00.0000005,5.098009270804032
2014-06-23 00:16:00.00000034,55.732088477753756
2014-06-23 00:16:00.00000028,9.338030358152555
2014-06-23 00:16:00.00000081,18.81859487886557
2014-06-23 00:16:00.00000067,10.149751326942031
2014-06-23 00:16:00.00000085,7.16707670962724
2014-06-23 00:16:00.00000082,8.950451467474718
2014-06-23 00:16:00.00000063,23.15072955837032
2014-06-23 00:16:00.00000079,8.091903277076302
2014-06-23 00:16:00.00000061,8.091903277076302
2014-06-23 00:16:00.00000037,18.479644755331194
2014-06-23 00:16:00.00000036,6.4117681920597445
2014-06-23 00:16:00.00000049,16.879117618470797
2014-06-23 00:16:00.00000025,46.339065229612494
2014-06-23 00:16:00.0000009,8.249727715695109
2014-06-23 00:16:00.00000069,15.811505770252088
2011-11-24 02:36:48.0000003,12.575578694710652
2011-11-24 02:36:48.0000002,6.481095728488116
2011-11-24 02:36:48.0000001,13.418868119302612
2013-06-05 01:34:56.0000001,12.40830334241475
2013-03-18 12:51:12.0000001,11.803139027667566
2013-03-18 12:51:12.0000003,4.860425916619737
2013-03-18 12:51:12.0000002,17.424339628071117
2014-12-14 09:04:36.0000001,8.352560685686766
2014-12-14 09:04:36.0000003,7.484815111680552
2014-12-14 09:04:36.0000002,7.484815111680552
2012-05-31 13:14:12.0000004,8.116189848549487
2012-05-31 13:14:12.0000001,12.146793055094829
2012-05-31 13:14:12.0000002,8.39119138510976
2012-05-31 13:14:12.0000003,5.31621019243694
2011-01-16 18:57:12.0000001,6.825115688234412
2011-01-16 18:57:12.0000002,5.31621019243694
2009-04-25 10:52:56.0000004,9.756383685782854
2009-04-25 10:52:56.0000002,11.295718279365904
2009-04-25 10:52:56.0000005,7.540794389046647
2009-04-20 11:11:40.0000001,5.786705219888652
2012-07-20 06:53:32.0000001,4.836703606760864
2009-10-22 21:57:36.0000005,13.041558694568945
2009-10-22 21:57:36.0000002,16.371470756421843
2009-10-22 21:57:36.0000004,6.481095728488116
2009-10-22 21:57:36.0000003,5.9086322345958635
2009-03-16 10:30:12.0000001,11.916742167555075
2009-07-14 12:12:36.0000004,6.927187692326305
2009-07-14 12:12:36.0000001,8.39119138510976
2009-07-14 12:12:36.0000003,10.961864663305228
2009-07-14 12:12:36.0000007,10.961864663305228
2009-07-14 12:12:36.0000002,12.814803518856854
2009-07-14 12:12:36.0000005,9.950258792021645
2009-07-14 12:12:36.0000008,8.705689480701011
2009-07-14 12:12:36.0000006,6.083635019827851
2014-11-12 09:06:32.0000004,5.897356003250173
2014-11-12 09:06:32.0000001,5.098009270804032
2014-11-12 09:06:32.0000003,6.445119552360852
2014-11-12 09:06:32.0000005,19.614546510482313
2014-11-12 09:06:32.0000002,7.484815111680552
2011-04-10 11:57:12.0000002,9.77371312851015
2011-04-10 11:57:12.0000003,8.068438475785957
2011-04-10 11:57:12.0000004,5.680244995808591
2011-04-10 11:57:12.0000001,7.664454176089582
2011-09-20 11:58:52.0000003,4.869999515812242
2011-09-20 11:58:52.0000001,11.733807338392136
2011-09-20 11:58:52.0000002,13.668196618578966
2010-09-24 17:16:16.0000001,7.09652872199825
2010-02-12 13:51:28.0000004,5.635234433311945
2010-02-12 13:51:28.0000005,8.92268484899447
2010-02-12 13:51:28.0000001,6.8525330828766355
2010-02-12 13:51:28.0000003,6.825115688234412
2010-02-12 13:51:28.0000002,11.004785356677708
2011-01-03 21:51:28.0000002,8.460822638200417
2011-01-03 21:51:28.0000001,4.943221177926661
2011-07-26 13:10:56.0000003,5.31621019243694
2011-07-26 13:10:56.0000002,7.723991870576803
2011-07-26 13:10:56.0000001,6.927187692326305
2011-08-18 13:00:16.0000003,9.725676168366148
2011-08-18 13:00:16.0000002,5.689257273349421
2013-06-20 19:49:52.0000004,7.550964543315449
2013-06-20 19:49:52.0000001,7.864032997718155
2013-06-20 19:49:52.0000005,4.860425916619737
2013-06-20 19:49:52.0000002,24.29026820668812
2013-06-20 19:49:52.0000003,10.740396780198436
2013-09-25 22:00:00.00000079,12.217573202631595
2013-09-25 22:00:00.00000025,10.926079872733032
2013-09-25 22:00:00.000000225,8.917456684625439
2013-09-25 22:00:00.000000204,13.54098999941726
2013-09-25 22:00:00.00000053,30.689739152246638
2013-09-25 22:00:00.000000111,14.633421929297256
2013-09-25 22:00:00.00000014,7.512861999649674
2013-09-25 22:00:00.000000172,55.80599659871427
2013-09-25 22:00:00.000000154,5.098009270804032
2013-09-25 22:00:00.000000133,4.827101914125454
2013-09-25 22:00:00.000000160,9.516510883087609
2013-09-25 22:00:00.000000119,5.174812878048644
2013-09-25 22:00:00.000000223,5.158693574178448
2013-09-25 22:00:00.0000008,8.352560685686766
2013-09-25 22:00:00.000000103,9.026257877267792
2013-09-25 22:00:00.000000178,7.907224231448849
2013-09-25 22:00:00.00000023,5.646130830281256
2013-09-25 22:00:00.00000022,6.5471934587910425
2013-09-25 22:00:00.00000076,6.531074154920847
2013-09-25 22:00:00.00000020,8.297420250014769
2013-09-25 22:00:00.000000142,12.802247198696765
2013-09-25 22:00:00.00000059,7.484815111680552
2013-09-25 22:00:00.000000110,6.531074154920847
2013-09-25 22:00:00.000000205,10.766079292849234
2013-09-25 22:00:00.000000182,10.603244798101846
2013-09-25 22:00:00.00000081,8.930464445781563
2013-09-25 22:00:00.000000230,22.9995305480545
2013-09-25 22:00:00.000000164,12.168761223643376
2013-09-25 22:00:00.00000090,9.980445461218803
2013-09-25 22:00:00.000000106,9.039265638423917
2013-09-25 22:00:00.00000078,8.352560685686766
2013-09-25 22:00:00.0000001,55.792501884301274
2013-09-25 22:00:00.000000126,11.37454758311047
2013-09-25 22:00:00.000000156,7.367721333430191
2013-09-25 22:00:00.000000137,12.207574540794432
2013-09-25 22:00:00.00000039,8.917456684625439
2013-09-25 22:00:00.00000017,20.07576301910333
2013-09-25 22:00:00.00000054,12.01050944274191
2013-09-25 22:00:00.000000135,17.72129013358346
2013-09-25 22:00:00.000000112,21.67369347204899
2013-09-25 22:00:00.000000148,7.9166158948010334
2013-09-25 22:00:00.000000143,34.03937435390971
2013-09-25 22:00:00.00000043,6.5471934587910425
2013-09-25 22:00:00.000000203,7.349944911843164
2013-09-25 22:00:00.00000040,8.352560685686766
2013-09-25 22:00:00.00000035,9.70927574295918
2013-09-25 22:00:00.000000117,17.148842247399926
2013-09-25 22:00:00.000000244,8.234726520367317
2013-09-25 22:00:00.0000002,18.515407640679438
2013-09-25 22:00:00.000000246,63.28039951936611
2013-09-25 22:00:00.00000091,20.087392135377915
2013-09-25 22:00:00.000000235,8.174379182999772
2013-09-25 22:00:00.000000237,33.88376446660324
2013-09-25 22:00:00.000000185,7.896752408991361
2013-09-25 22:00:00.000000233,8.89809812524298
2013-09-25 22:00:00.00000075,8.352560685686766
2013-09-25 22:00:00.00000026,12.802247198696765
2013-09-25 22:00:00.00000061,10.050384810463648
2013-09-25 22:00:00.000000179,13.455319890646603
2013-09-25 22:00:00.000000120,9.631885904747467
2013-09-25 22:00:00.000000165,21.096323282029118
2013-09-25 22:00:00.000000224,12.315436923063864
2013-09-25 22:00:00.000000192,23.33554175317623
2013-09-25 22:00:00.00000084,13.632179024919216
2013-09-25 22:00:00.000000169,6.666348954972131
2013-09-25 22:00:00.000000175,27.895972765298968
2013-09-25 22:00:00.000000132,7.484815111680552
2013-09-25 22:00:00.00000048,15.600407992064769
2013-09-25 22:00:00.000000229,8.745494239511796
2013-09-25 22:00:00.00000036,20.17772910890722
2013-09-25 22:00:00.000000177,8.352560685686766
2013-09-25 22:00:00.000000217,8.297420250014769
2013-09-25 22:00:00.000000183,12.691265039740408
2013-09-25 22:00:00.000000107,14.19572814197251
2013-09-25 22:00:00.00000058,12.480058936771677
2013-09-25 22:00:00.00000073,7.600987913076251
2013-09-25 22:00:00.000000245,7.745718639660905
2013-09-25 22:00:00.000000157,16.02263720623878
2013-09-25 22:00:00.000000227,26.76773002207574
2013-09-25 22:00:00.00000064,14.831577719682127
2013-09-25 22:00:00.00000024,55.118532617347476
2013-09-25 22:00:00.000000221,8.917456684625439
2013-09-25 22:00:00.000000139,31.879777963676947
2013-09-25 22:00:00.00000028,8.297420250014769
2013-09-25 22:00:00.00000057,7.484815111680552
2013-09-25 22:00:00.000000222,10.603244798101846
2013-09-25 22:00:00.000000215,22.214422428441
2013-09-25 22:00:00.00000094,17.49193145703611
2013-09-25 22:00:00.000000214,10.603244798101846
2013-09-25 22:00:00.000000101,6.5471934587910425
2013-09-25 22:00:00.00000055,8.463767836984085
2013-09-25 22:00:00.00000049,22.125877228282086
2013-09-25 22:00:00.000000216,17.191358764150813
2013-09-25 22:00:00.000000123,8.938819184545553
2013-09-25 22:00:00.000000136,7.245623321452877
2013-09-25 22:00:00.000000211,17.35167662390023
2013-09-25 22:00:00.000000145,5.174812878048644
2013-09-25 22:00:00.000000250,44.35935731981117
2013-09-25 22:00:00.000000188,11.11685542508874
2013-09-25 22:00:00.000000202,6.5471934587910425
2013-09-25 22:00:00.000000242,11.12239744639702
2013-09-25 22:00:00.000000140,8.781466075118107
2013-09-25 22:00:00.000000171,9.089185937784212
2013-09-25 22:00:00.00000099,5.098009270804032
2013-09-25 22:00:00.000000187,8.852611125912478
2013-09-25 22:00:00.000000161,10.582286682255027
2013-09-25 22:00:00.000000189,8.930464445781563
2013-09-25 22:00:00.0000003,10.603244798101846
2013-09-25 22:00:00.000000249,8.352560685686766
2013-09-25 22:00:00.000000195,6.795081437192735
2013-09-25 22:00:00.00000072,12.136743942281914
2013-09-25 22:00:00.00000012,11.034584563553649
2013-09-25 22:00:00.000000149,8.930464445781563
2013-09-25 22:00:00.000000197,11.137813540935559
2013-09-25 22:00:00.00000038,55.81889876641439
2013-09-25 22:00:00.0000009,20.15859417835681
2013-09-25 22:00:00.00000089,14.982408454485796
2013-09-25 22:00:00.000000199,27.942865523141855
2013-09-25 22:00:00.000000219,6.905031294064264
2013-09-25 22:00:00.000000159,12.168761223643376
2013-09-25 22:00:00.000000173,10.492777220494425
2013-09-25 22:00:00.000000209,18.899483290749714
2013-09-25 22:00:00.000000196,9.46340081562478
2013-09-25 22:00:00.00000093,7.1134159309236455
2013-09-25 22:00:00.000000155,19.42644443113465
2013-09-25 22:00:00.000000121,8.930464445781563
2013-09-25 22:00:00.000000134,12.463264239144921
2013-09-25 22:00:00.000000228,8.17324647535831
2013-09-25 22:00:00.00000092,12.3231624442003
2013-09-25 22:00:00.00000030,5.098009270804032
2013-09-25 22:00:00.00000062,12.35225406950909
2013-09-25 22:00:00.0000005,10.104637957926462
2013-09-25 22:00:00.00000097,35.76654022020383
2013-09-25 22:00:00.00000019,18.00453113166902
2013-09-25 22:00:00.000000180,7.83949272763584
2013-09-25 22:00:00.000000200,17.17670309543239
2013-09-25 22:00:00.000000186,9.998162460275784
2013-09-25 22:00:00.000000176,7.484815111680552
2013-09-25 22:00:00.00000082,8.047165753546013
2013-09-25 22:00:00.00000098,8.653692950954966
2013-09-25 22:00:00.00000085,10.891758480612525
2013-09-25 22:00:00.0000004,6.4230554806722875
2013-09-25 22:00:00.00000032,20.05693411841615
2013-09-25 22:00:00.00000070,8.805258883018817
2013-09-25 22:00:00.00000074,12.240337174536593
2013-09-25 22:00:00.000000118,11.05554267940047
2013-09-25 22:00:00.0000007,8.352560685686766
2013-09-25 22:00:00.00000050,11.997954145272958
2013-09-25 22:00:00.00000044,6.445119552360852
2013-09-25 22:00:00.00000095,6.472578877675426
2009-01-15 02:42:48.0000001,5.040492638666299
2011-07-06 18:07:44.0000001,9.77371312851015
2011-07-06 18:07:44.0000003,5.526194953802452
2011-07-06 18:07:44.0000005,6.146684778409267
2011-09-08 01:28:24.0000001,33.058977761201504
2014-07-11 12:36:08.0000002,5.098009270804032
2010-11-04 05:01:44.0000001,5.040492638666299
2009-10-04 10:04:12.0000001,7.672453480494393
2009-10-04 10:04:12.0000003,5.040492638666299
2009-10-04 10:04:12.0000002,5.040492638666299
2009-10-04 10:04:12.0000004,4.757585793058761
2013-02-28 12:52:44.0000001,8.352560685686766
2013-02-28 12:52:44.0000003,9.165022106081754
2013-02-28 12:52:44.0000004,8.450840362013796
2013-02-28 12:52:44.0000002,4.827101914125454
2013-08-03 07:11:53.0000001,34.732239534255086
2015-01-26 23:13:33.0000001,11.965127873455412
2012-10-31 11:09:53.0000001,9.118177942114535
2012-10-31 11:09:53.0000002,15.714427373272267
2011-12-23 23:30:09.0000001,13.179362303656001
2015-01-29 11:01:21.0000001,5.498546219171186
2015-01-29 11:01:21.0000002,8.22106606856264
2014-01-31 11:11:05.0000001,19.98161090504795
2014-01-31 11:11:05.0000003,10.607225850790996
2014-01-31 11:11:05.0000004,9.652540774296659
2014-01-31 11:11:05.0000006,7.484815111680552
2014-01-31 11:11:05.0000005,7.72743492161653
2015-02-20 11:08:29.0000006,5.098009270804032
2015-02-20 11:08:29.0000002,14.619577016189343
2015-02-20 11:08:29.0000004,10.024135016063326
2015-02-20 11:08:29.0000003,8.194925192314162
2015-02-20 11:08:29.0000005,5.098009270804032
2014-08-31 04:03:29.0000001,8.445436614330408
2014-08-01 18:38:09.0000001,7.713822130406369
2014-08-01 18:38:09.0000002,6.649275058953958
2009-05-16 14:53:41.0000007,6.083635019827851
2009-05-16 14:53:41.0000006,6.146684778409267
2009-12-17 06:28:05.0000001,7.830054256713453
2009-12-17 06:28:05.0000002,4.914036785516773
2009-12-17 06:28:05.0000003,7.782995323064432
2010-02-23 17:25:09.0000001,5.526194953802452
2010-02-23 17:25:09.0000002,5.040492638666299
2012-07-30 16:54:49.0000003,7.25250456761912
2012-07-30 16:54:49.0000001,11.45398730411733
2012-07-30 16:54:49.0000005,7.254088864827407
2012-07-30 16:54:49.0000004,6.118723208771672
2012-07-30 16:54:49.0000002,11.473987870207777
2013-08-26 11:47:37.0000003,18.170905471667076
2013-08-26 11:47:37.0000002,7.430532360525392
2013-08-26 11:47:37.0000004,35.87342096056733
2013-03-06 23:49:53.0000006,7.430532360525392
2013-03-06 23:49:53.0000005,8.352560685686766
2013-03-06 23:49:53.0000003,8.352560685686766
2013-03-06 23:49:53.0000002,5.158693574178448
2013-03-06 23:49:53.0000001,16.178702039546128
2013-03-06 23:49:53.0000004,10.603244798101846
2010-10-30 13:31:13.0000005,7.09652872199825
2010-10-30 13:31:13.0000003,5.560015384602345
2010-10-30 13:31:13.0000004,4.757585793058761
2010-10-30 13:31:13.0000002,6.464229492585441
2012-03-25 16:56:01.0000001,5.4774755946260605
2012-03-25 16:56:01.0000002,7.467247334400213
2013-10-17 22:21:57.0000002,11.354507016686789
2013-10-17 22:21:57.0000004,12.713518252935575
2013-10-17 22:21:57.0000005,15.169912577608121
2013-10-17 22:21:57.0000001,8.337728052058484
2010-09-15 16:44:25.0000001,13.132261677735997
2010-09-15 16:44:25.0000002,13.971764023461967
2010-09-15 16:44:25.0000003,6.481095728488116
2014-05-09 00:30:41.0000003,11.723557159316524
2014-05-09 00:30:41.0000001,46.67699424901123
2014-05-09 00:30:41.0000002,15.900536952691137
2010-12-11 17:32:33.0000001,5.728381068663981
2010-06-14 05:10:09.0000001,10.49476276373601
2012-03-05 13:24:37.0000003,8.771602547075133
2012-03-05 13:24:37.0000001,6.518316874719967
2011-03-03 07:09:09.0000002,8.915987002837902
2011-03-03 07:09:09.0000001,8.748684841532782
2010-07-01 22:11:33.0000001,8.870378956380053
2010-07-01 22:11:33.0000002,7.615027163932346
2010-07-01 22:11:33.0000004,5.31621019243694
2012-01-07 21:39:05.0000002,8.69969028325448
2010-08-22 12:30:21.0000002,5.539841620817438
2010-08-22 12:30:21.0000001,5.476359361006919
2012-05-26 00:31:25.0000002,20.759587488727465
2011-12-16 09:20:01.0000001,11.114504920488043
2012-01-26 20:09:45.0000003,12.21048195532355
2012-01-26 20:09:45.0000004,9.31353237758928
2012-01-26 20:09:45.0000002,7.113730798755458
2012-01-26 20:09:45.0000001,7.642118886612417
2010-02-03 11:33:29.0000002,5.342860327998331
2010-02-03 11:33:29.0000001,8.39119138510976
2014-10-07 11:52:13.0000005,35.56752624720991
2014-10-07 11:52:13.0000001,5.356165744240921
2014-10-07 11:52:13.0000004,14.516410032700174
2014-10-07 11:52:13.0000002,6.5471934587910425
2014-10-07 11:52:13.0000007,7.83949272763584
2014-10-07 11:52:13.0000003,8.352560685686766
2013-05-06 23:46:25.0000001,10.759780275152647
2015-06-13 19:17:09.0000006,9.218924264659943
2015-06-13 19:17:09.0000004,10.726864684094682
2015-06-13 19:17:09.0000002,18.31096923002091
2015-06-13 19:17:09.0000003,15.166986011499441
2015-06-13 19:17:09.0000001,5.098009270804032
2011-06-29 00:15:21.0000001,5.31621019243694
2011-06-29 00:15:21.0000002,5.526194953802452
2011-06-29 00:15:21.0000003,11.406567931149137
2009-11-28 13:50:17.0000003,7.6979923543944775
2009-11-28 13:50:17.0000001,5.040492638666299
2010-05-02 12:05:45.0000001,8.39119138510976
2009-10-12 14:18:01.0000001,6.481095728488116
2015-01-13 12:07:53.0000002,6.46430748916991
2015-01-13 12:07:53.0000007,10.504935402397928
2015-01-13 12:07:53.0000001,14.516410032700174
2015-01-13 12:07:53.0000004,4.827101914125454
2015-01-13 12:07:53.0000006,8.352560685686766
2015-03-04 21:42:57.0000002,8.452631222538066
2015-03-04 21:42:57.0000009,5.629464062555671
2015-03-04 21:42:57.0000005,7.528751931161446
2015-03-04 21:42:57.0000003,13.9675382416615
2015-03-04 21:42:57.00000010,8.915839599873935
2015-03-04 21:42:57.0000004,20.709178572019955
2015-03-04 21:42:57.0000008,5.098009270804032
2015-03-04 21:42:57.0000001,11.137813540935559
2015-03-04 21:42:57.0000007,5.098009270804032
2012-01-31 09:15:49.0000005,6.9852548555889555
2012-01-31 09:15:49.0000002,8.39119138510976
2012-01-31 09:15:49.0000006,9.77371312851015
2012-01-31 09:15:49.0000003,5.300192826863569
2012-01-31 09:15:49.0000004,9.24232382235669
2011-03-22 12:59:49.0000003,12.934169018547015
2011-03-22 12:59:49.0000005,5.375085016586974
2011-03-22 12:59:49.0000004,6.9852548555889555
2014-10-05 17:21:45.0000001,6.659797313932512
2013-07-05 00:58:17.0000003,8.749645859799951
2013-07-05 00:58:17.0000002,17.680063134150412
2010-09-28 21:50:05.0000001,5.040492638666299
2010-09-28 21:50:05.0000003,20.43010419482524
2010-09-28 21:50:05.0000002,7.043829138413576
2010-09-28 21:50:05.0000004,12.352981789395011
2010-09-28 21:50:05.0000005,5.040492638666299
2012-05-25 09:21:17.0000001,5.040492638666299
2012-05-25 09:21:17.0000002,6.0602292575984364
2012-05-25 09:21:17.0000003,5.526194953802452
2010-01-30 00:57:21.0000003,8.20976402416657
2010-01-30 00:57:21.0000004,6.740930182179935
2009-10-16 16:14:41.0000004,5.9626640909340995
2009-10-16 16:14:41.0000001,5.934424275986228
2009-10-16 16:14:41.0000003,5.067226456770709
2012-04-02 08:39:21.0000003,6.083635019827851
2012-04-02 08:39:21.0000001,5.526194953802452
2009-09-04 06:54:49.0000001,6.415955431655
2012-08-29 09:53:33.0000002,8.39119138510976
2012-08-29 09:53:33.0000001,9.305892106307976
2011-03-13 05:34:57.0000001,11.064272838321
2010-10-22 00:49:05.0000001,6.39709390739075
2010-09-12 22:12:53.0000001,12.085767205066729
2014-09-13 04:51:21.0000001,28.2843151555417
2014-09-13 04:51:21.0000002,14.998977686070035
2010-08-17 07:59:05.0000003,8.258055777336137
2010-08-17 07:59:05.0000001,4.757585793058761
2010-08-17 07:59:05.0000002,8.22651172942746
2011-03-06 23:14:17.0000001,11.760585479673313
2014-06-19 08:41:17.0000001,5.38895524940254
2014-06-19 08:41:17.0000002,5.6105727763860695
2014-06-19 08:41:17.0000006,16.00450458747056
2014-06-19 08:41:17.0000004,10.866218050579675
2014-06-19 08:41:17.0000003,6.531074154920847
2014-06-19 08:41:17.0000005,5.098009270804032
2015-02-26 23:20:13.0000004,5.158693574178448
2015-02-26 23:20:13.0000002,8.352560685686766
2015-02-26 23:20:13.0000009,19.946744365160278
2015-02-26 23:20:13.0000007,6.445119552360852
2015-02-26 23:20:13.0000005,9.307815837539035
2015-02-26 23:20:13.0000001,20.865757773563594
2015-02-26 23:20:13.0000006,21.53923855571038
2015-02-26 23:20:13.0000003,5.098009270804032
2013-10-09 15:11:41.0000001,7.745718639660905
2013-10-09 15:11:41.0000003,4.957512989330939
2013-10-09 15:11:41.0000002,21.67369347204899
2011-09-01 09:53:49.0000002,6.345049733513032
2011-09-01 09:53:49.0000003,11.532171886561587
2011-09-01 09:53:49.0000005,5.811649174622363
2011-09-01 09:53:49.0000001,11.262779565841427
2011-11-28 14:13:37.0000001,9.922948655744117
2011-11-28 14:13:37.0000003,6.674913904405126
2010-09-28 00:16:53.0000002,16.291873502737797
2010-09-28 00:16:53.0000004,10.48687292900721
2010-09-28 00:16:53.0000001,6.427232128645883
2013-08-30 11:20:21.0000002,16.639151524194748
2013-08-30 11:20:21.0000001,13.899265546969307
2013-09-19 21:24:21.0000002,4.8380790474080415
2013-09-19 21:24:21.0000003,6.708562927815379
2012-07-01 22:30:29.0000001,5.99958821310402
2013-01-19 08:04:21.0000001,9.737211876789413
2011-07-02 00:38:01.0000003,6.9343328519797724
2011-07-02 00:38:01.0000002,7.676742672577423
2014-02-08 17:24:57.0000001,15.99601011127314
2010-01-13 01:56:57.0000001,5.644883870586313
2014-01-05 12:00:13.0000005,11.191511137556056
2014-01-05 12:00:13.0000003,12.47553274300751
2014-01-05 12:00:13.0000002,7.484815111680552
2014-01-05 12:00:13.0000004,7.945206680529862
2014-01-05 12:00:13.0000006,5.098009270804032
2014-01-05 12:00:13.0000001,28.26808283061836
2011-02-04 09:12:53.0000003,9.950258792021645
2011-02-04 09:12:53.0000001,9.34073277087499
2011-02-04 09:12:53.0000005,5.526194953802452
2011-02-04 09:12:53.0000002,5.597022198110495
2012-03-08 12:33:25.0000005,6.1369236376544105
2012-03-08 12:33:25.0000002,14.682371048511815
2012-03-08 12:33:25.0000001,7.1389101109073225
2012-03-08 12:33:25.0000004,13.432006189618019
2009-07-31 18:15:57.0000002,5.4674808158733725
2009-07-10 20:17:05.0000001,5.040492638666299
2009-07-10 20:17:05.0000002,4.8226631784373
2010-11-05 14:33:37.0000002,14.740418288087351
2010-11-05 14:33:37.0000003,5.24972023732703
2010-11-05 14:33:37.0000001,12.75149392186853
2010-11-05 14:33:37.0000004,28.122975467831708
2010-03-09 08:49:13.0000002,6.9852548555889555
2010-03-09 08:49:13.0000001,6.825115688234412
2010-03-09 08:49:13.0000003,5.040492638666299
2010-08-21 21:56:25.0000001,6.13518077110003
2011-07-27 09:24:33.0000004,6.1369236376544105
2011-07-27 09:24:33.0000002,4.757585793058761
2011-07-27 09:24:33.0000005,11.575826670243233
2011-07-27 09:24:33.0000001,7.642118886612417
2011-07-27 09:24:33.0000003,9.491131846929388
2010-10-09 17:11:17.0000002,6.674913904405126
2014-01-16 23:24:37.0000001,13.632179024919216
2009-09-25 15:13:57.0000005,30.49011612418954
2009-09-25 15:13:57.0000007,5.067226456770709
2009-09-25 15:13:57.0000006,5.796262298061217
2009-09-25 15:13:57.0000004,8.554394320080453
2009-12-13 20:44:37.0000001,8.34106708749608
2009-12-13 20:44:37.0000004,9.289138050573607
2009-12-13 20:44:37.0000002,8.34106708749608
2009-12-13 20:44:37.0000003,7.363184713609331
2010-05-26 21:31:05.0000004,7.972928608028434
2010-05-26 21:31:05.0000003,12.324131660709691
2010-05-26 21:31:05.0000005,5.040492638666299
2010-05-26 21:31:05.0000001,10.085068800335511
2010-05-26 21:31:05.0000002,6.927187692326305
2010-05-03 08:36:41.0000003,5.847454962338246
2010-05-03 08:36:41.0000005,5.526194953802452
2010-05-03 08:36:41.0000001,7.515275132387586
2010-05-03 08:36:41.0000002,7.642118886612417
2009-06-22 08:08:29.0000001,15.922239651686692
2009-06-22 08:08:29.0000002,9.286761825876827
2009-01-20 17:38:05.0000003,6.530431147310635
2009-01-20 17:38:05.0000005,4.757585793058761
2009-01-20 17:38:05.0000004,6.9852548555889555
2009-01-20 17:38:05.0000001,5.1200257795008
2009-01-20 17:38:05.0000002,32.699979637607406
2013-02-04 16:08:01.0000002,14.491126325015017
2013-02-04 16:08:01.0000001,8.302105705384118
2009-07-22 09:50:25.0000001,5.040492638666299
2009-07-22 09:50:25.0000002,6.518316874719967
2009-07-22 09:50:25.0000003,5.526194953802452
2013-07-17 06:50:17.0000001,17.187232854308352
2011-01-24 20:18:49.0000002,7.071926832171831
2011-01-24 20:18:49.0000004,7.467247334400213
2011-01-24 20:18:49.0000001,5.040492638666299
2012-04-25 17:29:21.0000002,16.26596311186783
2012-04-25 17:29:21.0000004,5.040492638666299
2012-04-25 17:29:21.0000001,9.286761825876827
2012-04-25 17:29:21.0000003,12.685271814063753
2010-01-23 14:32:17.0000001,6.970878407199237
2010-01-23 14:32:17.0000002,6.146684778409267
2012-03-07 01:22:57.0000001,8.302308598614552
2012-03-07 01:22:57.0000002,12.306012721191367
2012-06-02 01:16:05.0000002,5.040492638666299
2012-06-02 01:16:05.0000005,41.390045793463045
2011-02-18 20:57:57.0000003,5.597022198110495
2011-02-18 20:57:57.0000001,12.257455776324498
2011-02-18 20:57:57.0000002,5.040492638666299
2010-11-03 17:52:21.0000001,5.040492638666299
2011-10-20 13:46:33.0000004,10.100468580594987
2011-10-20 13:46:33.0000001,43.16915060253359
2013-11-29 15:09:45.0000002,7.484815111680552
2013-11-29 15:09:45.0000001,12.378271440664607
2015-06-24 07:28:01.0000001,7.823242830475259
2015-06-24 07:28:01.0000003,72.99404405326311
2015-06-24 07:28:01.0000004,5.098009270804032
2015-06-24 07:28:01.0000002,14.61350192643018
2015-06-24 07:28:01.0000005,5.098009270804032
2010-03-27 11:29:05.0000001,6.0602292575984364
2010-03-27 11:29:05.0000003,5.526194953802452
2010-03-27 11:29:05.0000002,4.768562926341348
2014-06-09 11:18:25.0000005,5.098009270804032
2014-06-09 11:18:25.0000003,11.803139027667566
2014-06-09 11:18:25.0000001,7.83949272763584
2014-06-09 11:18:25.0000004,5.098009270804032
2014-06-09 11:18:25.0000002,7.791874608552206
2012-08-08 09:47:53.0000002,5.328171442421372
2012-08-08 09:47:53.0000003,5.040492638666299
2012-08-08 09:47:53.0000001,7.642118886612417
2014-10-28 12:23:09.0000003,17.095706020177893
2014-10-28 12:23:09.0000006,8.352560685686766
2014-10-28 12:23:09.0000004,10.385642212183663
2014-10-28 12:23:09.0000005,8.352560685686766
2014-10-28 12:23:09.0000002,5.098009270804032
2013-04-04 02:55:13.0000001,19.53854536530158
2011-07-11 20:43:33.0000003,13.064418505340537
2011-07-11 20:43:33.0000002,6.518316874719967
2013-02-23 14:25:29.0000001,15.066883263767528
2010-01-30 18:58:33.0000007,7.651706767187228
2010-01-30 18:58:33.0000002,12.55004292632345
2010-01-30 18:58:33.0000003,5.067226456770709
2010-01-30 18:58:33.0000004,14.889187909299178
2010-01-30 18:58:33.0000005,6.1369236376544105
2013-10-07 11:12:33.0000003,9.919098572695319
2013-10-07 11:12:33.0000002,7.254880229951101
2013-10-07 11:12:33.0000001,7.75648300132992
2012-10-08 12:29:21.0000001,6.523502707865627
2014-08-22 06:49:41.0000002,8.324137378120682
2014-08-22 06:49:41.0000001,6.208594814702599
2014-04-26 22:02:17.0000001,12.715329800571222
2010-05-13 08:48:41.0000004,30.086660824682355
2010-05-13 08:48:41.0000002,5.564749585336747
2010-05-13 08:48:41.0000001,15.469114620098077
2010-05-13 08:48:41.0000003,9.305892106307976
2014-06-22 14:49:13.0000004,5.098009270804032
2014-06-22 14:49:13.0000003,5.048357024899117
2013-01-22 14:06:33.0000002,5.158693574178448
2013-01-22 14:06:33.0000004,9.857437721303985
2013-01-22 14:06:33.0000001,10.944109538415052
2013-01-22 14:06:33.0000003,53.103305795890286
2010-10-08 11:25:09.0000001,7.070992768627335
2010-10-08 11:25:09.0000002,5.728381068663981
2015-03-14 02:23:17.0000001,6.353265428216963
2015-03-14 02:23:17.0000005,24.05138362572115
2015-03-14 02:23:17.0000007,18.092537450187702
2015-03-14 02:23:17.0000003,19.927065739400756
2014-09-20 00:55:21.0000001,10.222055606531045
2014-09-25 20:52:09.0000003,16.072766857430427
2014-09-25 20:52:09.0000007,17.521038382050968
2014-09-25 20:52:09.0000008,7.430532360525392
2014-09-25 20:52:09.0000006,8.352560685686766
2014-09-25 20:52:09.0000001,6.5471934587910425
2014-09-25 20:52:09.0000004,12.887828617174529
2013-08-20 09:05:33.0000001,9.737211876789413
2012-01-19 00:39:29.0000001,14.042527971249939
2009-12-23 09:09:21.0000002,14.680383784115975
2009-12-23 09:09:21.0000003,11.004072640563265
2009-12-23 09:09:21.0000001,13.301843259821519
2012-12-15 06:35:45.0000002,14.76965764442692
2012-12-15 06:35:45.0000003,54.22949076509192
2012-12-15 06:35:45.0000004,5.728381068663981
2013-09-30 07:03:29.0000001,9.203617693064206
2014-06-10 11:21:37.0000001,7.75648300132992
2014-06-10 11:21:37.0000002,11.803139027667566
2015-05-30 05:00:57.0000001,52.21790563863679
2015-05-30 05:00:57.0000002,16.567900089606226
2014-04-15 08:04:25.0000001,7.254880229951101
2014-04-15 08:04:25.0000002,11.803139027667566
2012-09-04 21:59:45.0000001,7.023742069275615
2012-06-23 19:15:29.0000001,7.629371477710063
2014-09-23 18:20:01.0000002,9.737211876789413
2014-09-23 18:20:01.0000001,8.352560685686766
2011-06-30 21:50:17.0000002,8.62988854996841
2011-06-30 21:50:17.0000006,7.467403743728051
2011-06-30 21:50:17.0000005,7.061221572067472
2011-06-30 21:50:17.0000004,9.77359330592631
2011-06-30 21:50:17.0000001,5.067226456770709
2011-06-30 21:50:17.0000003,7.492878955249618
2013-04-09 08:59:41.0000001,5.098009270804032
2013-02-14 03:56:45.0000001,8.091903277076302
2009-02-23 21:09:17.0000002,8.69969028325448
2009-02-23 21:09:17.0000003,5.040492638666299
2009-02-23 21:09:17.0000001,6.994108061310132
2013-04-05 20:47:57.0000001,14.666978444449018
2013-04-05 20:47:57.0000003,10.644001321223488
2013-04-05 20:47:57.0000002,15.257576021578723
2013-03-11 06:58:05.0000001,9.203617693064206
2012-01-05 05:51:01.0000002,7.793507376326376
2009-05-11 10:47:33.0000001,15.922239651686692
2014-02-22 02:07:01.0000001,16.750701531166342
2014-02-22 02:07:01.0000004,8.814408292685819
2014-02-22 02:07:01.0000005,7.334554577644651
2014-02-22 02:07:01.0000002,13.105786668014247
2014-02-22 02:07:01.0000003,11.725589448190284
2013-07-25 01:56:37.0000002,15.727931649707301
2013-07-25 01:56:37.0000001,13.318262672157042
2013-10-15 08:16:21.0000001,6.4230554806722875
2014-08-26 23:35:49.0000003,11.965127873455412
2014-08-26 23:35:49.0000004,19.11896038570049
2014-08-26 23:35:49.0000001,8.352560685686766
2009-08-28 23:01:41.0000007,8.646546223158785
2009-08-28 23:01:41.0000004,6.840757042628281
2009-08-28 23:01:41.0000003,4.8332187499169805
2009-08-28 23:01:41.0000005,47.31576882151711
2009-08-07 07:07:37.0000003,11.129306551971652
2009-08-07 07:07:37.0000002,12.670709702877923
2009-08-07 07:07:37.0000001,8.716390349735082
2013-11-11 13:49:53.0000004,55.81889876641439
2013-11-11 13:49:53.0000003,11.803139027667566
2013-11-11 13:49:53.0000006,19.164910982881768
2013-11-11 13:49:53.0000005,5.851587578925303
2013-11-11 13:49:53.0000001,7.7411242511442335
2013-11-11 13:49:53.0000002,9.883668794233287
2012-08-11 19:58:29.0000002,7.409860611657642
2012-08-11 19:58:29.0000003,5.539841620817438
2012-08-11 19:58:29.0000004,7.70845724294514
2012-08-11 19:58:29.0000001,10.32705794111448
2011-06-29 06:25:41.0000001,29.725886354702066
2014-10-19 15:14:45.0000001,22.124016768661782
2014-12-16 13:40:25.0000001,8.297420250014769
2014-12-16 13:40:25.0000002,8.478992429953733
2010-06-11 13:37:21.0000004,7.464969495537824
2010-06-11 13:37:21.0000001,5.619975515168788
2010-06-11 13:37:21.0000002,8.216859204150335
2012-12-09 22:30:13.0000003,13.459589449902358
2012-12-09 22:30:13.0000001,12.394243706296617
2010-06-21 20:21:45.0000001,18.06557230447797
2011-05-11 19:56:09.0000002,11.44045619310208
2013-06-17 06:37:49.0000001,5.098009270804032
2009-07-29 07:52:01.0000004,5.526194953802452
2009-07-29 07:52:01.0000002,15.77511175291786
2009-07-29 07:52:01.0000003,5.526194953802452
2009-07-29 07:52:01.0000001,5.040492638666299
2014-08-08 00:02:41.0000001,9.723333132925395
2014-08-08 00:02:41.0000003,13.346510840745108
2014-08-08 00:02:41.0000005,15.607701359414543
2009-02-19 09:17:21.0000001,10.640674631760989
2013-09-12 12:50:13.0000004,4.896538220483611
2013-09-12 12:50:13.0000002,14.21259601705425
2013-09-12 12:50:13.0000006,38.831571696838
2013-09-12 12:50:13.0000005,8.352560685686766
2011-06-26 03:33:25.0000001,17.09188688987779
2013-09-28 09:59:33.0000002,10.47438467590078
2013-09-28 09:59:33.0000001,6.831572268454112
2010-04-20 07:32:21.0000001,8.64634286488859
2010-04-20 07:32:21.0000002,5.526194953802452
2011-04-16 06:38:33.0000001,6.84185992215207
2011-09-18 18:33:13.0000001,7.09652872199825
2011-09-18 18:33:13.0000002,21.622452314077343
2014-03-04 16:24:45.0000003,16.17176859950054
2014-03-04 16:24:45.0000002,7.83949272763584
2013-08-03 15:48:29.0000001,6.445119552360852
2012-06-21 19:47:25.0000003,5.773758902832627
2012-06-21 19:47:25.0000001,7.589801900066867
2012-06-21 19:47:25.0000002,6.9852548555889555
2014-03-10 12:25:21.0000003,6.320981574242098
2014-03-10 12:25:21.0000002,8.352560685686766
2014-03-10 12:25:21.0000001,14.463502064640233
2014-11-10 10:52:41.0000002,21.3610485396347
2014-11-10 10:52:41.0000003,15.211790912615545
2010-10-17 23:04:25.0000001,8.730714130368685
2009-12-22 15:59:53.0000001,5.040492638666299
2009-12-22 15:59:53.0000002,5.040492638666299
2009-12-22 15:59:53.0000004,12.75149392186853
2014-05-08 21:23:41.0000002,4.957512989330939
2014-05-08 21:23:41.0000003,11.11685542508874
2014-05-08 21:23:41.0000004,8.067270512170548
2014-05-08 21:23:41.0000005,10.91466044826824
2009-10-28 17:56:45.0000002,5.934424275986228
2009-10-28 17:56:45.0000001,5.040492638666299
2014-07-10 07:03:29.0000002,11.696251864573892
2014-07-10 07:03:29.0000001,7.1679366592332014
2012-07-15 03:53:37.0000004,13.190405574646675
2010-03-31 05:33:53.0000001,6.146684778409267
2010-03-31 05:33:53.0000002,5.994054436894749
2010-07-06 20:52:53.0000003,7.25250456761912
2010-07-06 20:52:53.0000001,6.9852548555889555
2010-07-06 20:52:53.0000002,6.118723208771672
2013-06-10 11:29:13.0000002,5.098009270804032
2013-06-10 11:29:13.0000006,6.5471934587910425
2013-06-10 11:29:13.0000004,6.531074154920847
2013-06-10 11:29:13.0000005,5.098009270804032
2013-06-10 11:29:13.0000003,11.443671247869982
2015-04-25 01:06:17.0000008,8.091903277076302
2015-04-25 01:06:17.0000004,6.288626308487559
2015-04-25 01:06:17.0000001,6.395648888189548
2015-04-25 01:06:17.0000006,9.076481582572768
2015-04-25 01:06:17.0000002,10.055087166195376
2011-05-27 14:47:09.0000001,6.633196586399566
2011-05-27 14:47:09.0000004,10.106765913361548
2011-05-27 14:47:09.0000002,9.918711211163068
2011-05-27 14:47:09.0000003,7.642118886612417
2012-10-28 13:55:57.0000002,8.566726446444566
2011-06-12 01:07:57.0000002,19.228901450429245
2011-06-12 01:07:57.0000001,12.848307452090333
2014-12-11 15:20:49.0000002,43.9451534834472
2014-12-11 15:20:49.0000003,7.491783697107138
2011-06-19 04:08:49.0000001,7.582954799867016
2015-06-02 09:11:17.0000003,6.531074154920847
2015-06-02 09:11:17.0000006,5.498546219171186
2015-06-02 09:11:17.0000001,10.866218050579675
2015-06-02 09:11:17.0000004,4.896538220483611
2015-06-02 09:11:17.0000005,12.662106219015325
2014-05-09 02:23:21.0000001,11.6274414079585
2011-10-08 12:54:49.0000003,7.79904339308642
2011-10-08 12:54:49.0000001,13.013746664181776
2009-06-02 08:34:33.0000003,8.869992795339694
2009-06-02 08:34:33.0000002,6.146684778409267
2010-12-09 17:21:29.0000001,5.728381068663981
2013-06-22 01:59:25.0000001,8.091903277076302
2014-12-07 19:56:45.0000002,6.760579301693231
2014-12-07 19:56:45.0000003,10.046036468789799
2013-12-04 17:40:13.0000006,8.352560685686766
2013-12-04 17:40:13.0000004,11.803139027667566
2013-12-04 17:40:13.0000002,10.504935402397928
2013-12-04 17:40:13.0000005,4.827101914125454
2013-12-04 17:40:13.0000001,4.860425916619737
2013-12-04 17:40:13.0000007,11.074121304334735
2013-12-04 17:40:13.0000003,36.434005259434436
2014-07-20 17:05:09.0000001,19.5070868203397
2010-12-15 08:39:33.0000003,5.560015384602345
2010-12-15 08:39:33.0000002,6.481095728488116
2010-12-15 08:39:33.0000004,47.38148630937533
2010-12-15 08:39:33.0000001,5.535256813567713
2011-02-07 08:56:09.0000001,9.286761825876827
2012-05-26 11:54:53.0000003,7.664454176089582
2012-04-24 17:57:05.0000002,5.31621019243694
2012-04-24 17:57:05.0000003,30.97270042296436
2012-04-24 17:57:05.0000001,11.944679267755316
2014-01-11 19:20:17.0000002,8.352560685686766
2015-01-05 21:43:13.0000003,10.104637957926462
2015-01-05 21:43:13.0000002,10.603244798101846
2013-04-23 13:19:17.0000002,10.935683010555675
2013-04-23 13:19:17.0000003,8.194925192314162
2011-07-19 22:20:41.0000003,15.94680110437461
2012-03-18 02:27:41.0000002,32.92554514397453
2012-03-18 02:27:41.0000003,10.694101253691795
2009-01-19 19:48:17.0000003,11.285031746551603
2011-06-21 22:19:45.0000002,5.394412992967139
2011-06-21 22:19:45.0000003,13.21554655488807
2011-06-21 22:19:45.0000001,15.726148556071177
2012-02-10 06:28:17.0000001,9.578166486129813
2013-01-13 00:20:53.0000002,10.675814397007837
2013-01-13 00:20:53.0000003,10.18945588806382
2015-03-28 09:52:37.0000002,4.971553417654505
2015-03-28 09:52:37.0000001,7.484815111680552
2015-05-02 15:18:33.0000001,9.857437721303985
2015-05-02 15:18:33.0000005,5.098009270804032
2015-05-02 15:18:33.0000002,8.048646416352302
2015-05-02 15:18:33.0000006,7.864032997718155
2015-05-02 15:18:33.0000004,12.662106219015325
2015-05-02 15:18:33.0000007,7.461108979831026
2015-05-02 15:18:33.0000003,12.662106219015325
2012-01-01 00:37:29.0000005,14.232344829944418
2012-01-01 00:37:29.0000001,7.67626451724921
2012-01-01 00:37:29.0000003,9.578166486129813
2012-01-01 00:37:29.0000002,11.012310849937574
2010-06-24 19:32:25.0000001,9.030040939975851
2010-06-24 19:32:25.0000002,4.757585793058761
2010-04-25 09:00:01.0000001,12.875842611096965
2010-04-25 09:00:01.0000002,12.430783971296618
2009-08-11 21:41:09.0000001,14.713597373582463
2012-06-12 07:19:17.0000002,7.666511161328226
2012-06-12 07:19:17.0000001,5.526194953802452
2011-12-30 11:16:05.0000002,11.092487800628987
2011-12-30 11:16:05.0000001,7.129774098731521
2011-12-30 11:16:05.0000003,6.953701715513752
2011-12-30 11:16:05.0000004,6.864230232997596
2013-11-28 13:17:13.0000001,8.555085670554947
2010-06-14 20:51:37.0000001,17.7343774274323
2010-06-14 20:51:37.0000002,11.902762632196401
2012-06-10 00:46:17.0000004,14.54539539768308
2012-06-10 00:46:17.0000002,12.707164297623752
2013-02-10 19:51:53.0000001,9.112551240397092
2013-02-10 19:51:53.0000002,15.155816508907998
2010-02-20 04:04:13.0000001,8.788581302287618
2010-02-20 04:04:13.0000002,7.594882963253866
2010-02-20 04:04:13.0000003,6.1369236376544105
2014-01-01 16:33:01.0000004,6.445119552360852
2014-01-01 16:33:01.0000001,9.737211876789413
2014-01-01 16:33:01.0000002,12.662106219015325
2014-01-01 16:33:01.0000003,11.335043101991387
2013-06-04 08:06:57.0000002,8.352560685686766
2013-06-04 08:06:57.0000005,6.46430748916991
2013-06-04 08:06:57.0000003,12.662106219015325
2013-06-04 08:06:57.0000004,5.131826057433393
2013-06-04 08:06:57.0000001,4.827101914125454
2012-07-13 08:45:21.0000001,28.349852603859198
2012-07-13 08:45:21.0000003,6.536525477428451
2012-07-13 08:45:21.0000004,5.526194953802452
2012-07-13 08:45:21.0000002,11.473987870207777
2014-06-09 13:01:21.0000002,8.352560685686766
2014-06-09 13:01:21.0000001,7.745718639660905
2010-10-01 13:11:05.0000002,6.481095728488116
2010-10-01 13:11:05.0000004,8.284741220157851
2010-10-01 13:11:05.0000003,29.27422356745233
2010-02-27 22:55:09.0000002,7.642118886612417
2010-02-27 22:55:09.0000003,6.79395335328269
2012-11-23 05:37:53.0000001,12.606782178210361
2009-10-05 15:41:37.0000001,6.39709390739075
2009-12-01 02:33:57.0000001,9.725971380498326
2013-04-30 14:43:33.0000003,19.397683532900686
2013-04-30 14:43:33.0000002,19.379546775082353
2013-04-30 14:43:33.0000001,13.999485411579528
2015-05-17 04:17:33.0000001,10.222055606531045
2015-05-17 04:17:33.0000002,9.965930225186872
2015-05-17 04:17:33.0000003,9.648271723384127
2015-05-17 04:17:33.0000004,9.16400673509492
2014-07-26 23:31:41.0000001,7.550964543315449
2009-11-07 16:37:49.0000001,5.544628508041199
2009-11-07 16:37:49.0000003,6.738378598203828
2009-11-07 16:37:49.0000002,47.38148630937533
2009-11-07 16:37:49.0000005,5.040492638666299
2012-11-07 12:46:29.0000003,7.329192609485363
2012-11-07 12:46:29.0000001,10.979079390926762
2012-11-07 12:46:29.0000002,4.927639436618844
2011-01-07 09:25:57.0000002,5.040492638666299
2011-01-07 09:25:57.0000001,5.526194953802452
2012-07-18 16:28:21.0000002,5.526194953802452
2009-12-17 10:33:45.0000001,9.97098561588812
2009-12-17 10:33:45.0000002,11.460434670743764
2009-12-17 10:33:45.0000003,5.040492638666299
2009-12-17 10:33:45.0000004,5.712994192102835
2013-03-08 19:03:09.0000001,12.908384952804846
2013-03-08 19:03:09.0000004,7.456435678801829
2011-03-11 23:36:13.0000001,7.664454176089582
2011-03-11 23:36:13.0000002,6.53519355023794
2011-03-11 23:36:13.0000004,6.0602292575984364
2011-03-11 23:36:13.0000003,5.067226456770709
2009-12-10 22:45:01.0000002,5.504459210155945
2009-12-10 22:45:01.0000001,13.041558694568945
2009-12-10 22:45:01.0000003,4.899996357193207
2009-12-10 22:45:01.0000005,18.689282501665453
2012-07-13 11:00:05.0000003,30.50517884198171
2012-07-13 11:00:05.0000002,13.726434193035246
2012-07-13 11:00:05.0000006,48.24198919170788
2012-07-13 11:00:05.0000001,9.77371312851015
2012-07-21 17:57:17.0000001,9.305892106307976
2009-04-23 02:42:05.0000002,7.324618824055176
2009-04-23 02:42:05.0000001,11.030410398728057
2012-11-03 23:49:17.0000003,9.478677883199165
2012-11-03 23:49:17.0000002,5.040492638666299
2012-11-03 23:49:17.0000004,6.040107093262561
2012-11-03 23:49:17.0000001,11.559961071345429
2012-02-21 20:07:25.0000002,5.040492638666299
2012-02-21 20:07:25.0000001,5.040492638666299
2012-03-26 05:24:13.0000001,18.663556609065388
2010-02-01 20:28:45.0000001,5.717415741025852
2010-02-01 20:28:45.0000002,7.642118886612417
2010-02-01 20:28:45.0000003,5.01241007994669
2009-09-26 04:36:49.0000001,5.040492638666299
2009-01-29 15:29:09.0000002,30.16938570224061
2009-01-29 15:29:09.0000001,5.040492638666299
2009-12-29 02:06:33.0000002,15.214879624979412
2009-12-29 02:06:33.0000001,9.683803459667162
2010-09-06 00:39:05.0000001,6.994645957706315
2012-09-08 21:13:49.0000004,7.381892193070039
2012-09-08 21:13:49.0000001,8.930118700129047
2012-09-08 21:13:49.0000002,7.023742069275615
2012-09-08 21:13:49.0000003,7.002721101413596
2010-11-04 16:19:25.0000001,9.97098561588812
2009-12-08 07:36:17.0000001,9.725971380498326
2009-12-08 07:36:17.0000002,10.821765798993086
2012-08-30 20:32:49.0000001,10.232796545470855
2013-06-08 16:55:13.0000002,7.271358693542007
2013-06-08 16:55:13.0000001,8.352560685686766
2014-07-01 11:05:21.0000002,5.098009270804032
2014-07-01 11:05:21.0000001,9.238618897182599
2013-08-19 16:21:05.0000002,16.756161875726125
2014-12-26 21:10:45.0000001,8.702035678452106
2012-10-25 16:20:37.0000001,11.004072640563265
2012-10-25 16:20:37.0000002,31.841609479696565
2013-08-14 11:02:17.0000001,5.570155969007919
2013-08-14 11:02:17.0000002,20.81053697613006
2010-10-01 01:22:01.0000001,11.703778793116248
2012-12-07 19:33:49.0000002,58.38904769647926
2012-12-07 19:33:49.0000001,5.560015384602345
2011-07-11 01:40:45.0000001,8.305420327097865
2013-07-18 01:45:01.0000001,7.16707670962724
2013-07-18 01:45:01.0000002,6.362700646090336
2009-06-25 10:29:21.0000002,5.040492638666299
2009-06-25 10:29:21.0000001,5.040492638666299
2012-07-31 20:04:53.0000005,6.698951352521635
2012-07-31 20:04:53.0000003,5.526194953802452
2012-07-31 20:04:53.0000004,4.776391278081455
2012-07-31 20:04:53.0000001,8.646546223158785
2010-11-15 22:25:13.0000001,7.018309036249443
2015-06-08 05:02:45.0000002,13.457426293123337
2015-06-08 05:02:45.0000001,22.722630134798944
2013-12-08 20:26:29.0000001,5.158693574178448
2013-12-08 20:26:29.0000002,9.70927574295918
2013-12-08 20:26:29.0000003,9.169437619101311
2009-05-10 00:24:57.0000002,13.751850479910757
2009-05-10 00:24:57.0000004,5.214901024829797
2009-05-10 00:24:57.0000003,8.687700978687191
2009-05-10 00:24:57.0000005,5.526194953802452
2009-05-10 00:24:57.0000001,4.804034357507094
2009-02-28 10:19:41.0000002,5.040492638666299
2009-02-28 10:19:41.0000001,6.970878407199237
2011-08-19 17:42:57.0000001,4.776391278081455
2011-08-19 17:42:57.0000002,9.286761825876827
2014-06-05 22:56:05.0000007,12.191525195548374
2014-06-05 22:56:05.0000002,23.179188269173146
2014-06-05 22:56:05.0000001,55.80599659871427
2014-06-05 22:56:05.0000006,5.459954232826812
2014-06-05 22:56:05.0000005,6.029487228688241
2014-06-05 22:56:05.0000003,24.577059503823328
2014-07-16 18:33:41.0000001,8.526454410843094
2014-07-16 18:33:41.0000002,8.297420250014769
2014-07-16 18:33:41.0000003,15.08548346507008
2009-07-14 22:41:09.0000002,5.526194953802452
2009-07-14 22:41:09.0000004,5.31621019243694
2009-07-14 22:41:09.0000001,38.23674656670715
2013-11-21 14:19:21.0000002,6.5471934587910425
2015-01-02 11:55:57.0000005,7.285218419253222
2015-01-02 11:55:57.0000002,8.352560685686766
2015-01-02 11:55:57.0000004,23.39671829981061
2015-01-02 11:55:57.0000001,7.72743492161653
2011-09-26 22:26:57.0000001,6.446560227598877
2015-04-14 01:41:05.0000001,11.674850370470738
2013-05-14 16:23:49.0000002,13.660433177182659
2013-05-14 16:23:49.0000001,13.626249915610018
2013-11-23 22:19:37.0000002,16.775588101609994
2013-11-23 22:19:37.0000001,9.70927574295918
2014-07-14 16:18:37.0000001,5.498546219171186
2010-07-30 12:04:17.0000001,4.7773010869810735
2010-07-30 12:04:17.0000002,6.825115688234412
2011-07-27 21:48:49.0000002,7.629371477710063
2011-07-27 21:48:49.0000001,6.927187692326305
2014-03-18 19:55:17.0000003,6.445119552360852
2014-03-18 19:55:17.0000002,14.814691790101028
2014-03-18 19:55:17.0000004,7.713822130406369
2014-07-28 21:44:21.0000001,12.217573202631595
2009-05-23 07:56:37.0000001,6.867395875522985
2010-06-05 23:05:25.0000004,12.705365855999338
2010-06-05 23:05:25.0000005,5.421085987617698
2010-06-05 23:05:25.0000003,9.31353237758928
2010-06-05 23:05:25.0000001,10.207803295834351
2010-06-05 23:05:25.0000002,9.331806974487053
2012-07-01 19:59:49.0000001,6.825115688234412
2015-06-07 17:23:09.0000004,8.923916235399151
2015-06-07 17:23:09.0000003,7.484815111680552
2015-06-07 17:23:09.0000002,6.795081437192735
2015-06-07 17:23:09.0000001,10.47971506029992
2013-03-10 07:31:45.0000001,7.983056757627213
2011-03-24 17:44:01.0000001,10.89435307675293
2011-03-24 17:44:01.0000003,6.9852548555889555
2014-03-28 21:55:17.0000002,18.633684629662127
2014-03-28 21:55:17.0000004,6.5471934587910425
2014-03-28 21:55:17.0000005,8.526614569662636
2014-03-28 21:55:17.0000006,8.009096635541914
2013-04-28 20:00:05.0000002,55.87005979746543
2013-04-28 20:00:05.0000001,7.890396019235496
2013-04-28 20:00:05.0000004,12.549039763938087
2013-04-28 20:00:05.0000003,5.098009270804032
2012-04-27 18:37:09.0000003,9.918711211163068
2012-04-27 18:37:09.0000001,11.473987870207777
2012-04-27 18:37:09.0000004,9.265831656480682
2014-04-05 18:11:33.0000001,12.662106219015325
2013-11-07 22:25:25.0000002,17.339254291291706
2010-06-19 03:06:33.0000002,5.526194953802452
2012-06-30 03:53:29.0000003,9.825766502919546
2012-06-30 03:53:29.0000001,15.828729814893086
2011-09-15 02:11:49.0000002,18.016259703630965
2011-09-15 02:11:49.0000001,24.711849296173416
2012-08-08 04:45:25.0000001,48.24198919170788
2011-05-19 16:01:41.0000004,5.31621019243694
2011-05-19 16:01:41.0000002,5.710669736889061
2011-05-19 16:01:41.0000005,5.31621019243694
2011-05-19 16:01:41.0000003,21.947217012105618
2009-12-27 04:00:09.0000001,15.876894393181937
2010-01-11 12:38:33.0000006,28.970661968926855
2010-01-11 12:38:33.0000003,6.9852548555889555
2010-01-11 12:38:33.0000005,5.214901024829797
2010-01-11 12:38:33.0000001,6.970878407199237
2010-01-11 12:38:33.0000004,6.423110321208194
2010-10-16 09:26:33.0000004,26.013390654987166
2010-10-16 09:26:33.0000002,7.09652872199825
2014-07-25 18:06:37.0000002,7.671144713662282
2014-07-25 18:06:37.0000004,9.848960099067693
2014-07-25 18:06:37.0000005,14.969778204337658
2014-07-25 18:06:37.0000003,7.430532360525392
2014-07-25 18:06:37.0000001,10.024135016063326
2013-03-18 15:54:21.0000001,11.803139027667566
2013-03-18 15:54:21.0000002,5.158693574178448
2010-05-13 06:34:57.0000002,7.317623695736314
2010-05-13 06:34:57.0000001,8.673140151153284
2009-05-16 08:13:05.0000001,24.398810752679356
2014-05-13 21:07:29.0000003,7.652007765498188
2014-05-13 21:07:29.0000002,9.491380804131783
2010-04-23 16:10:29.0000001,5.526194953802452
2010-04-23 16:10:29.0000003,6.749393300713903
2010-04-23 16:10:29.0000002,5.526194953802452
2015-05-25 22:13:09.0000002,79.72616627629952
2015-05-25 22:13:09.0000001,16.1899865492086
2013-11-16 18:33:25.0000003,6.58205252497896
2013-11-16 18:33:25.0000004,16.49976602845594
2013-11-16 18:33:25.0000002,14.229857207751584
2013-11-16 18:33:25.0000001,10.47438467590078
2012-04-16 17:48:09.0000001,6.9852548555889555
2012-04-16 17:48:09.0000002,7.061221572067472
2012-04-16 17:48:09.0000003,9.305892106307976
2014-12-29 12:55:53.0000002,10.47971506029992
2014-12-29 12:55:53.0000001,23.48799639516106
2014-12-29 12:55:53.0000003,14.229857207751584
2009-08-02 14:01:33.0000002,6.536525477428451
2009-08-02 14:01:33.0000003,29.653500993947432
2009-08-02 14:01:33.0000001,5.067226456770709
2015-01-12 15:36:37.0000003,21.4280229950649
2015-01-12 15:36:37.0000004,41.40929905821947
2015-01-12 15:36:37.0000005,12.653058779649651
2015-01-12 15:36:37.0000009,19.370330765505596
2015-01-12 15:36:37.0000006,8.352560685686766
2015-01-12 15:36:37.0000001,17.424339628071117
2015-01-12 15:36:37.0000007,13.232771077805754
2014-09-04 19:52:09.0000002,7.390079762683868
2014-09-04 19:52:09.0000001,5.098009270804032
2014-09-04 19:52:09.0000003,5.098009270804032
2014-09-04 19:52:09.0000004,20.08979116677865
2009-06-01 17:42:01.0000001,12.519115021071206
2009-06-01 17:42:01.0000002,9.64410828078321
2009-06-01 17:42:01.0000003,5.710669736889061
2010-09-21 01:35:09.0000001,12.68862090015876
2010-09-21 01:35:09.0000002,6.446560227598877
2013-05-26 15:18:37.0000004,23.135434137857665
2013-05-26 15:18:37.0000002,11.803139027667566
2009-09-20 23:07:01.0000002,8.814769501216064
2009-08-12 23:00:37.0000001,18.068806658393996
2012-07-18 09:44:53.0000005,8.32744585878348
2012-07-18 09:44:53.0000001,6.146684778409267
2012-07-18 09:44:53.0000004,4.804034357507094
2012-07-18 09:44:53.0000002,6.083635019827851
2009-09-25 21:43:49.0000005,8.71405645717831
2009-09-25 21:43:49.0000007,12.951137339609124
2009-09-25 21:43:49.0000003,7.09652872199825
2009-09-25 21:43:49.0000006,5.040492638666299
2009-09-25 21:43:49.0000008,10.487710338437774
2009-09-25 21:43:49.0000001,7.65157013734027
2009-03-22 20:58:33.0000002,10.494528726732714
2009-03-22 20:58:33.0000001,9.472685125806269
2011-12-09 21:19:25.0000002,8.71405645717831
2011-12-09 21:19:25.0000005,10.68501048860469
2011-12-09 21:19:25.0000006,5.560015384602345
2013-07-05 20:44:49.0000002,4.860425916619737
2013-12-20 15:58:29.0000005,14.029612785977928
2013-12-20 15:58:29.0000002,10.504935402397928
2013-12-20 15:58:29.0000003,36.935271731330786
2013-12-20 15:58:29.0000004,13.774514698579456
2014-10-06 14:37:25.0000004,13.685716884867816
2014-10-06 14:37:25.0000003,19.65453111022214
2014-10-06 14:37:25.0000002,9.787299745279276
2014-10-06 14:37:25.0000001,7.745718639660905
2015-01-18 23:09:25.0000003,24.317222602627
2015-01-18 23:09:25.0000002,10.442565555346652
2014-05-01 14:11:21.0000002,13.42673343847694
2014-05-01 14:11:21.0000004,8.352560685686766
2014-05-01 14:11:21.0000005,8.61265084175798
2014-05-01 14:11:21.0000006,7.323943918206116
2014-05-01 14:11:21.0000001,10.044970282916717
2014-05-01 14:11:21.0000003,21.03824167698007
2012-05-22 14:54:45.0000002,6.653271691267238
2012-05-22 14:54:45.0000001,6.0602292575984364
2009-06-17 14:41:57.0000001,10.248417405743492
2009-09-16 10:27:37.0000001,7.833778045520363
2009-09-16 10:27:37.0000002,9.928715163233766
2014-02-06 13:26:49.0000001,9.851636581592434
2015-04-16 02:42:33.0000001,10.585083545589502
2011-06-06 07:28:25.0000002,27.614847113751107
2011-06-06 07:28:25.0000003,5.526194953802452
2011-06-06 07:28:25.0000001,4.819616098814907
2011-06-06 07:28:25.0000005,16.528622435346332
2011-06-06 07:28:25.0000004,5.526194953802452
2013-02-27 19:25:13.0000003,18.208528907667613
2013-02-27 19:25:13.0000007,13.449224191604916
2013-02-27 19:25:13.0000006,12.599619963825434
2013-02-27 19:25:13.0000004,5.174812878048644
2013-02-27 19:25:13.0000002,6.383495711741064
2013-02-27 19:25:13.0000005,9.149154628021472
2014-10-03 01:06:05.0000001,8.12917615646236
2014-10-03 01:06:05.0000002,6.4931057043525255
2010-06-26 00:14:53.0000001,7.654437552600936
2009-09-15 08:28:53.0000001,7.672453480494393
2009-09-15 08:28:53.0000002,11.004072640563265
2009-09-15 08:28:53.0000004,6.864230232997596
2009-09-15 08:28:53.0000005,5.735086190283579
2011-08-09 05:27:05.0000001,10.100393958588885
2010-10-20 08:49:45.0000001,6.665807025750409
2010-10-20 08:49:45.0000002,5.691979293867294
2012-02-08 11:14:49.0000002,5.4774755946260605
2012-02-08 11:14:49.0000001,7.642118886612417
2012-02-08 11:14:49.0000004,7.934041081842925
2013-08-07 02:16:45.0000001,32.04549008355782
2012-10-26 00:32:13.0000001,14.950646165666758
2012-07-18 22:34:53.0000001,6.118723208771672
2011-05-17 22:09:17.0000001,13.560213244063112
2009-04-04 00:20:37.0000001,16.688884310938448
2009-04-04 00:20:37.0000003,7.921162059317801
2009-04-04 00:20:37.0000002,14.396006097872618
2009-09-04 18:43:33.0000003,7.09652872199825
2009-09-04 18:43:33.0000004,9.97098561588812
2010-09-19 17:13:29.0000001,12.098158168525861
2010-09-19 17:13:29.0000007,12.611997334584427
2010-09-19 17:13:29.0000005,8.554394320080453
2010-09-19 17:13:29.0000004,5.711322717252728
2010-09-19 17:13:29.0000003,13.449385888314406
2010-09-19 17:13:29.0000002,8.327531170505091
2013-03-19 18:08:29.0000003,10.504935402397928
2013-03-19 18:08:29.0000004,13.795511749256079
2011-11-22 00:15:25.0000002,6.464229492585441
2011-11-22 00:15:25.0000001,10.256322575583566
2011-04-23 11:01:49.0000005,4.776391278081455
2011-04-23 11:01:49.0000004,6.0602292575984364
2011-04-23 11:01:49.0000003,4.776391278081455
2012-10-19 06:56:29.0000001,6.512226010874744
2012-10-19 06:56:29.0000002,5.040492638666299
2009-12-16 14:45:21.0000002,5.957336946642367
2009-12-16 14:45:21.0000003,6.481095728488116
2009-12-16 14:45:21.0000001,9.169437619101311
2012-08-13 21:49:53.0000002,6.211325394445546
2012-08-13 21:49:53.0000003,4.757585793058761
2012-08-13 21:49:53.0000001,5.040492638666299
2010-11-08 10:01:37.0000001,5.728381068663981
2010-11-08 10:01:37.0000002,7.09652872199825
2010-11-08 10:01:37.0000006,5.728381068663981
2010-11-08 10:01:37.0000007,11.733807338392136
2010-11-08 10:01:37.0000005,30.549654268279745
2010-11-08 10:01:37.0000004,5.040492638666299
2010-12-05 16:35:49.0000001,6.739710525394337
2010-12-05 16:35:49.0000002,9.629433619284443
2014-10-15 12:10:49.0000001,10.504935402397928
2009-04-01 19:28:09.0000004,13.695706619355315
2009-04-01 19:28:09.0000002,9.050971109371996
2009-04-01 19:28:09.0000003,6.146684778409267
2009-04-01 19:28:09.0000007,19.453133492196695
2009-04-01 19:28:09.0000005,6.927187692326305
2009-04-01 19:28:09.0000006,8.30205145223539
2011-11-26 02:04:29.0000002,12.227157724533697
2011-11-26 02:04:29.0000001,12.679708268536979
2009-01-11 07:56:01.0000003,6.740930182179935
2009-01-11 07:56:01.0000002,4.757585793058761
2012-05-30 09:19:13.0000001,6.1369236376544105
2014-06-10 01:06:25.0000001,18.548156060360665
2014-06-10 01:06:25.0000003,19.83118278869691
2014-06-10 01:06:25.0000002,47.01088115809764
2014-10-28 22:42:33.0000002,22.797080726668966
2014-10-28 22:42:33.0000001,19.47940462215474
2009-03-20 12:14:53.0000004,8.39119138510976
2009-03-20 12:14:53.0000007,5.067226456770709
2009-03-20 12:14:53.0000002,8.39119138510976
2009-03-20 12:14:53.0000005,11.66781071293536
2009-03-20 12:14:53.0000001,5.040492638666299
2009-03-20 12:14:53.0000006,6.95971890221804
2009-03-20 12:14:53.0000003,18.022101951166356
2010-06-20 12:42:37.0000003,7.559937230608135
2010-06-20 12:42:37.0000001,14.760739201571837
2014-08-05 16:09:05.0000001,6.636912431188624
2014-11-06 01:40:49.0000003,4.896538220483611
2014-11-06 01:40:49.0000002,14.513061318790713
2014-11-06 01:40:49.0000001,8.321138770496242
2014-07-19 21:05:37.0000005,5.098009270804032
2014-07-19 21:05:37.0000001,10.582286682255027
2014-07-19 21:05:37.0000004,12.045353250943332
2014-07-19 21:05:37.0000003,8.38431209259515
2015-02-19 11:39:21.0000005,6.5471934587910425
2015-02-19 11:39:21.0000002,9.857437721303985
2015-02-19 11:39:21.0000003,7.430532360525392
2012-10-02 14:17:13.0000003,6.633191298028203
2012-10-02 14:17:13.0000002,9.05038918088152
2012-04-17 09:47:57.0000001,6.95971890221804
2012-04-17 09:47:57.0000003,13.432006189618019
2012-04-17 09:47:57.0000002,26.247195684260618
2011-04-16 00:01:17.0000002,15.181068045477655
2011-04-16 00:01:17.0000001,4.8226631784373
2010-06-18 08:54:37.0000003,9.918711211163068
2010-06-18 08:54:37.0000002,16.422665702171106
2010-06-18 08:54:37.0000001,10.936871413668726
2012-10-20 00:36:37.0000005,7.280009428778105
2012-10-20 00:36:37.0000003,33.808683700828425
2012-10-20 00:36:37.0000004,5.560015384602345
2014-06-19 22:37:09.0000001,8.302105705384118
2014-06-19 22:37:09.0000003,10.892557317397301
2014-06-19 22:37:09.0000005,16.775588101609994
2011-05-11 13:24:37.0000004,7.664454176089582
2011-05-11 13:24:37.0000001,8.37944524616086
2011-05-11 13:24:37.0000003,5.067226456770709
2014-04-09 08:42:05.0000002,10.935683010555675
2014-04-09 08:42:05.0000001,6.445119552360852
2014-10-13 00:42:05.0000001,16.177853664784102
2013-12-08 10:41:05.0000003,6.525196979468115
2013-12-08 10:41:05.0000008,16.630496068911384
2013-12-08 10:41:05.0000006,12.08126618517665
2013-12-08 10:41:05.0000004,7.367721333430191
2013-12-08 10:41:05.0000001,13.58300780761156
2013-12-08 10:41:05.0000005,10.143738440073408
2013-02-14 02:02:13.0000001,6.344140908508003
2009-07-04 13:00:57.0000001,11.178002884782767
2009-07-04 13:00:57.0000003,9.286761825876827
2013-03-20 03:01:29.0000001,5.098009270804032
2010-08-25 12:03:21.0000002,10.936871413668726
2010-08-25 12:03:21.0000001,5.539841620817438
2013-09-08 03:47:57.0000001,16.599138264036096
2013-09-08 03:47:57.0000003,8.648143524615145
2012-12-19 16:29:33.0000002,9.683073009615534
2012-12-19 16:29:33.0000001,5.040492638666299
2009-05-15 21:19:13.0000001,10.625950506827568
2009-05-15 21:19:13.0000002,6.95971890221804
2012-06-06 17:33:05.0000001,9.756383685782854
2012-06-06 17:33:05.0000002,5.526194953802452
2012-06-06 17:33:05.0000003,11.473987870207777
2012-06-06 17:33:05.0000004,6.9852548555889555
2011-09-20 00:07:17.0000001,10.216755834641424
2010-01-29 08:32:53.0000007,5.31621019243694
2010-01-29 08:32:53.0000004,9.77371312851015
2010-01-29 08:32:53.0000001,5.040492638666299
2010-01-29 08:32:53.0000003,9.756383685782854
2010-01-29 08:32:53.0000005,6.146684778409267
2010-01-29 08:32:53.0000006,5.526194953802452
2015-05-15 01:51:49.0000002,11.41384605768939
2015-05-15 01:51:49.0000001,13.026682573528635
2015-05-15 01:51:49.0000005,8.12917615646236
2015-05-15 01:51:49.0000004,4.957512989330939
2011-07-26 05:14:29.0000001,47.363639170539756
2011-09-09 03:00:05.0000002,17.984927097314657
2011-09-09 03:00:05.0000001,5.040492638666299
2012-11-12 10:06:17.0000004,5.728381068663981
2012-11-12 10:06:17.0000005,9.741266252617718
2012-11-12 10:06:17.0000002,5.944395840813586
2012-11-12 10:06:17.0000001,9.741266252617718
2012-01-05 22:37:13.0000001,10.473349846903403
2012-01-05 22:37:13.0000002,13.121653319916486
2012-12-07 02:02:01.0000002,15.501650138831996
2012-12-07 02:02:01.0000001,12.531405424285218
2011-08-18 08:36:13.0000001,5.040492638666299
2011-08-18 08:36:13.0000004,6.840757042628281
2011-08-18 08:36:13.0000003,10.89435307675293
2011-08-18 08:36:13.0000006,6.9852548555889555
2011-08-18 08:36:13.0000002,13.357087654722283
2014-05-16 15:30:05.0000002,7.72743492161653
2014-05-16 15:30:05.0000001,8.411607391649763
2014-03-15 07:19:25.0000001,14.548570775535733
2009-12-21 17:23:09.0000001,6.3763867947696
2013-12-01 22:23:57.0000002,7.864032997718155
2013-12-01 22:23:57.0000001,17.823037728881808
2014-01-03 15:48:49.0000003,9.799356079016102
2014-01-03 15:48:49.0000002,7.484815111680552
2013-01-19 20:19:45.0000003,17.12667528656306
2013-01-19 20:19:45.0000001,8.352560685686766
2013-01-19 20:19:45.0000004,6.445119552360852
2012-08-31 03:00:21.0000001,6.187919632216132
2012-07-21 16:32:41.0000001,6.118723208771672
2012-07-21 16:32:41.0000002,5.040492638666299
2012-12-20 23:43:09.0000002,16.234163428602308
2012-12-20 23:43:09.0000006,7.899556480019795
2012-12-20 23:43:09.0000005,10.032579975779274
2012-12-20 23:43:09.0000003,7.025073996466125
2009-06-13 18:40:13.0000002,12.594211190635148
2009-06-13 18:40:13.0000003,11.295718279365904
2014-11-16 09:12:45.0000001,16.06232402106937
2013-03-25 15:17:33.0000001,4.827101914125454
2009-09-28 05:36:49.0000001,7.5899901449737355
2013-07-08 17:31:29.0000001,6.350407953924636
2013-07-08 17:31:29.0000002,20.44852909664194
2010-11-27 12:54:09.0000005,6.073777647804031
2010-11-27 12:54:09.0000004,6.481095728488116
2010-11-27 12:54:09.0000001,5.040492638666299
2010-11-27 12:54:09.0000003,4.757585793058761
2010-11-27 12:54:09.0000002,15.263603152033363
2011-02-15 02:43:33.0000002,12.699622145720145
2011-02-15 02:43:33.0000001,15.112200479647566
2012-10-25 06:12:37.0000001,8.384917797608932
2014-05-01 06:39:54.0000001,6.309694285629554
2015-03-17 21:44:26.0000001,12.802247198696765
2015-03-17 21:44:26.0000006,8.938819184545553
2015-03-17 21:44:26.0000005,19.46501107875101
2015-03-17 21:44:26.0000003,12.315436923063864
2015-03-17 21:44:26.0000004,12.217573202631595
2011-05-02 13:26:54.0000003,5.526194953802452
2011-05-02 13:26:54.0000001,5.040492638666299
2011-05-02 13:26:54.0000002,11.473987870207777
2009-01-06 07:36:34.0000003,8.224605701873177
2009-01-06 07:36:34.0000002,6.1369236376544105
2009-01-06 07:36:34.0000004,11.25992225687256
2010-06-23 10:29:22.0000005,4.757585793058761
2010-06-23 10:29:22.0000001,14.231217933207699
2010-06-23 10:29:22.0000004,5.040492638666299
2010-06-23 10:29:22.0000003,11.473987870207777
2010-06-23 10:29:22.0000002,10.225961525359155
2013-01-22 08:20:26.0000001,4.852119475731605
2013-01-22 08:20:26.0000002,6.406936176802091
2009-11-25 11:14:26.0000001,5.040492638666299
2009-11-25 11:14:26.0000002,7.779024220059841
2012-12-04 06:52:02.0000001,12.630843568782153
2012-12-04 06:52:02.0000002,11.725051864298369
2012-12-04 06:52:02.0000003,8.57270553239101
2014-05-27 10:31:46.0000001,8.352560685686766
2014-05-27 10:31:46.0000003,19.54807098302596
2014-05-27 10:31:46.0000002,17.983266323961587
2009-09-20 22:15:46.0000001,8.695075528820059
2011-06-30 08:40:22.0000001,5.040492638666299
2011-06-30 08:40:22.0000002,8.276187122222474
2010-05-10 09:14:30.0000003,6.970878407199237
2010-05-10 09:14:30.0000001,5.526194953802452
2010-05-10 09:14:30.0000002,6.811248291680767
2010-05-10 09:14:30.0000004,5.040492638666299
2010-11-25 16:10:30.0000001,14.760739201571837
2014-11-18 16:06:14.0000001,8.352560685686766
2013-01-20 20:41:26.0000003,14.024059224059508
2013-01-20 20:41:26.0000001,17.823037728881808
2015-06-07 00:38:14.0000003,8.091903277076302
2009-01-03 00:51:02.0000004,10.638592377470395
2009-01-03 00:51:02.0000003,5.040492638666299
2010-09-28 11:54:02.0000004,5.067226456770709
2010-09-28 11:54:02.0000005,8.554394320080453
2010-09-28 11:54:02.0000003,5.040492638666299
2010-09-28 11:54:02.0000001,6.7841786497458205
2010-09-28 11:54:02.0000002,21.75351233171716
2013-11-07 17:01:14.0000001,36.84623466385928
2013-11-07 17:01:14.0000006,5.098009270804032
2013-11-07 17:01:14.0000002,7.83949272763584
2013-11-07 17:01:14.0000003,4.957512989330939
2013-11-07 17:01:14.0000005,6.445119552360852
2013-11-07 17:01:14.0000004,9.879778891444204
2009-11-29 08:05:46.0000001,7.09652872199825
2012-10-21 17:43:26.0000003,6.400467636791999
2012-10-21 17:43:26.0000002,10.034764708244918
2012-10-21 17:43:26.0000006,5.040492638666299
2012-10-21 17:43:26.0000001,7.189298197463039
2012-10-21 17:43:26.0000004,12.595998561489518
2012-10-21 17:43:26.0000005,9.118177942114535
2013-07-31 06:52:46.0000001,5.878141950031635
2013-02-04 12:10:10.0000002,6.795081437192735
2013-02-04 12:10:10.0000001,7.254880229951101
2013-10-18 09:06:14.0000001,6.5471934587910425
2009-04-26 17:29:42.0000004,6.083635019827851
2009-04-26 17:29:42.0000002,7.540794389046647
2009-04-26 17:29:42.0000005,10.89435307675293
2009-04-26 17:29:42.0000003,7.515275132387586
2009-04-26 17:29:42.0000006,7.664454176089582
2015-04-12 21:56:22.0000004,16.960647108709658
2015-04-12 21:56:22.0000002,10.603244798101846
2015-04-12 21:56:22.0000001,55.80599659871427
2015-02-25 22:00:38.0000003,27.485036612937353
2015-02-25 22:00:38.0000006,10.750073100992077
2015-02-25 22:00:38.0000001,17.024791311756907
2015-02-25 22:00:38.0000004,11.354507016686789
2015-02-25 22:00:38.0000005,23.526117617390202
2013-12-30 00:48:42.0000003,5.158693574178448
2013-12-30 00:48:42.0000002,21.631686574080593
2013-12-30 00:48:42.0000001,11.271727936612729
2012-11-20 21:15:22.0000004,9.258236097286424
2012-11-20 21:15:22.0000001,6.4915188982535925
2012-11-20 21:15:22.0000003,14.992666575227824
2012-11-20 21:15:22.0000006,8.936684094007163
2012-11-20 21:15:22.0000005,10.864837951792593
2012-11-20 21:15:22.0000002,18.763137267281017
2012-11-20 21:15:22.0000007,8.875645933255056
2010-03-21 16:52:58.0000002,30.47020770532829
2010-03-21 16:52:58.0000001,10.489009007517385
2010-03-21 16:52:58.0000004,14.291097827476696
2010-10-06 23:31:54.0000002,6.481095728488116
2013-07-09 21:59:42.0000002,40.884307038365705
2012-06-23 09:43:42.0000006,16.11088432627536
2012-06-23 09:43:42.0000001,4.7773010869810735
2012-06-23 09:43:42.0000003,9.77371312851015
2012-06-23 09:43:42.0000005,5.31621019243694
2009-01-21 20:04:30.0000004,8.132125762093086
2009-01-21 20:04:30.0000008,7.629371477710063
2009-01-21 20:04:30.0000009,6.536525477428451
2009-01-21 20:04:30.0000003,7.642118886612417
2009-01-21 20:04:30.0000001,6.146684778409267
2009-01-21 20:04:30.0000005,6.825115688234412
2009-01-21 20:04:30.0000002,6.970878407199237
2009-01-21 20:04:30.0000007,5.359811913289218
2013-12-18 14:26:58.0000003,24.876740266294227
2013-12-18 14:26:58.0000001,9.879778891444204
2014-04-26 18:02:26.0000002,11.803139027667566
2014-04-26 18:02:26.0000001,10.449164333802774
2010-11-21 00:32:50.0000003,5.728381068663981
2010-11-21 00:32:50.0000002,11.487678828296845
2010-11-21 00:32:50.0000001,6.061532853409749
2013-02-07 21:29:22.0000003,10.108827978643003
2013-02-07 21:29:22.0000002,8.965562950830336
2013-02-07 21:29:22.0000004,12.168761223643376
2013-02-07 21:29:22.0000001,12.168761223643376
2010-11-15 18:15:14.0000002,8.098557029200629
2010-11-15 18:15:14.0000001,8.438526756294133
2010-11-15 18:15:14.0000003,5.067226456770709
2010-11-15 18:15:14.0000004,7.779024220059841
2013-10-26 10:46:46.0000005,8.352560685686766
2013-10-26 10:46:46.0000002,13.59432996456727
2013-10-26 10:46:46.0000004,11.803139027667566
2013-10-26 10:46:46.0000001,5.158693574178448
2013-07-18 10:24:58.0000001,6.4503760008980136
2010-05-14 04:15:54.0000001,7.582954799867016
2013-09-14 18:51:46.0000002,12.36046568423355
2009-05-27 23:09:54.0000001,10.329224996697645
2013-05-23 23:54:42.0000002,9.694160476883212
2013-05-23 23:54:42.0000006,7.975227261350388
2013-05-23 23:54:42.0000001,14.004149506653352
2013-05-23 23:54:42.0000005,16.42642742505405
2013-05-23 23:54:42.0000003,9.992338280144846
2015-05-23 01:00:22.0000001,5.545960089047588
2009-11-23 19:06:14.0000004,9.622144274112078
2009-11-23 19:06:14.0000003,7.09652872199825
2009-11-23 19:06:14.0000002,5.712994192102835
2009-11-23 19:06:14.0000006,45.49574229348365
2011-06-22 00:06:34.0000001,6.853019427133266
2014-07-02 02:27:22.0000001,5.0007378100643916
2012-11-18 14:55:42.0000002,7.025073996466125
2012-11-18 14:55:42.0000003,8.954708357589137
2012-11-18 14:55:42.0000004,7.003018319057178
2009-01-12 17:54:26.0000001,5.399818744474022
2012-10-10 06:59:02.0000002,8.346322110021974
2012-10-10 06:59:02.0000003,7.265632980388387
2012-10-10 06:59:02.0000001,5.728381068663981
2010-01-24 14:09:58.0000001,6.1369236376544105
2010-09-01 08:23:54.0000001,13.48299710260307
2011-12-10 23:39:06.0000002,22.36738396443248
2011-05-22 03:09:50.0000002,21.812828968558197
2011-05-22 03:09:50.0000005,5.526194953802452
2011-05-22 03:09:50.0000001,7.474990042512474
2011-05-22 03:09:50.0000004,22.30642987265705
2011-05-22 03:09:50.0000003,18.685627313424575
2013-06-29 14:26:06.0000004,19.551806086468346
2013-06-29 14:26:06.0000003,7.914706160160547
2013-06-29 14:26:06.0000002,6.561022404206338
2013-06-29 14:26:06.0000001,14.736542113904102
2011-01-25 10:31:26.0000001,11.916742167555075
2011-01-25 10:31:26.0000002,7.642118886612417
2013-02-11 01:03:30.0000001,27.37932332880856
2009-12-17 15:54:46.0000005,9.97098561588812
2009-12-17 15:54:46.0000003,5.040492638666299
2009-12-17 15:54:46.0000001,7.779024220059841
2009-12-17 15:54:46.0000004,5.544628508041199
2012-03-17 05:33:02.0000001,8.739016010697444
2009-10-24 19:48:30.0000001,5.712994192102835
2009-10-24 19:48:30.0000002,7.779024220059841
2009-10-24 19:48:30.0000003,12.912430380233753
2013-03-23 00:10:26.0000004,35.579851299129935
2013-03-23 00:10:26.0000002,6.309694285629554
2013-03-23 00:10:26.0000001,47.95173122730304
2013-03-23 00:10:26.0000003,18.555103244576067
2010-06-16 18:41:54.0000001,6.9852548555889555
2010-06-16 18:41:54.0000002,7.664454176089582
2011-01-15 04:13:38.0000002,5.040492638666299
2014-07-27 11:25:18.0000001,5.098009270804032
2014-07-27 11:25:18.0000002,6.300907633021105
2011-11-02 08:21:50.0000002,6.5453137031191515
2015-05-16 04:37:50.0000001,11.460895057899647
2015-05-16 04:37:50.0000002,11.6274414079585
2009-03-15 03:31:14.0000002,10.045432131063901
2009-03-15 03:31:14.0000001,6.6039481703720755
2014-09-08 19:07:46.0000002,13.386861694171117
2009-08-28 11:58:58.0000001,4.757585793058761
2010-04-24 23:31:50.0000001,6.391201912320016
2010-04-24 23:31:50.0000003,10.508406282114036
2013-06-13 14:50:50.0000002,13.817938837907528
2013-06-13 14:50:50.0000001,8.15338952136569
2010-07-07 06:22:38.0000002,18.317494469004878
2010-07-07 06:22:38.0000001,8.757588138872237
2009-03-24 00:11:26.0000001,8.394607378792811
2009-03-24 00:11:26.0000002,10.03207122261034
2013-10-23 14:27:10.0000001,5.742661405529755
2011-03-03 21:31:42.0000007,12.10026577753509
2011-03-03 21:31:42.0000001,6.9852548555889555
2011-03-03 21:31:42.0000008,10.247221916839006
2011-03-03 21:31:42.0000006,7.642118886612417
2011-03-03 21:31:42.0000005,6.473184506204063
2011-09-05 10:47:26.0000002,13.178945666414293
2011-09-05 10:47:26.0000003,13.56530018001744
2011-09-05 10:47:26.0000004,11.08951167085154
2012-08-04 23:34:58.0000001,11.249238971242013
2012-08-04 23:34:58.0000004,5.067226456770709
2012-08-04 23:34:58.0000002,7.958982407972954
2015-01-29 13:15:50.0000003,10.587791858948439
2015-01-29 13:15:50.0000004,6.445119552360852
2015-01-29 13:15:50.0000007,10.280709436224985
2015-01-29 13:15:50.0000006,10.504935402397928
2015-01-29 13:15:50.0000008,4.827101914125454
2015-01-29 13:15:50.0000005,5.174812878048644
2015-01-29 13:15:50.0000002,6.479630651075484
2015-01-29 13:15:50.0000009,6.5471934587910425
2012-09-16 12:48:06.0000004,6.542364232129877
2012-09-16 12:48:06.0000001,11.62214123143172
2012-09-16 12:48:06.0000003,13.869522814101533
2015-04-10 11:56:54.0000008,6.5471934587910425
2015-04-10 11:56:54.0000001,13.532397117180798
2015-04-10 11:56:54.0000002,23.64994499942318
2015-04-10 11:56:54.0000007,55.87005979746543
2015-04-10 11:56:54.0000003,6.5471934587910425
2015-05-05 12:32:14.0000007,9.836075221383869
2015-05-05 12:32:14.0000006,9.857437721303985
2015-05-05 12:32:14.0000003,10.181796881819999
2015-05-05 12:32:14.0000004,5.098009270804032
2015-05-05 12:32:14.0000002,9.827800646425231
2015-05-05 12:32:14.0000005,10.268560962327468
2015-05-05 12:32:14.0000001,14.454870127348153
2013-10-15 23:31:26.0000001,7.883032279336658
2014-08-24 01:17:38.0000001,5.476113530820283
2013-04-04 07:01:06.0000003,11.456132886816054
2013-04-04 07:01:06.0000001,5.098009270804032
2013-04-04 07:01:06.0000002,8.622977735567877
2013-06-21 18:06:14.0000001,8.15338952136569
2013-06-21 18:06:14.0000005,10.385642212183663
2013-06-21 18:06:14.0000004,5.9711789231230465
2013-06-21 18:06:14.0000003,12.821189899145784
2013-06-21 18:06:14.0000006,7.484815111680552
2009-08-03 21:09:42.0000001,7.627171231814994
2009-08-03 21:09:42.0000003,6.201504247881435
2009-08-03 21:09:42.0000002,8.212996664818263
2009-08-03 21:09:42.0000004,6.230911307705922
2013-10-13 19:52:54.0000003,5.541948675701339
2013-10-13 19:52:54.0000001,5.098009270804032
2014-11-14 11:09:46.0000001,6.46430748916991
2014-11-14 11:09:46.0000002,29.79225258216748
2015-06-25 01:01:46.0000003,5.174812878048644
2015-06-25 01:01:46.0000001,8.167964062263637
2009-05-19 15:44:30.0000003,9.286761825876827
2014-01-26 08:48:30.0000001,19.42978032020445
2014-01-26 08:48:30.0000002,5.098009270804032
2012-01-19 02:06:02.0000001,5.040492638666299
2014-12-25 21:32:58.0000001,9.995551344723205
2012-08-09 07:49:02.0000001,9.621307109828033
2012-08-09 07:49:02.0000003,16.239629839108254
2012-08-09 07:49:02.0000002,6.833500993051206
2014-08-10 05:03:50.0000001,30.072305134144205
2010-01-11 15:18:14.0000002,5.710669736889061
2010-01-11 15:18:14.0000003,5.4674808158733725
2010-01-11 15:18:14.0000004,9.305892106307976
2010-01-11 15:18:14.0000001,8.276187122222474
2009-11-10 15:56:38.0000006,6.287638111615555
2009-11-10 15:56:38.0000002,7.037459700556303
2009-11-10 15:56:38.0000004,9.922948655744117
2009-11-10 15:56:38.0000003,47.38148630937533
2009-11-10 15:56:38.0000005,4.804034357507094
2009-11-10 15:56:38.0000001,9.97098561588812
2012-10-18 09:17:42.0000002,6.633191298028203
2012-10-18 09:17:42.0000001,8.954708357589137
2010-12-06 13:19:58.0000003,5.934424275986228
2010-12-06 13:19:58.0000002,8.438526756294133
2010-12-06 13:19:58.0000001,6.847145723592159
2011-07-30 15:27:58.0000003,7.642118886612417
2011-07-30 15:27:58.0000002,6.970878407199237
2011-07-20 04:21:54.0000001,6.853019427133266
2011-07-20 04:21:54.0000002,7.6641909085219195
2009-03-10 19:51:34.0000003,6.585969128222281
2009-03-10 19:51:34.0000004,11.795939058430097
2009-03-10 19:51:34.0000005,5.920697032116567
2009-03-10 19:51:34.0000002,12.076885889812571
2009-03-10 19:51:34.0000001,6.083635019827851
2011-11-15 22:33:42.0000001,8.710422574779155
2011-11-15 22:33:42.0000002,14.299560322933553
2010-09-24 22:40:06.0000005,8.244889971087948
2010-09-24 22:40:06.0000003,26.589804072515967
2010-09-24 22:40:06.0000006,5.811649174622363
2010-09-24 22:40:06.0000002,7.09652872199825
2010-09-24 22:40:06.0000001,5.96803996646356
2010-02-06 17:37:10.0000007,5.040492638666299
2010-02-06 17:37:10.0000004,5.644883870586313
2010-02-06 17:37:10.0000006,7.629371477710063
2010-02-06 17:37:10.0000003,5.4774755946260605
2012-05-11 02:43:18.0000002,8.302308598614552
2012-05-11 02:43:18.0000001,5.040492638666299
2011-09-25 21:18:06.0000001,8.29142602837096
2011-09-25 21:18:06.0000002,10.68501048860469
2013-12-18 03:16:02.0000001,15.779176591118372
2012-01-26 01:32:42.0000001,9.495580670121445
2012-01-26 01:32:42.0000002,5.067226456770709
2011-10-02 03:06:34.0000001,6.994645957706315
2012-03-31 12:52:46.0000002,7.664454176089582
2012-03-31 12:52:46.0000001,18.196989615751693
2014-06-15 00:51:42.0000001,16.118262014577468
2009-04-21 17:27:58.0000001,8.262061908419613
2009-04-21 17:27:58.0000002,6.083635019827851
2012-08-13 15:02:26.0000002,5.539841620817438
2012-08-13 15:02:26.0000003,6.875030899594478
2014-10-27 11:56:50.0000001,7.690483506181403
2014-10-27 11:56:50.0000002,17.258200495777714
2014-10-27 11:56:50.0000003,10.504935402397928
2009-09-29 18:03:18.0000001,13.058613543889134
2011-10-30 16:52:26.0000001,5.934424275986228
2011-10-30 16:52:26.0000002,6.460084012443413
2014-11-24 23:39:26.0000002,15.891343550721274
2014-11-24 23:39:26.0000001,29.67439581812358
2011-08-16 14:41:50.0000001,8.13482169178798
2011-08-16 14:41:50.0000003,5.481875940751957
2011-08-16 14:41:50.0000002,7.61442382291264
2013-01-14 18:42:54.0000002,21.67369347204899
2013-01-14 18:42:54.0000006,6.5471934587910425
2013-01-14 18:42:54.0000001,5.545960089047588
2013-01-14 18:42:54.0000007,4.856286306535341
2013-01-14 18:42:54.0000008,10.504935402397928
2009-04-18 23:09:34.0000002,11.223797771968844
2009-11-11 21:20:18.0000001,5.651818084325196
2009-11-11 21:20:18.0000003,19.675422317833686
2012-07-24 01:12:50.0000004,15.589770151772404
2012-07-24 01:12:50.0000003,6.867395875522985
2012-07-24 01:12:50.0000001,14.50356337706044
2012-07-24 01:12:50.0000002,6.7126012994345485
2012-07-24 01:12:50.0000005,11.446400821981152
2009-04-18 02:44:34.0000003,8.306431008829808
2009-04-18 02:44:34.0000002,14.828900912419476
2014-07-18 06:32:22.0000001,8.091903277076302
2014-01-10 12:28:38.0000001,10.805806338046867
2011-08-08 15:27:22.0000001,4.757585793058761
2014-07-30 14:42:34.0000001,8.460836286200784
2014-07-30 14:42:34.0000003,28.51496460011678
2014-07-30 14:42:34.0000002,16.31198092344674
2014-08-26 16:39:54.0000002,11.803139027667566
2014-10-11 00:26:38.0000002,14.8283742360058
2014-10-11 00:26:38.0000003,12.421293406366583
2014-10-11 00:26:38.0000001,11.191402694236807
2014-10-11 00:26:38.0000005,11.701749479949807
2014-10-11 00:26:38.0000007,5.174812878048644
2014-10-11 00:26:38.0000006,19.82790339271665
2009-08-15 14:25:02.0000001,11.173005918192509
2009-09-22 06:43:46.0000001,6.464229492585441
2014-05-14 00:00:34.0000001,8.77848594980548
2014-05-14 00:00:34.0000002,10.248780575290958
2014-10-14 01:57:26.0000001,5.098009270804032
2009-05-31 20:56:38.0000002,38.00412863450626
2009-05-31 20:56:38.0000003,8.626254667569254
2009-05-31 20:56:38.0000001,5.710669736889061
2009-07-11 12:59:58.0000001,7.642118886612417
2010-06-02 15:33:06.0000001,5.31621019243694
2010-06-02 15:33:06.0000002,5.4774755946260605
2010-06-02 15:33:06.0000003,5.040492638666299
2010-01-30 02:13:06.0000002,5.040492638666299
2010-01-30 02:13:06.0000001,5.040492638666299
2010-01-30 02:13:06.0000003,8.906094324754655
2014-01-05 17:47:02.0000003,9.828078522335653
2014-01-05 17:47:02.0000002,12.662106219015325
2009-03-21 09:59:50.0000003,47.31576882151711
2009-03-21 09:59:50.0000002,12.627652129942808
2009-03-21 09:59:50.0000001,6.291424922623688
2009-08-26 23:55:38.0000002,9.31353237758928
2009-06-09 15:10:50.0000002,47.31576882151711
2009-06-09 15:10:50.0000001,4.776391278081455
2011-09-18 06:14:54.0000001,8.346567101296829
2009-03-27 16:05:22.0000004,30.270729194135857
2009-03-27 16:05:22.0000005,5.625599991872222
2009-03-27 16:05:22.0000001,9.77371312851015
2009-03-27 16:05:22.0000006,6.9852548555889555
2009-03-27 16:05:22.0000003,9.756383685782854
2009-03-27 16:05:22.0000002,6.970878407199237
2015-05-29 10:02:42.0000005,8.352560685686766
2015-05-29 10:02:42.0000003,7.484815111680552
2015-05-29 10:02:42.0000004,7.484815111680552
2012-09-07 23:20:34.0000004,16.68398795286969
2012-09-07 23:20:34.0000003,13.681569152184997
2012-09-07 23:20:34.0000001,5.811649174622363
2014-03-07 10:36:50.0000002,8.352560685686766
2014-03-07 10:36:50.0000001,10.321933795818001
2013-03-17 23:47:50.0000002,19.926398772504992
2013-03-17 23:47:50.0000001,7.745718639660905
2015-06-30 20:03:50.0000005,9.995551344723205
2015-06-30 20:03:50.0000001,101.6551226069692
2015-06-30 20:03:50.0000003,10.166617706401567
2015-06-30 20:03:50.0000004,7.390079762683868
2015-05-11 02:21:26.0000002,5.098009270804032
2015-05-11 02:21:26.0000001,13.141226470984275
2015-01-10 14:32:14.0000001,8.352560685686766
2014-12-05 14:14:14.0000001,10.47971506029992
2014-12-05 14:14:14.0000002,11.593667514250317
2012-04-23 12:23:18.0000001,6.633196586399566
2012-04-23 12:23:18.0000003,5.4774755946260605
2012-04-23 12:23:18.0000002,30.907064643558623
2012-09-01 13:33:14.0000003,6.348093725610819
2012-09-01 13:33:14.0000002,10.815922573304553
2012-09-01 13:33:14.0000001,11.913634801580042
2011-04-17 14:55:58.0000001,4.757585793058761
2010-05-31 20:43:42.0000002,9.146343136857345
2013-11-22 23:44:34.0000002,11.137813540935559
2013-11-22 23:44:34.0000001,7.83949272763584
2013-05-17 05:30:10.0000002,13.249179033175968
2013-05-17 05:30:10.0000001,7.976192046795752
2009-07-28 11:13:10.0000001,12.367890266591427
2014-05-18 14:43:26.0000001,9.796623796404182
2014-05-18 14:43:26.0000002,7.456435678801829
2014-05-18 14:43:26.0000003,7.484815111680552
2011-10-08 18:18:26.0000005,11.004072640563265
2011-10-08 18:18:26.0000001,5.040492638666299
2011-10-08 18:18:26.0000004,12.787080754440312
2013-09-27 04:39:14.0000001,9.131155700930842
2011-02-08 01:44:18.0000001,10.93785388239991
2015-01-12 06:21:38.0000001,8.091903277076302
2015-01-12 06:21:38.0000002,16.115929631612172
2010-03-23 13:23:34.0000004,5.4774755946260605
2010-03-23 13:23:34.0000002,14.760739201571837
2010-03-23 13:23:34.0000001,4.943621377658957
2009-04-02 06:19:02.0000001,10.348213651715216
2012-01-12 18:05:10.0000003,9.425760103098963
2012-01-12 18:05:10.0000001,26.006769062599396
2014-11-21 02:04:42.0000002,11.711647224856254
2014-11-21 02:04:42.0000003,12.611330649069114
2014-11-21 02:04:42.0000001,26.728508227343745
2010-10-09 03:54:42.0000001,6.203132566457397
2012-04-03 12:26:14.0000002,5.040492638666299
2012-04-03 12:26:14.0000001,30.658054988424077
2012-04-03 12:26:14.0000003,9.77371312851015
2010-12-21 08:46:02.0000005,11.567429920970076
2010-12-21 08:46:02.0000004,7.79904339308642
2010-12-21 08:46:02.0000003,10.132016161453564
2010-06-19 22:52:30.0000002,5.597022198110495
2010-06-19 22:52:30.0000001,10.335024481356545
2013-01-03 01:43:10.0000001,23.006063565796424
2013-11-24 03:44:46.0000004,10.214032037002456
2013-11-24 03:44:46.0000002,18.28566285709659
2013-11-24 03:44:46.0000005,14.283655019027766
2011-04-16 12:57:18.0000001,6.9852548555889555
2012-10-11 22:24:18.0000001,9.406597254195377
2010-12-13 23:24:02.0000002,10.565811177558032
2010-12-13 23:24:02.0000001,10.469382726331242
2011-09-14 23:42:46.0000001,10.469382726331242
2011-05-17 23:42:46.0000001,5.1200257795008
2011-05-17 23:42:46.0000004,47.363639170539756
2011-05-17 23:42:46.0000002,10.569778298130194
2011-05-17 23:42:46.0000005,5.722780066706876
2011-05-17 23:42:46.0000007,8.149251138491982
2013-06-30 03:37:26.0000002,6.309694285629554
2013-06-30 03:37:26.0000005,21.24546726721045
2013-06-30 03:37:26.0000001,5.098009270804032
2013-06-30 03:37:26.0000004,17.196202688030347
2011-05-26 21:36:54.0000001,5.526194953802452
2009-11-09 06:00:22.0000001,5.040492638666299
2014-01-09 17:27:18.0000002,40.01206958698418
2014-01-09 17:27:18.0000001,5.158693574178448
2014-01-09 17:27:18.0000005,9.76243221888742
2014-01-09 17:27:18.0000006,6.320981574242098
2014-01-09 17:27:18.0000007,7.367721333430191
2012-07-01 00:24:58.0000003,7.386996523585151
2012-07-01 00:24:58.0000001,7.877758956437189
2012-07-01 00:24:58.0000002,12.066660344737526
2010-06-02 14:55:22.0000003,7.363841852403783
2010-06-02 14:55:22.0000002,5.040492638666299
2010-06-02 14:55:22.0000004,5.526194953802452
2010-06-02 14:55:22.0000006,7.664454176089582
2010-06-02 14:55:22.0000001,12.706730977706995
2010-06-02 14:55:22.0000005,8.014833497177337
2013-03-07 08:50:34.0000001,20.44697867468765
2013-03-07 08:50:34.0000005,7.484815111680552
2013-03-07 08:50:34.0000002,15.014298974212101
2013-03-07 08:50:34.0000006,12.821189899145784
2013-03-07 08:50:34.0000003,14.757636888442889
2013-03-07 08:50:34.0000004,13.846357578909366
2013-10-28 00:33:30.0000001,8.773154692384356
2013-11-23 16:33:30.0000003,12.537484227412968
2013-11-23 16:33:30.0000001,8.411920779843241
2014-11-06 07:56:46.0000002,7.1679366592332014
2014-11-06 07:56:46.0000001,8.102238148272257
2013-04-05 12:38:22.0000001,18.14994657914261
2014-11-06 02:02:10.0000001,6.309694285629554
2012-10-09 07:47:46.0000002,8.354128416618739
2012-10-09 07:47:46.0000001,9.725971380498326
2012-10-09 07:47:46.0000003,8.917024559774308
2012-10-09 07:47:46.0000004,8.553750585697646
2012-10-09 07:47:46.0000005,5.040492638666299
2013-11-21 22:21:58.0000001,17.232907011647647
2014-12-20 01:57:26.0000001,8.499889339831263
2014-12-20 01:57:26.0000004,6.309694285629554
2014-12-20 01:57:26.0000003,9.816382313003674
2014-12-20 01:57:26.0000002,7.1002250455313884
2010-01-09 13:24:22.0000003,6.146684778409267
2011-11-02 02:18:18.0000001,20.699323778626496
2009-03-11 21:46:54.0000003,8.481139407297169
2009-03-11 21:46:54.0000005,16.32767881080674
2009-03-11 21:46:54.0000001,8.50988023815034
2009-03-11 21:46:54.0000004,27.698512987300383
2014-12-07 03:45:18.0000001,8.091903277076302
2014-12-07 03:45:18.0000002,15.232627767809936
2014-12-07 03:45:18.0000004,16.721556373933275
2014-12-07 03:45:18.0000003,8.504512297347581
2014-11-29 19:23:58.0000001,10.954930487673526
2010-03-04 09:49:38.0000002,17.526451514478886
2010-03-04 09:49:38.0000001,9.305892106307976
2010-03-04 09:49:38.0000003,4.757585793058761
2009-10-10 06:52:06.0000001,5.9086322345958635
2009-10-10 06:52:06.0000002,9.603828360961831
2012-08-22 20:54:46.0000003,7.664454176089582
2012-08-22 20:54:46.0000001,8.610907621610156
2012-08-22 20:54:46.0000002,6.932555272004284
2015-05-01 07:49:14.0000001,5.098009270804032
2009-02-21 20:49:34.0000001,10.190509396328423
2012-08-10 14:04:14.0000005,8.102243648494007
2012-08-10 14:04:14.0000006,19.631323059367183
2012-08-10 14:04:14.0000004,5.539841620817438
2012-08-10 14:04:14.0000003,5.344188807994743
2012-08-10 14:04:14.0000007,5.040492638666299
2012-08-10 14:04:14.0000002,10.225961525359155
2013-05-10 21:08:18.0000002,20.293137817506214
2013-05-10 21:08:18.0000003,7.857879452206193
2013-05-10 21:08:18.0000005,6.274920768039549
2013-05-10 21:08:18.0000004,13.968450466265892
2013-05-10 21:08:18.0000001,5.570155969007919
2009-09-25 12:59:18.0000001,6.953701715513752
2014-08-02 21:05:42.0000002,14.486567587815717
2014-08-02 21:05:42.0000001,6.445119552360852
2013-10-29 20:16:10.0000002,6.525196979468115
2013-10-29 20:16:10.0000001,16.94433328266657
2009-11-11 22:49:46.0000003,10.227749211995768
2009-11-11 22:49:46.0000002,7.79904339308642
2009-11-11 22:49:46.0000001,5.712994192102835
2009-10-17 03:52:42.0000002,7.839807612634436
2009-10-17 03:52:42.0000007,5.651818084325196
2009-10-17 03:52:42.0000006,7.597215571224207
2009-10-17 03:52:42.0000003,14.847784613641855
2009-10-17 03:52:42.0000001,6.698174640249592
2009-10-17 03:52:42.0000004,6.39709390739075
2014-02-27 09:36:26.0000007,11.273790186509178
2014-02-27 09:36:26.0000008,7.878509126789024
2014-02-27 09:36:26.0000002,5.098009270804032
2014-02-27 09:36:26.0000005,5.098009270804032
2014-02-27 09:36:26.0000003,6.445119552360852
2014-02-27 09:36:26.0000006,11.235441336308684
2014-02-27 09:36:26.0000004,14.491126325015017
2014-02-27 09:36:26.0000009,5.098009270804032
2012-12-26 17:12:30.0000003,9.031700511688065
2012-12-26 17:12:30.0000005,18.370437476170462
2012-12-26 17:12:30.0000001,7.356356239699122
2012-12-26 17:12:30.0000004,9.118177942114535
2014-03-11 20:24:02.0000003,8.917456684625439
2014-03-11 20:24:02.0000002,8.352560685686766
2014-03-11 20:24:02.0000004,7.940850999538144
2011-01-29 09:28:38.0000002,6.518316874719967
2011-01-29 09:28:38.0000001,7.664454176089582
2011-01-29 09:28:38.0000003,7.642118886612417
2011-01-29 09:28:38.0000005,6.911949238382067
2011-01-29 09:28:38.0000004,6.95971890221804
2015-05-07 15:33:26.0000003,5.098009270804032
2015-05-07 15:33:26.0000007,5.545960089047588
2015-05-07 15:33:26.0000001,9.737211876789413
2015-05-07 15:33:26.0000002,12.662106219015325
2015-05-07 15:33:26.0000006,6.374775346287885
2010-10-25 13:31:22.0000003,5.560015384602345
2010-10-25 13:31:22.0000002,15.263603152033363
2010-10-25 13:31:22.0000001,5.067226456770709
2010-10-25 13:31:22.0000004,9.502439846836678
2012-09-10 21:07:54.0000005,18.466818852710592
2012-09-10 21:07:54.0000004,12.450720775507806
2012-09-10 21:07:54.0000003,5.643283490560727
2012-09-10 21:07:54.0000007,9.478677883199165
2012-09-10 21:07:54.0000002,10.252742461632272
2012-09-10 21:07:54.0000006,8.875645933255056
2012-09-10 21:07:54.0000001,7.381892193070039
2012-04-15 21:54:22.0000001,8.683007034027238
2012-04-20 00:06:10.0000007,6.809328712260333
2012-04-20 00:06:10.0000001,6.8769856295359215
2012-04-20 00:06:10.0000002,7.838640759385315
2012-04-20 00:06:10.0000006,7.337377415381132
2012-04-20 00:06:10.0000005,5.067226456770709
2012-04-20 00:06:10.0000008,14.420177255214323
2012-06-12 23:10:42.0000001,12.333331725714523
2012-06-12 23:10:42.0000003,12.333331725714523
2012-06-12 23:10:42.0000002,43.2690496687788
2009-04-30 22:25:26.0000004,12.957692297666876
2009-04-30 22:25:26.0000003,12.298969566727372
2009-04-30 22:25:26.0000002,7.642118886612417
2009-04-30 22:25:26.0000001,6.95971890221804
2011-02-20 06:18:34.0000001,29.783707619269705
2011-02-20 06:18:34.0000002,7.304876286833962
2013-04-21 19:50:54.0000003,40.95225819252533
2011-06-11 21:33:18.0000001,10.573795042145303
2013-02-06 18:21:18.0000006,8.352560685686766
2013-02-06 18:21:18.0000002,8.352560685686766
2013-02-06 18:21:18.0000003,12.761204047431741
2013-02-06 18:21:18.0000004,7.745718639660905
2014-05-01 21:05:34.0000002,6.5471934587910425
2014-05-01 21:05:34.0000003,17.12667528656306
2013-07-21 11:41:26.0000001,19.024449668957597
2013-07-21 11:41:26.0000002,5.098009270804032
2011-04-22 19:23:54.0000001,11.160347802224752
2011-04-22 19:23:54.0000003,6.95971890221804
2011-04-22 19:23:54.0000002,47.363639170539756
2012-09-04 05:46:50.0000001,5.811649174622363
2012-09-04 05:46:50.0000002,25.667699027464778
2009-03-24 11:57:34.0000005,11.88987826376361
2009-03-24 11:57:34.0000004,5.717415741025852
2009-03-24 11:57:34.0000003,4.771626221382324
2009-03-24 11:57:34.0000002,4.757585793058761
2009-03-24 11:57:34.0000001,5.222895148305938
2011-07-05 22:05:34.0000001,8.212996664818263
2011-09-17 15:41:06.0000001,7.129774098731521
2011-09-17 15:41:06.0000003,5.040492638666299
2011-12-25 04:37:10.0000001,6.996228903518303
2015-03-05 13:21:58.0000002,9.857437721303985
2015-03-05 13:21:58.0000003,7.430532360525392
2014-09-01 09:16:10.0000001,8.352560685686766
2015-06-21 17:16:10.0000007,8.174379182999772
2015-06-21 17:16:10.0000002,14.156266280383601
2015-06-21 17:16:10.0000006,14.866050175767068
2015-06-21 17:16:10.0000003,12.662106219015325
2015-06-21 17:16:10.0000004,10.504935402397928
2010-06-02 22:04:10.0000003,8.626254667569254
2010-06-02 22:04:10.0000004,15.468822985669837
2010-06-02 22:04:10.0000005,8.132125762093086
2010-06-02 22:04:10.0000006,6.039522144977285
2014-03-01 09:37:02.0000001,5.949779572150047
2014-03-01 09:37:02.0000002,6.479630651075484
2014-03-01 09:37:02.0000003,59.203134980344245
2011-07-18 12:12:18.0000001,6.0602292575984364
2011-07-18 12:12:18.0000003,6.083635019827851
2011-07-18 12:12:18.0000002,8.116189848549487
2015-02-27 19:36:02.0000009,12.294788682406452
2015-02-27 19:36:02.00000010,5.098009270804032
2015-02-27 19:36:02.00000012,15.122059771324624
2015-02-27 19:36:02.0000004,5.098009270804032
2015-02-27 19:36:02.00000011,8.352560685686766
2015-02-27 19:36:02.0000003,8.352560685686766
2015-02-27 19:36:02.0000001,31.277009171013873
2015-02-27 19:36:02.0000002,7.349944911843164
2015-02-27 19:36:02.0000007,20.06193456940364
2012-04-16 21:10:10.0000001,9.31353237758928
2015-06-14 08:26:26.0000001,6.445119552360852
2014-01-15 22:45:42.0000003,7.367721333430191
2014-01-15 22:45:42.0000001,55.87005979746543
2014-01-15 22:45:42.0000002,14.077784281573987
2013-04-06 19:16:10.0000001,4.827101914125454
2013-04-06 19:16:10.0000003,9.149154628021472
2013-04-06 19:16:10.0000004,9.463264330425622
2013-04-06 19:16:10.0000005,13.386861694171117
2014-03-08 16:08:26.0000002,13.627090432116109
2014-03-08 16:08:26.0000004,5.098009270804032
2013-12-06 23:40:42.0000001,10.012679588118175
2013-12-06 23:40:42.0000006,44.81556203432294
2013-12-06 23:40:42.0000002,36.036553300156235
2013-12-06 23:40:42.0000003,14.633421929297256
2013-08-19 17:09:50.0000001,5.0642541460694845
2013-08-19 17:09:50.0000002,10.504935402397928
2013-08-19 17:09:50.0000004,6.445119552360852
2013-08-19 17:09:50.0000003,12.537484227412968
2009-11-02 21:38:38.0000001,11.121612739358651
2009-06-03 09:11:30.0000004,8.39119138510976
2009-06-03 09:11:30.0000003,14.445002582613222
2009-06-03 09:11:30.0000002,7.642118886612417
2009-06-03 09:11:30.0000005,5.4774755946260605
2015-03-12 13:01:54.0000002,8.352560685686766
2015-03-12 13:01:54.0000005,12.863719124722305
2015-03-12 13:01:54.0000004,9.480576068936996
2015-03-12 13:01:54.0000001,5.729701770233786
2013-02-05 06:13:58.0000003,14.126607051056387
2013-02-05 06:13:58.0000002,55.87005979746543
2013-02-05 06:13:58.0000001,18.66677093931513
2014-05-19 06:39:34.0000001,7.1679366592332014
2014-10-04 21:48:22.0000003,8.352560685686766
2014-10-04 21:48:22.0000002,9.02763193027956
2014-10-04 21:48:22.0000004,30.694434969338936
2012-01-22 04:13:34.0000005,12.630843568782153
2012-01-22 04:13:34.0000006,6.867395875522985
2012-01-22 04:13:34.0000004,8.257013718594468
2012-01-22 04:13:34.0000002,13.996688369061786
2010-07-27 06:13:02.0000001,19.82280785124723
2013-06-21 11:19:18.0000002,5.545960089047588
2013-06-21 11:19:18.0000001,10.47971506029992
2010-12-23 05:52:26.0000001,29.388455919747418
2010-12-23 05:52:26.0000002,47.38148630937533
2010-12-17 10:33:34.0000004,9.041758970530143
2010-12-17 10:33:34.0000002,5.040492638666299
2012-06-04 11:34:58.0000003,9.286761825876827
2012-06-04 11:34:58.0000004,5.526194953802452
2012-06-04 11:34:58.0000001,15.969792687339893
2009-07-05 16:31:30.0000001,5.31621019243694
2009-07-05 16:31:30.0000002,7.629371477710063
2009-07-05 16:31:30.0000003,23.58104085802527
2012-12-08 20:08:38.0000004,4.932151580254907
2012-12-08 20:08:38.0000003,8.912799985845336
2012-12-08 20:08:38.0000005,10.30688376371663
2010-06-23 08:34:50.0000003,9.77371312851015
2010-06-23 08:34:50.0000002,5.31621019243694
2010-06-23 08:34:50.0000001,7.294905962082105
2012-03-07 10:57:46.0000001,7.492878955249618
2012-03-07 10:57:46.0000004,13.926538571306267
2012-03-07 10:57:46.0000005,6.097960267037989
2012-03-07 10:57:46.0000002,6.927187692326305
2012-03-07 10:57:46.0000003,7.27839575995637
2010-02-24 07:06:54.0000001,6.853019427133266
2013-12-29 01:20:50.0000003,17.771138651967938
2013-12-29 01:20:50.0000001,8.091903277076302
2014-03-28 22:34:26.0000001,29.19214148650297
2014-03-28 22:34:26.0000004,4.971553417654505
2014-03-28 22:34:26.0000003,9.293439735529203
2010-12-04 21:08:38.0000002,10.30688376371663
2010-12-04 21:08:38.0000001,18.247717515854017
2010-12-04 21:08:38.0000006,7.779024220059841
2010-12-04 21:08:38.0000003,7.589460051440653
2010-03-07 17:09:42.0000002,31.49244025114034
2010-03-07 17:09:42.0000003,6.5203130309183965
2010-03-07 17:09:42.0000001,12.367890266591427
2010-03-07 17:09:42.0000004,13.220077273684797
2013-09-07 19:43:18.0000004,14.4400195407577
2013-09-07 19:43:18.0000005,18.310276502965966
2013-09-07 19:43:18.0000006,11.130737355689593
2013-09-07 19:43:18.0000008,8.770994708328397
2013-09-07 19:43:18.0000001,7.745718639660905
2013-12-20 15:31:06.0000001,8.352560685686766
2013-12-20 15:31:06.0000002,8.352560685686766
2010-09-06 04:31:54.0000001,25.835305235689578
2013-11-01 05:26:54.0000001,55.87005979746543
2010-03-07 00:47:26.0000004,17.20867416877569
2012-03-20 01:55:42.0000001,18.74279978509142
2011-10-02 05:06:46.0000001,15.77511175291786
2010-10-31 18:45:58.0000003,5.728381068663981
2010-10-31 18:45:58.0000002,16.371470756421843
2010-10-31 18:45:58.0000001,7.779024220059841
2010-10-31 18:45:58.0000005,5.067226456770709
2015-02-03 09:00:58.0000002,9.969185943582264
2012-08-08 08:58:50.0000001,7.023169832836837
2012-08-08 08:58:50.0000004,5.040492638666299
2012-08-08 08:58:50.0000005,6.9852548555889555
2012-08-08 08:58:50.0000003,7.25250456761912
2011-04-08 15:01:02.0000001,8.39119138510976
2011-04-08 15:01:02.0000003,6.1369236376544105
2009-01-14 03:42:38.0000001,9.652546904647961
2015-01-10 09:38:54.0000007,12.662106219015325
2015-01-10 09:38:54.0000003,7.484815111680552
2015-01-10 09:38:54.0000004,14.90690809040303
2010-12-04 09:25:10.0000001,13.058613543889134
2010-12-04 09:25:10.0000002,9.463376884265646
2009-05-12 17:08:06.0000001,14.760739201571837
2013-11-07 02:07:22.0000001,17.984982590457914
2014-10-03 00:50:06.0000004,15.769451052976539
2014-10-03 00:50:06.0000001,7.003478641514168
2014-10-03 00:50:06.0000002,13.441503633144881
2010-06-18 19:19:26.0000001,30.37431683956571
2010-06-18 19:19:26.0000002,5.300192826863569
2010-06-18 19:19:26.0000003,6.291424922623688
2010-05-10 03:55:14.0000001,8.739016010697444
2013-06-21 00:00:34.0000001,21.959222172318455
2013-06-21 00:00:34.0000002,18.452436651048814
2013-06-21 00:00:34.0000003,12.45576811947369
2009-03-11 16:02:14.0000006,6.95971890221804
2009-03-11 16:02:14.0000004,6.5203130309183965
2009-03-11 16:02:14.0000002,10.82693506957423
2009-03-11 16:02:14.0000001,4.786770185468647
2009-03-11 16:02:14.0000005,7.540794389046647
2009-03-11 16:02:14.0000003,6.146684778409267
2013-07-05 17:38:14.0000001,9.752773236997978
2013-08-26 01:11:14.0000002,12.512903840154964
2013-08-26 01:11:14.0000001,9.88920321848735
2012-07-30 01:49:10.0000001,5.040492638666299
2012-07-30 01:49:10.0000002,22.212562235426507
2011-05-13 03:57:10.0000001,6.209193434622669
2012-02-29 12:03:34.0000004,11.360381896408684
2012-02-29 12:03:34.0000002,5.040492638666299
2012-02-29 12:03:34.0000001,6.9852548555889555
2013-12-17 17:59:22.0000001,5.386316930630744
2012-09-18 09:58:54.0000003,9.118177942114535
2012-09-18 09:58:54.0000002,31.614796210444382
2012-09-18 09:58:54.0000001,11.004072640563265
2013-07-23 18:56:30.0000002,7.652007765498188
2013-07-23 18:56:30.0000001,7.72743492161653
2014-05-15 01:39:14.0000001,30.394261608195013
2013-09-16 14:16:34.0000003,7.349944911843164
2013-09-16 14:16:34.0000001,40.61274298834724
2014-01-04 17:27:38.0000001,29.112552166762374
2014-01-04 17:27:38.0000002,9.058784513847277
2014-01-04 17:27:38.0000003,9.098888289269691
2011-03-10 18:16:14.0000003,6.209193434622669
2011-03-10 18:16:14.0000004,5.526194953802452
2011-03-10 18:16:14.0000001,5.4674808158733725
2013-04-05 06:42:26.0000002,8.091903277076302
2013-04-05 06:42:26.0000001,15.314441510535001
2009-03-11 12:01:30.0000001,13.312340029013336
2009-03-11 12:01:30.0000002,5.067226456770709
2009-03-11 12:01:30.0000004,5.947834639383606
2015-01-20 05:31:06.0000001,55.87005979746543
2009-08-03 17:06:06.0000001,5.067226456770709
2014-01-05 08:51:10.0000001,7.367721333430191
2010-03-13 01:23:10.0000002,20.170558159046468
2010-03-13 01:23:10.0000003,5.526194953802452
2012-05-30 02:28:50.0000001,10.368136565951719
2012-07-26 12:40:38.0000002,6.146684778409267
2012-07-26 12:40:38.0000001,30.569199463526303
2012-07-26 12:40:38.0000003,7.695197636312352
2010-09-22 16:28:54.0000003,5.904668250088397
2010-09-22 16:28:54.0000001,7.082152273608531
2010-09-22 16:28:54.0000002,30.16994582023243
2014-05-26 22:57:10.0000002,7.779175128517439
2014-05-26 22:57:10.0000003,14.893421927957295
2014-05-26 22:57:10.0000005,8.174379182999772
2014-05-26 22:57:10.0000004,10.582286682255027
2012-02-11 07:03:34.0000001,5.1856074499374305
2010-06-27 05:03:38.0000001,7.570403035811512
2014-09-29 11:51:06.0000001,19.660444900042084
2014-09-29 11:51:06.0000002,6.445119552360852
2010-09-04 18:31:42.0000002,12.233113011659658
2010-09-04 18:31:42.0000001,18.541423420849576
2015-04-14 19:20:46.0000001,10.645712074796545
2015-04-14 19:20:46.0000005,6.445119552360852
2015-04-14 19:20:46.00000010,5.098009270804032
2015-04-14 19:20:46.0000007,4.971553417654505
2015-04-14 19:20:46.0000004,5.878141950031635
2015-04-14 19:20:46.0000003,11.38292729614874
2015-04-14 19:20:46.0000006,7.390079762683868
2015-04-14 19:20:46.0000002,8.352560685686766
2015-04-14 19:20:46.0000009,10.803743535316826
2009-07-20 08:53:34.0000002,5.526194953802452
2009-07-20 08:53:34.0000001,7.27839575995637
2013-04-03 16:09:02.0000002,4.827101914125454
2013-04-03 16:09:02.0000001,74.70603480924837
2009-11-20 23:19:58.0000001,8.26952061098396
2009-11-20 23:19:58.0000002,10.295569551361812
2012-08-04 09:01:54.0000002,9.918711211163068
2012-08-04 09:01:54.0000001,5.040492638666299
2011-09-22 20:05:22.0000007,8.34106708749608
2011-09-22 20:05:22.0000001,10.349170912859062
2011-09-22 20:05:22.0000005,12.111382650981588
2011-09-22 20:05:22.0000006,5.643283490560727
2014-08-09 01:27:30.0000002,7.962067095993132
2011-02-15 05:44:42.0000002,14.331322977826725
2011-02-15 05:44:42.0000001,47.363639170539756
2014-10-31 12:04:26.0000002,32.379871686325906
2014-10-31 12:04:26.0000001,5.557484591809693
2015-02-09 07:16:26.0000006,5.098009270804032
2015-02-09 07:16:26.0000004,6.4117681920597445
2015-02-09 07:16:26.0000007,6.309694285629554
2015-02-09 07:16:26.0000001,4.860425916619737
2015-02-09 07:16:26.0000002,8.956480142100418
2015-02-09 07:16:26.0000008,5.367320957427899
2015-02-09 07:16:26.0000003,8.582574924096006
2011-09-08 17:26:34.0000001,7.672453480494393
2011-09-08 17:26:34.0000003,11.004072640563265
2011-09-08 17:26:34.0000002,9.629433619284443
2011-09-08 17:26:34.0000004,6.481095728488116
2013-04-10 21:03:42.0000004,7.484815111680552
2013-04-10 21:03:42.0000005,9.84941421381835
2013-04-10 21:03:42.0000003,6.383495711741064
2013-04-10 21:03:42.0000002,12.217573202631595
2013-04-10 21:03:42.0000001,5.541948675701339
2011-12-29 19:29:50.0000003,6.7682938418897916
2011-12-29 19:29:50.0000004,13.998631583641934
2011-12-29 19:29:50.0000001,8.89820602890636
2013-09-26 15:50:06.0000003,5.098009270804032
2013-09-26 15:50:06.0000005,15.036521361648568
2013-09-26 15:50:06.0000002,6.445119552360852
2013-09-26 15:50:06.0000001,11.803139027667566
2013-09-26 15:50:06.0000004,7.372303341096841
2012-10-01 07:18:06.0000001,5.040492638666299
2012-10-01 07:18:06.0000002,7.157812509475481
2013-03-14 21:43:46.0000001,14.465706115019373
2012-10-05 23:47:02.0000001,8.875645933255056
2009-02-08 00:04:06.0000004,12.034903227839886
2009-02-08 00:04:06.0000002,32.19600485310746
2012-02-04 22:47:18.0000001,6.689535144645696
2012-02-04 22:47:18.0000003,7.642118886612417
2012-05-06 03:01:10.0000003,6.867395875522985
2012-05-06 03:01:10.0000002,11.427641915604426
2014-07-08 08:56:58.0000001,8.352560685686766
2010-01-09 08:29:14.0000003,5.040492638666299
2010-01-09 08:29:14.0000002,8.276187122222474
2010-01-09 08:29:14.0000001,15.869969066644128
2010-01-09 08:29:14.0000004,5.526194953802452
2010-12-06 03:36:58.0000001,5.040492638666299
2011-10-19 05:25:18.0000002,29.540113194042004
2011-10-19 05:25:18.0000001,7.5817113439914605
2014-06-14 08:13:22.0000002,17.95608214593235
2014-06-14 08:13:22.0000003,17.102758646821258
2014-06-14 08:13:22.0000001,13.86768183422518
2011-02-19 10:14:58.0000002,6.1369236376544105
2014-12-25 03:10:26.0000001,11.460895057899647
2009-06-16 14:32:38.0000003,6.0602292575984364
2009-06-16 14:32:38.0000001,6.9852548555889555
2009-06-16 14:32:38.0000005,9.131155700930842
2009-06-16 14:32:38.0000006,8.347656761096871
2009-06-16 14:32:38.0000002,7.467247334400213
2009-06-16 14:32:38.0000004,16.573722354197365
2010-08-16 17:14:18.0000001,47.31576882151711
2013-04-29 09:18:06.0000004,6.628244938181337
2013-04-29 09:18:06.0000002,29.39122482126541
2013-04-29 09:18:06.0000005,10.385642212183663
2013-04-29 09:18:06.0000001,23.39671829981061
2013-04-29 09:18:06.0000003,10.504935402397928
2013-06-23 14:52:34.0000002,28.26808283061836
2013-06-23 14:52:34.0000001,5.098009270804032
2013-03-28 05:22:58.0000001,7.962067095993132
2015-06-08 20:18:30.0000006,10.430699621166024
2015-06-08 20:18:30.0000003,5.174812878048644
2015-06-08 20:18:30.0000002,17.079240193121002
2015-06-08 20:18:30.0000001,10.603244798101846
2015-06-08 20:18:30.0000004,10.603244798101846
2015-06-08 20:18:30.0000005,10.603244798101846
2011-09-08 13:39:06.0000001,5.811649174622363
2012-03-03 02:30:54.0000001,7.337377415381132
2012-03-03 02:30:54.0000002,7.339037794577027
2012-03-03 02:30:54.0000004,11.571886623981479
2010-03-27 20:11:10.0000003,6.083635019827851
2010-03-27 20:11:10.0000001,7.642118886612417
2010-03-27 20:11:10.0000002,10.465714323217858
2009-08-11 22:40:02.0000002,8.77344978093651
2009-08-11 22:40:02.0000003,37.43886706493372
2009-08-11 22:40:02.0000004,4.804034357507094
2009-08-11 22:40:02.0000005,15.002442936422437
2009-08-11 22:40:02.0000001,5.524454744256293
2012-12-27 21:01:54.0000001,5.994428683258624
2012-12-27 21:01:54.0000003,5.728381068663981
2012-12-27 21:01:54.0000006,8.98687106658703
2012-12-27 21:01:54.0000007,14.604731774288757
2012-12-27 21:01:54.0000008,8.930118700129047
2015-04-16 18:45:22.0000003,7.484815111680552
2015-04-16 18:45:22.0000002,5.098009270804032
2015-04-16 18:45:22.0000001,10.360421870085656
2015-04-16 18:45:22.0000005,18.418327394042205
2014-05-17 10:51:46.0000001,8.02594379795442
2014-05-17 10:51:46.0000004,7.745718639660905
2014-05-17 10:51:46.0000002,30.90088932683875
2009-05-04 11:23:18.0000001,7.642118886612417
2009-05-04 11:23:18.0000003,7.172455156449973
2009-05-04 11:23:18.0000002,9.305892106307976
2013-07-22 14:30:06.0000002,6.362700646090336
2013-07-22 14:30:06.0000001,17.908932553007922
2015-05-31 20:48:54.0000005,5.098009270804032
2015-05-31 20:48:54.0000004,10.440234808295108
2015-05-31 20:48:54.0000001,5.545960089047588
2010-07-16 06:44:06.0000001,5.710669736889061
2010-07-16 06:44:06.0000003,15.00882823503631
2010-07-16 06:44:06.0000004,18.685627313424575
2010-07-16 06:44:06.0000002,18.068806658393996
2013-01-06 12:39:54.0000003,8.352560685686766
2013-01-06 12:39:54.0000001,8.42562001991579
2013-01-06 12:39:54.0000004,9.532315774693718
2013-01-06 12:39:54.0000002,7.72743492161653
2013-01-06 12:39:54.0000005,4.827101914125454
2012-12-15 15:55:42.0000001,6.5334705213068265
2012-12-15 15:55:42.0000002,8.554747536930307
2010-05-06 11:35:26.0000001,6.53519355023794
2010-05-06 11:35:26.0000003,10.093065881250233
2014-01-06 10:16:02.0000001,17.424339628071117
2014-01-06 10:16:02.0000002,6.5471934587910425
2012-07-24 04:44:26.0000001,8.272641272273718
2010-08-06 15:37:14.0000007,7.172455156449973
2010-08-06 15:37:14.0000003,6.287304841343504
2010-08-06 15:37:14.0000006,6.9852548555889555
2010-08-06 15:37:14.0000005,31.730680450820905
2010-08-06 15:37:14.0000004,9.77371312851015
2010-08-06 15:37:14.0000002,11.376946711187601
2010-08-06 15:37:14.0000001,6.201504247881435
2010-11-10 23:21:50.0000002,7.779024220059841
2010-11-10 23:21:50.0000003,8.730714130368685
2013-03-31 00:09:58.0000002,8.545983000167343
2013-03-31 00:09:58.0000003,9.564944032257097
2010-02-01 00:05:42.0000001,10.967123839994576
2010-02-01 00:05:42.0000002,15.99232664380518
2009-06-18 18:47:22.0000003,12.80695505518498
2009-06-18 18:47:22.0000001,8.39119138510976
2009-06-18 18:47:22.0000002,9.77371312851015
2015-01-03 08:47:26.0000001,11.803139027667566
2015-01-03 08:47:26.0000002,11.416349758408392
2014-06-20 02:16:34.0000001,8.091903277076302
2011-02-03 07:13:06.0000001,5.526194953802452
2014-01-14 18:48:06.0000007,11.803139027667566
2014-01-14 18:48:06.0000002,6.350407953924636
2014-01-14 18:48:06.0000003,6.337457591838388
2014-01-14 18:48:06.0000004,7.484815111680552
2014-01-14 18:48:06.0000001,8.931693436392692
2014-01-14 18:48:06.0000005,7.857879452206193
2014-01-14 18:48:06.0000006,6.5471934587910425
2013-10-18 05:08:54.0000001,35.85554286203195
2011-07-20 08:05:02.0000003,8.39119138510976
2011-07-20 08:05:02.0000002,5.040492638666299
2011-07-20 08:05:02.0000004,8.32744585878348
2009-05-03 16:02:54.0000005,8.39119138510976
2009-05-03 16:02:54.0000003,6.1369236376544105
2009-05-03 16:02:54.0000002,7.642118886612417
2009-05-03 16:02:54.0000001,15.827256928363687
2012-09-06 17:58:06.0000001,4.757585793058761
2012-09-06 17:58:06.0000003,8.566726446444566
2014-04-06 16:47:14.0000003,7.484815111680552
2014-09-06 03:52:50.0000002,11.210866671576962
2013-07-27 09:59:18.0000001,7.349944911843164
2014-12-26 20:19:38.0000002,7.254880229951101
2014-01-01 13:06:34.0000001,6.5471934587910425
2011-12-25 15:35:54.0000003,8.423283723901875
2011-12-25 15:35:54.0000004,9.175859738636735
2015-05-14 23:11:58.0000001,17.196277340841984
2015-05-14 23:11:58.0000007,9.026257877267792
2015-05-14 23:11:58.0000003,8.352560685686766
2015-05-14 23:11:58.0000005,7.484815111680552
2015-05-14 23:11:58.0000008,10.064988615663703
2015-05-14 23:11:58.0000002,14.083693222103424
2015-05-14 23:11:58.0000006,7.424751418247766
2015-04-22 09:54:06.0000002,7.484815111680552
2015-04-22 09:54:06.0000003,5.098009270804032
2009-03-22 07:02:02.0000001,9.59851927026549
2012-04-30 04:34:50.0000001,18.74279978509142
2009-01-21 09:13:50.0000003,4.898082074531852
2009-01-21 09:13:50.0000004,5.526194953802452
2009-01-21 09:13:50.0000001,8.92268484899447
2009-01-21 09:13:50.0000002,6.633196586399566
2010-06-11 18:07:10.0000002,5.647919694595386
2010-06-11 18:07:10.0000001,4.791341515304639
2010-06-11 18:07:10.0000004,12.55004292632345
2010-06-11 18:07:10.0000003,12.4056218773143
2012-09-01 19:04:18.0000002,8.554747536930307
2014-06-18 06:22:42.0000001,7.1007207935092795
2014-06-18 06:22:42.0000002,11.575450188982924
2009-12-09 08:34:30.0000001,7.070992768627335
2009-12-09 08:34:30.0000002,5.712994192102835
2009-12-09 08:34:30.0000003,46.853698206675595
2009-12-09 08:34:30.0000004,47.38148630937533
2013-06-06 02:54:50.0000002,11.271727936612729
2013-06-06 02:54:50.0000003,8.091903277076302
2010-07-19 12:15:54.0000003,6.146684778409267
2010-07-19 12:15:54.0000002,12.594211190635148
2010-07-19 12:15:54.0000001,6.95971890221804
2010-07-19 12:15:54.0000004,5.526194953802452
2013-12-18 12:36:46.0000001,7.484815111680552
2013-12-18 12:36:46.0000003,38.548710402931846
2013-12-18 12:36:46.0000004,8.010414355875366
2013-12-18 12:36:46.0000002,9.652540774296659
2009-01-25 21:17:18.0000002,8.646546223158785
2009-01-25 21:17:18.0000003,7.237333288217535
2012-10-03 09:18:22.0000002,7.36751574468032
2012-10-03 09:18:22.0000003,8.566726446444566
2012-10-03 09:18:22.0000004,6.512226010874744
2012-10-03 09:18:22.0000001,13.533626296516289
2012-10-03 09:18:22.0000005,10.052094150972216
2012-06-13 19:49:50.0000003,10.847126851227175
2012-06-13 19:49:50.0000002,11.117129746046773
2012-06-13 19:49:50.0000001,5.31621019243694
2011-09-03 00:03:42.0000004,5.643283490560727
2011-09-03 00:03:42.0000009,14.898448890716221
2011-09-03 00:03:42.0000001,6.797505640811506
2011-09-03 00:03:42.0000003,6.994645957706315
2011-09-03 00:03:42.0000006,8.361127928830737
2011-09-03 00:03:42.0000002,7.526895438388976
2011-09-03 00:03:42.0000005,8.453698417953193
2009-01-27 13:27:30.0000002,10.961864663305228
2009-01-27 13:27:30.0000001,6.927187692326305
2009-07-03 00:41:38.0000001,8.788581302287618
2009-07-03 00:41:38.0000002,5.040492638666299
2010-05-29 11:51:30.0000001,5.4774755946260605
2013-07-02 22:27:14.0000005,8.15338952136569
2013-07-02 22:27:14.0000003,14.115381290647587
2015-05-09 11:33:58.0000004,6.5471934587910425
2015-05-09 11:33:58.0000001,7.484815111680552
2015-05-09 11:33:58.0000003,35.88744469248957
2011-07-18 00:04:54.0000002,5.040492638666299
2011-04-03 03:46:18.0000002,9.620334406960975
2009-11-03 13:04:46.0000003,5.712994192102835
2009-11-03 13:04:46.0000002,17.25571229806555
2009-11-03 13:04:46.0000001,8.438526756294133
2010-06-25 14:00:14.0000002,7.629371477710063
2010-12-20 09:39:02.0000001,11.964239574912146
2010-12-20 09:39:02.0000002,5.728381068663981
2014-05-20 14:43:10.0000001,9.096329970677246
2014-05-20 14:43:10.0000002,5.158693574178448
2010-09-16 05:07:10.0000001,6.869516209459276
2011-08-01 17:44:30.0000006,7.750395810529794
2011-08-01 17:44:30.0000005,5.539841620817438
2011-08-01 17:44:30.0000001,9.77371312851015
2011-08-01 17:44:30.0000002,8.92268484899447
2011-08-01 17:44:30.0000004,5.040492638666299
2011-03-01 07:23:14.0000003,6.146684778409267
2011-03-01 07:23:14.0000001,5.990653240839859
2011-06-24 13:23:18.0000004,11.473987870207777
2011-06-24 13:23:18.0000001,12.749162473272543
2011-06-24 13:23:18.0000002,14.262858249445415
2011-06-24 13:23:18.0000003,9.77371312851015
2013-11-19 02:41:10.0000001,9.687202648761154
2012-01-01 18:02:46.0000003,5.526194953802452
2012-01-01 18:02:46.0000002,8.276187122222474
2015-03-28 19:31:26.0000002,6.445119552360852
2015-03-28 19:31:26.0000006,7.484815111680552
2015-03-28 19:31:26.0000001,8.15338952136569
2015-03-28 19:31:26.0000005,12.630695860683717
2010-07-13 11:53:15.0000004,7.642118886612417
2010-07-13 11:53:15.0000001,9.34073277087499
2010-07-13 11:53:15.0000007,12.594211190635148
2010-07-13 11:53:15.0000002,8.39119138510976
2013-02-07 13:47:59.0000004,9.238618897182599
2013-02-07 13:47:59.0000001,4.827101914125454
2013-02-07 13:47:59.0000003,8.460836286200784
2013-08-08 14:38:43.0000001,4.827101914125454
2013-08-08 14:38:43.0000003,5.158693574178448
2015-05-19 13:58:11.0000003,33.759972235424854
2015-05-19 13:58:11.0000008,10.504935402397928
2015-05-19 13:58:11.0000005,11.802395125516085
2015-05-19 13:58:11.0000007,40.491184950185485
2015-05-19 13:58:11.0000004,6.531074154920847
2015-05-19 13:58:11.0000002,13.16312311897751
2012-07-31 22:21:11.0000001,8.481139407297169
2012-07-31 22:21:11.0000002,5.526194953802452
2013-01-03 08:50:31.0000001,10.504935402397928
2013-01-03 08:50:31.0000002,7.390079762683868
2013-01-03 08:50:31.0000007,7.484815111680552
2013-01-03 08:50:31.0000004,8.297420250014769
2013-01-03 08:50:31.0000006,30.910454030316902
2013-01-03 08:50:31.0000005,21.67369347204899
2009-04-14 17:43:23.0000003,5.813790212123218
2009-04-14 17:43:23.0000007,12.55004292632345
2009-04-14 17:43:23.0000006,8.39119138510976
2009-04-14 17:43:23.0000008,5.744334487104089
2009-04-14 17:43:23.0000004,9.77371312851015
2009-04-14 17:43:23.0000005,6.146684778409267
2009-11-19 22:48:27.0000003,8.34106708749608
2009-11-19 22:48:27.0000002,19.86264482403717
2009-11-19 22:48:27.0000004,7.082152273608531
2013-02-15 00:37:15.0000003,14.83732260660677
2013-02-15 00:37:15.0000002,13.880448919048263
2013-02-15 00:37:15.0000001,8.534628086817309
2012-03-25 04:50:39.0000002,10.514685677972512
2012-03-24 23:33:59.0000001,6.1369236376544105
2012-12-26 18:28:55.0000002,6.512226010874744
2012-12-26 18:28:55.0000005,14.402925751127565
2012-12-26 18:28:55.0000001,9.778423300425676
2012-12-26 18:28:55.0000003,4.914036785516773
2012-12-26 18:28:55.0000007,21.624514541240462
2012-12-26 18:28:55.0000006,54.22949076509192
2011-07-06 19:56:23.0000004,7.023169832836837
2011-07-06 19:56:23.0000002,5.8706604496895745
2011-07-06 19:56:23.0000006,14.54749996204763
2011-07-06 19:56:23.0000007,9.68425228970224
2011-07-06 19:56:23.0000003,8.65443735812049
2014-12-15 10:41:15.0000001,5.098009270804032
2014-12-15 10:41:15.0000002,21.21224612940742
2014-12-15 10:41:15.0000003,12.643307257694355
2011-08-14 21:39:31.0000001,8.906970769778741
2011-08-14 21:39:31.0000002,8.683007034027238
2010-06-06 21:04:55.0000001,6.970878407199237
2013-09-27 19:02:51.0000001,12.388662956572778
2013-09-27 19:02:51.0000003,36.73512670180919
2013-09-27 19:02:51.0000004,7.735373119869823
2013-09-27 19:02:51.0000002,9.138677061781678
2013-05-28 18:24:27.0000003,13.660433177182659
2013-05-28 18:24:27.0000001,6.918725466880119
2013-05-28 18:24:27.0000004,7.390079762683868
2013-05-28 18:24:27.0000002,4.827101914125454
2015-06-15 14:34:03.0000002,5.5256968621418086
2010-07-04 16:44:11.0000001,7.664454176089582
2010-07-04 16:44:11.0000002,9.322309755883355
2014-11-26 06:46:23.0000001,12.78375185593284
2010-07-27 11:37:43.0000001,14.24884209774245
2010-07-27 11:37:43.0000003,8.39119138510976
2010-07-27 11:37:43.0000005,16.005380443257753
2010-07-27 11:37:43.0000006,9.950258792021645
2010-07-27 11:37:43.0000004,8.39119138510976
2010-07-27 11:37:43.0000002,28.05247803342578
2010-12-19 16:25:15.0000004,11.114504920488043
2010-12-19 16:25:15.0000003,6.481095728488116
2010-12-19 16:25:15.0000001,8.554394320080453
2012-08-19 12:06:39.0000001,5.040492638666299
2011-02-26 12:32:15.0000001,4.776391278081455
2011-02-26 12:32:15.0000002,5.415451468734292
2015-06-18 20:56:55.0000003,8.935198159256391
2015-06-18 20:56:55.0000005,28.326199716196307
2015-06-18 20:56:55.0000007,36.36448752190009
2015-06-18 20:56:55.0000006,5.098009270804032
2013-11-24 21:33:11.0000001,56.54039796339134
2013-11-24 21:33:11.0000002,11.137813540935559
2015-04-28 20:15:27.0000002,52.35008281223035
2015-04-28 20:15:27.0000006,8.297420250014769
2015-04-28 20:15:27.0000001,8.852611125912478
2015-04-28 20:15:27.0000005,7.484815111680552
2015-04-28 20:15:27.0000008,14.72194355066937
2013-01-23 13:49:19.0000002,9.969972376185774
2013-01-23 13:49:19.0000003,36.24853710899711
2014-03-12 19:19:31.0000003,23.93983266867308
2014-03-12 19:19:31.0000001,28.18944982601612
2014-03-12 19:19:31.0000002,8.352560685686766
2010-07-26 09:54:11.0000001,5.067226456770709
2012-01-03 08:49:15.0000002,6.146684778409267
2012-01-03 08:49:15.0000001,48.24198919170788
2012-01-03 08:49:15.0000004,5.400497907269119
2012-01-03 08:49:15.0000003,5.067226456770709
2012-11-05 14:49:19.0000002,14.882507625194199
2012-11-05 14:49:19.0000001,4.757585793058761
2012-06-09 19:03:11.0000004,8.36579697856167
2012-06-09 19:03:11.0000006,10.828799239120643
2012-06-09 19:03:11.0000002,4.757585793058761
2012-06-09 19:03:11.0000003,11.320289780960092
2012-06-09 19:03:11.0000001,9.086229578504692
2010-10-17 23:12:19.0000004,8.76717494123714
2010-10-17 23:12:19.0000005,6.464229492585441
2010-10-17 23:12:19.0000001,5.728381068663981
2010-10-17 23:12:19.0000002,10.41564623400063
2010-10-17 23:12:19.0000003,5.902284936785798
2014-06-07 12:21:11.0000001,38.00748408126159
2014-06-07 12:21:11.0000004,7.745718639660905
2011-09-08 22:37:43.0000004,6.690939003379069
2011-09-08 22:37:43.0000003,8.730714130368685
2011-09-08 22:37:43.0000005,16.250962459926093
2011-09-08 22:37:43.0000002,10.573446701243578
2014-10-30 19:25:15.0000003,55.6680252790026
2014-10-30 19:25:15.0000005,5.10002691081864
2014-10-30 19:25:15.0000001,5.098009270804032
2014-10-30 19:25:15.0000002,40.28756736111366
2014-10-30 19:25:15.0000004,8.352560685686766
2010-06-18 22:52:11.0000002,5.040492638666299
2011-02-16 05:49:51.0000001,6.520549261654414
2011-09-13 13:31:51.0000004,6.122268715675981
2011-09-13 13:31:51.0000003,47.363639170539756
2011-09-13 13:31:51.0000002,5.951824849490786
2009-09-28 04:31:39.0000001,11.68741583958613
2009-01-11 03:31:55.0000001,15.564086477217682
2009-01-11 03:31:55.0000003,9.636211075302874
2009-01-11 03:31:55.0000004,12.539503065105583
2009-01-11 03:31:55.0000002,6.209193434622669
2014-01-24 03:38:19.0000001,19.83118278869691
2014-08-06 18:03:31.0000002,10.504935402397928
2014-08-06 18:03:31.0000001,9.503262866477424
2009-08-26 00:46:43.0000001,6.610739446161254
2014-01-19 09:28:55.0000001,19.485975044776357
2010-01-27 06:01:59.0000001,6.867395875522985
2011-11-30 23:09:47.0000003,12.12312264794449
2011-11-30 23:09:47.0000002,10.414725017858611
2011-11-30 23:09:47.0000001,6.481095728488116
2014-08-03 23:37:31.0000003,11.965127873455412
2014-08-03 23:37:31.0000002,13.495241276588581
2014-08-03 23:37:31.0000001,8.352560685686766
2014-10-06 09:24:11.0000002,19.286300958840265
2014-10-06 09:24:11.0000004,36.109480490775695
2014-10-06 09:24:11.0000003,9.947823443662148
2014-10-06 09:24:11.0000001,9.802960203028928
2009-08-28 12:38:19.0000001,11.004785356677708
2009-08-28 12:38:19.0000004,17.664298625128808
2009-08-28 12:38:19.0000003,27.438870478044684
2009-08-28 12:38:19.0000002,6.9852548555889555
2012-03-15 18:23:55.0000001,6.083635019827851
2012-03-15 18:23:55.0000004,11.575826670243233
2012-03-15 18:23:55.0000005,8.01360808070081
2012-03-15 18:23:55.0000003,7.642118886612417
2011-11-23 21:07:43.0000003,5.040492638666299
2011-11-23 21:07:43.0000002,12.821108469735856
2012-11-23 07:58:23.0000001,7.25447347540719
2010-11-17 19:10:23.0000007,25.16325899103105
2010-11-17 19:10:23.0000006,7.709778371365644
2010-11-17 19:10:23.0000001,6.013392896124735
2010-11-17 19:10:23.0000002,29.87541665023
2010-11-17 19:10:23.0000008,9.602790721796406
2010-11-17 19:10:23.0000004,5.70457585792415
2015-02-14 13:15:19.0000003,12.662106219015325
2015-02-14 13:15:19.0000006,10.26308408801121
2015-02-14 13:15:19.0000004,5.541948675701339
2015-02-14 13:15:19.0000008,7.857879452206193
2015-02-14 13:15:19.0000001,16.702601974060464
2013-01-12 22:40:39.0000003,4.971553417654505
2013-01-12 22:40:39.0000004,11.180795081807913
2013-01-12 22:40:39.0000001,13.34836403060084
2013-01-12 22:40:39.0000005,7.484815111680552
2013-01-12 22:40:39.0000006,5.098009270804032
2011-04-12 12:06:07.0000002,6.146684778409267
2011-04-12 12:06:07.0000001,30.071650833542634
2010-11-04 20:14:39.0000005,5.264184645056053
2010-11-04 20:14:39.0000002,6.39709390739075
2010-11-04 20:14:39.0000004,8.298433377427525
2010-11-04 20:14:39.0000003,6.953701715513752
2010-11-04 20:14:39.0000001,7.082152273608531
2011-04-25 19:14:55.0000003,10.416410708441294
2011-04-25 19:14:55.0000001,6.552232765908886
2011-04-25 19:14:55.0000004,6.9852548555889555
2011-04-25 19:14:55.0000002,6.95971890221804
2011-04-25 19:14:55.0000005,6.9852548555889555
2010-02-15 14:20:31.0000001,8.39119138510976
2013-03-23 15:41:07.0000001,10.316628208354391
2013-03-23 15:41:07.0000004,9.737211876789413
2013-03-23 15:41:07.0000005,6.445119552360852
2012-12-09 06:04:39.0000001,54.22949076509192
2013-11-07 16:38:15.0000003,7.728853544286872
2013-11-07 16:38:15.0000002,7.83949272763584
2013-11-07 16:38:15.0000001,6.649275058953958
2011-08-08 11:18:15.0000004,8.347656761096871
2011-08-08 11:18:15.0000003,7.627171231814994
2011-08-08 11:18:15.0000002,6.9852548555889555
2009-05-08 22:14:51.0000004,5.067226456770709
2009-05-08 22:14:51.0000001,12.60536155626482
2009-05-08 22:14:51.0000003,12.35014005694363
2012-11-15 18:22:19.0000002,13.219317146700993
2012-11-15 18:22:19.0000007,6.428256612357467
2012-11-15 18:22:19.0000003,4.776391278081455
2012-11-15 18:22:19.0000005,7.500781265800997
2012-11-15 18:22:19.0000001,18.47589021980131
2012-11-15 18:22:19.0000004,7.381892193070039
2012-11-15 18:22:19.0000006,9.118177942114535
2010-01-31 00:33:03.0000002,6.740930182179935
2010-01-31 00:33:03.0000004,5.040492638666299
2010-01-31 00:33:03.0000001,20.91965194848621
2010-01-31 00:33:03.0000007,5.773758902832627
2010-01-31 00:33:03.0000003,11.064272838321
2012-04-20 07:30:43.0000003,6.083635019827851
2012-04-20 07:30:43.0000002,13.37498267273403
2012-04-20 07:30:43.0000004,7.337377415381132
2012-04-20 07:30:43.0000001,10.219916683234214
2009-09-29 09:38:15.0000002,6.481095728488116
2009-09-29 09:38:15.0000001,9.315374825929016
2010-12-31 05:30:19.0000002,6.980269509316597
2010-12-31 05:30:19.0000001,12.485677764116442
2009-01-18 18:22:07.0000001,19.734191006840046
2009-01-28 11:27:19.0000002,5.040492638666299
2013-05-04 05:00:43.0000001,9.791806164065038
2014-02-23 13:22:03.0000002,6.795081437192735
2014-02-23 13:22:03.0000001,5.098009270804032
2010-10-28 12:38:55.0000003,8.438526756294133
2010-10-28 12:38:55.0000002,6.469858047990478
2010-10-28 12:38:55.0000001,11.092487800628987
2015-05-20 19:39:11.0000002,14.50080350839822
2015-05-20 19:39:11.0000009,12.388662956572778
2015-05-20 19:39:11.0000001,10.813035745278317
2015-05-20 19:39:11.0000008,11.38292729614874
2015-05-20 19:39:11.0000007,29.875298313372923
2015-05-20 19:39:11.0000005,8.048646416352302
2015-05-20 19:39:11.0000006,8.352560685686766
2015-03-20 16:33:07.0000002,8.352560685686766
2015-03-20 16:33:07.0000001,7.484815111680552
2013-04-26 17:05:07.0000001,8.352560685686766
2014-01-11 17:47:47.0000005,25.86136919963109
2014-01-11 17:47:47.0000006,6.722203392719448
2014-01-11 17:47:47.0000002,17.698542631673554
2014-01-11 17:47:47.0000003,7.109723170094961
2014-01-11 17:47:47.0000004,9.857437721303985
2012-03-10 10:48:43.0000001,9.265831656480682
2012-03-10 10:48:43.0000004,9.738240590812463
2012-03-10 10:48:43.0000003,6.927187692326305
2012-03-10 10:48:43.0000005,5.040492638666299
2012-03-10 10:48:43.0000002,8.39119138510976
2012-07-12 02:46:07.0000002,21.958818842853304
2009-01-06 14:48:51.0000003,5.382095408587434
2009-01-06 14:48:51.0000002,5.526194953802452
2009-01-06 14:48:51.0000001,5.717415741025852
2015-04-15 03:30:27.0000001,6.208594814702599
2015-04-26 21:44:23.0000001,36.507380980803745
2015-04-26 21:44:23.0000003,14.105266388129115
2014-11-24 05:03:51.0000001,17.940214639059032
2014-03-05 23:16:07.0000002,57.73497700441743
2015-01-04 00:28:11.0000005,7.1679366592332014
2015-01-04 00:28:11.0000001,9.953366812766998
2015-01-04 00:28:11.0000002,5.158693574178448
2015-01-04 00:28:11.0000003,10.222055606531045
2014-12-17 20:56:31.0000004,6.445119552360852
2014-12-17 20:56:31.0000002,15.366195413543258
2014-12-17 20:56:31.0000001,9.613689779802897
2010-10-04 16:17:03.0000002,4.894811016887343
2010-10-04 16:17:03.0000003,4.757585793058761
2010-10-04 16:17:03.0000005,7.09652872199825
2010-10-04 16:17:03.0000004,11.733807338392136
2010-10-09 15:48:51.0000001,5.040492638666299
2010-10-09 15:48:51.0000005,11.071584227115563
2010-10-09 15:48:51.0000002,5.040492638666299
2013-10-10 11:09:23.0000006,5.098009270804032
2013-10-10 11:09:23.0000004,8.47036394014508
2013-10-10 11:09:23.0000002,5.174812878048644
2013-10-10 11:09:23.0000003,6.4503760008980136
2013-10-10 11:09:23.0000005,9.752773236997978
2010-12-14 00:39:07.0000001,19.488175299682574
2010-12-14 00:39:07.0000002,6.481095728488116
2010-12-14 00:39:07.0000003,10.19693607232502
2013-01-08 07:03:07.0000004,8.091903277076302
2013-01-08 07:03:07.0000003,11.119243715674056
2013-01-08 07:03:07.0000002,7.141173391350803
2012-10-28 17:21:19.0000004,7.023742069275615
2012-10-28 17:21:19.0000002,5.040492638666299
2010-03-10 10:37:39.0000003,7.1389101109073225
2010-03-10 10:37:39.0000004,6.536525477428451
2010-03-10 10:37:39.0000001,6.43520201223126
2010-03-10 10:37:39.0000002,13.311659516597448
2012-04-27 22:32:19.0000001,5.526194953802452
2012-04-27 22:32:19.0000003,5.4774755946260605
2009-04-14 06:55:19.0000001,46.42010901575497
2009-04-14 06:55:19.0000002,5.01241007994669
2013-07-22 14:22:51.0000001,21.67369347204899
2012-02-11 21:23:07.0000002,5.040492638666299
2012-02-11 21:23:07.0000001,7.664454176089582
2012-02-11 21:23:07.0000004,4.757585793058761
2012-02-11 21:23:07.0000003,5.526194953802452
2015-05-10 12:37:51.0000001,19.496297586014727
2015-05-10 12:37:51.0000004,4.950638472579564
2015-05-10 12:37:51.0000006,7.484815111680552
2010-12-11 13:31:11.0000001,9.521570127267829
2010-12-11 13:31:11.0000002,11.071584227115563
2010-03-01 22:21:55.0000001,4.914036785516773
2010-03-01 22:21:55.0000004,10.526219741536266
2014-11-03 22:00:07.0000001,9.844493766873075
2009-08-26 16:50:19.0000001,4.899996357193207
2009-08-26 16:50:19.0000002,6.970878407199237
2010-06-07 10:02:51.0000002,4.757585793058761
2010-06-07 10:02:51.0000001,6.43520201223126
2010-06-07 10:02:51.0000004,15.922239651686692
2010-06-07 10:02:51.0000003,11.620193345959906
2015-03-08 14:59:23.0000002,17.1484429132168
2015-03-08 14:59:23.0000004,55.87005979746543
2015-03-08 14:59:23.0000005,19.991740089910504
2010-12-13 05:52:47.0000001,8.71945698937402
2012-10-12 15:21:55.0000001,5.728381068663981
2011-05-17 07:53:55.0000002,5.526194953802452
2011-05-17 07:53:55.0000004,7.337377415381132
2011-05-17 07:53:55.0000001,10.262281440927968
2012-12-26 20:55:27.0000002,10.531729560478428
2012-12-26 20:55:27.0000005,8.930118700129047
2012-12-26 20:55:27.0000004,11.386882984012212
2009-02-22 14:59:11.0000001,13.150470431467548
2011-12-17 16:19:47.0000003,13.05791492849347
2011-12-17 16:19:47.0000001,9.874348705794583
2014-12-02 23:54:11.0000002,10.166617706401567
2014-12-02 23:54:11.0000001,9.645923906702269
2014-11-11 11:21:07.0000001,4.896538220483611
2014-07-11 12:35:19.0000003,11.803139027667566
2014-07-11 12:35:19.0000001,8.27620650423464
2014-07-11 12:35:19.0000002,15.20714900584313
2010-01-25 15:04:11.0000001,5.067226456770709
2010-01-25 15:04:11.0000002,9.323391185199624
2014-01-26 13:51:39.0000002,9.131155700930842
2014-01-26 13:51:39.0000003,7.484815111680552
2011-11-18 04:49:19.0000002,5.728381068663981
2011-11-18 04:49:19.0000003,47.52083781754235
2011-11-18 04:49:19.0000001,5.040492638666299
2014-11-30 15:46:23.0000001,8.352560685686766
2014-11-30 15:46:23.0000004,9.532315774693718
2014-11-30 15:46:23.0000006,33.69816511616066
2014-11-30 15:46:23.0000005,5.098009270804032
2011-08-20 15:50:39.0000002,30.22394547926384
2010-06-22 14:25:19.0000005,12.146793055094829
2010-06-22 14:25:19.0000003,6.0602292575984364
2010-06-22 14:25:19.0000002,6.0602292575984364
2010-06-22 14:25:19.0000006,5.214901024829797
2010-06-22 14:25:19.0000004,8.95404495555824
2010-12-06 18:51:31.0000001,9.97098561588812
2010-12-06 18:51:31.0000002,15.922239651686692
2014-05-25 19:46:59.0000004,18.00453113166902
2014-05-25 19:46:59.0000002,7.405763326245736
2014-05-25 19:46:59.0000001,8.709945000945005
2009-11-20 14:03:03.0000003,7.228812168795384
2009-11-20 14:03:03.0000004,13.545234135457079
2009-11-20 14:03:03.0000001,11.567429920970076
2009-11-20 14:03:03.0000005,7.129774098731521
2009-11-20 14:03:03.0000002,8.482847843568333
2010-09-17 18:21:11.0000001,13.90844743759963
2011-02-23 21:35:19.0000001,5.526194953802452
2011-02-23 21:35:19.0000002,12.298969566727372
2013-01-03 11:41:47.0000001,4.827101914125454
2014-04-04 05:47:11.0000001,16.390762044349838
2014-08-18 19:09:19.0000001,9.75085210399251
2014-08-18 19:09:19.0000002,15.535252987420105
2010-04-12 08:22:27.0000001,5.1401380104595775
2010-04-12 08:22:27.0000002,9.77371312851015
2010-06-05 08:18:11.0000002,15.423151179280842
2010-06-05 08:18:11.0000001,5.067226456770709
2010-06-05 08:18:11.0000003,30.260896010941774
2013-05-07 23:58:31.0000001,23.74172826255142
2013-01-11 20:08:07.0000002,7.484815111680552
2013-02-17 23:55:55.0000001,14.44750317310032
2013-02-17 23:55:55.0000002,22.21241417035276
2013-02-17 23:55:55.0000003,14.504823729041728
2010-11-26 06:04:59.0000001,5.728381068663981
2013-10-09 17:27:39.0000002,8.352560685686766
2013-02-27 13:28:43.0000003,7.713822130406369
2013-02-27 13:28:43.0000001,4.957512989330939
2013-02-27 13:28:43.0000004,7.349944911843164
2013-02-27 13:28:43.0000002,5.098009270804032
2009-08-28 07:10:39.0000001,8.915987002837902
2009-08-28 07:10:39.0000002,9.620334406960975
2009-08-28 07:10:39.0000004,5.6059007432440415
2009-08-28 07:10:39.0000003,5.524454744256293
2015-01-12 17:05:51.0000006,7.771617840810386
2015-01-12 17:05:51.0000007,6.2947159303081985
2015-01-12 17:05:51.0000002,4.951269952187913
2015-01-12 17:05:51.0000003,4.896538220483611
2014-05-01 07:16:07.0000001,5.098009270804032
2009-01-12 07:47:39.0000004,5.597022198110495
2009-01-12 07:47:39.0000002,7.337377415381132
2009-01-12 07:47:39.0000003,6.519217334463903
2014-02-09 21:05:31.0000001,23.064143815147364
2014-02-09 21:05:31.0000002,14.418605775972306
2012-05-14 03:52:59.0000001,7.317623695736314
2011-04-28 19:39:43.0000005,6.970878407199237
2011-04-28 19:39:43.0000001,6.146684778409267
2011-04-28 19:39:43.0000002,4.757585793058761
2011-04-28 19:39:43.0000004,4.757585793058761
2010-02-15 10:14:23.0000002,9.265831656480682
2010-02-15 10:14:23.0000003,19.980568243913
2010-02-15 10:14:23.0000004,9.918711211163068
2010-08-18 05:24:15.0000002,10.281296976080117
2010-08-18 05:24:15.0000001,8.687700978687191
2010-05-31 06:46:59.0000001,40.15041446405222
2014-11-17 00:03:47.0000002,13.08705802476619
2012-11-16 00:09:43.0000001,8.375542515459452
2012-03-09 06:03:23.0000001,10.166415887901138
2013-10-18 13:05:19.0000002,7.484815111680552
2013-10-18 13:05:19.0000001,20.921004082451734
2013-10-18 13:05:19.0000003,5.098009270804032
2010-01-16 04:52:31.0000001,32.59857817563325
2013-08-18 00:32:15.0000002,15.775073370689844
2013-08-18 00:32:15.0000001,7.506584385108816
2010-12-11 16:12:35.0000004,13.253986131719605
2010-12-11 16:12:35.0000005,7.79904339308642
2010-12-11 16:12:35.0000001,7.700497031743785
2010-12-11 16:12:35.0000002,8.482847843568333
2013-05-23 12:09:23.0000001,12.662106219015325
2013-05-23 12:09:23.0000003,6.531074154920847
2013-05-23 12:09:23.0000002,6.5471934587910425
2014-12-11 08:20:39.0000003,6.829528060071183
2014-12-11 08:20:39.0000002,5.570155969007919
2011-01-28 19:41:11.0000002,5.31621019243694
2011-01-28 19:41:11.0000001,10.493047920751224
2011-03-24 04:46:51.0000001,29.437933269803693
2013-04-07 00:24:27.0000001,6.374775346287885
2013-04-07 00:24:27.0000003,6.422494710022711
2013-04-07 00:24:27.0000004,8.091903277076302
2010-08-17 21:22:39.0000002,21.433013266047062
2010-08-17 21:22:39.0000003,7.243218759242458
2010-08-17 21:22:39.0000001,6.86118931969052
2013-12-10 14:00:35.0000004,9.086779728226986
2013-12-10 14:00:35.0000001,8.405438491595804
2013-12-10 14:00:35.0000003,6.5471934587910425
2011-09-18 05:32:51.0000002,47.363639170539756
2011-09-18 05:32:51.0000001,8.934556796209908
2011-09-18 05:32:51.0000003,13.096901853308967
2011-09-10 20:44:59.0000002,8.730714130368685
2011-09-10 20:44:59.0000001,6.481095728488116
2011-04-28 09:50:03.0000002,30.21653170277653
2011-04-28 09:50:03.0000003,6.95971890221804
2011-04-28 09:50:03.0000004,7.664454176089582
2010-02-26 18:34:51.0000002,6.825115688234412
2013-12-05 23:29:15.0000001,13.54552172063752
2013-12-05 23:29:15.0000004,4.9463969960147125
2013-12-05 23:29:15.0000003,31.839380099487308
2013-12-05 23:29:15.0000005,55.87005979746543
2010-01-13 08:28:59.0000003,9.77371312851015
2010-01-13 08:28:59.0000001,9.77371312851015
2010-01-13 08:28:59.0000004,12.405709948966194
2010-01-13 08:28:59.0000005,6.95971890221804
2010-07-16 07:07:27.0000001,8.297619932732067
2012-06-16 14:33:19.0000002,9.305892106307976
2013-05-08 17:02:39.0000001,14.15853050775982
2013-05-08 17:02:39.0000003,11.803139027667566
2013-05-08 17:02:39.0000005,8.352560685686766
2013-05-08 17:02:39.0000004,5.098009270804032
2013-05-08 17:02:39.0000002,8.352560685686766
2013-05-08 17:02:39.0000006,6.5471934587910425
2013-05-08 17:02:39.0000007,9.879778891444204
2011-02-28 08:34:27.0000004,9.918711211163068
2011-02-28 08:34:27.0000002,5.526194953802452
2011-02-28 08:34:27.0000006,13.357087654722283
2011-02-28 08:34:27.0000007,5.526194953802452
2011-02-28 08:34:27.0000005,15.26989860293707
2011-02-28 08:34:27.0000003,9.323391185199624
2011-02-28 08:34:27.0000001,9.756383685782854
2012-12-13 19:05:27.0000001,4.914036785516773
2012-12-13 19:05:27.0000002,6.523502707865627
2012-12-13 19:05:27.0000003,8.94761008453985
2009-03-25 01:20:55.0000001,8.379492238681406
2011-01-18 12:43:35.0000001,10.286394249648692
2010-07-13 07:38:03.0000007,10.282928286337627
2010-07-13 07:38:03.0000004,10.069329963753132
2010-07-13 07:38:03.0000002,8.64634286488859
2010-07-13 07:38:03.0000006,15.083426593043313
2010-07-13 07:38:03.0000005,7.317623695736314
2010-07-13 07:38:03.0000001,6.867395875522985
2009-01-26 15:16:43.0000001,31.34306154510197
2009-01-26 15:16:43.0000002,4.757585793058761
2015-05-18 01:13:35.0000001,7.1679366592332014
2012-11-09 18:17:35.0000001,11.58688319702323
2012-11-09 18:17:35.0000006,8.833888242211138
2012-11-09 18:17:35.0000005,7.356356239699122
2012-11-09 18:17:35.0000003,9.33205076668831
2010-07-05 19:21:35.0000005,5.040492638666299
2010-07-05 19:21:35.0000003,5.040492638666299
2010-07-05 19:21:35.0000004,10.957559131151953
2010-07-05 19:21:35.0000002,10.803805989484141
2014-09-11 00:28:47.0000001,9.818531132824951
2014-09-11 00:28:47.0000002,6.4503760008980136
2010-03-22 16:20:15.0000001,30.215081105383916
2010-03-22 16:20:15.0000002,7.695197636312352
2009-06-21 00:54:23.0000003,14.438560264881271
2009-06-21 00:54:23.0000001,15.540942030163162
2013-05-02 14:48:31.0000001,12.863719124722305
2011-09-12 09:15:15.0000003,6.481095728488116
2011-09-12 09:15:15.0000004,7.779024220059841
2011-09-12 09:15:15.0000002,6.739710525394337
2011-09-12 09:15:15.0000001,6.464229492585441
2009-02-27 07:09:23.0000001,9.123410316912922
2011-08-22 10:42:15.0000003,10.939804691148431
2011-08-22 10:42:15.0000002,15.922239651686692
2011-08-22 10:42:15.0000001,6.876427773634758
2011-11-29 22:19:51.0000001,13.801481802573445
2011-11-29 22:19:51.0000002,12.060317613235343
2009-01-30 22:47:07.0000004,17.7343774274323
2009-01-30 22:47:07.0000001,5.526194953802452
2009-01-30 22:47:07.0000003,4.757585793058761
2012-04-18 20:03:35.0000004,9.131155700930842
2012-04-18 20:03:35.0000003,5.040492638666299
2012-04-18 20:03:35.0000001,10.329224996697645
2012-04-18 20:03:35.0000002,6.083635019827851
2013-09-26 20:54:19.0000002,11.965127873455412
2011-06-25 23:18:27.0000001,10.699982365638823
2009-01-17 02:21:55.0000001,5.3316209192875625
2009-01-17 02:21:55.0000002,4.757585793058761
2014-11-01 15:31:15.0000002,13.470669795635771
2014-11-01 15:31:15.0000003,10.449164333802774
2014-11-01 15:31:15.0000004,6.234226871758986
2011-06-08 11:31:51.0000003,5.31621019243694
2011-06-08 11:31:51.0000002,6.9852548555889555
2011-06-08 11:31:51.0000001,8.39119138510976
2013-07-12 23:17:31.0000004,7.484815111680552
2013-07-12 23:17:31.0000005,55.87005979746543
2012-07-10 18:24:47.0000002,8.927210299479722
2012-07-10 18:24:47.0000001,18.480809098860956
2012-07-10 18:24:47.0000003,6.0602292575984364
2013-05-14 03:15:31.0000001,18.34252445352568
2009-04-20 21:08:35.0000006,6.1369236376544105
2009-04-20 21:08:35.0000003,6.8109930042731595
2009-04-20 21:08:35.0000002,16.01804410314971
2009-04-20 21:08:35.0000001,10.569778298130194
2011-01-19 08:30:47.0000003,9.286761825876827
2011-01-19 08:30:47.0000002,8.802301673619292
2011-01-19 08:30:47.0000001,6.825115688234412
2009-09-25 10:19:35.0000003,5.65858044414796
2009-09-25 10:19:35.0000001,8.554394320080453
2009-09-25 10:19:35.0000002,6.690939003379069
2012-02-17 15:11:23.0000001,5.59806352341559
2009-12-23 20:14:19.0000003,9.379294751217294
2009-12-23 20:14:19.0000001,5.712994192102835
2009-12-23 20:14:19.0000002,10.30688376371663
2012-09-14 05:42:59.0000001,8.789333112385904
2012-09-14 05:42:59.0000002,7.280009428778105
2009-04-06 13:47:15.0000002,18.027244703510906
2013-11-29 21:36:07.0000004,9.69202042098861
2011-11-07 00:22:31.0000001,5.728381068663981
2011-11-07 00:22:31.0000002,7.565490276516407
2009-09-04 08:02:51.0000001,11.004072640563265
2015-02-16 17:32:27.0000004,10.960888992775693
2015-02-16 17:32:27.0000002,9.898425809168838
2015-02-16 17:32:27.0000003,7.745718639660905
2015-02-16 17:32:27.0000001,8.15338952136569
2012-04-14 11:59:11.0000004,17.485993007468544
2012-04-14 11:59:11.0000002,4.804034357507094
2012-04-14 11:59:11.0000001,6.536525477428451
2011-12-11 11:05:51.0000001,5.728381068663981
2011-12-11 11:05:51.0000003,7.779024220059841
2010-01-03 13:07:27.0000001,11.916742167555075
2009-03-06 00:13:03.0000003,8.209490561761772
2009-03-06 00:13:03.0000001,10.288206016478552
2010-01-04 19:54:27.0000002,9.462154406948763
2010-01-04 19:54:27.0000001,6.572092246183094
2010-01-04 19:54:27.0000003,4.776391278081455
2014-08-01 16:50:03.0000004,19.98161090504795
2014-08-01 16:50:03.0000001,5.098009270804032
2014-08-01 16:50:03.0000003,13.685716884867816
2014-08-01 16:50:03.0000002,13.4974648507356
2010-11-25 16:22:19.0000001,5.040492638666299
2010-09-04 10:06:23.0000001,16.484381401110017
2009-04-28 13:35:27.0000002,9.77371312851015
2009-04-28 13:35:27.0000001,5.4774755946260605
2009-04-28 13:35:27.0000003,28.930440124784013
2009-04-28 13:35:27.0000004,7.928379061718284
2012-07-26 00:23:59.0000006,8.680139647986966
2012-07-26 00:23:59.0000007,4.899996357193207
2012-07-26 00:23:59.0000001,8.620017850923869
2012-07-26 00:23:59.0000004,7.666511161328226
2012-07-26 00:23:59.0000005,7.666511161328226
2012-07-26 00:23:59.0000002,11.19499820331951
2012-07-26 00:23:59.0000003,6.84185992215207
2014-04-29 15:15:43.0000002,9.879778891444204
2014-04-29 15:15:43.0000001,7.512861999649674
2014-04-29 15:15:43.0000003,5.009660358732555
2010-04-23 00:00:03.0000002,15.006441304493114
2010-04-23 00:00:03.0000003,5.526194953802452
2010-05-22 23:46:19.0000001,7.642118886612417
2010-05-22 23:46:19.0000002,18.034239698161663
2010-05-22 23:46:19.0000003,11.991189089739466
2014-06-14 12:32:11.0000005,10.47438467590078
2014-06-14 12:32:11.0000002,12.724355203760306
2014-06-14 12:32:11.0000004,12.643307257694355
2014-06-14 12:32:11.0000006,12.177897331916599
2014-06-14 12:32:11.0000003,38.55047104260116
2012-06-09 22:57:15.0000002,6.536525477428451
2012-06-09 22:57:15.0000005,6.9852548555889555
2014-04-22 01:28:15.0000001,26.703011345670763
2013-01-31 01:19:15.0000001,19.70325453910326
2013-01-31 01:19:15.0000002,12.531581812710398
2014-12-19 21:54:27.0000003,8.297420250014769
2014-12-19 21:54:27.0000002,17.232907011647647
2014-12-19 21:54:27.0000004,8.903465166993797
2014-12-19 21:54:27.0000001,13.330328194862542
2010-10-22 20:56:51.0000004,6.39709390739075
2010-10-22 20:56:51.0000001,15.807251528717867
2011-10-04 11:48:35.0000004,6.7682938418897916
2011-10-04 11:48:35.0000003,12.233113011659658
2011-10-04 11:48:35.0000002,6.926055808353299
2010-12-31 13:32:39.0000001,8.500377851654857
2010-04-10 11:05:27.0000002,6.118723208771672
2010-04-10 11:05:27.0000001,6.970878407199237
2013-10-02 21:12:59.0000001,10.667934981349369
2013-10-02 21:12:59.0000002,12.463264239144921
2013-10-02 21:12:59.0000004,7.857879452206193
2013-10-02 21:12:59.0000005,14.372637904673448
2013-10-02 21:12:59.0000006,12.217573202631595
2013-10-02 21:12:59.0000007,22.9995305480545
2013-10-02 21:12:59.0000008,17.1612621288912
2013-10-02 21:12:59.0000003,26.685816365474558
2009-03-14 05:27:55.0000001,7.339037794577027
2009-04-20 14:05:51.0000003,5.710669736889061
2009-04-20 14:05:51.0000002,15.936017243982088
2009-04-20 14:05:51.0000001,25.19551148943813
2009-04-20 14:05:51.0000004,9.286761825876827
2011-02-21 23:46:07.0000001,5.1401380104595775
2010-08-21 20:25:07.0000001,5.6059007432440415
2009-11-16 21:03:31.0000003,10.227749211995768
2009-11-16 21:03:31.0000002,15.71985310516747
2009-11-16 21:03:31.0000004,7.779024220059841
2009-11-16 21:03:31.0000001,16.099458139119022
2014-11-29 11:16:23.0000002,10.26308408801121
2014-11-29 11:16:23.0000001,9.737211876789413
2010-12-01 21:02:35.0000001,7.09652872199825
2010-12-01 21:02:35.0000002,7.643260362668158
2009-04-13 18:30:39.0000002,6.449678156107983
2009-04-13 18:30:39.0000001,7.664454176089582
2010-06-02 19:45:19.0000002,10.914638437779473
2010-06-02 19:45:19.0000001,8.6472420303843
2010-06-02 19:45:19.0000004,9.050971109371996
2012-04-16 14:29:35.0000001,5.040492638666299
2014-08-06 18:15:43.0000001,6.5031556413496485
2014-08-06 18:15:43.0000002,15.19067247013658
2010-04-20 11:53:23.0000005,8.102243648494007
2010-04-20 11:53:23.0000002,5.526194953802452
2010-04-20 11:53:23.0000006,5.040492638666299
2010-04-20 11:53:23.0000003,13.718032914378734
2010-04-20 11:53:23.0000004,10.89435307675293
2009-05-21 20:50:31.0000005,9.249201352074042
2009-05-21 20:50:31.0000006,11.770289321262762
2009-05-21 20:50:31.0000002,15.75707200094801
2009-05-21 20:50:31.0000001,14.850070947993654
2014-08-16 21:59:59.0000002,10.582286682255027
2014-08-16 21:59:59.0000001,16.239156945864067
2010-09-13 07:05:39.0000001,5.067226456770709
2010-09-13 07:05:39.0000002,5.040492638666299
2010-01-28 12:25:11.0000001,6.146684778409267
2013-10-13 19:39:55.0000005,5.498546219171186
2013-10-13 19:39:55.0000004,7.72743492161653
2013-10-13 19:39:55.0000007,5.784928826198581
2013-10-13 19:39:55.0000001,11.326743747533452
2013-10-13 19:39:55.0000003,9.640817318362105
2013-10-13 19:39:55.0000006,5.174812878048644
2013-10-13 19:39:55.0000002,10.686831558278126
2013-09-20 13:38:55.0000003,7.75648300132992
2013-09-20 13:38:55.0000002,13.660433177182659
2013-09-20 13:38:55.0000006,9.21390863297113
2013-09-20 13:38:55.0000001,10.392136170730694
2014-11-11 12:10:59.0000003,7.9617921787759585
2014-11-11 12:10:59.0000002,11.905107673479547
2012-09-09 23:40:03.0000001,16.674956567254956
2013-02-18 11:13:23.0000004,21.67369347204899
2013-02-18 11:13:23.0000001,5.602796336157804
2013-02-18 11:13:23.0000003,28.327632579584623
2013-02-18 11:13:23.0000002,7.484815111680552
2011-06-05 12:38:43.0000002,6.825115688234412
2011-06-05 12:38:43.0000003,6.9852548555889555
2011-06-05 12:38:43.0000001,47.363639170539756
2014-11-27 07:37:55.0000001,8.12917615646236
2010-05-23 15:28:55.0000001,10.961864663305228
2012-10-15 20:10:31.0000001,5.667204960886342
2012-10-15 20:10:31.0000004,13.266767934572139
2012-10-15 20:10:31.0000002,15.505768866344548
2012-10-15 20:10:31.0000003,5.728381068663981
2012-06-27 06:52:39.0000001,8.208129705556491
2013-06-07 13:52:55.0000001,6.628244938181337
2013-06-07 13:52:55.0000002,8.010414355875366
2013-06-07 13:52:55.0000006,27.999856991940437
2013-06-07 13:52:55.0000003,10.504935402397928
2013-06-07 13:52:55.0000004,8.046633904571292
2009-06-04 19:34:15.0000003,10.828799239120643
2009-06-04 19:34:15.0000001,11.134448705582146
2009-06-04 19:34:15.0000004,11.285031746551603
2009-06-04 19:34:15.0000002,9.480429003846536
2013-09-29 22:12:07.0000002,17.004878729262494
2013-09-29 22:12:07.0000003,8.930464445781563
2013-12-04 08:37:11.0000003,9.215960412353201
2013-12-04 08:37:11.0000002,13.629046007337546
2013-12-04 08:37:11.0000001,14.15853050775982
2010-05-02 12:39:55.0000002,9.177678494182732
2009-07-13 01:18:55.0000002,5.067226456770709
2009-07-13 01:18:55.0000001,6.686062475383897
2015-05-20 00:59:15.0000004,5.098009270804032
2015-05-20 00:59:15.0000003,21.840227295483757
2009-12-03 18:02:47.0000001,9.435100228057799
2014-06-24 02:41:11.0000001,31.678323484969695
2012-01-13 02:08:43.0000001,8.302308598614552
2012-08-06 21:07:55.0000001,13.26630545962675
2012-08-06 21:07:55.0000002,10.232796545470855
2012-08-06 21:07:55.0000004,5.828931299638322
2012-08-06 21:07:55.0000005,8.683007034027238
2012-08-06 21:07:55.0000003,7.664454176089582
2009-07-13 07:32:31.0000001,7.317623695736314
2009-07-13 07:32:31.0000003,6.87000104671858
2009-07-13 07:32:31.0000002,9.663475030659194
2014-09-10 17:52:51.0000001,5.098009270804032
2014-09-10 17:52:51.0000003,9.684860939530562
2014-09-10 17:52:51.0000002,15.832807088333604
2014-09-10 17:52:51.0000005,11.00654275365157
2014-09-10 17:52:51.0000004,10.805806338046867
2009-09-28 19:21:59.0000004,5.040492638666299
2009-09-28 19:21:59.0000005,7.070992768627335
2009-09-28 19:21:59.0000002,6.509162733667654
2009-09-28 19:21:59.0000008,7.779024220059841
2009-09-28 19:21:59.0000001,6.388912657523375
2015-05-23 12:59:39.0000004,11.335483325887989
2015-05-23 12:59:39.0000002,13.627090432116109
2015-05-23 12:59:39.0000001,7.484815111680552
2010-02-10 12:16:03.0000001,5.680244995808591
2010-02-10 12:16:03.0000002,11.779776931304507
2014-01-11 23:10:59.0000004,14.569223820437326
2014-01-11 23:10:59.0000003,17.843658231317626
2014-01-11 23:10:59.0000005,16.468798678204443
2014-01-11 23:10:59.0000001,14.418605775972306
2014-01-11 23:10:59.0000002,23.586761925178244
2010-04-24 20:15:07.0000002,13.529541329171504
2013-08-07 00:31:07.0000001,55.87005979746543
2012-10-21 19:47:23.0000001,5.728381068663981
2012-10-21 19:47:23.0000003,8.966325899625208
2012-10-21 19:47:23.0000004,11.871577119859916
2013-05-24 07:22:51.0000002,5.604936131619541
2009-09-13 20:12:31.0000002,5.796262298061217
2009-09-13 20:12:31.0000001,6.738378598203828
2010-10-31 08:51:59.0000002,5.728381068663981
2010-10-31 08:51:59.0000001,16.613133820821467
2013-06-04 23:58:11.0000007,7.83949272763584
2013-06-04 23:58:11.0000001,15.557910757924086
2013-06-04 23:58:11.0000003,10.787037408696055
2013-06-04 23:58:11.0000005,7.456435678801829
2013-06-04 23:58:11.0000002,27.40573260852063
2013-06-04 23:58:11.0000004,9.980445461218803
2013-06-04 23:58:11.0000008,29.90231944135268
2010-03-22 22:11:31.0000001,14.311029638932288
2010-03-22 22:11:31.0000002,7.961178447418048
2011-01-15 12:49:59.0000002,12.909648011504709
2011-01-15 12:49:59.0000001,13.083713063424643
2009-06-13 18:36:47.0000001,14.803293368580492
2009-06-13 18:36:47.0000002,9.738240590812463
2009-06-13 18:36:47.0000003,10.697263815823309
2009-05-06 16:41:35.0000001,9.286761825876827
2014-08-08 17:32:47.0000004,5.098009270804032
2014-08-08 17:32:47.0000001,37.728744507114364
2014-08-08 17:32:47.0000002,14.21259601705425
2014-04-02 11:55:15.0000001,9.503262866477424
2014-04-02 11:55:15.0000002,5.098009270804032
2011-01-04 10:12:51.0000003,6.95971890221804
2011-01-04 10:12:51.0000004,5.38903641211297
2011-01-04 10:12:51.0000001,5.040492638666299
2011-01-04 10:12:51.0000005,4.963159459910392
2010-09-22 09:42:31.0000002,9.892387997056282
2010-09-22 09:42:31.0000004,9.922948655744117
2010-09-22 09:42:31.0000001,7.082152273608531
2013-08-19 19:39:23.0000003,8.352560685686766
2013-08-19 19:39:23.0000001,7.349944911843164
2014-07-08 10:21:39.0000002,8.352560685686766
2014-07-08 10:21:39.0000006,12.821189899145784
2014-07-08 10:21:39.0000003,4.827101914125454
2014-07-08 10:21:39.0000005,11.803139027667566
2014-07-08 10:21:39.0000004,10.866218050579675
2014-07-08 10:21:39.0000001,4.860425916619737
2015-03-11 16:36:39.0000003,11.803139027667566
2015-03-11 16:36:39.0000001,6.795081437192735
2015-03-11 16:36:39.0000002,16.96400519009518
2015-05-29 18:59:35.0000005,35.84298018780342
2015-05-29 18:59:35.0000004,12.863719124722305
2015-05-29 18:59:35.0000002,7.484815111680552
2015-05-29 18:59:35.0000001,7.713822130406369
2011-10-26 17:48:43.0000001,5.70457585792415
2011-10-26 17:48:43.0000008,5.728381068663981
2011-10-26 17:48:43.0000002,9.097955722489516
2011-10-26 17:48:43.0000004,7.626260878945262
2011-10-26 17:48:43.0000003,5.560015384602345
2011-10-26 17:48:43.0000007,4.804034357507094
2014-06-24 09:49:55.0000004,12.662106219015325
2014-06-24 09:49:55.0000007,5.158693574178448
2014-06-24 09:49:55.0000001,5.098009270804032
2014-06-24 09:49:55.0000006,5.646130830281256
2014-06-24 09:49:55.0000002,10.935683010555675
2014-06-24 09:49:55.0000003,7.484815111680552
2014-06-24 09:49:55.0000005,5.098009270804032
2009-03-14 20:59:19.0000001,12.307890526441353
2009-01-29 18:38:03.0000002,7.127283859775967
2009-01-29 18:38:03.0000001,29.953180584505702
2010-07-23 00:03:59.0000001,14.996366472759851
2013-01-11 12:28:03.0000004,7.83949272763584
2013-01-11 12:28:03.0000003,7.349944911843164
2013-01-11 12:28:03.0000002,5.098009270804032
2013-01-11 12:28:03.0000005,10.18942440806781
2013-01-11 12:28:03.0000001,7.857879452206193
2013-02-20 02:00:23.0000001,15.644582733569958
2013-02-20 02:00:23.0000002,5.253765298231188
2013-02-20 02:00:23.0000003,8.907499498610708
2009-11-03 19:53:27.0000004,12.790679076205384
2009-11-03 19:53:27.0000003,6.481095728488116
2009-12-19 21:56:15.0000002,7.345682025687113
2009-12-19 21:56:15.0000001,8.568626912530984
2014-03-22 12:24:03.0000001,37.2329851333467
2014-03-22 12:24:03.0000002,8.681558175370775
2009-12-21 21:20:43.0000003,8.34106708749608
2009-12-21 21:20:43.0000001,10.044480705158547
2009-08-21 15:35:07.0000002,5.328801931433597
2009-08-21 15:35:07.0000004,47.31576882151711
2009-08-21 15:35:07.0000003,5.524454744256293
2010-04-25 13:28:47.0000002,5.31621019243694
2010-04-25 13:28:47.0000003,23.217815670090808
2010-11-02 18:49:59.0000001,12.769569717279026
2010-11-02 18:49:59.0000003,5.040492638666299
2010-11-02 18:49:59.0000002,8.493790810058993
2011-04-02 00:27:03.0000006,6.867395875522985
2011-04-02 00:27:03.0000002,6.146684778409267
2011-04-02 00:27:03.0000004,5.526194953802452
2011-04-02 00:27:03.0000003,7.386996523585151
2011-04-02 00:27:03.0000005,7.676742672577423
2011-04-02 00:27:03.0000001,6.740930182179935
2013-12-29 12:31:55.0000001,10.36730954633848
2013-12-29 12:31:55.0000002,12.30629051044168
2013-12-29 12:31:55.0000003,8.352560685686766
2012-05-02 12:02:03.0000003,8.088276127729902
2012-05-02 12:02:03.0000002,11.438729835799288
2012-05-02 12:02:03.0000004,5.526194953802452
2012-05-02 12:02:03.0000005,7.023169832836837
2012-05-02 12:02:03.0000001,5.040492638666299
2009-07-21 10:36:43.0000001,5.040492638666299
2009-07-21 10:36:43.0000003,7.492878955249618
2009-07-21 10:36:43.0000002,6.970878407199237
2012-09-16 18:14:55.0000003,5.040492638666299
2012-09-16 18:14:55.0000001,10.422884781163443
2012-09-16 18:14:55.0000004,6.009395936029717
2010-04-21 06:28:47.0000002,7.317623695736314
2009-03-02 09:30:07.0000001,7.664454176089582
2009-03-02 09:30:07.0000002,5.027103361151073
2010-12-18 15:32:19.0000001,6.926055808353299
2013-02-20 08:23:31.0000001,6.445119552360852
2015-02-11 20:51:51.0000006,33.13040772093262
2015-02-11 20:51:51.0000002,10.116075487495552
2015-02-11 20:51:51.0000003,5.098009270804032
2015-02-11 20:51:51.0000005,6.1627305206721275
2015-02-11 20:51:51.0000007,9.69202042098861
2015-02-11 20:51:51.0000004,8.352560685686766
2013-12-07 01:41:59.0000001,11.395752787888197
2013-12-07 01:41:59.0000003,13.01401420850683
2014-03-04 12:06:35.0000002,6.765682986766677
2014-03-04 12:06:35.0000004,9.737211876789413
2014-03-04 12:06:35.0000003,12.863719124722305
2014-03-04 12:06:35.0000001,6.4230554806722875
2013-05-21 06:52:59.0000001,16.194977966737
2013-05-21 06:52:59.0000004,6.580887632292547
2013-05-21 06:52:59.0000002,7.1679366592332014
2009-09-09 08:09:19.0000002,7.09652872199825
2009-09-09 08:09:19.0000001,7.09652872199825
2012-06-22 20:50:55.0000001,17.42045775753595
2010-04-06 09:14:59.0000001,15.411693011060567
2010-04-06 09:14:59.0000003,5.0928941194691095
2010-04-06 09:14:59.0000002,30.215200607798472
2009-04-03 07:49:39.0000002,8.209490561761772
2009-04-03 07:49:39.0000001,7.337377415381132
2011-08-28 16:06:43.0000001,10.961864663305228
2010-12-19 15:52:31.0000001,11.325291723867542
2010-12-19 15:52:31.0000002,5.451251669469426
2010-12-19 15:52:31.0000004,5.040492638666299
2010-12-19 15:52:31.0000003,5.728381068663981
2014-07-12 00:15:59.0000004,6.309694285629554
2014-07-12 00:15:59.0000003,5.404522364339648
2014-07-12 00:15:59.0000002,8.646146235169716
2009-03-31 10:27:19.0000004,8.163591936844291
2009-03-31 10:27:19.0000002,6.9852548555889555
2009-03-31 10:27:19.0000001,17.7343774274323
2014-07-31 10:39:39.0000002,4.957512989330939
2012-06-02 07:16:31.0000001,5.717415741025852
2012-06-02 07:16:31.0000003,48.24198919170788
2012-06-02 07:16:31.0000002,14.648903711936054
2012-09-27 15:03:15.0000001,34.19327177374295
2012-07-05 02:23:47.0000001,5.526194953802452
2013-09-14 18:28:03.0000002,20.452352577571993
2013-09-14 18:28:03.0000003,19.459753097872092
2009-04-22 04:26:35.0000001,15.623235910197383
2015-02-14 09:08:11.0000003,9.544964633549991
2012-01-19 20:26:35.0000004,5.415451468734292
2012-01-19 20:26:35.0000005,12.098158168525861
2012-01-19 20:26:35.0000001,6.1369236376544105
2015-03-13 13:04:59.0000001,10.28600708444219
2015-03-13 13:04:59.0000002,10.481022112378524
2015-03-13 13:04:59.0000006,8.352560685686766
2015-03-13 13:04:59.0000004,5.098009270804032
2015-03-13 13:04:59.0000007,14.454870127348153
2015-03-13 13:04:59.0000003,8.194925192314162
2015-03-13 13:04:59.0000005,6.335783923327588
2013-07-25 13:47:39.0000002,8.931693436392692
2013-07-25 13:47:39.0000001,10.279376652690896
2014-03-07 11:45:35.0000001,10.044970282916717
2014-03-07 11:45:35.0000002,23.60746952284361
2013-10-31 06:09:15.0000001,19.658313338207677
2014-09-11 06:41:15.0000001,6.041787499956138
2014-09-11 06:41:15.0000002,5.098009270804032
2014-09-11 06:41:15.0000004,9.71839427468046
2014-09-11 06:41:15.0000003,12.922809087759628
2012-06-04 09:50:39.0000005,30.892997243851294
2012-06-04 09:50:39.0000003,5.4774755946260605
2012-06-04 09:50:39.0000001,11.575826670243233
2012-06-04 09:50:39.0000004,9.918711211163068
2012-06-04 09:50:39.0000002,7.332092120561742
2010-06-07 07:37:55.0000002,6.522768725287932
2010-06-07 07:37:55.0000003,5.067226456770709
2010-06-07 07:37:55.0000001,7.2163666621992535
2010-06-07 07:37:55.0000004,5.040492638666299
2015-02-25 18:00:51.0000009,6.525196979468115
2015-02-25 18:00:51.0000006,5.158693574178448
2015-02-25 18:00:51.0000002,23.99397771287906
2015-02-25 18:00:51.0000003,7.192437846695737
2015-02-25 18:00:51.00000010,7.367721333430191
2015-02-25 18:00:51.0000004,7.484815111680552
2015-02-25 18:00:51.0000005,6.320981574242098
2015-02-08 08:44:03.0000001,15.22176087916694
2010-12-11 15:16:35.0000001,5.728381068663981
2010-12-11 15:16:35.0000002,5.040492638666299
2014-05-19 18:38:19.0000002,5.545960089047588
2014-05-19 18:38:19.0000001,9.737211876789413
2009-07-19 08:38:51.0000001,6.970878407199237
2013-08-20 12:05:47.0000001,9.857437721303985
2013-08-20 12:05:47.0000003,8.52017725459289
2013-08-20 12:05:47.0000004,9.778933206920987
2013-08-20 12:05:47.0000002,11.335043101991387
2014-03-11 19:48:15.0000007,9.149154628021472
2014-03-11 19:48:15.0000001,10.803743535316826
2014-03-11 19:48:15.0000005,7.456435678801829
2014-03-11 19:48:15.0000006,11.38292729614874
2014-03-11 19:48:15.0000004,11.548753389390411
2014-03-11 19:48:15.0000002,17.47676375678422
2014-03-11 19:48:15.0000003,10.78866607378311
2013-01-09 02:05:51.0000002,7.279219884276799
2009-08-08 11:41:51.0000001,4.855959087488678
2009-08-08 11:41:51.0000004,11.438729835799288
2009-08-08 11:41:51.0000002,6.490318273611118
2014-06-18 16:08:03.0000001,8.352560685686766
2014-06-18 16:08:03.0000002,16.532740436341687
2013-06-02 16:26:47.0000003,10.120486757797423
2013-06-02 16:26:47.0000002,6.445119552360852
2009-07-29 10:02:47.0000002,7.642118886612417
2009-07-29 10:02:47.0000001,6.927187692326305
2013-02-16 14:26:51.0000002,7.484815111680552
2012-05-11 03:48:31.0000001,6.118723208771672
2010-01-22 05:47:59.0000001,8.739016010697444
2012-11-12 11:57:03.0000002,54.22949076509192
2012-01-04 00:06:39.0000001,6.853019427133266
2010-12-28 20:17:27.0000002,4.943221177926661
2010-12-28 20:17:27.0000001,6.804367104785402
2010-12-28 20:17:27.0000004,5.604358332162845
2009-03-18 08:03:07.0000002,11.473987870207777
2009-03-18 08:03:07.0000001,5.040492638666299
2011-10-07 12:38:19.0000004,13.79365655004409
2011-10-07 12:38:19.0000003,4.757585793058761
2011-10-07 12:38:19.0000002,17.875815588407796
2011-10-07 12:38:19.0000005,9.97098561588812
2009-12-12 22:01:31.0000005,12.060317613235343
2009-12-12 22:01:31.0000002,8.259332883871867
2009-12-12 22:01:31.0000004,5.712994192102835
2009-12-12 22:01:31.0000006,5.067226456770709
2009-12-12 22:01:31.0000003,10.565811177558032
2015-04-19 20:44:15.0000003,17.148842247399926
2015-04-19 20:44:15.0000002,6.445119552360852
2015-04-19 20:44:15.0000004,9.631885904747467
2012-03-23 01:36:31.0000002,6.693680748791095
2012-03-23 01:36:31.0000001,4.757585793058761
2014-10-08 21:24:47.0000001,12.217573202631595
2014-10-08 21:24:47.0000002,12.240337174536593
2011-02-03 01:27:31.0000001,18.050045900089522
2011-05-20 23:42:59.0000002,6.146684778409267
2014-01-04 10:54:59.0000001,19.593927634231804
2014-01-04 10:54:59.0000003,10.407056031537513
2009-11-23 05:45:11.0000001,29.490333470238518
2013-01-22 16:25:11.0000003,9.857437721303985
2013-01-22 16:25:11.0000002,38.884098427305084
2013-01-22 16:25:11.0000001,11.273973111239346
2015-05-12 08:31:07.0000007,36.43440136251072
2015-05-12 08:31:07.0000008,5.158693574178448
2015-05-12 08:31:07.0000001,10.504935402397928
2015-05-12 08:31:07.0000009,8.956797515092541
2015-05-12 08:31:07.0000005,7.661007349378958
2015-05-12 08:31:07.0000006,7.484815111680552
2015-05-12 08:31:07.0000002,33.565002385954486
2015-05-12 08:31:07.0000004,9.992140623514326
2013-09-26 06:58:55.0000001,7.620205752207771
2013-09-26 06:58:55.0000002,11.751416265755221
2014-09-14 23:26:11.0000003,13.35622140305947
2014-09-14 23:26:11.0000002,13.330328194862542
2009-08-26 08:06:15.0000002,11.575826670243233
2009-08-26 08:06:15.0000003,35.440755243962755
2009-08-26 08:06:15.0000001,6.838096277016385
2014-10-13 06:14:51.0000001,7.620205752207771
2013-02-02 16:07:55.0000002,12.662106219015325
2013-02-02 16:07:55.0000001,7.110462315932123
2013-02-02 16:07:55.0000003,8.352560685686766
2014-04-05 01:52:27.0000005,6.309694285629554
2014-04-05 01:52:27.0000001,23.755672545340676
2010-02-23 20:29:51.0000002,6.209193434622669
2010-02-23 20:29:51.0000003,7.25250456761912
2011-01-25 00:01:03.0000002,7.304876286833962
2011-01-25 00:01:03.0000001,11.06194194625024
2013-11-01 13:07:47.0000002,9.783794718807536
2013-11-01 13:07:47.0000001,8.612655670145195
2013-11-01 13:07:47.0000005,9.77642931581308
2013-11-01 13:07:47.0000004,9.737211876789413
2015-03-07 15:25:59.0000004,6.445119552360852
2015-03-07 15:25:59.0000002,20.81053697613006
2015-03-07 15:25:59.0000001,10.47438467590078
2013-10-06 21:05:11.0000002,28.438811055005083
2013-10-06 21:05:11.0000001,11.137813540935559
2009-04-16 15:57:31.0000002,6.825115688234412
2012-02-21 20:45:03.0000002,7.061221572067472
2012-02-21 20:45:03.0000001,8.683007034027238
2010-01-10 12:55:43.0000002,8.760607052068256
2015-01-31 01:05:19.0000004,18.685286072839347
2015-01-31 01:05:19.0000007,24.054294817085186
2015-01-31 01:05:19.0000006,8.098387597063113
2015-01-31 01:05:19.0000001,9.668399466806894
2015-01-31 01:05:19.0000003,5.098009270804032
2015-01-31 01:05:19.0000002,15.301860072391019
2011-10-23 17:43:43.0000001,5.934424275986228
2015-03-16 21:12:19.0000003,24.521331040694538
2015-03-16 21:12:19.0000004,8.297420250014769
2015-03-16 21:12:19.0000005,13.9675382416615
2015-03-16 21:12:19.0000008,17.079240193121002
2015-03-16 21:12:19.0000001,14.504823729041728
2012-09-29 20:16:51.0000001,7.381892193070039
2012-09-29 20:16:51.0000002,23.878364313977237
2012-09-29 20:16:51.0000003,6.59570435125214
2012-09-29 20:16:51.0000005,9.64387975808133
2009-08-03 16:28:07.0000001,4.804034357507094
2009-08-03 16:28:07.0000003,5.475735385079901
2009-08-03 16:28:07.0000004,6.586400536397804
2009-08-03 16:28:07.0000002,13.064418505340537
2009-07-30 15:49:15.0000003,8.39119138510976
2009-07-30 15:49:15.0000001,7.254088864827407
2009-07-30 15:49:15.0000005,7.150059602549279
2015-01-18 14:06:23.0000005,18.993264775047287
2015-01-18 14:06:23.0000002,21.67369347204899
2015-03-02 14:08:03.0000002,5.098009270804032
2015-03-02 14:08:03.0000001,7.83949272763584
2009-09-07 19:35:39.0000003,7.09652872199825
2009-09-07 19:35:39.0000002,9.602790721796406
2014-07-01 15:15:23.0000004,9.848960099067693
2014-07-01 15:15:23.0000002,16.041143966315765
2014-07-01 15:15:23.0000005,16.71925920377813
2014-07-01 15:15:23.0000006,5.098009270804032
2014-07-01 15:15:23.0000001,31.330364397024105
2013-04-18 02:55:07.0000001,21.097771650702008
2010-02-10 16:57:19.0000001,8.596711549459041
2013-02-15 18:45:39.0000001,11.273790186509178
2011-06-22 01:50:11.0000001,19.1955624010014
2014-05-06 23:54:59.0000002,15.960380538925767
2014-05-06 23:54:59.0000004,5.098009270804032
2014-05-06 23:54:59.0000003,4.957512989330939
2014-05-06 23:54:59.0000001,12.50716293759937
2012-04-23 21:05:31.0000003,21.97865812235262
2012-04-23 21:05:31.0000004,11.957058056290446
2012-04-23 21:05:31.0000002,12.478897017460845
2012-04-23 21:05:31.0000006,5.64085891001538
2012-04-23 21:05:31.0000001,42.85342766360728
2012-04-23 21:05:31.0000005,6.9852548555889555
2009-03-20 07:29:39.0000003,6.118723208771672
2009-03-20 07:29:39.0000001,14.587703196616786
2009-03-20 07:29:39.0000002,7.959980791070483
2014-06-25 15:08:19.0000001,7.237103808364074
2014-06-25 15:08:19.0000002,7.715960443149801
2011-06-09 14:51:15.0000003,8.39119138510976
2011-06-09 14:51:15.0000004,7.332092120561742
2011-06-09 14:51:15.0000001,7.642118886612417
2011-06-09 14:51:15.0000002,9.286761825876827
2015-01-27 13:08:24.0000001,5.098009270804032
2011-07-24 14:52:56.0000001,9.77371312851015
2011-10-08 11:53:44.0000001,14.853957645654853
2012-12-01 21:12:12.0000004,5.040492638666299
2013-11-22 15:43:12.0000001,4.827101914125454
2012-07-15 16:45:04.0000005,5.597022198110495
2012-07-15 16:45:04.0000001,6.572092246183094
2014-06-14 13:39:00.00000014,11.803139027667566
2014-06-14 13:39:00.000000113,9.883668794233287
2014-06-14 13:39:00.0000006,7.390079762683868
2014-06-14 13:39:00.000000139,9.883668794233287
2014-06-14 13:39:00.0000004,5.098009270804032
2014-06-14 13:39:00.000000171,10.835667324082527
2014-06-14 13:39:00.00000011,14.010741765512117
2014-06-14 13:39:00.00000064,5.545960089047588
2014-06-14 13:39:00.00000090,6.5471934587910425
2014-06-14 13:39:00.00000041,6.445119552360852
2014-06-14 13:39:00.00000081,4.8611714198485085
2014-06-14 13:39:00.000000164,9.857437721303985
2014-06-14 13:39:00.00000080,16.521172362845668
2014-06-14 13:39:00.00000026,34.25422013277809
2014-06-14 13:39:00.00000058,8.52017725459289
2014-06-14 13:39:00.000000150,14.491126325015017
2014-06-14 13:39:00.00000030,6.829528060071183
2014-06-14 13:39:00.00000091,4.9463969960147125
2014-06-14 13:39:00.000000175,6.445119552360852
2014-06-14 13:39:00.000000101,19.9396244621851
2014-06-14 13:39:00.00000085,8.445218170976002
2014-06-14 13:39:00.000000105,7.456435678801829
2014-06-14 13:39:00.00000069,6.445119552360852
2014-06-14 13:39:00.000000149,84.14850697304496
2010-08-22 21:14:08.0000004,5.040492638666299
2011-06-24 20:34:48.0000003,9.331806974487053
2011-06-24 20:34:48.0000004,5.4774755946260605
2011-03-28 20:38:36.0000001,10.286937847555214
2009-10-21 02:11:24.0000001,14.72962162454576
2011-05-21 13:16:20.0000002,9.77371312851015
2015-01-31 20:54:04.0000003,7.484815111680552
2010-05-10 10:37:04.0000001,8.103566522362136
2010-03-20 21:35:20.0000001,10.458355952669109
2010-03-20 21:35:20.0000002,9.131155700930842
2012-08-22 22:39:20.0000004,5.491122261641046
2012-08-22 22:39:20.0000002,10.190509396328423
2012-12-23 02:29:16.0000002,15.966233916634607
2011-10-02 23:36:00.00000031,5.728381068663981
2011-10-02 23:36:00.00000070,8.251187743850943
2011-10-02 23:36:00.00000068,13.473442201572041
2011-10-02 23:36:00.00000034,16.005380443257753
2011-10-02 23:36:00.00000042,8.730714130368685
2011-10-02 23:36:00.00000032,8.347364860259077
2011-10-02 23:36:00.00000028,5.560015384602345
2011-10-02 23:36:00.00000078,5.040492638666299
2011-10-02 23:36:00.00000027,9.397569348115068
2011-10-02 23:36:00.00000018,5.728381068663981
2011-10-02 23:36:00.00000061,9.397569348115068
2011-10-02 23:36:00.00000045,5.040492638666299
2011-10-02 23:36:00.00000016,5.626494053418059
2011-10-02 23:36:00.00000052,8.264528490896643
2011-10-02 23:36:00.00000098,8.566692801433653
2011-10-02 23:36:00.00000048,9.379294751217294
2013-03-21 12:47:28.0000004,7.484815111680552
2013-03-21 12:47:28.0000007,5.069926712084422
2010-09-05 22:31:32.0000001,10.267167833000423
2013-07-12 23:33:24.0000003,14.805521564804227
2015-06-08 20:02:56.0000002,14.805521564804227
2011-10-11 22:13:48.0000001,10.761340767705637
2011-10-11 22:13:48.0000004,5.70457585792415
2013-09-14 16:53:20.0000004,10.407218561595105
2013-09-14 16:53:20.0000003,19.932028563539806
2014-02-06 09:09:56.0000002,9.623488710991994
2009-06-10 16:55:00.00000028,6.536525477428451
2009-06-10 16:55:00.00000020,9.677076218416614
2009-06-10 16:55:00.0000001,5.067226456770709
2009-06-10 16:55:00.000000133,8.088276127729902
2009-06-10 16:55:00.00000026,6.95971890221804
2009-06-10 16:55:00.000000142,16.273351047712453
2009-06-10 16:55:00.00000038,6.222183159518376
2009-06-10 16:55:00.00000042,9.77371312851015
2009-06-10 16:55:00.000000112,5.526194953802452
2009-06-10 16:55:00.00000096,6.118723208771672
2009-06-10 16:55:00.00000050,8.276187122222474
2009-06-10 16:55:00.00000092,9.77371312851015
2009-06-10 16:55:00.000000167,7.361182177465298
2009-06-10 16:55:00.000000110,5.526194953802452
2009-06-10 16:55:00.00000015,10.89435307675293
2009-06-10 16:55:00.000000104,27.591338761753065
2009-06-10 16:55:00.00000019,47.31576882151711
2009-06-10 16:55:00.000000168,5.300192826863569
2009-06-10 16:55:00.00000059,8.776418416491595
2009-06-10 16:55:00.000000136,8.32744585878348
2009-06-10 16:55:00.00000087,30.31642459727916
2009-06-10 16:55:00.000000134,5.710669736889061
2009-06-10 16:55:00.00000032,6.9852548555889555
2013-06-26 11:19:36.0000001,7.484815111680552
2009-05-02 20:11:32.0000002,5.040492638666299
2009-05-02 20:11:32.0000003,12.324131660709691
2011-06-24 12:03:00.00000031,7.642118886612417
2011-06-24 12:03:00.00000064,6.0602292575984364
2011-06-24 12:03:00.000000153,13.945608291853711
2011-06-24 12:03:00.00000014,6.1369236376544105
2011-06-24 12:03:00.000000192,26.379278350985622
2011-06-24 12:03:00.000000121,6.79395335328269
2011-06-24 12:03:00.000000140,5.027103361151073
2011-06-24 12:03:00.000000155,5.040492638666299
2011-06-24 12:03:00.00000016,5.040492638666299
2011-06-24 12:03:00.00000084,5.804220289402896
2011-06-24 12:03:00.00000080,4.757585793058761
2011-06-24 12:03:00.000000123,4.776391278081455
2011-06-24 12:03:00.000000125,5.526194953802452
2011-06-24 12:03:00.00000032,8.39119138510976
2011-06-24 12:03:00.000000178,14.112132358612348
2011-06-24 12:03:00.00000090,10.89435307675293
2011-06-24 12:03:00.000000166,39.46687753965092
2011-06-24 12:03:00.000000108,5.526194953802452
2011-06-24 12:03:00.00000098,9.77371312851015
2011-06-24 12:03:00.000000104,28.970488186602722
2011-06-24 12:03:00.00000027,12.55004292632345
2011-06-24 12:03:00.000000151,8.955582234753061
2011-06-24 12:03:00.00000099,11.004785356677708
2011-06-24 12:03:00.00000077,23.943909702661802
2011-06-24 12:03:00.00000019,9.918711211163068
2011-06-24 12:03:00.00000091,8.347656761096871
2011-06-24 12:03:00.000000132,11.916742167555075
2011-06-24 12:03:00.000000161,6.970878407199237
2011-06-24 12:03:00.00000024,5.31621019243694
2011-06-24 12:03:00.00000034,9.972552397256319
2011-06-24 12:03:00.00000050,15.729142969831264
2011-06-24 12:03:00.00000023,42.387500543380476
2011-06-24 12:03:00.00000049,7.664454176089582
2011-06-24 12:03:00.000000115,11.473987870207777
2011-06-24 12:03:00.0000008,6.53519355023794
2014-06-15 07:06:00.00000021,15.451817704621352
2014-06-15 07:06:00.00000032,8.950451467474718
2014-06-15 07:06:00.00000029,5.159746547663133
2014-06-15 07:06:00.00000043,35.56218578437928
2014-06-15 07:06:00.0000007,6.395648888189548
2014-06-15 07:06:00.00000038,13.73270163592451
2014-06-15 07:06:00.00000020,8.202272778797845
2014-06-15 07:06:00.00000027,55.87005979746543
2012-08-09 01:30:36.0000001,10.313134054302894
2015-05-30 21:29:04.0000002,15.364660868864144
2015-05-30 21:29:04.0000005,9.69202042098861
2009-10-26 12:01:36.0000004,30.215200607798472
2013-02-02 15:45:08.0000004,8.352560685686766
2010-12-14 23:27:36.0000003,5.040492638666299
2010-12-14 23:27:36.0000004,5.70457585792415
2010-12-14 23:27:36.0000002,8.71405645717831
2014-04-14 13:48:32.0000001,35.89163240573179
2014-04-14 13:48:32.0000002,8.352560685686766
2014-08-07 16:57:56.0000001,8.352560685686766
2009-09-14 02:19:00.00000022,7.839807612634436
2009-09-14 02:19:00.00000010,11.43961766696086
2009-09-14 02:19:00.0000004,5.040492638666299
2009-09-14 02:19:00.00000011,4.914036785516773
2009-09-14 02:19:00.00000023,10.231338380925418
2009-09-14 02:19:00.00000041,5.040492638666299
2009-09-14 02:19:00.00000013,11.277482678093481
2014-03-17 16:07:56.0000001,8.352560685686766
2011-06-12 11:31:48.0000003,5.526194953802452
2011-06-12 11:31:48.0000001,8.102243648494007
2011-06-12 11:31:48.0000002,13.312340029013336
2015-06-24 14:19:52.0000003,11.803139027667566
2010-08-21 22:21:32.0000003,8.036494256532439
2012-01-26 11:17:36.0000001,5.596168366190152
2015-02-27 14:15:52.0000001,10.797078406337924
2015-02-27 14:15:52.0000002,10.385642212183663
2014-09-14 17:22:12.0000004,10.26308408801121
2009-01-02 17:45:40.0000004,32.072762067464666
2009-01-02 17:45:40.0000001,6.1369236376544105
2009-01-02 17:45:40.0000002,8.183524145948137
2009-01-02 17:45:40.0000003,5.526194953802452
2009-01-01 11:04:24.0000003,11.575826670243233
2009-01-01 11:04:24.0000001,6.970878407199237
2014-04-28 19:46:36.0000001,6.445119552360852
2011-06-01 07:37:00.000000192,17.796665462841855
2011-06-01 07:37:00.000000115,13.20422220332409
2011-06-01 07:37:00.00000089,6.867395875522985
2011-06-01 07:37:00.00000087,7.6641909085219195
2011-06-01 07:37:00.000000173,5.040492638666299
2011-06-01 07:37:00.000000166,8.716390349735082
2011-06-01 07:37:00.00000081,5.647919694595386
2011-06-01 07:37:00.00000041,5.31621019243694
2011-06-01 07:37:00.000000102,4.757585793058761
2011-06-01 07:37:00.000000215,12.756725435016188
2011-06-01 07:37:00.0000006,29.257464920060453
2011-06-01 07:37:00.000000161,6.146684778409267
2011-06-01 07:37:00.000000123,5.040492638666299
2011-06-01 07:37:00.000000117,7.497448663395909
2011-06-01 07:37:00.0000004,17.1370112840881
2011-06-01 07:37:00.000000133,9.594606902679185
2011-06-01 07:37:00.000000160,7.157741763972739
2011-06-01 07:37:00.000000136,16.239629839108254
2011-06-01 07:37:00.000000214,8.765341024662165
2011-06-01 07:37:00.00000047,11.129306551971652
2011-06-01 07:37:00.0000001,6.146684778409267
2011-06-01 07:37:00.00000096,5.31621019243694
2011-06-01 07:37:00.000000150,17.607057566626317
2011-06-01 07:37:00.00000072,15.848615150429449
2011-06-01 07:37:00.00000064,7.304876286833962
2010-08-27 18:45:00.00000048,15.61519083430677
2010-08-27 18:45:00.000000210,14.710489713777033
2010-08-27 18:45:00.000000159,4.898082074531852
2010-08-27 18:45:00.00000083,9.77371312851015
2010-08-27 18:45:00.000000145,5.328171442421372
2010-08-27 18:45:00.00000096,6.956701223032991
2010-08-27 18:45:00.00000036,5.773088361204449
2010-08-27 18:45:00.00000088,9.06518291504034
2010-08-27 18:45:00.000000116,11.473987870207777
2010-08-27 18:45:00.000000193,6.970878407199237
2010-08-27 18:45:00.000000121,5.388731683601959
2010-08-27 18:45:00.00000074,15.739359598189925
2010-08-27 18:45:00.00000075,8.869992795339694
2010-08-27 18:45:00.000000130,13.939643752054419
2010-08-27 18:45:00.000000224,6.230911307705922
2010-08-27 18:45:00.00000072,5.040492638666299
2010-08-27 18:45:00.000000128,8.39119138510976
2010-08-27 18:45:00.000000163,10.961864663305228
2010-08-27 18:45:00.000000171,8.39119138510976
2010-08-27 18:45:00.000000157,10.961864663305228
2010-08-27 18:45:00.000000147,6.240672448460779
2010-08-27 18:45:00.000000119,5.409309697576484
2010-08-27 18:45:00.000000111,6.158586533329443
2010-08-27 18:45:00.00000015,19.272392377303753
2010-08-27 18:45:00.00000062,5.539841620817438
2010-08-27 18:45:00.000000127,5.539841620817438
2010-08-27 18:45:00.000000223,4.757585793058761
2010-08-27 18:45:00.000000112,9.286761825876827
2010-08-27 18:45:00.000000201,16.374023873039512
2010-08-27 18:45:00.000000135,12.098158168525861
2010-08-27 18:45:00.00000092,7.642118886612417
2010-08-27 18:45:00.00000056,5.040492638666299
2010-08-27 18:45:00.000000105,9.77371312851015
2010-08-27 18:45:00.000000222,5.067226456770709
2010-08-27 18:45:00.00000023,7.642118886612417
2011-02-12 00:43:24.0000002,6.759368092590786
2014-05-07 06:50:20.0000004,7.691601163614787
2010-08-14 02:13:00.000000131,9.578166486129813
2010-08-14 02:13:00.00000097,7.13239618561404
2010-08-14 02:13:00.00000086,5.040492638666299
2010-08-14 02:13:00.00000051,7.987379013614289
2010-08-14 02:13:00.000000128,5.413465411489008
2010-08-14 02:13:00.00000074,8.379492238681406
2010-08-14 02:13:00.000000169,5.491122261641046
2010-08-14 02:13:00.000000127,8.788581302287618
2010-08-14 02:13:00.00000036,6.476603415785609
2010-08-14 02:13:00.00000068,27.356372158452416
2010-08-14 02:13:00.00000042,22.282459067684325
2010-08-14 02:13:00.000000115,20.309347392253493
2010-08-14 02:13:00.00000029,6.057896370407645
2010-08-14 02:13:00.0000003,44.95669124032548
2010-08-14 02:13:00.00000037,18.162809521461504
2010-08-14 02:13:00.000000121,4.757585793058761
2010-08-14 02:13:00.00000031,5.465270472666831
2010-08-14 02:13:00.00000094,13.008995270855886
2010-08-14 02:13:00.000000136,13.096204136305818
2010-08-14 02:13:00.00000018,8.035944229188654
2010-08-14 02:13:00.000000125,8.287476062136445
2010-08-14 02:13:00.00000041,18.538241033258753
2010-08-14 02:13:00.000000163,16.072492010911326
2010-08-14 02:13:00.000000126,7.337377415381132
2010-08-14 02:13:00.0000008,10.901981026370482
2010-08-14 02:13:00.00000057,5.539841620817438
2010-08-14 02:13:00.00000050,15.886818999251167
2010-08-14 02:13:00.000000152,5.236554652208352
2014-03-25 23:47:00.00000083,7.465884495957657
2014-03-25 23:47:00.000000139,6.2810217574923435
2014-03-25 23:47:00.000000122,21.58922973842001
2014-03-25 23:47:00.00000093,7.484815111680552
2014-03-25 23:47:00.00000039,10.603244798101846
2014-03-25 23:47:00.000000119,7.83949272763584
2014-03-25 23:47:00.00000067,13.489645248965719
2014-03-25 23:47:00.00000034,9.69697360446219
2014-03-25 23:47:00.00000040,14.666978444449018
2014-03-25 23:47:00.000000137,12.297778982406092
2014-03-25 23:47:00.00000076,23.586761925178244
2014-03-25 23:47:00.00000057,10.582286682255027
2014-03-25 23:47:00.000000104,8.938819184545553
2014-03-25 23:47:00.00000069,5.570155969007919
2015-06-05 08:38:56.0000008,20.016274741003883
2010-08-06 20:27:12.0000003,7.265634542325787
2012-08-03 12:33:08.0000001,5.539841620817438
2010-09-29 16:43:00.00000088,10.132016161453564
2010-09-29 16:43:00.00000034,12.233113011659658
2010-09-29 16:43:00.00000069,13.013746664181776
2010-09-29 16:43:00.000000172,9.131155700930842
2010-09-29 16:43:00.000000152,6.39524831903385
2010-09-29 16:43:00.00000084,8.423283723901875
2010-09-29 16:43:00.000000136,5.811649174622363
2010-09-29 16:43:00.000000126,8.554394320080453
2010-09-29 16:43:00.000000171,5.811649174622363
2010-09-29 16:43:00.000000139,5.709762159376442
2010-09-29 16:43:00.0000002,5.811649174622363
2010-09-29 16:43:00.00000070,8.355248306314968
2010-09-29 16:43:00.00000045,5.040492638666299
2010-09-29 16:43:00.0000009,9.521570127267829
2010-09-29 16:43:00.00000057,10.637493923944731
2010-09-29 16:43:00.000000118,6.690939003379069
2010-09-29 16:43:00.00000042,11.071584227115563
2010-09-29 16:43:00.000000130,7.779024220059841
2010-09-29 16:43:00.00000039,6.674913904405126
2010-09-29 16:43:00.00000032,7.037459700556303
2014-10-27 14:58:00.000000101,9.077546141535674
2014-10-27 14:58:00.00000023,10.349379248357263
2014-10-27 14:58:00.0000006,11.803139027667566
2014-10-27 14:58:00.000000113,6.445119552360852
2014-10-27 14:58:00.000000143,4.827101914125454
2014-10-27 14:58:00.00000090,5.57629625801614
2014-10-27 14:58:00.000000104,18.99531038031412
2014-10-27 14:58:00.000000148,38.464734016379346
2014-10-27 14:58:00.00000060,6.607904106215931
2014-10-27 14:58:00.000000129,21.58922973842001
2014-10-27 14:58:00.00000012,16.97186258804842
2014-10-27 14:58:00.00000035,16.351558306733782
2014-10-27 14:58:00.00000036,9.969185943582264
2014-10-27 14:58:00.000000150,9.380541461885688
2014-10-27 14:58:00.00000050,6.5471934587910425
2014-10-27 14:58:00.000000103,7.9802143372268315
2014-10-27 14:58:00.00000067,6.525196979468115
2014-10-27 14:58:00.00000066,6.234226871758986
2009-10-08 23:44:56.0000003,8.710422574779155
2012-11-03 17:11:00.00000064,12.192983776353522
2012-11-03 17:11:00.00000074,6.427743688097604
2012-11-03 17:11:00.000000132,54.22949076509192
2012-11-03 17:11:00.00000031,8.554747536930307
2012-11-03 17:11:00.00000028,9.027427260841296
2012-11-03 17:11:00.000000102,8.554747536930307
2012-11-03 17:11:00.00000067,8.566726446444566
2012-11-03 17:11:00.000000162,7.850281773528967
2012-11-03 17:11:00.00000054,12.329493664389663
2012-11-03 17:11:00.00000046,6.4915188982535925
2012-11-03 17:11:00.000000113,24.760329552253523
2012-11-03 17:11:00.00000093,6.512226010874744
2012-11-03 17:11:00.00000032,8.076770953472595
2012-11-03 17:11:00.00000052,15.785880320063864
2012-11-03 17:11:00.000000147,8.554747536930307
2012-11-03 17:11:00.000000125,7.424499704561741
2012-11-03 17:11:00.00000086,6.916242479736992
2012-11-03 17:11:00.0000009,8.566726446444566
2012-11-03 17:11:00.000000136,7.023742069275615
2012-11-03 17:11:00.00000077,9.118177942114535
2012-11-03 17:11:00.00000099,14.837476278148852
2012-11-03 17:11:00.00000096,9.741266252617718
2012-11-03 17:11:00.000000161,7.268644464986288
2012-11-03 17:11:00.000000124,9.722135972186567
2012-11-03 17:11:00.00000016,18.042599894189955
2012-11-03 17:11:00.00000058,4.771626221382324
2012-11-03 17:11:00.00000083,9.118177942114535
2012-11-03 17:11:00.00000082,8.372753347295916
2012-11-03 17:11:00.00000075,44.92074354310938
2012-11-03 17:11:00.00000061,10.034764708244918
2012-11-03 17:11:00.00000012,7.283882918930525
2012-11-03 17:11:00.00000057,4.757585793058761
2012-11-03 17:11:00.00000037,5.040492638666299
2012-11-03 17:11:00.000000106,6.633191298028203
2009-05-07 13:58:32.0000002,27.201519181572525
2011-05-28 17:29:44.0000001,84.88185310125156
2011-05-28 17:29:44.0000004,29.53938234125966
2011-12-25 21:26:32.0000002,7.082152273608531
2009-05-06 01:49:12.0000002,15.876894393181937
2009-05-06 01:49:12.0000004,6.1369236376544105
2011-03-11 01:44:00.00000030,8.004400181279975
2011-03-11 01:44:00.00000027,33.62413255282361
2011-03-11 01:44:00.0000009,8.022851151333752
2011-03-11 01:44:00.00000047,28.054774020608495
2011-03-11 01:44:00.00000092,5.040492638666299
2011-03-11 01:44:00.0000006,12.087409188155977
2011-03-11 01:44:00.00000056,14.085934321572633
2011-03-11 01:44:00.00000081,12.2339122768669
2011-03-11 01:44:00.00000039,7.337377415381132
2011-03-11 01:44:00.00000077,19.498567975414236
2011-03-11 01:44:00.00000059,15.015123685940017
2011-03-11 01:44:00.00000028,6.867395875522985
2011-03-11 01:44:00.00000036,14.045896985180189
2011-03-11 01:44:00.00000038,21.70066677624072
2011-03-11 01:44:00.00000065,16.92476924193203
2011-03-11 01:44:00.0000003,6.828200907962454
2013-01-27 00:09:12.0000003,8.286330104123591
2012-01-07 11:21:56.0000003,5.040492638666299
2012-01-07 11:21:56.0000001,6.9852548555889555
2012-10-31 12:17:24.0000002,11.004072640563265
2012-10-20 02:05:08.0000003,7.265632980388387
2014-10-11 15:11:24.0000003,4.841142342449018
2009-08-17 12:27:08.0000002,9.360966853423333
2014-04-09 09:23:12.0000004,13.043866096753955
2009-11-25 19:32:52.0000004,5.712994192102835
2014-05-30 00:09:16.0000007,6.543225711389408
2014-05-30 00:09:16.0000006,18.96611917885722
2013-01-07 17:08:32.0000002,9.87299908151255
2013-02-18 17:37:28.0000001,5.545960089047588
2011-10-04 09:37:00.00000038,13.05791492849347
2011-10-04 09:37:00.00000095,9.539069206159478
2011-10-04 09:37:00.00000015,7.79904339308642
2011-10-04 09:37:00.00000022,30.331142632105855
2011-10-04 09:37:00.00000052,9.935513078190432
2011-10-04 09:37:00.000000141,11.366795425702373
2011-10-04 09:37:00.000000179,14.307696947506708
2011-10-04 09:37:00.000000148,6.481095728488116
2011-10-04 09:37:00.00000014,6.915621105332319
2011-10-04 09:37:00.00000085,5.728381068663981
2011-10-04 09:37:00.000000162,10.132016161453564
2011-10-04 09:37:00.00000034,30.4412606180838
2011-10-04 09:37:00.00000037,14.853957645654853
2011-10-04 09:37:00.000000111,13.013746664181776
2011-10-04 09:37:00.00000061,4.757585793058761
2011-10-04 09:37:00.000000199,7.09652872199825
2011-10-04 09:37:00.000000158,18.20306425946585
2011-10-04 09:37:00.000000149,7.779024220059841
2011-10-04 09:37:00.00000069,17.666479534306994
2011-10-04 09:37:00.00000077,9.264208528521152
2011-10-04 09:37:00.000000165,14.709862818297044
2011-10-04 09:37:00.00000044,11.004072640563265
2011-10-04 09:37:00.000000191,12.962941338908738
2011-10-04 09:37:00.000000164,5.728381068663981
2011-10-04 09:37:00.000000135,5.040492638666299
2011-10-04 09:37:00.000000190,13.536211626987813
2011-10-04 09:37:00.000000163,16.516233827462493
2011-10-04 09:37:00.00000054,24.604935711485478
2011-10-04 09:37:00.000000177,9.629433619284443
2011-10-04 09:37:00.00000064,5.067226456770709
2011-10-04 09:37:00.0000003,10.913515021530205
2011-10-04 09:37:00.000000196,26.489028380499462
2011-10-04 09:37:00.000000155,5.728381068663981
2012-10-23 14:15:04.0000002,9.118177942114535
2012-10-18 21:06:20.0000009,8.433153298560649
2012-10-18 21:06:20.0000007,9.478677883199165
2014-12-24 03:00:00.00000016,16.455308912630375
2014-12-24 03:00:00.00000025,10.38952544348113
2014-12-24 03:00:00.00000029,7.071322927873586
2014-12-24 03:00:00.00000040,11.224623053540544
2014-12-24 03:00:00.0000007,5.098009270804032
2014-12-24 03:00:00.00000019,7.1679366592332014
2014-12-24 03:00:00.00000039,5.878141950031635
2010-10-07 10:54:20.0000003,47.38148630937533
2011-02-21 20:11:08.0000006,8.683007034027238
2009-10-04 22:54:56.0000002,13.95138773001941
2015-04-11 20:31:32.00000011,7.878509126789024
2015-04-11 20:31:32.0000005,12.217573202631595
2011-02-20 12:31:04.0000002,6.9852548555889555
2013-01-01 22:04:56.0000002,9.69202042098861
2013-01-01 22:04:56.0000003,8.53598457408508
2013-04-23 17:52:44.0000003,55.87005979746543
2010-01-01 13:19:40.0000004,13.150470431467548
2010-03-06 23:51:08.0000003,13.532574824921392
2014-04-27 02:57:00.000000155,11.356322473929882
2014-04-27 02:57:00.00000072,10.222055606531045
2014-04-27 02:57:00.00000043,8.662641697834706
2014-04-27 02:57:00.00000073,13.533170616181877
2014-04-27 02:57:00.00000013,16.231108819927996
2014-04-27 02:57:00.000000191,7.141173391350803
2014-04-27 02:57:00.000000171,18.227802325894974
2014-04-27 02:57:00.000000162,21.231231498778733
2014-04-27 02:57:00.00000082,13.883278653588714
2014-04-27 02:57:00.00000023,7.962067095993132
2014-04-27 02:57:00.000000137,7.16707670962724
2014-04-27 02:57:00.00000057,16.971977085504157
2014-04-27 02:57:00.000000174,5.098009270804032
2014-04-27 02:57:00.00000012,5.098009270804032
2014-04-27 02:57:00.000000158,5.098009270804032
2014-04-27 02:57:00.000000138,36.23068626087719
2014-04-27 02:57:00.000000172,11.314475287114487
2014-04-27 02:57:00.000000195,11.356322473929882
2014-04-27 02:57:00.000000131,8.091903277076302
2014-04-27 02:57:00.000000140,15.984395059656444
2014-04-27 02:57:00.000000154,5.098009270804032
2014-04-27 02:57:00.00000036,7.638592476778122
2014-04-27 02:57:00.000000153,11.548889280650872
2014-04-27 02:57:00.000000164,7.416857085779517
2014-04-27 02:57:00.00000031,8.091903277076302
2014-04-27 02:57:00.000000116,26.099420795404665
2014-04-27 02:57:00.000000187,9.27929280956987
2011-01-18 10:26:40.0000001,13.433967769868904
2011-12-13 22:00:00.000000185,10.68501048860469
2011-12-13 22:00:00.000000117,29.53705355358675
2011-12-13 22:00:00.00000037,13.041558694568945
2011-12-13 22:00:00.000000171,7.779024220059841
2011-12-13 22:00:00.000000194,12.556106078835203
2011-12-13 22:00:00.000000237,5.560015384602345
2011-12-13 22:00:00.000000160,7.070992768627335
2011-12-13 22:00:00.000000145,4.914036785516773
2011-12-13 22:00:00.00000035,11.121612739358651
2011-12-13 22:00:00.00000081,5.040492638666299
2011-12-13 22:00:00.00000015,8.244889971087948
2011-12-13 22:00:00.000000118,8.34106708749608
2011-12-13 22:00:00.000000140,8.574200102235192
2011-12-13 22:00:00.00000092,21.58917080822885
2011-12-13 22:00:00.00000047,6.464229492585441
2011-12-13 22:00:00.000000119,7.037459700556303
2011-12-13 22:00:00.00000077,5.560015384602345
2011-12-13 22:00:00.00000096,8.197394122399459
2011-12-13 22:00:00.000000152,16.101184894720767
2011-12-13 22:00:00.000000198,8.976132049037286
2011-12-13 22:00:00.00000043,6.707050443285969
2011-12-13 22:00:00.000000115,5.6280546112943455
2011-12-13 22:00:00.000000236,5.040492638666299
2011-12-13 22:00:00.000000200,5.931247957346725
2011-12-13 22:00:00.0000001,18.189829959662223
2011-12-13 22:00:00.000000251,7.779294305651975
2011-12-13 22:00:00.00000049,7.037459700556303
2011-12-13 22:00:00.00000034,10.41564623400063
2011-12-13 22:00:00.000000262,6.481095728488116
2011-12-13 22:00:00.00000018,20.77894510090775
2011-12-13 22:00:00.000000108,5.728381068663981
2011-12-13 22:00:00.00000084,6.739710525394337
2014-05-13 07:33:52.0000005,6.46430748916991
2011-06-30 09:37:08.0000001,9.265831656480682
2009-01-28 16:36:28.0000004,9.323391185199624
2010-07-21 22:06:12.0000004,14.288528289660047
2013-05-24 13:37:32.0000003,13.36345082478066
2013-05-24 13:37:32.0000002,5.174812878048644
2014-03-05 21:07:12.0000002,4.957512989330939
2014-03-05 21:07:12.0000005,5.158693574178448
2009-11-28 15:07:24.0000002,6.707050443285969
2010-07-31 15:47:28.0000002,12.483830575156563
2013-11-22 15:36:36.0000001,12.08126618517665
2011-06-26 18:48:08.0000003,7.142297137872227
2011-10-17 18:49:20.0000001,11.004072640563265
2011-10-17 18:49:20.0000004,7.5657061759610995
2014-07-21 18:19:00.00000053,8.352560685686766
2014-07-21 18:19:00.00000085,10.254081693859996
2014-07-21 18:19:00.000000175,7.456435678801829
2014-07-21 18:19:00.00000076,12.643307257694355
2014-07-21 18:19:00.000000147,11.471818184458165
2014-07-21 18:19:00.0000001,16.796075242605042
2014-07-21 18:19:00.0000007,8.352560685686766
2014-07-21 18:19:00.000000234,10.922620407979357
2014-07-21 18:19:00.000000188,8.884073581045278
2014-07-21 18:19:00.00000024,10.236174477332307
2014-07-21 18:19:00.000000158,5.545960089047588
2014-07-21 18:19:00.00000093,12.440475812847044
2014-07-21 18:19:00.00000081,7.512861999649674
2014-07-21 18:19:00.000000206,7.484815111680552
2014-07-21 18:19:00.00000095,23.226416907340862
2014-07-21 18:19:00.000000164,4.860425916619737
2014-07-21 18:19:00.00000062,6.5471934587910425
2014-07-21 18:19:00.000000140,11.803139027667566
2014-07-21 18:19:00.000000155,14.087653226216753
2014-07-21 18:19:00.000000170,9.900293429030388
2014-07-21 18:19:00.000000238,21.58922973842001
2014-07-21 18:19:00.000000207,9.752773236997978
2014-07-21 18:19:00.00000016,16.05836500965975
2014-07-21 18:19:00.000000237,12.863719124722305
2014-07-21 18:19:00.00000045,6.346605552732262
2014-07-21 18:19:00.000000110,6.3274505287091785
2014-07-21 18:19:00.000000157,5.174812878048644
2014-07-21 18:19:00.000000236,11.803139027667566
2014-07-21 18:19:00.000000151,7.484815111680552
2014-07-21 18:19:00.000000192,4.951269952187913
2014-07-21 18:19:00.00000086,6.445119552360852
2014-07-21 18:19:00.00000040,7.484815111680552
2014-07-21 18:19:00.000000209,4.993625293194815
2014-07-21 18:19:00.000000138,13.043866096753955
2014-07-21 18:19:00.000000131,11.95632790139025
2014-07-21 18:19:00.000000243,8.352560685686766
2014-07-21 18:19:00.000000199,16.675408041122903
2014-07-21 18:19:00.00000041,13.603762299652391
2014-07-21 18:19:00.000000180,12.821189899145784
2014-07-21 18:19:00.00000052,7.6390019342174
2014-07-21 18:19:00.00000084,7.055058863887692
2011-06-13 09:55:04.0000006,7.642118886612417
2011-06-13 09:55:04.0000002,25.367141158344257
2014-12-27 22:31:56.0000001,11.05554267940047
2014-12-27 22:31:56.0000003,28.26808283061836
2010-09-20 16:48:00.00000050,9.061127828132754
2010-09-20 16:48:00.00000055,7.779024220059841
2010-09-20 16:48:00.000000154,9.502439846836678
2010-09-20 16:48:00.000000106,13.973791916193921
2010-09-20 16:48:00.000000163,19.22967896031667
2010-09-20 16:48:00.000000121,40.68956522079823
2010-09-20 16:48:00.000000111,47.31576882151711
2010-09-20 16:48:00.000000124,9.463376884265646
2010-09-20 16:48:00.000000143,5.137443324977666
2010-09-20 16:48:00.000000131,7.09652872199825
2010-09-20 16:48:00.000000137,29.254620159563835
2010-09-20 16:48:00.000000142,7.750395810529794
2010-09-20 16:48:00.00000036,6.481095728488116
2010-09-20 16:48:00.0000007,13.301843259821519
2010-09-20 16:48:00.000000112,11.242118844706209
2010-09-20 16:48:00.000000104,9.845552422566026
2010-09-20 16:48:00.00000056,14.618064034078216
2010-09-20 16:48:00.000000114,7.037459700556303
2010-09-20 16:48:00.000000152,5.040492638666299
2010-09-20 16:48:00.00000072,25.254713230648754
2010-09-20 16:48:00.0000004,11.004072640563265
2010-09-20 16:48:00.00000058,17.629735333687048
2010-09-20 16:48:00.00000081,8.500377851654857
2010-09-20 16:48:00.000000116,6.738378598203828
2010-09-20 16:48:00.00000040,11.567429920970076
2010-09-20 16:48:00.00000019,13.113901173525628
2010-09-20 16:48:00.000000134,8.438526756294133
2010-09-20 16:48:00.00000084,47.31576882151711
2010-09-20 16:48:00.00000016,9.061127828132754
2010-09-20 16:48:00.000000103,5.040492638666299
2012-08-20 14:47:36.0000001,6.951359973117176
2011-12-01 01:36:08.0000001,5.040492638666299
2014-03-29 14:59:28.0000001,12.945007729329188
2014-08-18 01:19:48.0000001,9.16400673509492
2012-04-30 20:04:20.0000001,5.067226456770709
2013-07-13 18:28:20.0000003,55.351766612946335
2014-10-07 19:04:08.0000003,5.174812878048644
2014-10-07 19:04:08.0000001,6.5471934587910425
2013-08-21 09:32:24.0000001,5.098009270804032
2015-01-26 07:13:44.0000001,37.143413833268276
2011-03-06 21:01:00.0000003,12.122592836686938
2011-03-06 21:01:00.000000155,5.040492638666299
2011-03-06 21:01:00.000000164,5.040492638666299
2011-03-06 21:01:00.000000131,8.212996664818263
2011-03-06 21:01:00.00000091,8.212996664818263
2011-03-06 21:01:00.000000144,15.009124707781206
2011-03-06 21:01:00.000000132,5.526194953802452
2011-03-06 21:01:00.000000134,5.4774755946260605
2011-03-06 21:01:00.000000110,4.757585793058761
2011-03-06 21:01:00.00000058,5.526194953802452
2011-03-06 21:01:00.00000081,19.68792801030805
2011-03-06 21:01:00.00000048,17.220984901475536
2011-03-06 21:01:00.00000079,8.22362992280452
2011-03-06 21:01:00.000000142,13.088469405275248
2011-03-06 21:01:00.00000090,10.482788637690133
2011-03-06 21:01:00.000000125,6.825115688234412
2011-03-06 21:01:00.000000119,4.757585793058761
2011-03-06 21:01:00.000000117,14.370448856522689
2011-03-06 21:01:00.00000065,8.870378956380053
2011-03-06 21:01:00.000000163,5.710669736889061
2011-03-06 21:01:00.000000159,7.642118886612417
2011-03-06 21:01:00.000000112,5.552236601318848
2011-03-06 21:01:00.00000013,29.981592900587287
2011-03-06 21:01:00.000000121,7.642118886612417
2011-03-06 21:01:00.000000152,5.040492638666299
2011-03-06 21:01:00.00000059,11.902762632196401
2011-03-06 21:01:00.00000041,5.077399412613656
2011-03-06 21:01:00.000000174,8.481139407297169
2011-03-06 21:01:00.000000171,7.642118886612417
2011-03-06 21:01:00.00000069,14.343150403907538
2011-03-06 21:01:00.00000050,5.040492638666299
2011-03-06 21:01:00.00000039,8.132125762093086
2011-03-06 21:01:00.00000082,9.456964761081956
2011-03-06 21:01:00.000000165,6.586400536397804
2011-03-06 21:01:00.000000103,5.31621019243694
2011-03-06 21:01:00.00000063,5.526194953802452
2011-03-06 21:01:00.000000100,15.083301533065725
2011-03-06 21:01:00.000000124,9.456964761081956
2011-03-06 21:01:00.000000126,6.408524683822735
2011-03-06 21:01:00.00000068,6.9852548555889555
2011-03-06 21:01:00.00000030,7.050625565894703
2009-11-24 08:58:48.0000008,6.428908774751965
2009-11-24 08:58:48.0000004,8.327531170505091
2011-05-30 09:32:56.0000002,5.067226456770709
2010-01-02 12:20:32.0000001,8.32744585878348
2010-10-05 02:09:00.00000026,7.008810430030891
2010-10-05 02:09:00.00000016,5.560015384602345
2010-10-05 02:09:00.00000019,19.484822244171788
2010-10-05 02:09:00.00000014,6.408370604381633
2010-10-05 02:09:00.0000004,8.12366526540655
2010-10-05 02:09:00.00000025,15.67359766982067
2010-10-05 02:09:00.0000009,8.376243068942141
2012-01-25 22:43:44.0000005,5.526194953802452
2010-12-01 22:04:52.0000002,7.779024220059841
2013-06-23 02:54:32.0000001,18.980366573371498
2013-11-18 15:07:28.0000003,9.91520120852194
2013-08-06 23:56:32.0000002,7.484815111680552
2013-08-06 23:56:32.0000001,27.485036612937353
2012-03-10 02:36:04.0000004,5.234650312971416
2014-04-13 17:35:52.0000001,10.504935402397928
2013-09-14 16:03:12.0000001,11.803139027667566
2013-09-14 16:03:12.0000002,6.5471934587910425
2013-09-14 16:03:12.0000003,6.445119552360852
2014-04-05 18:27:08.0000001,9.752773236997978
2014-04-05 18:27:08.0000002,5.174812878048644
2009-12-02 15:59:56.0000003,5.369307423015569
2010-01-03 02:03:40.0000001,4.898082074531852
2011-01-30 14:38:24.0000001,10.855509653308152
2011-04-16 21:23:16.0000005,8.212996664818263
2009-05-31 21:24:56.0000002,8.646546223158785
2009-07-14 17:59:12.0000002,12.571774813679223
2009-12-18 12:37:04.0000003,6.481095728488116
2012-11-21 15:12:48.0000002,5.040492638666299
2011-10-07 22:08:20.0000002,7.09652872199825
2011-10-07 22:08:20.0000001,10.30688376371663
2011-10-07 22:08:20.0000004,10.378187227912017
2013-09-24 21:16:40.0000008,6.144038269147016
2013-09-24 21:16:40.0000005,5.098009270804032
2014-01-25 12:36:52.0000003,10.81510899193023
2012-01-26 07:33:00.000000101,5.526194953802452
2012-01-26 07:33:00.00000057,13.862845905841047
2012-01-26 07:33:00.000000175,6.809328712260333
2012-01-26 07:33:00.00000024,7.666511161328226
2012-01-26 07:33:00.00000097,5.040492638666299
2012-01-26 07:33:00.000000115,17.91728205614259
2012-01-26 07:33:00.00000039,5.526194953802452
2012-01-26 07:33:00.000000161,6.572643621073998
2012-01-26 07:33:00.000000173,7.67626451724921
2012-01-26 07:33:00.000000183,9.651574201780905
2012-01-26 07:33:00.00000020,10.464148127344412
2012-01-26 07:33:00.00000022,8.734124013998876
2012-01-26 07:33:00.000000136,9.131155700930842
2012-01-26 07:33:00.0000008,15.18956024539978
2012-01-26 07:33:00.000000100,9.54530785058631
2012-01-26 07:33:00.00000023,9.131155700930842
2012-01-26 07:33:00.00000056,6.867395875522985
2012-01-26 07:33:00.00000018,7.991562786270076
2012-01-26 07:33:00.00000076,18.451203343094143
2012-01-26 07:33:00.00000080,7.337377415381132
2012-01-26 07:33:00.000000104,8.224877410817378
2012-01-26 07:33:00.00000082,5.526194953802452
2012-01-26 07:33:00.00000025,5.4774755946260605
2012-01-26 07:33:00.000000181,15.139964081818377
2012-01-26 07:33:00.000000105,5.526194953802452
2015-03-20 23:34:40.0000001,8.938819184545553
2015-03-20 23:34:40.0000008,8.653692950954966
2015-03-20 23:34:40.0000003,20.206719873307037
2013-12-14 03:20:48.0000003,10.793804276575607
2010-12-09 07:29:00.000000164,10.83377799092537
2010-12-09 07:29:00.000000141,12.042437959403054
2010-12-09 07:29:00.00000073,8.300717908699244
2010-12-09 07:29:00.00000062,5.728381068663981
2010-12-09 07:29:00.000000139,7.26470172974282
2010-12-09 07:29:00.00000079,5.264184645056053
2010-12-09 07:29:00.000000145,7.830054256713453
2010-12-09 07:29:00.0000006,5.6882678189755165
2010-12-09 07:29:00.00000066,5.040492638666299
2010-12-09 07:29:00.000000171,8.83814211361842
2010-12-09 07:29:00.000000136,8.298257568567468
2010-12-09 07:29:00.00000026,20.61970358750372
2010-12-09 07:29:00.00000044,5.040492638666299
2010-12-09 07:29:00.00000083,9.169437619101311
2010-12-09 07:29:00.00000028,7.221762953752926
2010-12-09 07:29:00.000000168,11.473044144690004
2010-12-09 07:29:00.000000180,6.39709390739075
2010-12-09 07:29:00.00000094,6.994645957706315
2010-12-09 07:29:00.00000080,47.38148630937533
2010-12-09 07:29:00.000000181,10.34902187481252
2010-12-09 07:29:00.00000086,9.749959958076788
2011-09-25 13:01:20.0000002,5.7653117201903825
2014-02-20 18:49:04.0000001,11.803139027667566
2010-08-21 23:02:28.0000004,5.539841620817438
2010-08-21 23:02:28.0000001,14.430578686137077
2010-08-21 23:02:28.0000002,6.970878407199237
2012-05-08 03:50:00.00000017,21.619988803355145
2012-05-08 03:50:00.00000010,7.215979701310559
2012-05-08 03:50:00.0000005,6.537573277020885
2009-07-31 07:30:56.0000003,17.691212719211006
2012-03-06 07:33:04.0000001,11.354397015692435
2015-03-12 19:43:24.0000006,34.4767015350263
2014-01-18 17:43:28.0000001,10.26308408801121
2011-09-04 01:36:36.0000001,6.9691100043354
2010-08-09 08:53:56.0000001,6.876427773634758
2015-02-01 00:48:44.0000002,5.098009270804032
2014-01-26 15:28:52.0000001,10.363092640329056
2014-01-26 15:28:52.0000002,14.5175873314087
2011-12-06 11:07:40.0000004,11.04659097747906
2011-07-12 19:41:48.0000001,9.050971109371996
2010-09-16 14:27:16.0000002,7.09652872199825
2015-02-14 20:20:56.0000003,5.425434551889347
2009-01-22 12:27:20.0000002,13.489112476074007
2011-04-23 21:22:20.0000003,9.31353237758928
2011-04-23 21:22:20.0000004,14.589096992460373
2015-02-21 18:39:16.0000003,5.098009270804032
2015-02-21 18:39:16.0000004,7.878509126789024
2009-04-23 00:05:40.0000002,7.7244879309196435
2013-03-09 21:40:52.0000001,9.69202042098861
2010-07-22 09:37:12.0000002,30.508404603283054
2012-07-31 02:46:40.0000001,7.268180948275337
2015-02-21 17:23:28.0000004,15.101960000776632
2012-11-19 22:15:32.0000001,8.561723153974505
2009-01-26 18:26:48.0000005,6.927187692326305
2009-09-22 11:47:24.0000001,10.066595402581658
2012-07-05 18:30:36.0000004,5.526194953802452
2012-11-20 21:54:00.000000225,6.4915188982535925
2012-11-20 21:54:00.00000025,10.94116823089354
2012-11-20 21:54:00.00000036,18.366782331112237
2012-11-20 21:54:00.000000102,14.102683320904081
2012-11-20 21:54:00.000000105,22.416400347354106
2012-11-20 21:54:00.000000167,16.199419732903202
2012-11-20 21:54:00.000000186,7.356356239699122
2012-11-20 21:54:00.000000172,6.633191298028203
2012-11-20 21:54:00.000000202,14.37104452323807
2012-11-20 21:54:00.000000179,35.63377865208953
2012-11-20 21:54:00.000000110,8.804655867679298
2012-11-20 21:54:00.00000076,7.381892193070039
2012-11-20 21:54:00.000000195,18.833993164567715
2012-11-20 21:54:00.000000131,31.957811996270078
2012-11-20 21:54:00.0000002,12.613177642998703
2012-11-20 21:54:00.00000068,25.223994114633527
2012-11-20 21:54:00.000000138,8.875645933255056
2012-11-20 21:54:00.00000090,8.545093260239124
2012-11-20 21:54:00.000000169,7.283882918930525
2012-11-20 21:54:00.00000065,8.44108334535083
2012-11-20 21:54:00.000000121,20.363627189853787
2012-11-20 21:54:00.00000024,5.067226456770709
2012-11-20 21:54:00.000000123,9.428532554921158
2012-11-20 21:54:00.000000100,10.30688376371663
2012-11-20 21:54:00.0000004,7.023742069275615
2012-11-20 21:54:00.00000098,5.040492638666299
2012-11-20 21:54:00.000000205,5.994428683258624
2012-11-20 21:54:00.000000103,25.47071781568514
2012-11-20 21:54:00.00000092,13.439997124659362
2012-11-20 21:54:00.00000040,7.283882918930525
2012-11-20 21:54:00.00000069,24.31484502027176
2012-11-20 21:54:00.000000148,14.826910105325172
2012-11-20 21:54:00.000000233,5.728381068663981
2014-06-23 00:16:00.00000054,14.124519305568786
2014-06-23 00:16:00.00000059,36.345933493480786
2014-06-23 00:16:00.00000051,8.694736349349853
2014-06-23 00:16:00.00000012,11.485288881372506
2014-06-23 00:16:00.00000046,50.62984172737713
2014-06-23 00:16:00.00000032,7.620205752207771
2014-06-23 00:16:00.00000017,10.333888123897086
2014-06-23 00:16:00.0000006,5.939713593525949
2014-06-23 00:16:00.00000084,9.16205588558043
2014-06-23 00:16:00.00000021,48.55408869279465
2014-06-23 00:16:00.0000007,10.020271511801834
2014-06-23 00:16:00.00000045,8.12917615646236
2014-06-23 00:16:00.00000083,28.72368060032057
2014-06-23 00:16:00.00000048,33.03410022620291
2014-06-23 00:16:00.00000058,8.319674121303901
2014-06-23 00:16:00.00000075,8.939856496891453
2014-06-23 00:16:00.00000027,9.429191485745172
2014-06-23 00:16:00.00000031,9.076647146432753
2009-04-25 10:52:56.0000001,10.02080051342427
2009-04-25 10:52:56.0000003,5.619975515168788
2009-04-20 11:11:40.0000002,9.286761825876827
2009-10-22 21:57:36.0000001,15.205114348467976
2013-11-28 11:00:04.0000001,9.737211876789413
2014-05-25 15:07:04.0000001,5.174812878048644
2011-08-18 13:00:16.0000001,5.665647211999941
2013-09-25 22:00:00.000000167,8.352560685686766
2013-09-25 22:00:00.00000033,6.445119552360852
2013-09-25 22:00:00.000000122,12.168761223643376
2013-09-25 22:00:00.000000236,9.63365539231248
2013-09-25 22:00:00.000000193,15.101391254341213
2013-09-25 22:00:00.000000239,6.525196979468115
2013-09-25 22:00:00.00000086,14.633421929297256
2013-09-25 22:00:00.000000201,12.240337174536593
2013-09-25 22:00:00.000000170,17.286785430870715
2013-09-25 22:00:00.00000080,5.158693574178448
2013-09-25 22:00:00.00000021,5.602796336157804
2013-09-25 22:00:00.000000240,7.864496818086016
2013-09-25 22:00:00.00000046,16.775588101609994
2013-09-25 22:00:00.000000231,32.15965912391876
2013-09-25 22:00:00.00000027,8.847979679885174
2013-09-25 22:00:00.00000045,6.445119552360852
2013-09-25 22:00:00.000000108,8.234726520367317
2013-09-25 22:00:00.000000125,10.603244798101846
2013-09-25 22:00:00.000000232,7.484815111680552
2013-09-25 22:00:00.000000184,14.137888519720146
2013-09-25 22:00:00.00000096,11.354507016686789
2013-09-25 22:00:00.000000158,10.012679588118175
2013-09-25 22:00:00.000000131,17.59093961002237
2013-09-25 22:00:00.000000207,6.628244938181337
2013-09-25 22:00:00.00000068,8.400268757807897
2013-09-25 22:00:00.000000194,13.544435854290658
2013-09-25 22:00:00.00000011,55.87005979746543
2013-09-25 22:00:00.000000243,19.21155230443874
2013-09-25 22:00:00.000000138,14.594357514581858
2013-09-25 22:00:00.00000069,8.203542175510309
2013-09-25 22:00:00.00000067,7.484815111680552
2013-09-25 22:00:00.000000152,12.802247198696765
2013-07-20 12:06:44.0000002,11.635110972597705
2013-07-20 12:06:44.0000001,9.969185943582264
2014-07-11 12:36:08.0000003,55.792501884301274
2014-01-31 11:11:05.0000002,13.660433177182659
2014-08-31 04:03:29.0000002,10.222055606531045
2014-08-31 04:03:29.0000003,22.680571369093915
2014-08-01 18:38:09.0000004,20.476374054666945
2014-08-01 18:38:09.0000003,22.09253782103115
2009-05-16 14:53:41.0000005,12.594211190635148
2009-05-16 14:53:41.0000001,24.85982814070589
2009-05-16 14:53:41.0000004,21.605964656454322
2013-08-26 11:47:37.0000001,9.672358067155594
2010-10-30 13:31:13.0000001,5.040492638666299
2014-05-09 00:30:41.0000004,11.786997789088883
2012-03-05 13:24:37.0000002,6.039522144977285
2010-07-01 22:11:33.0000005,7.679663008680687
2010-07-01 22:11:33.0000006,25.624557894547944
2012-01-07 21:39:05.0000001,48.24198919170788
2012-05-26 00:31:25.0000001,5.400497907269119
2014-10-07 11:52:13.0000006,10.385642212183663
2015-06-13 19:17:09.0000005,7.335684951272354
2009-11-28 13:50:17.0000004,5.712994192102835
2009-11-28 13:50:17.0000002,5.793245629886342
2015-01-13 12:07:53.0000005,6.5471934587910425
2015-01-13 12:07:53.0000003,6.5471934587910425
2012-01-31 09:15:49.0000001,6.9852548555889555
2011-03-22 12:59:49.0000002,27.255336826719663
2011-03-22 12:59:49.0000006,6.9852548555889555
2013-07-05 00:58:17.0000001,5.048357024899117
2010-01-30 00:57:21.0000002,17.979967097786027
2009-10-16 16:14:41.0000002,6.39709390739075
2011-03-13 05:34:57.0000002,12.149130705409798
2015-02-26 23:20:13.00000010,9.69202042098861
2013-10-09 15:11:41.0000004,21.608566862947644
2011-09-01 09:53:49.0000004,5.067226456770709
2010-09-28 00:16:53.0000003,7.779652377939675
2010-07-25 04:03:17.0000003,15.876894393181937
2010-07-25 04:03:17.0000002,5.040492638666299
2013-09-19 21:24:21.0000001,11.137813540935559
2011-02-04 09:12:53.0000004,4.757585793058761
2012-03-08 12:33:25.0000003,13.432006189618019
2009-07-31 18:15:57.0000001,10.869359827116428
2009-07-10 20:17:05.0000003,4.757585793058761
2010-08-21 21:56:25.0000002,11.877313040365014
2010-10-09 17:11:17.0000001,7.779024220059841
2009-09-25 15:13:57.0000001,8.554394320080453
2009-09-25 15:13:57.0000003,6.690939003379069
2009-09-25 15:13:57.0000002,11.532171886561587
2010-05-03 08:36:41.0000004,6.9852548555889555
2011-01-24 20:18:49.0000003,6.146684778409267
2010-01-23 14:32:17.0000003,5.31621019243694
2012-06-02 01:16:05.0000004,15.623203044905475
2011-10-20 13:46:33.0000003,9.521570127267829
2014-10-28 12:23:09.0000001,17.97103170953032
2011-07-11 20:43:33.0000004,13.563005115677617
2011-07-11 20:43:33.0000005,27.53817584784387
2011-07-11 20:43:33.0000001,5.786705219888652
2013-02-23 14:25:29.0000002,13.731184510744992
2010-01-30 18:58:33.0000008,9.34073277087499
2010-01-30 18:58:33.0000006,7.023169832836837
2010-01-30 18:58:33.0000001,6.970878407199237
2014-06-22 14:49:13.0000001,15.735153420321359
2014-06-22 14:49:13.0000005,16.228229881151616
2015-03-14 02:23:17.0000006,15.807973356803908
2015-03-14 02:23:17.0000002,7.691601163614787
2015-03-14 02:23:17.0000004,15.468158118616174
2012-03-12 01:08:09.0000001,8.39423843887479
2014-09-25 20:52:09.0000002,6.445119552360852
2014-09-25 20:52:09.0000005,23.135132799250997
2012-12-15 06:35:45.0000001,9.24921042683206
2012-01-05 05:51:01.0000001,7.688816281304713
2013-10-15 08:16:21.0000002,23.44077376973276
2014-08-26 23:35:49.0000002,6.2810217574923435
2009-08-28 23:01:41.0000001,8.09872946459232
2009-08-28 23:01:41.0000006,5.040492638666299
2014-12-16 13:40:25.0000003,10.712251161246531
2012-12-09 22:30:13.0000006,6.633191298028203
2012-12-09 22:30:13.0000002,8.974706907309017
2012-12-09 22:30:13.0000004,14.309319615030669
2011-05-11 19:56:09.0000001,5.040492638666299
2014-08-08 00:02:41.0000004,11.666845858753751
2014-08-08 00:02:41.0000002,37.82487815130495
2013-09-12 12:50:13.0000007,10.213249253349248
2013-09-12 12:50:13.0000003,8.352560685686766
2013-09-12 12:50:13.0000001,16.562835187557535
2011-06-26 03:33:25.0000002,18.272775003671818
2011-09-18 18:33:13.0000003,7.09652872199825
2014-03-04 16:24:45.0000001,85.13853222241026
2014-11-10 10:52:41.0000001,37.299101386939654
2009-12-22 15:59:53.0000003,11.567429920970076
2014-05-08 21:23:41.0000001,9.69202042098861
2012-07-15 03:53:37.0000001,14.584397484098734
2012-07-15 03:53:37.0000002,10.09448911533657
2012-07-15 03:53:37.0000003,7.057832361096587
2013-06-10 11:29:13.0000001,11.803139027667566
2015-04-25 01:06:17.0000007,14.283655019027766
2015-04-25 01:06:17.0000003,13.916009516352915
2012-10-28 13:55:57.0000001,8.566726446444566
2011-06-12 01:07:57.0000003,6.84185992215207
2014-12-11 15:20:49.0000001,5.098009270804032
2011-06-19 04:08:49.0000002,12.890432108708655
2012-04-14 22:29:37.0000001,5.067226456770709
2015-06-02 09:11:17.0000007,10.18942440806781
2011-10-08 12:54:49.0000002,6.969521663027393
2009-06-02 08:34:33.0000001,9.224260600011501
2011-10-01 15:04:57.0000001,28.51602818279419
2013-06-22 01:59:25.0000002,11.611308569825779
2010-12-15 08:39:33.0000005,5.067226456770709
2012-05-26 11:54:53.0000001,9.246850728122428
2012-05-26 11:54:53.0000002,8.705689480701011
2014-01-11 19:20:17.0000001,5.098009270804032
2015-01-05 21:43:13.0000001,23.09226015815981
2011-07-19 22:20:41.0000002,14.886532325064405
2011-07-19 22:20:41.0000004,8.212996664818263
2011-07-19 22:20:41.0000001,16.374034583443866
2012-03-18 02:27:41.0000001,6.0602292575984364
2009-01-19 19:48:17.0000001,5.067226456770709
2009-01-19 19:48:17.0000002,5.067226456770709
2013-01-13 00:20:53.0000001,9.003298073080295
2013-11-28 13:17:13.0000002,23.261116048614117
2012-06-10 00:46:17.0000006,5.040492638666299
2012-06-10 00:46:17.0000003,10.180279021123996
2012-06-10 00:46:17.0000005,8.739016010697444
2010-02-20 04:04:13.0000004,21.154601938447264
2014-01-01 16:33:01.0000005,14.97145852916338
2010-10-01 13:11:05.0000001,5.667204960886342
2012-04-14 14:20:33.0000001,10.096851884469185
2015-05-17 04:17:33.0000005,5.098009270804032
2014-07-26 23:31:41.0000003,17.032180257861643
2014-07-26 23:31:41.0000002,10.603244798101846
2009-11-07 16:37:49.0000004,7.070992768627335
2011-01-07 09:25:57.0000003,7.1803343454240744
2012-07-18 16:28:21.0000001,6.970878407199237
2013-03-08 19:03:09.0000003,9.75085210399251
2009-12-10 22:45:01.0000004,12.098158168525861
2012-07-13 11:00:05.0000004,7.406906263183157
2013-04-28 10:36:37.0000001,7.484815111680552
2009-04-23 02:42:05.0000003,9.59851927026549
2013-06-08 16:55:13.0000003,9.857437721303985
2012-10-25 16:20:37.0000004,7.025073996466125
2012-10-25 16:20:37.0000003,29.51738221938127
2012-07-31 20:04:53.0000006,8.36377993169583
2012-07-31 20:04:53.0000002,6.9852548555889555
2009-07-14 22:41:09.0000003,6.825115688234412
2011-09-03 19:22:17.0000001,8.512218733760244
2011-09-03 19:22:17.0000003,8.328845871473263
2011-09-03 19:22:17.0000002,17.017455864229863
2013-11-21 14:19:21.0000001,40.49363523663054
2015-01-02 11:55:57.0000003,18.67449874271542
2013-11-23 22:19:37.0000004,5.720111874936022
2013-11-23 22:19:37.0000003,8.352560685686766
2013-11-23 22:19:37.0000005,10.554104065361104
2011-04-04 19:54:33.0000001,6.146684778409267
2014-07-14 16:18:37.0000002,7.484815111680552
2014-03-18 19:55:17.0000001,7.323943918206116
2010-06-05 23:05:25.0000006,7.540794389046647
2014-09-09 22:48:37.0000001,8.448298804326583
2014-09-09 22:48:37.0000002,5.878141950031635
2014-03-28 21:55:17.0000003,5.098009270804032
2014-03-28 21:55:17.0000001,6.920395219078195
2009-09-24 22:41:17.0000001,9.583813564657117
2012-04-27 18:37:09.0000002,7.664454176089582
2014-04-05 18:11:33.0000002,14.585359751217457
2013-11-07 22:25:25.0000003,8.297420250014769
2013-11-07 22:25:25.0000001,5.098009270804032
2012-06-30 03:53:29.0000002,5.4774755946260605
2011-05-19 16:01:41.0000001,6.825115688234412
2010-01-11 12:38:33.0000002,4.757585793058761
2010-10-16 09:26:33.0000001,10.100468580594987
2010-10-16 09:26:33.0000003,7.589876546506521
2014-07-25 18:06:37.0000007,6.829528060071183
2014-05-13 21:07:29.0000004,9.141710359761062
2014-05-13 21:07:29.0000001,30.30748422572815
2013-11-16 18:33:25.0000005,12.643307257694355
2009-08-02 14:01:33.0000004,6.876427773634758
2015-01-12 15:36:37.0000008,11.803139027667566
2013-05-26 15:18:37.0000005,21.92836776261087
2013-05-26 15:18:37.0000001,50.45338044543307
2013-05-26 15:18:37.0000003,14.90170416963486
2009-09-20 23:07:01.0000001,9.379294751217294
2009-09-25 21:43:49.0000004,9.347424019837062
2009-09-25 21:43:49.00000010,12.146793055094829
2009-03-22 20:58:33.0000003,14.493056861004442
2011-12-09 21:19:25.0000001,7.09652872199825
2013-07-05 20:44:49.0000001,11.05554267940047
2013-12-20 15:58:29.0000006,12.356289164124487
2013-12-20 15:58:29.0000001,9.21390863297113
2014-10-06 14:37:25.0000005,55.87005979746543
2015-01-18 23:09:25.0000001,5.098009270804032
2014-02-06 13:26:49.0000002,5.098009270804032
2013-02-27 19:25:13.0000001,17.823037728881808
2009-09-15 08:28:53.0000003,11.071584227115563
2012-07-18 22:34:53.0000003,8.056426465636287
2011-05-17 22:09:17.0000002,5.040492638666299
2010-09-19 17:13:29.0000008,30.126345082900695
2010-09-19 17:13:29.0000006,14.67020912630409
2013-03-19 18:08:29.0000002,12.14698170463177
2013-03-19 18:08:29.0000001,12.643307257694355
2011-04-23 11:01:49.0000001,9.77371312851015
2013-07-04 05:39:13.0000001,15.40667715286886
2010-11-08 10:01:37.0000003,5.040492638666299
2009-04-01 19:28:09.0000001,6.53519355023794
2011-11-26 02:04:29.0000004,5.728381068663981
2011-11-26 02:04:29.0000003,5.040492638666299
2009-01-11 07:56:01.0000001,5.526194953802452
2012-05-30 09:19:13.0000002,5.461137858250486
2014-10-28 22:42:33.0000003,10.603244798101846
2014-07-19 21:05:37.0000002,12.217573202631595
2012-10-02 14:17:13.0000001,5.040492638666299
2012-10-20 00:36:37.0000002,6.633191298028203
2014-06-19 22:37:09.0000006,7.484815111680552
2014-06-19 22:37:09.0000004,9.631885904747467
2011-05-11 13:24:37.0000002,9.77371312851015
2014-10-13 00:42:05.0000002,9.231572596482206
2013-12-08 10:41:05.0000007,9.938046985603581
2009-07-04 13:00:57.0000002,11.473987870207777
2015-06-30 04:09:45.0000001,34.4780294600698
2013-09-08 03:47:57.0000002,9.139103856356945
2009-05-15 21:19:13.0000004,29.92138649893247
2010-01-29 08:32:53.0000002,7.467246844201587
2015-05-15 01:51:49.0000003,6.4117681920597445
2012-11-12 10:06:17.0000003,6.849645421727618
2013-12-01 22:23:57.0000003,41.39875838267185
2014-01-03 15:48:49.0000001,9.575923357561313
2013-01-19 20:19:45.0000002,9.177737806759612
2015-03-17 21:44:26.0000002,5.098009270804032
2009-01-06 07:36:34.0000005,5.300192826863569
2013-01-20 20:41:26.0000002,14.997724914578606
2015-06-07 00:38:14.0000001,8.950451467474718
2009-01-03 00:51:02.0000002,12.066660344737526
2009-01-03 00:51:02.0000001,9.890594275200126
2009-08-02 05:08:42.0000001,26.844932433170555
2013-10-18 09:06:14.0000002,6.230303160261392
2009-04-26 17:29:42.0000001,5.040492638666299
2015-02-25 22:00:38.0000002,15.920198932600567
2010-10-06 23:31:54.0000001,14.207236925967928
2009-01-21 20:04:30.0000006,8.646546223158785
2013-12-18 14:26:58.0000002,27.18392459681262
2014-04-26 18:02:26.0000003,6.320981574242098
2014-10-05 13:58:18.0000002,7.484815111680552
2014-10-05 13:58:18.0000001,6.531074154920847
2013-05-23 23:54:42.0000004,9.058947689842569
2009-11-23 19:06:14.0000005,12.70051445294844
2010-09-01 08:23:54.0000002,6.427232128645883
2011-12-10 23:39:06.0000001,13.840316502488585
2009-12-17 15:54:46.0000002,9.135597312470752
2010-06-16 18:41:54.0000003,7.664454176089582
2011-11-02 08:21:50.0000003,8.875943154590724
2011-11-02 08:21:50.0000001,8.493790810058993
2009-03-15 03:31:14.0000003,6.740930182179935
2014-09-08 19:07:46.0000001,7.484815111680552
2010-04-24 23:31:50.0000004,6.825115688234412
2010-04-24 23:31:50.0000002,10.152108743135914
2011-03-03 21:31:42.0000004,6.1369236376544105
2011-03-03 21:31:42.0000002,14.910982316684478
2011-09-05 10:47:26.0000001,7.09652872199825
2012-09-16 12:48:06.0000002,7.381892193070039
2015-04-10 11:56:54.0000005,10.985476910042314
2013-10-15 23:31:26.0000002,19.267531722937296
2013-06-21 18:06:14.0000002,7.367721333430191
2009-05-19 15:44:30.0000001,8.83888434228144
2014-01-26 08:48:30.0000003,9.879778891444204
2014-12-25 21:32:58.0000002,7.484815111680552
2011-07-30 15:27:58.0000001,8.276187122222474
2010-09-24 22:40:06.0000007,5.811649174622363
2010-02-06 17:37:10.0000005,47.31576882151711
2010-02-06 17:37:10.0000001,12.849683231336025
2012-08-13 15:02:26.0000001,7.606824134066646
2013-01-14 18:42:54.0000004,7.430532360525392
2013-01-14 18:42:54.0000005,7.83949272763584
2009-11-11 21:20:18.0000002,7.070992768627335
2009-04-18 02:44:34.0000004,31.602291648822664
2009-04-18 02:44:34.0000001,8.33237220893852
2014-01-10 12:28:38.0000002,5.098009270804032
2014-10-11 00:26:38.0000004,20.012287677892026
2010-01-30 02:13:06.0000004,5.040492638666299
2009-08-26 23:55:38.0000001,7.664454176089582
2012-09-07 23:20:34.0000002,8.950410255718577
2012-09-07 23:20:34.0000005,8.552845702760132
2015-01-10 14:32:14.0000002,13.926248006487208
2010-05-31 20:43:42.0000001,6.825115688234412
2010-05-31 20:43:42.0000003,5.526194953802452
2014-05-18 14:43:26.0000004,7.857879452206193
2011-10-08 18:18:26.0000002,5.728381068663981
2011-10-08 18:18:26.0000003,13.05791492849347
2010-03-23 13:23:34.0000003,12.361453613002602
2010-12-21 08:46:02.0000001,9.521570127267829
2010-12-21 08:46:02.0000002,5.560015384602345
2010-06-19 22:52:30.0000003,8.409075983162364
2013-01-03 01:43:10.0000002,11.807413584074876
2013-11-24 03:44:46.0000001,12.654602920879423
2011-04-16 12:57:18.0000002,5.040492638666299
2012-10-11 22:24:18.0000002,6.662882534945443
2011-05-17 23:42:46.0000006,6.970878407199237
2011-05-17 23:42:46.0000003,5.040492638666299
2014-01-09 17:27:18.0000003,5.545960089047588
2014-01-09 17:27:18.0000004,8.352560685686766
2010-01-09 13:24:22.0000002,42.4129984239363
2010-01-09 13:24:22.0000001,8.39119138510976
2009-03-11 21:46:54.0000006,8.610907621610156
2012-08-22 20:54:46.0000004,9.237382986476991
2012-08-22 20:54:46.0000005,29.459735694182978
2009-02-21 20:49:34.0000002,10.702280785928517
2012-08-10 14:04:14.0000001,7.664454176089582
2009-10-17 03:52:42.0000005,10.19693607232502
2014-02-27 09:36:26.0000001,12.537484227412968
2014-03-11 20:24:02.0000005,12.240337174536593
2014-03-11 20:24:02.0000001,6.5471934587910425
2015-05-07 15:33:26.0000004,4.994148565162275
2012-09-10 21:07:54.0000008,7.283882918930525
2012-04-20 00:06:10.0000003,5.067226456770709
2012-04-20 00:06:10.0000004,15.886818999251167
2012-06-12 23:10:42.0000004,11.249238971242013
2013-04-21 19:50:54.0000002,7.735373119869823
2013-02-06 18:21:18.0000005,19.79383161365712
2014-05-01 21:05:34.0000001,28.692412835166227
2011-04-22 19:23:54.0000004,5.526194953802452
2011-09-17 15:41:06.0000002,6.804367104785402
2015-03-05 13:21:58.0000001,55.81889876641439
2015-06-21 17:16:10.0000001,7.484815111680552
2010-06-02 22:04:10.0000002,26.888281184407173
2010-06-02 22:04:10.0000001,8.483073518394498
2015-02-27 19:36:02.0000008,13.537953137366106
2015-02-27 19:36:02.0000005,9.31705460494236
2013-04-06 19:16:10.0000002,7.83949272763584
2014-03-08 16:08:26.0000006,19.405558272078977
2014-03-08 16:08:26.0000005,4.896538220483611
2013-12-06 23:40:42.0000004,6.531074154920847
2013-12-06 23:40:42.0000005,14.85705419164969
2014-09-13 19:05:02.0000001,6.445119552360852
2015-03-12 13:01:54.0000003,5.098009270804032
2015-03-12 13:01:54.0000006,4.971553417654505
2014-10-04 21:48:22.0000001,12.148684550708106
2012-01-22 04:13:34.0000001,23.351193666033506
2012-01-22 04:13:34.0000003,10.514685677972512
2010-12-17 10:33:34.0000003,13.05791492849347
2010-12-17 10:33:34.0000001,30.130305473331788
2012-06-04 11:34:58.0000002,7.825591871522936
2012-12-08 20:08:38.0000001,13.03197601983977
2012-12-08 20:08:38.0000002,8.747109828500104
2013-12-29 01:20:50.0000002,20.273175448982617
2014-03-28 22:34:26.0000002,10.202910522497888
2013-09-07 19:43:18.0000002,17.079240193121002
2013-09-07 19:43:18.0000007,7.791874608552206
2010-03-07 00:47:26.0000002,11.167412829770857
2010-03-07 00:47:26.0000003,6.777205691016144
2010-10-31 18:45:58.0000004,5.728381068663981
2015-02-03 09:00:58.0000003,33.222494714213454
2012-08-08 08:58:50.0000002,5.539841620817438
2011-04-08 15:01:02.0000002,5.526194953802452
2015-01-10 09:38:54.0000006,7.367721333430191
2015-01-10 09:38:54.0000002,15.785958397101433
2015-01-10 09:38:54.0000005,12.662106219015325
2015-01-10 09:38:54.0000001,10.449164333802774
2014-10-03 00:50:06.0000003,8.430504021246646
2010-06-18 19:19:26.0000004,13.154900144084872
2013-06-21 00:00:34.0000004,8.091903277076302
2012-02-29 12:03:34.0000003,7.09062370537829
2013-09-16 14:16:34.0000002,28.373354193475905
2011-03-10 18:16:14.0000002,6.146684778409267
2011-05-19 02:06:46.0000001,7.317623695736314
2014-08-08 15:26:18.0000001,8.352560685686766
2009-03-11 12:01:30.0000003,5.067226456770709
2012-07-26 12:40:38.0000004,8.39119138510976
2014-05-26 22:57:10.0000001,11.11685542508874
2010-09-04 18:31:42.0000004,11.532171886561587
2011-09-22 20:05:22.0000002,5.95543599203093
2011-09-22 20:05:22.0000004,6.481095728488116
2014-08-09 01:27:30.0000001,12.590073234779883
2014-10-31 12:04:26.0000003,9.600784170599164
2013-04-10 21:03:42.0000006,12.217573202631595
2011-12-29 19:29:50.0000002,7.037459700556303
2013-03-14 21:43:46.0000002,5.098009270804032
2009-02-08 00:04:06.0000003,5.040492638666299
2012-02-04 22:47:18.0000002,5.526194953802452
2012-05-06 03:01:10.0000001,20.381759310910248
2014-07-08 08:56:58.0000002,4.896538220483611
2014-07-08 08:56:58.0000005,4.8703267348589065
2014-07-08 08:56:58.0000004,14.491126325015017
2014-07-08 08:56:58.0000003,10.504935402397928
2011-02-19 10:14:58.0000001,7.267726292200782
2010-08-16 17:14:18.0000002,7.664454176089582
2012-12-27 21:01:54.0000002,13.901804279331506
2015-05-31 20:48:54.0000002,14.659602098277784
2013-01-06 12:39:54.0000006,5.098009270804032
2010-12-24 04:23:06.0000001,29.37657953303964
2010-11-10 23:21:50.0000001,8.34106708749608
2011-10-01 00:42:26.0000002,18.205636161590082
2013-03-31 00:09:58.0000001,25.9422801240828
2011-07-20 08:05:02.0000001,17.397416627538544
2009-05-03 16:02:54.0000004,4.804034357507094
2012-09-06 17:58:06.0000002,7.424499704561741
2014-04-06 16:47:14.0000001,14.181549988068758
2014-04-06 16:47:14.0000002,29.190682305135994
2014-09-06 03:52:50.0000001,8.65192392737858
2014-01-01 13:06:34.0000002,13.14408558467473
2011-12-25 15:35:54.0000002,6.39709390739075
2011-12-25 15:35:54.0000005,5.040492638666299
2011-12-25 15:35:54.0000001,6.481095728488116
2015-05-14 23:11:58.0000004,13.923230766146736
2015-04-22 09:54:06.0000001,6.406936176802091
2012-09-01 19:04:18.0000001,10.816773755768121
2013-06-06 02:54:50.0000001,39.22507446583835
2011-09-03 00:03:42.0000007,47.363639170539756
2013-07-02 22:27:14.0000002,5.6105727763860695
2011-07-18 00:04:54.0000001,10.3439343679586
2011-04-03 03:46:18.0000001,5.526194953802452
2010-06-25 14:00:14.0000001,8.92268484899447
2014-09-10 16:40:02.0000001,6.5471934587910425
2011-03-01 07:23:14.0000002,5.717415741025852
2011-06-24 13:23:18.0000005,9.77371312851015
2012-01-01 18:02:46.0000001,15.734477165571898
2015-03-28 19:31:26.0000004,9.028880150858328
2010-07-13 11:53:15.0000006,9.918711211163068
2010-07-13 11:53:15.0000005,6.53519355023794
2010-07-13 11:53:15.0000003,5.040492638666299
2013-02-07 13:47:59.0000002,15.20714900584313
2015-05-19 13:58:11.0000006,34.98930728262824
2015-05-19 13:58:11.0000009,13.557680824865955
2012-07-31 22:21:11.0000003,7.958982407972954
2013-01-03 08:50:31.0000003,9.758574376709529
2010-03-18 00:05:43.0000001,19.369896383512856
2009-04-14 17:43:23.0000001,47.31576882151711
2009-04-14 17:43:23.0000002,6.9852548555889555
2015-06-15 14:34:03.0000001,11.803139027667566
2014-11-26 06:46:23.0000002,30.12904423931219
2010-12-19 16:25:15.0000002,8.554394320080453
2015-06-18 20:56:55.0000004,5.098009270804032
2015-06-18 20:56:55.0000008,18.260576778064177
2015-04-28 20:15:27.0000003,7.430532360525392
2013-01-23 13:49:19.0000001,7.72743492161653
2012-01-03 08:49:15.0000005,10.89435307675293
2012-06-09 19:03:11.0000005,7.642118886612417
2012-06-09 19:03:11.0000007,10.133023256617436
2009-05-27 02:00:51.0000001,16.132197798646736
2014-06-07 12:21:11.0000003,11.621232572876902
2011-09-08 22:37:43.0000001,7.426734174995149
2010-06-18 22:52:11.0000001,22.459638169705574
2011-09-13 13:31:51.0000001,11.071584227115563
2011-09-13 13:31:51.0000005,6.772977968942028
2014-10-06 09:24:11.0000005,23.44077376973276
2012-03-15 18:23:55.0000002,6.9852548555889555
2013-12-22 21:24:47.0000002,5.174812878048644
2011-11-23 21:07:43.0000001,7.09652872199825
2010-11-17 19:10:23.0000003,6.98162465056029
2010-11-17 19:10:23.0000005,9.226996830036445
2015-02-14 13:15:19.0000007,8.352560685686766
2013-01-12 22:40:39.0000008,8.352560685686766
2013-01-12 22:40:39.0000009,20.06229786370689
2013-01-12 22:40:39.0000007,8.15338952136569
2010-02-15 14:20:31.0000002,25.486026739875747
2010-02-15 14:20:31.0000003,5.040492638666299
2013-03-23 15:41:07.0000003,10.835667324082527
2009-05-08 22:14:51.0000002,5.526194953802452
2010-01-31 00:33:03.0000005,7.317623695736314
2009-01-18 18:22:07.0000002,8.334966342390825
2009-01-28 11:27:19.0000001,5.526194953802452
2015-05-20 19:39:11.0000003,15.159031285209021
2014-01-11 17:47:47.0000001,8.445218170976002
2012-07-12 02:46:07.0000001,9.609406280949743
2014-03-05 23:16:07.0000001,13.3234837999631
2014-12-17 20:56:31.0000003,10.816939929704471
2010-10-09 15:48:51.0000003,30.516714619453932
2013-10-10 11:09:23.0000001,13.87398183928415
2014-10-12 09:23:55.0000001,12.825174795680322
2013-01-08 07:03:07.0000001,6.46430748916991
2012-10-28 17:21:19.0000001,6.59570435125214
2012-10-28 17:21:19.0000003,9.469391287682033
2014-12-26 20:46:23.0000001,12.220609029148914
2015-05-10 12:37:51.0000003,12.08126618517665
2010-12-11 13:31:11.0000003,5.728381068663981
2010-03-01 22:21:55.0000003,6.9852548555889555
2010-03-01 22:21:55.0000002,16.76878261608609
2015-03-08 14:59:23.0000001,21.570658591583843
2015-03-08 14:59:23.0000003,35.596408733063285
2009-06-08 11:06:23.0000001,64.50806991812794
2014-01-26 13:51:39.0000001,8.352560685686766
2014-11-30 15:46:23.0000003,5.098009270804032
2011-08-20 15:50:39.0000001,11.438729835799288
2010-06-22 14:25:19.0000008,47.31576882151711
2010-06-22 14:25:19.0000001,5.802209621953855
2014-05-25 19:46:59.0000003,30.937317587868534
2014-04-04 05:47:11.0000002,11.889496751471572
2013-01-11 20:08:07.0000003,10.905121756886214
2013-01-11 20:08:07.0000001,5.098009270804032
2013-10-09 17:27:39.0000001,55.687321464330736
2015-01-12 17:05:51.0000004,8.352560685686766
2009-01-12 07:47:39.0000001,30.560035045358195
2011-04-28 19:39:43.0000003,13.23222115207748
2014-11-17 00:03:47.0000003,8.079696265063124
2014-11-17 00:03:47.0000001,10.15137183728284
2013-08-18 00:32:15.0000003,6.309694285629554
2013-05-23 12:09:23.0000005,6.918725466880119
2013-05-23 12:09:23.0000004,13.660433177182659
2014-12-11 08:20:39.0000001,17.95041001190834
2014-12-11 08:20:39.0000004,13.789286112313793
2013-12-10 14:00:35.0000002,5.098009270804032
2011-09-10 20:44:59.0000003,7.09652872199825
2011-04-28 09:50:03.0000001,6.118723208771672
2010-02-26 18:34:51.0000001,8.92268484899447
2013-12-05 23:29:15.0000002,5.158693574178448
2012-12-13 19:05:27.0000004,4.914036785516773
2012-11-09 18:17:35.0000002,11.913634801580042
2010-07-05 19:21:35.0000001,11.098802133940241
2011-11-29 22:19:51.0000003,7.09652872199825
2009-01-30 22:47:07.0000002,15.922239651686692
2009-01-30 22:47:07.0000005,5.526194953802452
2013-09-26 20:54:19.0000001,12.51207621813314
2014-09-16 18:22:23.0000001,6.649275058953958
2011-06-25 23:18:27.0000003,7.100826380771894
2011-06-25 23:18:27.0000002,10.702280785928517
2009-01-17 02:21:55.0000003,6.083635019827851
2014-11-01 15:31:15.0000001,5.158693574178448
2013-07-12 23:17:31.0000003,7.484815111680552
2013-07-12 23:17:31.0000002,12.217573202631595
2013-07-12 23:17:31.0000001,9.563609807966962
2009-09-24 04:23:47.0000001,5.627896613999582
2009-04-20 21:08:35.0000005,7.651706767187228
2009-04-20 21:08:35.0000004,9.31353237758928
2009-04-06 13:47:15.0000001,5.040492638666299
2013-11-29 21:36:07.0000002,21.58922973842001
2013-11-29 21:36:07.0000001,8.710911859958289
2012-04-14 11:59:11.0000003,9.77371312851015
2009-03-06 00:13:03.0000002,14.089560075722563
2010-04-23 00:00:03.0000001,24.166673489734144
2010-05-22 23:46:19.0000004,8.212996664818263
2012-06-09 22:57:15.0000004,7.467247334400213
2010-10-27 02:29:39.0000001,7.597215571224207
2010-10-22 20:56:51.0000003,10.495345862123319
2013-10-07 08:53:39.0000001,5.158693574178448
2011-10-04 11:48:35.0000001,8.312245068889869
2010-12-31 13:32:39.0000002,6.39709390739075
2010-08-21 20:25:07.0000002,6.9350172179344725
2009-11-16 21:03:31.0000005,12.078861918890944
2009-11-16 21:03:31.0000006,7.779024220059841
2010-12-01 21:02:35.0000003,12.372629223613849
2010-04-20 11:53:23.0000001,6.825115688234412
2013-09-20 13:38:55.0000005,5.098009270804032
2013-09-20 13:38:55.0000004,55.87005979746543
2012-09-09 23:40:03.0000002,7.071993435934819
2012-09-09 23:40:03.0000004,10.349170912859062
2010-05-23 15:28:55.0000002,7.9130707892449506
2012-10-15 20:10:31.0000005,12.95820319814022
2013-06-07 13:52:55.0000005,7.857879452206193
2009-06-04 19:34:15.0000005,8.36579697856167
2013-09-29 22:12:07.0000001,31.01511642368398
2010-05-02 12:39:55.0000003,6.118723208771672
2010-05-02 12:39:55.0000001,17.019990513541515
2015-05-20 00:59:15.0000001,7.620205752207771
2009-12-03 18:02:47.0000003,7.070992768627335
2009-12-03 18:02:47.0000002,47.38148630937533
2009-09-28 19:21:59.0000007,5.040492638666299
2009-09-28 19:21:59.0000006,9.20848791497569
2015-05-23 12:59:39.0000003,16.714499051014254
2014-01-11 23:10:59.0000006,8.748388231688711
2010-04-24 20:15:07.0000001,5.526194953802452
2013-05-24 07:22:51.0000001,8.249904154340447
2009-08-06 02:50:03.0000001,16.236318704791124
2014-08-08 17:32:47.0000003,8.549092308250199
2010-09-22 09:42:31.0000003,8.085801905568658
2013-08-19 19:39:23.0000002,15.681893341818135
2015-03-11 16:36:39.0000004,28.203300301801722
2015-05-29 18:59:35.0000006,13.660433177182659
2011-10-26 17:48:43.0000005,8.554394320080453
2009-11-03 19:53:27.0000002,6.408370604381633
2009-11-03 19:53:27.0000001,5.957336946642367
2009-12-19 21:56:15.0000004,5.248797768494908
2009-12-21 21:20:43.0000002,6.2271337879480155
2009-08-21 15:35:07.0000001,12.55004292632345
2010-04-25 13:28:47.0000001,9.77371312851015
2010-11-02 18:49:59.0000004,7.79904339308642
2010-04-21 06:28:47.0000001,47.31576882151711
2015-02-11 20:51:51.0000001,4.827101914125454
2013-12-07 01:41:59.0000002,7.506584385108816
2013-05-21 06:52:59.0000003,32.5504974130842
2014-07-12 00:15:59.0000001,9.723333132925395
2010-06-13 19:39:51.0000002,12.281607679620018
2009-03-31 10:27:19.0000003,10.869359827116428
2013-09-14 18:28:03.0000001,6.45201479700421
2015-02-14 09:08:11.0000002,8.352560685686766
2012-01-19 20:26:35.0000002,6.474676919217248
2012-01-19 20:26:35.0000003,6.146684778409267
2012-01-19 20:26:35.0000006,18.339341869803164
2015-02-25 18:00:51.0000001,6.49957328789259
2015-02-25 18:00:51.0000007,6.237889406403681
2009-08-08 11:41:51.0000003,6.240672448460779
2013-06-02 16:26:47.0000001,6.678037398788421
2011-09-14 00:50:15.0000001,9.54530785058631
2013-02-16 14:26:51.0000003,5.098009270804032
2012-11-12 11:57:03.0000001,6.633191298028203
2012-01-04 00:06:39.0000002,6.583873065504403
2013-06-21 02:39:47.0000001,14.778416098807488
2010-12-28 20:17:27.0000005,9.985332271596906
2010-12-28 20:17:27.0000003,10.288144388211078
2009-12-12 22:01:31.0000001,5.040492638666299
2011-05-20 23:42:59.0000001,6.95971890221804
2014-01-04 10:54:59.0000005,8.352560685686766
2014-01-04 10:54:59.0000002,10.386805786331553
2012-02-11 04:52:35.0000001,5.040492638666299
2014-09-14 23:26:11.0000001,8.352560685686766
2014-04-05 01:52:27.0000002,32.23527046200975
2010-02-23 20:29:51.0000004,7.972928608028434
2013-11-01 13:07:47.0000003,19.12329992613007
2015-03-07 15:25:59.0000003,5.098009270804032
2009-04-16 15:57:31.0000001,8.83888434228144
2010-01-10 12:55:43.0000003,10.89435307675293
2010-01-10 12:55:43.0000004,25.614546455651485
2010-01-10 12:55:43.0000001,5.1401380104595775
2015-03-16 21:12:19.0000002,8.352560685686766
2015-03-16 21:12:19.0000006,17.559642061993035
2012-09-29 20:16:51.0000004,5.307397118264689
2009-07-30 15:49:15.0000002,12.796345253717115
2009-07-30 15:49:15.0000004,8.39119138510976
2013-11-18 16:18:39.0000001,55.87005979746543
2015-01-18 14:06:23.0000001,9.55854684762302
2015-01-18 14:06:23.0000004,6.300907633021105
2015-01-18 14:06:23.0000003,8.020284475359329
2009-09-07 19:35:39.0000001,6.909801769121398
2014-06-14 13:39:00.000000155,4.993625293194815
2014-06-14 13:39:00.000000174,9.398971116393742
2014-06-14 13:39:00.000000104,9.737211876789413
2014-06-14 13:39:00.00000083,55.62325826557958
2014-06-14 13:39:00.00000056,5.158693574178448
2014-06-14 13:39:00.000000102,11.803139027667566
2014-06-14 13:39:00.00000065,21.58922973842001
2014-06-14 13:39:00.000000137,11.47504431184898
2014-06-14 13:39:00.0000002,55.87005979746543
2014-06-14 13:39:00.00000028,6.362700646090336
2014-06-14 13:39:00.000000194,6.362700646090336
2013-06-27 00:20:40.0000002,5.476113530820283
2014-12-30 20:29:24.0000001,6.438320624188355
2011-03-24 15:57:04.0000002,4.757585793058761
2012-06-09 16:53:44.0000001,8.39119138510976
2011-10-02 23:36:00.0000001,16.654799514937704
2011-10-02 23:36:00.00000050,22.944790571410916
2011-10-02 23:36:00.00000069,8.165300977900367
2011-10-02 23:36:00.00000093,10.477018250016787
2011-10-02 23:36:00.00000010,12.049751081672945
2011-10-02 23:36:00.00000017,10.565811177558032
2011-10-02 23:36:00.00000072,12.902938324068717
2011-10-02 23:36:00.00000025,8.730714130368685
2011-10-02 23:36:00.00000019,5.728381068663981
2013-03-21 12:47:28.0000001,10.76594724806632
2013-06-07 03:02:56.0000003,11.849509900124161
2009-06-10 16:55:00.000000123,5.38903641211297
2009-06-10 16:55:00.000000150,10.89435307675293
2009-06-10 16:55:00.00000064,6.473184506204063
2009-06-10 16:55:00.00000062,11.438729835799288
2009-06-10 16:55:00.0000005,5.222895148305938
2009-06-10 16:55:00.0000006,18.592384789200146
2009-06-10 16:55:00.000000130,7.664454176089582
2009-06-10 16:55:00.000000175,5.040492638666299
2009-06-10 16:55:00.00000041,47.31576882151711
2009-06-10 16:55:00.000000152,5.040492638666299
2009-06-10 16:55:00.000000155,9.177737806759612
2009-06-10 16:55:00.00000061,5.040492638666299
2011-06-24 12:03:00.000000131,9.179403817098793
2011-06-24 12:03:00.000000184,10.869359827116428
2011-06-24 12:03:00.00000081,8.32744585878348
2011-06-24 12:03:00.0000007,6.569778394438512
2011-06-24 12:03:00.00000028,6.146684778409267
2011-06-24 12:03:00.000000198,6.0602292575984364
2014-06-15 07:06:00.0000004,14.564351896297921
2014-06-15 07:06:00.00000011,9.890314673318079
2014-06-06 16:22:20.0000001,8.352560685686766
2009-09-14 02:19:00.00000043,6.06320150031173
2009-09-14 02:19:00.00000027,8.934556796209908
2009-09-14 02:19:00.00000042,7.598424272774851
2009-09-14 02:19:00.00000034,18.370813194019682
2009-09-14 02:19:00.00000033,8.416820542510527
2010-08-21 22:21:32.0000001,9.761134166637214
2010-08-21 22:21:32.0000002,7.642118886612417
2012-05-06 23:37:24.0000003,12.163207115196773
2013-12-21 17:20:32.0000002,55.87005979746543
2014-04-28 19:46:36.0000002,8.15338952136569
2011-06-01 07:37:00.00000080,45.00408364228984
2011-06-01 07:37:00.000000164,10.182058763709243
2011-06-01 07:37:00.00000074,17.762898599525318
2011-06-01 07:37:00.00000085,15.241643582309957
2011-06-01 07:37:00.0000003,7.304268335295144
2011-06-01 07:37:00.000000159,17.651045450784004
2011-06-01 07:37:00.00000052,22.425211368795363
2011-06-01 07:37:00.000000218,15.914070211749339
2011-06-01 07:37:00.00000062,5.710669736889061
2011-06-01 07:37:00.00000031,5.970136799858613
2010-08-27 18:45:00.000000170,11.916742167555075
2010-08-27 18:45:00.00000044,16.374034583443866
2010-08-27 18:45:00.000000146,6.13518077110003
2010-08-27 18:45:00.00000035,8.562177645017453
2010-08-27 18:45:00.000000139,5.7262942861593995
2010-08-27 18:45:00.00000051,5.539841620817438
2010-08-27 18:45:00.000000186,5.539841620817438
2010-08-27 18:45:00.000000102,7.642118886612417
2010-08-27 18:45:00.000000164,11.575826670243233
2010-08-27 18:45:00.000000199,12.499277525114213
2010-08-27 18:45:00.000000174,7.642118886612417
2010-08-27 18:45:00.000000187,5.539841620817438
2010-08-27 18:45:00.000000172,13.286920587228561
2010-08-14 02:13:00.000000105,8.757588138872237
2010-08-14 02:13:00.000000159,5.040492638666299
2010-08-14 02:13:00.00000040,6.817158237868502
2010-08-14 02:13:00.000000147,9.578166486129813
2010-08-14 02:13:00.000000145,6.817158237868502
2010-08-14 02:13:00.00000061,7.295580156363606
2010-08-14 02:13:00.000000150,13.394752259624315
2010-08-14 02:13:00.00000024,6.84185992215207
2010-08-14 02:13:00.000000167,7.337377415381132
2010-08-14 02:13:00.00000099,8.484352207290058
2010-08-14 02:13:00.000000120,10.165009155116605
2010-08-14 02:13:00.00000027,6.240672448460779
2010-08-14 02:13:00.00000063,10.306722197930522
2010-08-14 02:13:00.000000164,6.158586533329443
2010-08-14 02:13:00.000000143,17.82136302743369
2010-08-14 02:13:00.000000156,22.449656779802037
2010-08-14 02:13:00.000000123,14.794633158400487
2014-03-25 23:47:00.00000013,5.098009270804032
2014-03-25 23:47:00.000000116,10.09531734818588
2014-03-25 23:47:00.000000141,6.406936176802091
2014-03-25 23:47:00.000000107,8.956560659176507
2014-03-25 23:47:00.00000068,6.5471934587910425
2014-03-25 23:47:00.00000098,19.734793241043157
2014-03-25 23:47:00.000000138,12.622739231982814
2014-03-25 23:47:00.000000120,12.217573202631595
2015-06-05 08:38:56.0000003,9.857437721303985
2010-09-29 16:43:00.000000154,32.672054157876225
2010-09-29 16:43:00.000000157,5.335998883619358
2010-09-29 16:43:00.00000099,8.53627187736691
2010-09-29 16:43:00.00000023,7.128760947125559
2010-09-29 16:43:00.000000148,15.263603152033363
2014-10-27 14:58:00.00000028,7.456435678801829
2014-10-27 14:58:00.00000069,9.969185943582264
2014-10-27 14:58:00.000000106,7.6222642872719195
2014-10-27 14:58:00.00000070,5.098009270804032
2014-10-27 14:58:00.000000121,14.261463129384003
2014-10-27 14:58:00.00000022,11.59344000103937
2014-10-27 14:58:00.00000057,16.07571215485473
2009-10-08 23:44:56.0000002,5.712994192102835
2012-11-03 17:11:00.00000080,10.62746032894937
2012-11-03 17:11:00.00000030,7.023742069275615
2012-11-03 17:11:00.000000149,5.544620419698043
2012-11-03 17:11:00.00000078,10.052094150972216
2012-11-03 17:11:00.00000063,9.108672327724772
2012-11-03 17:11:00.000000142,6.8797822820515195
2012-11-03 17:11:00.000000101,9.664092081257282
2011-05-28 17:29:44.0000003,6.1369236376544105
2011-03-11 01:44:00.00000023,20.341553162397464
2011-03-11 01:44:00.00000014,5.040492638666299
2011-03-11 01:44:00.00000067,9.198791638936878
2011-03-11 01:44:00.00000019,6.853019427133266
2011-03-11 01:44:00.00000082,18.00943851780124
2011-03-11 01:44:00.00000084,5.040492638666299
2011-03-11 01:44:00.00000033,10.592412675282038
2011-03-11 01:44:00.00000051,14.375005161412428
2011-03-11 01:44:00.00000011,20.354938143570664
2013-12-16 19:06:44.0000001,8.174379182999772
2009-05-08 18:00:36.0000001,4.884133235528982
2013-01-27 00:09:12.0000008,10.19711844459035
2013-09-15 02:37:52.0000002,11.293869869495097
2009-04-05 09:48:20.0000001,5.040492638666299
2009-11-25 19:32:52.0000001,9.86643907477256
2011-10-04 09:37:00.00000099,6.481095728488116
2011-10-04 09:37:00.00000019,9.476621496105953
2011-10-04 09:37:00.000000132,17.702718299473688
2011-10-04 09:37:00.00000043,38.49992822613124
2011-10-04 09:37:00.000000122,29.82435680147331
2011-10-04 09:37:00.0000002,10.778296320964218
2011-10-04 09:37:00.000000109,5.667204960886342
2014-04-29 08:15:56.0000003,7.484815111680552
2014-12-24 03:00:00.00000035,5.098009270804032
2009-10-04 22:54:56.0000001,20.732056180302962
2015-04-11 20:31:32.0000008,8.930464445781563
2015-04-11 20:31:32.00000013,14.285325186960913
2011-02-06 17:08:24.0000003,7.492878955249618
2014-04-27 02:57:00.00000010,16.752620471982002
2014-04-27 02:57:00.00000053,9.16205588558043
2014-04-27 02:57:00.000000128,5.158693574178448
2014-04-27 02:57:00.0000008,8.98290204713198
2014-04-27 02:57:00.00000067,11.387380997745925
2014-04-27 02:57:00.0000009,5.28620240081266
2014-04-27 02:57:00.000000159,15.742015324803983
2014-04-27 02:57:00.000000127,12.817486695310432
2014-04-27 02:57:00.000000112,8.972927265808803
2011-12-13 22:00:00.000000147,15.884921195781862
2011-12-13 22:00:00.000000164,6.3763867947696
2011-12-13 22:00:00.00000078,6.98162465056029
2011-12-13 22:00:00.000000103,9.379294751217294
2011-12-13 22:00:00.000000226,6.953701715513752
2011-12-13 22:00:00.000000215,10.30688376371663
2011-12-13 22:00:00.00000013,9.256474773811494
2011-12-13 22:00:00.000000258,7.070992768627335
2011-12-13 22:00:00.00000087,40.99193021602441
2011-12-13 22:00:00.000000270,5.243563425202569
2011-12-13 22:00:00.00000073,8.71405645717831
2011-12-13 22:00:00.000000203,5.667204960886342
2011-12-13 22:00:00.000000184,4.757585793058761
2011-12-13 22:00:00.00000019,6.738378598203828
2011-12-13 22:00:00.000000101,28.08277650747541
2011-12-13 22:00:00.000000122,18.87647956886889
2011-12-13 22:00:00.000000190,7.3797634150557725
2011-12-13 22:00:00.00000021,4.9709878116505
2011-12-13 22:00:00.00000051,9.161261354316093
2011-12-13 22:00:00.00000036,8.29142602837096
2011-12-13 22:00:00.00000022,6.804367104785402
2009-04-12 16:00:56.0000002,13.312340029013336
2014-03-05 21:07:12.0000001,5.098009270804032
2015-04-11 14:16:12.0000009,6.918725466880119
2014-07-21 18:19:00.000000203,9.899596184303139
2014-07-21 18:19:00.000000229,12.662106219015325
2014-07-21 18:19:00.000000146,6.288614940855404
2014-07-21 18:19:00.000000108,9.737211876789413
2014-07-21 18:19:00.000000171,6.4230554806722875
2014-07-21 18:19:00.00000090,15.08548346507008
2014-07-21 18:19:00.00000020,7.484815111680552
2014-07-21 18:19:00.00000059,20.896364718400893
2014-07-21 18:19:00.000000185,6.5471934587910425
2014-07-21 18:19:00.000000186,11.610456886617964
2014-07-21 18:19:00.000000201,12.090811628224667
2014-07-21 18:19:00.000000217,4.827101914125454
2014-07-21 18:19:00.00000017,8.352560685686766
2014-07-21 18:19:00.00000079,8.352560685686766
2014-07-21 18:19:00.00000087,8.27620650423464
2011-06-13 09:55:04.0000003,14.8095888194842
2010-09-20 16:48:00.00000025,11.071584227115563
2010-09-20 16:48:00.00000085,47.31576882151711
2010-09-20 16:48:00.00000069,30.306385733866044
2010-09-20 16:48:00.00000086,7.779024220059841
2010-09-20 16:48:00.00000021,9.177737806759612
2010-09-20 16:48:00.00000024,7.09652872199825
2010-09-20 16:48:00.000000100,9.97098561588812
2010-09-20 16:48:00.0000008,15.83669851127184
2010-09-20 16:48:00.00000074,12.233113011659658
2012-08-20 14:47:36.0000002,10.672270566186807
2014-12-01 00:12:44.0000002,29.76494338647786
2009-03-16 09:55:24.0000001,6.53519355023794
2011-03-06 21:01:00.00000017,7.454499925497859
2011-03-06 21:01:00.000000161,8.41015275122156
2011-03-06 21:01:00.000000170,7.642118886612417
2011-03-06 21:01:00.00000078,10.465714323217858
2011-03-06 21:01:00.000000160,10.286937847555214
2013-02-26 01:38:20.0000001,7.620205752207771
2014-09-22 07:14:16.0000001,7.0366474523873395
2010-10-05 02:09:00.00000017,7.70419821452324
2010-10-05 02:09:00.00000024,15.511699944499195
2010-10-05 02:09:00.00000020,5.902284936785798
2011-04-16 21:23:16.0000001,6.146684778409267
2013-10-05 19:51:04.0000001,6.5471934587910425
2011-10-07 22:08:20.0000005,8.259332883871867
2012-03-14 19:10:48.0000003,4.804034357507094
2009-06-21 04:28:48.0000001,15.77511175291786
2011-06-25 11:42:36.0000001,9.77371312851015
2012-01-26 07:33:00.000000145,7.362076510936886
2012-01-26 07:33:00.00000030,5.040492638666299
2012-01-26 07:33:00.000000121,5.040492638666299
2012-01-26 07:33:00.000000151,8.241898578483063
2012-01-26 07:33:00.00000044,6.867395875522985
2015-03-20 23:34:40.0000009,17.286785430870715
2015-03-20 23:34:40.0000005,6.5471934587910425
2015-05-21 07:08:08.0000001,8.384434106056137
2010-12-09 07:29:00.000000156,5.728381068663981
2010-12-09 07:29:00.0000002,7.597215571224207
2010-12-09 07:29:00.00000081,12.672839470171857
2010-08-21 23:02:28.0000003,12.307890526441353
2009-10-29 10:48:40.0000003,9.169437619101311
2015-02-01 00:48:44.0000003,8.091903277076302
2015-02-01 00:48:44.0000005,5.098009270804032
2011-12-06 11:07:40.0000002,5.067226456770709
2011-12-06 11:07:40.0000003,13.536211626987813
2013-05-18 15:28:40.0000001,9.84789581519459
2013-09-01 17:57:04.0000001,8.15338952136569
2015-02-21 18:39:16.0000001,10.01754077619647
2013-07-22 15:05:16.0000005,10.47971506029992
2010-12-25 13:54:12.0000002,6.481095728488116
2013-11-29 20:09:12.0000001,16.54066199181309
2011-10-25 20:34:20.0000002,10.252742461632272
2012-11-20 21:54:00.000000152,5.040492638666299
2012-11-20 21:54:00.00000071,24.533714033149586
2012-11-20 21:54:00.00000078,10.531729560478428
2012-11-20 21:54:00.00000073,8.545093260239124
2012-11-20 21:54:00.00000066,10.349170912859062
2012-11-20 21:54:00.000000189,7.36751574468032
2012-11-20 21:54:00.00000016,12.562979462147592
2012-11-20 21:54:00.0000007,9.478677883199165
2012-11-20 21:54:00.000000161,13.28760361316946
2012-11-20 21:54:00.000000174,8.905292685043797
2012-11-20 21:54:00.00000084,8.930118700129047
2012-11-20 21:54:00.000000173,7.241998015529957
2014-06-23 00:16:00.00000086,8.10282776633331
2014-06-23 00:16:00.00000042,41.846638319236334
2014-06-23 00:16:00.00000010,6.509296714059383
2011-09-30 03:23:32.0000001,12.575578694710652
2011-01-03 21:51:28.0000003,7.958982407972954
2013-09-25 22:00:00.00000018,9.464715837539993
2013-09-25 22:00:00.00000071,9.50405307401588
2013-09-25 22:00:00.000000114,10.742654848119251
2013-09-25 22:00:00.000000191,8.696581179384154
2013-09-25 22:00:00.0000006,8.352560685686766
2013-09-25 22:00:00.000000113,4.827101914125454
2013-09-25 22:00:00.000000212,5.158693574178448
2013-09-25 22:00:00.00000066,6.504182670152014
2011-07-06 18:07:44.0000004,5.526194953802452
2014-07-11 12:36:08.0000001,14.229857207751584
2015-02-20 11:08:29.0000007,9.857437721303985
2009-05-16 14:53:41.0000003,6.0602292575984364
2010-07-01 22:11:33.0000003,5.710669736889061
2014-10-07 11:52:13.0000008,6.339743220874878
2015-02-26 23:20:13.0000008,14.056202279034375
2011-11-28 14:13:37.0000002,7.149141851936099
2013-08-30 11:20:21.0000003,36.938882111452294
2014-10-25 23:23:05.0000001,10.603244798101846
2014-10-25 23:23:05.0000002,12.168761223643376
2011-07-02 00:38:01.0000001,7.676742672577423
2014-02-08 17:24:57.0000002,8.352560685686766
2013-02-16 16:03:17.0000001,14.08252075403787
2011-01-24 20:18:49.0000005,9.331806974487053
2012-04-07 12:14:05.0000001,10.676480638049295
2011-10-20 13:46:33.0000002,9.101586627796786
2013-11-29 15:09:45.0000003,8.352560685686766
2014-06-22 14:49:13.0000002,37.839889694364985
2009-08-28 23:01:41.0000002,6.9852548555889555
2010-06-11 13:37:21.0000003,8.262061908419613
2013-06-17 06:37:49.0000002,5.098009270804032
2015-06-02 09:11:17.0000002,41.456992988402035
2014-12-07 19:56:45.0000001,13.636541721695233
2013-04-23 13:19:17.0000001,7.367721333430191
2013-11-28 13:17:13.0000003,6.525196979468115
2012-06-10 00:46:17.0000001,8.285560893353665
2010-02-27 22:55:09.0000001,5.526194953802452
2012-04-14 14:20:33.0000002,7.299276700293906
2013-03-08 19:03:09.0000002,5.629464062555671
2012-07-13 11:00:05.0000005,4.757585793058761
2014-07-01 11:05:21.0000003,8.352560685686766
2012-10-25 16:20:37.0000005,9.741266252617718
2011-03-24 17:44:01.0000002,9.77371312851015
2014-07-25 18:06:37.0000006,12.705556242439336
2009-08-02 14:01:33.0000005,9.286761825876827
2009-09-25 21:43:49.0000009,10.21045531248984
2011-12-09 21:19:25.0000003,7.070992768627335
2011-12-09 21:19:25.0000004,9.379294751217294
2012-02-08 11:14:49.0000003,14.188111977156344
2012-07-18 22:34:53.0000002,5.040492638666299
2012-07-18 22:34:53.0000004,6.970878407199237
2009-09-04 18:43:33.0000002,5.587727316114328
2011-04-23 11:01:49.0000002,30.65425214795463
2014-10-28 22:42:33.0000004,5.098009270804032
2010-06-20 12:42:37.0000002,5.526194953802452
2015-02-19 11:39:21.0000004,38.884098427305084
2013-12-08 10:41:05.0000002,5.098009270804032
2009-05-15 21:19:13.0000003,5.526194953802452
2011-08-18 08:36:13.0000005,5.539841620817438
2012-12-20 23:43:09.0000004,18.133894624782652
2009-06-13 18:40:13.0000001,14.327102039240904
2009-01-06 07:36:34.0000001,8.716390349735082
2015-04-12 21:56:22.0000003,8.352560685686766
2010-03-21 16:52:58.0000003,8.39119138510976
2013-07-09 21:59:42.0000001,31.382761303479526
2012-06-23 09:43:42.0000002,5.300192826863569
2012-06-23 09:43:42.0000004,5.526194953802452
2013-10-26 10:46:46.0000003,38.59505504823634
2013-09-14 18:51:46.0000001,7.745718639660905
2009-11-23 19:06:14.0000001,7.082152273608531
2010-01-24 14:09:58.0000002,6.653271691267238
2011-12-10 23:39:06.0000003,5.040492638666299
2011-01-15 04:13:38.0000001,6.146684778409267
2011-03-03 21:31:42.0000003,6.0602292575984364
2012-08-04 23:34:58.0000003,14.817580665516871
2015-04-10 11:56:54.0000006,6.5471934587910425
2015-05-05 12:32:14.0000008,16.135229873870568
2013-10-13 19:52:54.0000002,44.51271267758794
2015-06-25 01:01:46.0000004,11.534631849727063
2009-05-19 15:44:30.0000002,28.2287288746188
2010-02-06 17:37:10.0000002,5.526194953802452
2013-01-14 18:42:54.0000003,7.878509126789024
2014-01-05 17:47:02.0000001,13.71157545045698
2009-07-28 11:13:10.0000002,6.970878407199237
2012-01-12 18:05:10.0000002,23.504835824450886
2010-12-21 08:46:02.0000006,5.728381068663981
2013-11-24 03:44:46.0000003,16.892364647799923
2013-06-30 03:37:26.0000003,14.446512409775389
2011-05-26 21:36:54.0000004,6.825115688234412
2009-03-11 21:46:54.0000002,10.207583710800698
2012-12-26 17:12:30.0000002,11.004072640563265
2013-04-21 19:50:54.0000001,10.754998475309943
2013-02-06 18:21:18.0000001,10.47971506029992
2013-07-21 11:41:26.0000003,11.157450900825072
2011-09-17 15:41:06.0000004,13.235106142607538
2015-06-21 17:16:10.0000005,12.662106219015325
2015-02-27 19:36:02.00000013,7.745718639660905
2015-06-15 01:00:06.0000001,5.098009270804032
2014-03-08 16:08:26.0000001,4.827101914125454
2014-03-08 16:08:26.0000003,8.492020631057791
2014-09-13 19:05:02.0000002,8.813786154439782
2010-12-04 21:08:38.0000004,12.639331444808473
2010-03-07 00:47:26.0000001,5.040492638666299
2009-12-30 16:54:50.0000001,18.730267582392194
2009-03-11 16:02:14.0000007,12.056567310735407
2010-03-13 01:23:10.0000001,5.526194953802452
2012-05-30 02:28:50.0000002,8.757588138872237
2010-09-04 18:31:42.0000003,5.643283490560727
2009-11-20 23:19:58.0000003,9.379294751217294
2011-09-22 20:05:22.0000003,11.121612739358651
2009-02-08 00:04:06.0000001,22.88703516881823
2014-05-17 10:51:46.0000003,14.08485917831015
2010-05-06 11:35:26.0000002,9.979302703206514
2011-10-01 00:42:26.0000001,6.869516209459276
2014-12-26 20:19:38.0000001,6.445119552360852
2015-04-22 09:54:06.0000004,12.177897331916599
2009-01-25 21:17:18.0000001,11.952745792293907
2011-08-01 17:44:30.0000003,18.285503109635226
2012-03-25 04:50:39.0000001,29.342088641326846
2012-12-26 18:28:55.0000004,8.566726446444566
2011-07-06 19:56:23.0000005,13.290013733989918
2012-08-19 12:06:39.0000002,12.389390713202843
2015-04-28 20:15:27.0000004,6.531074154920847
2015-04-28 20:15:27.0000007,8.15338952136569
2014-06-07 12:21:11.0000002,38.480272264011305
2013-12-22 21:24:47.0000001,9.631885904747467
2011-11-23 21:07:43.0000004,8.34106708749608
2011-08-08 11:18:15.0000001,6.840757042628281
2015-05-20 19:39:11.0000004,9.395486595905336
2015-03-20 16:33:07.0000003,38.884098427305084
2015-04-26 21:44:23.0000002,5.098009270804032
2010-10-09 15:48:51.0000004,5.040492638666299
2012-04-27 22:32:19.0000002,7.061221572067472
2012-10-12 15:21:55.0000002,10.815922573304553
2009-12-26 09:23:19.0000001,6.481095728488116
2014-11-30 15:46:23.0000002,5.098009270804032
2010-06-22 14:25:19.0000007,9.265831656480682
2013-01-03 11:41:47.0000002,34.323028380279794
2015-01-12 17:05:51.0000005,32.98523602951887
2013-04-07 00:24:27.0000002,7.0829443719222525
2010-01-13 08:28:59.0000002,5.040492638666299
2012-06-16 14:33:19.0000001,6.146684778409267
2009-03-25 01:20:55.0000002,10.095892594764896
2010-07-13 07:38:03.0000003,16.49365260824971
2012-11-09 18:17:35.0000004,5.560015384602345
2009-06-21 00:54:23.0000002,8.28692174955895
2009-12-23 20:14:19.0000004,8.34106708749608
2013-11-29 21:36:07.0000003,5.098009270804032
2012-06-09 22:57:15.0000003,6.1369236376544105
2010-10-22 20:56:51.0000002,6.7682938418897916
2011-02-21 23:46:07.0000002,17.55566935844287
2012-07-30 18:18:19.0000001,29.377945701809818
2010-06-02 19:45:19.0000003,6.927187692326305
2009-05-21 20:50:31.0000003,6.146684778409267
2014-11-11 12:10:59.0000001,13.660433177182659
2012-09-09 23:40:03.0000003,9.58896757161827
2011-04-28 01:29:51.0000001,6.7186915290931095
2009-09-28 19:21:59.0000003,15.512529411768758
2012-10-21 19:47:23.0000002,15.251695947750491
2013-06-04 23:58:11.0000006,10.603244798101846
2014-08-08 17:32:47.0000005,55.792501884301274
2011-01-04 10:12:51.0000002,9.77371312851015
2011-10-26 17:48:43.0000006,13.007109603220433
2009-12-19 21:56:15.0000003,5.040492638666299
2010-06-13 19:39:51.0000001,5.526194953802452
2015-02-14 09:08:11.0000001,55.87005979746543
2015-02-14 09:08:11.0000004,9.857437721303985
2013-01-09 02:05:51.0000001,11.872269579404389
2013-06-21 02:39:47.0000002,6.309694285629554
2011-10-07 12:38:19.0000001,6.464229492585441
2013-02-02 16:07:55.0000004,16.135229873870568
2014-04-05 01:52:27.0000004,9.648271723384127
2014-04-05 01:52:27.0000003,16.916070749052707
2010-02-23 20:29:51.0000001,5.400497907269119
2014-07-01 15:15:23.0000003,6.077064116387231
2012-12-01 21:12:12.0000001,11.81267641310437
2014-06-14 13:39:00.00000071,6.445119552360852
2013-11-09 18:52:40.0000001,11.635110972597705
2013-11-09 18:52:40.0000003,13.764922323511538
2014-12-30 20:29:24.0000002,8.38431209259515
2010-05-10 10:37:04.0000004,9.77371312851015
2013-07-12 23:33:24.0000002,17.12831282024839
2009-06-10 16:55:00.000000132,8.802301673619292
2009-06-10 16:55:00.000000163,9.77371312851015
2009-06-10 16:55:00.00000084,15.476535920184068
2009-03-22 04:31:40.0000001,15.115111801965321
2011-06-24 12:03:00.0000009,8.901706818083886
2011-06-24 12:03:00.000000174,30.497289447733912
2011-06-24 12:03:00.000000158,9.950258792021645
2014-06-15 07:06:00.00000044,55.87005979746543
2015-05-30 21:29:04.0000006,8.352560685686766
2009-09-14 02:19:00.00000037,13.697431491898111
2011-10-02 22:31:44.0000001,19.686584946385
2011-07-20 16:34:48.0000002,9.305892106307976
2011-06-01 07:37:00.00000012,13.787340278813181
2011-06-01 07:37:00.000000111,9.663475030659194
2011-06-01 07:37:00.00000014,7.654437552600936
2010-08-27 18:45:00.0000002,13.822513929781511
2010-08-27 18:45:00.000000118,6.087870294616214
2010-08-27 18:45:00.000000143,7.061221572067472
2010-08-27 18:45:00.000000233,17.377978506481327
2010-08-27 18:45:00.000000156,7.540794389046647
2010-08-27 18:45:00.000000167,6.876162240035901
2010-08-27 18:45:00.000000168,6.114473658478879
2010-08-27 18:45:00.000000149,6.158586533329443
2010-08-27 18:45:00.00000091,6.240672448460779
2010-08-27 18:45:00.000000126,6.820801338618308
2010-08-27 18:45:00.00000020,9.323391185199624
2010-08-14 02:13:00.000000154,7.317623695736314
2010-08-14 02:13:00.00000098,6.476603415785609
2015-04-16 22:32:48.0000003,20.034117476909806
2014-03-25 23:47:00.00000021,29.747048966042467
2014-03-25 23:47:00.00000084,13.495241276588581
2010-09-29 16:43:00.000000161,8.554394320080453
2010-09-29 16:43:00.00000093,30.31642459727916
2014-10-27 14:58:00.00000088,9.786398257157696
2014-10-27 14:58:00.00000092,55.87005979746543
2014-10-27 14:58:00.00000094,7.878509126789024
2012-11-03 17:11:00.00000013,8.566726446444566
2012-11-03 17:11:00.0000001,5.560015384602345
2012-11-03 17:11:00.000000150,8.554747536930307
2011-05-28 17:29:44.0000002,5.526194953802452
2013-09-28 00:06:20.0000005,8.950105674933875
2013-09-28 00:06:20.0000003,20.28012617892537
2011-03-11 01:44:00.00000095,5.040492638666299
2011-03-11 01:44:00.00000029,7.238771988635284
2011-10-04 09:37:00.00000080,30.636912763338056
2011-10-04 09:37:00.000000113,13.235106142607538
2011-10-04 09:37:00.000000160,7.65157013734027
2011-10-04 09:37:00.0000006,5.728381068663981
2014-12-24 03:00:00.00000020,83.37326886755416
2009-05-16 23:36:24.0000003,4.757585793058761
2014-04-27 02:57:00.00000064,29.749381547592993
2014-04-27 02:57:00.00000083,13.537529585653612
2014-04-27 02:57:00.00000069,18.777817741159396
2014-04-27 02:57:00.0000007,9.723333132925395
2011-12-13 22:00:00.000000102,16.06403632716168
2011-12-13 22:00:00.000000214,12.75509913122042
2011-12-13 22:00:00.000000128,11.34252921359946
2011-12-13 22:00:00.000000249,7.779024220059841
2011-12-13 22:00:00.00000052,15.05838927069424
2011-12-13 22:00:00.000000168,6.119997874368773
2011-12-13 22:00:00.00000079,8.730714130368685
2011-12-13 22:00:00.00000050,7.09652872199825
2015-04-11 14:16:12.0000005,6.5471934587910425
2014-07-21 18:19:00.000000205,7.83949272763584
2014-07-21 18:19:00.00000023,20.337202427034327
2014-07-21 18:19:00.00000046,12.821189899145784
2014-07-21 18:19:00.00000096,16.513472021849033
2014-07-21 18:19:00.000000156,35.65061840165697
2010-09-20 16:48:00.0000002,8.482847843568333
2010-09-20 16:48:00.000000156,5.811649174622363
2010-09-20 16:48:00.00000041,9.135597312470752
2010-09-20 16:48:00.00000083,5.811649174622363
2010-09-20 16:48:00.000000122,13.56530018001744
2011-03-06 21:01:00.00000036,8.20125052586936
2011-03-06 21:01:00.00000019,5.526194953802452
2011-03-06 21:01:00.000000123,10.329224996697645
2011-03-06 21:01:00.000000166,9.331806974487053
2011-03-06 21:01:00.000000140,15.922239651686692
2011-03-06 21:01:00.00000060,7.642118886612417
2012-05-23 16:25:16.0000001,48.24198919170788
2011-04-16 21:23:16.0000003,4.757585793058761
2013-10-05 19:51:04.0000004,6.445119552360852
2012-03-14 19:10:48.0000007,6.9852548555889555
2012-01-26 07:33:00.00000064,18.01289020794021
2012-01-26 07:33:00.000000131,5.4674808158733725
2012-01-26 07:33:00.00000071,5.647919694595386
2012-01-26 07:33:00.00000028,16.14566760498753
2012-01-26 07:33:00.00000072,7.337377415381132
2010-12-09 07:29:00.00000093,8.961817731235385
2010-12-09 07:29:00.000000123,8.76270718795582
2010-12-09 07:29:00.00000056,6.738378598203828
2014-05-17 02:47:12.0000001,7.659222151360953
2009-01-22 12:27:20.0000001,11.473987870207777
2011-04-23 21:22:20.0000002,5.040492638666299
2012-11-20 21:54:00.00000062,7.283882918930525
2012-11-20 21:54:00.000000207,9.61058456784759
2012-11-20 21:54:00.00000014,5.040492638666299
2012-11-20 21:54:00.000000246,16.374034583443866
2012-11-20 21:54:00.000000164,54.22949076509192
2014-06-23 00:16:00.00000011,19.930362339772724
2014-06-23 00:16:00.00000091,8.99292990678318
2013-09-25 22:00:00.000000144,12.136743942281914
2013-09-25 22:00:00.000000100,55.87005979746543
2013-09-25 22:00:00.000000166,11.063323494363159
2013-09-25 22:00:00.000000105,15.460240548571917
2013-09-25 22:00:00.00000015,10.697523826299077
2011-07-06 18:07:44.0000002,43.98536397562857
2009-05-16 14:53:41.0000002,9.64410828078321
2013-10-17 22:21:57.0000003,12.217573202631595
2015-03-04 21:42:57.00000011,8.297420250014769
2011-03-22 12:59:49.0000001,11.658895268654236
2013-07-05 00:58:17.0000004,15.552286093430052
2010-01-30 00:57:21.0000001,6.0213309182604196
2012-04-02 08:39:21.0000002,14.296395943998096
2010-07-25 04:03:17.0000001,45.73643223987119
2012-07-01 22:30:29.0000002,17.831999430531205
2014-02-08 17:24:57.0000003,17.80708072820331
2012-06-02 01:16:05.0000003,5.040492638666299
2012-06-02 01:16:05.0000001,6.444484643742075
2014-01-11 06:18:37.0000001,6.395648888189548
2012-12-09 22:30:13.0000005,5.728381068663981
2011-10-01 15:04:57.0000002,5.728381068663981
2012-01-01 00:37:29.0000004,8.03741197886766
2012-04-14 14:20:33.0000003,11.575826670243233
2010-02-01 20:28:45.0000004,8.62988854996841
2013-08-19 16:21:05.0000001,18.09782141148792
2014-06-05 22:56:05.0000004,7.83949272763584
2013-11-07 22:25:25.0000004,17.876402663057966
2010-06-19 03:06:33.0000001,16.71323174946948
2012-07-18 09:44:53.0000003,6.37317429631277
2009-09-25 21:43:49.0000002,8.259332883871867
2009-09-04 18:43:33.0000001,6.481095728488116
2012-10-20 00:36:37.0000001,8.354128416618739
2014-06-19 22:37:09.0000002,29.875298313372923
2012-12-20 23:43:09.0000001,18.370437476170462
2015-05-23 01:00:22.0000002,8.622977735567877
2012-11-18 14:55:42.0000001,7.329192609485363
2010-01-24 14:09:58.0000003,5.935970135414323
2014-07-27 11:25:18.0000003,19.863358217383585
2009-03-15 03:31:14.0000004,5.040492638666299
2010-09-24 22:40:06.0000004,5.902284936785798
2009-04-18 23:09:34.0000001,35.021983232895856
2014-08-26 16:39:54.0000001,16.274447629065925
2009-05-31 20:56:38.0000004,6.083635019827851
2015-05-29 10:02:42.0000002,7.456435678801829
2011-04-17 14:55:58.0000002,6.53519355023794
2011-05-26 21:36:54.0000003,6.970878407199237
2011-05-26 21:36:54.0000002,9.331806974487053
2013-11-23 16:33:30.0000002,10.841865905321303
2009-06-03 09:11:30.0000001,8.116189848549487
2010-12-04 21:08:38.0000005,7.09652872199825
2013-09-07 19:43:18.0000003,10.308765351561364
2011-03-10 18:16:14.0000005,5.526194953802452
2011-05-19 02:06:46.0000002,6.84185992215207
2009-08-03 17:06:06.0000002,15.922239651686692
2015-04-14 19:20:46.0000008,6.947785809023573
2011-09-08 13:39:06.0000002,7.070992768627335
2012-03-03 02:30:54.0000003,12.921878616272924
2012-12-27 21:01:54.0000004,5.236554652208352
2012-12-27 21:01:54.0000005,9.46040328630139
2014-06-20 02:16:34.0000002,7.1679366592332014
2014-01-14 18:48:06.0000008,9.938046985603581
2011-09-03 00:03:42.0000008,7.7732419671434485
2013-07-02 22:27:14.0000004,15.630025627448692
2013-07-02 22:27:14.0000001,9.775252192122403
2015-05-09 11:33:58.0000002,9.737211876789413
2015-03-28 19:31:26.0000003,13.010973525963397
2013-08-08 14:38:43.0000002,10.219779754434438
2009-11-19 22:48:27.0000001,39.059141605395425
2011-07-06 19:56:23.0000001,15.26989860293707
2015-06-18 20:56:55.0000002,5.098009270804032
2015-02-14 13:15:19.0000002,6.5471934587910425
2013-01-12 22:40:39.0000002,8.938819184545553
2013-03-23 15:41:07.0000002,38.15925115750581
2010-01-31 00:33:03.0000006,7.497448663395909
2014-06-09 14:51:39.0000001,7.83949272763584
2015-03-20 16:33:07.0000004,15.322368998265862
2015-01-04 00:28:11.0000004,8.091903277076302
2010-10-04 16:17:03.0000001,11.33187659947096
2011-05-17 07:53:55.0000003,5.717415741025852
2012-12-26 20:55:27.0000001,5.040492638666299
2012-12-26 20:55:27.0000003,4.899996357193207
2011-12-17 16:19:47.0000002,11.733807338392136
2010-02-15 10:14:23.0000001,30.31642459727916
2010-12-11 16:12:35.0000003,5.067226456770709
2011-12-11 11:05:51.0000002,11.733807338392136
2014-06-14 12:32:11.0000001,10.47438467590078
2012-06-09 22:57:15.0000001,7.061221572067472
2009-05-21 20:50:31.0000004,5.067226456770709
2010-09-22 09:42:31.0000005,7.09652872199825
2014-07-08 10:21:39.0000007,19.98161090504795
2012-09-16 18:14:55.0000002,15.251695947750491
2013-10-05 13:45:39.0000001,6.5471934587910425
2014-07-31 10:39:39.0000001,12.821189899145784
2013-02-16 14:26:51.0000001,12.662106219015325
2014-01-04 10:54:59.0000004,55.80599659871427
2015-03-07 15:25:59.0000005,8.492020631057791
2009-04-16 15:57:31.0000003,5.526194953802452
2011-10-23 17:43:43.0000002,7.639753967342026
2014-06-14 13:39:00.000000189,11.803139027667566
2014-06-14 13:39:00.000000153,9.848960099067693
2014-06-14 13:39:00.00000088,5.098009270804032
2014-06-14 13:39:00.000000157,14.947563422144743
2014-06-14 13:39:00.00000046,7.779175128517439
2014-06-14 13:39:00.000000110,6.374775346287885
2014-06-14 13:39:00.000000106,43.383825795396284
2014-06-14 13:39:00.00000019,15.542554679958377
2014-06-14 13:39:00.000000186,6.5471934587910425
2014-06-14 13:39:00.00000037,9.737211876789413
2014-06-14 13:39:00.00000057,11.803139027667566
2014-06-14 13:39:00.000000127,12.821189899145784
2014-06-14 13:39:00.0000009,37.603548348924946
2014-06-14 13:39:00.000000173,8.352560685686766
2014-06-14 13:39:00.00000027,5.158693574178448
2014-06-14 13:39:00.000000100,7.484815111680552
2011-10-02 23:36:00.00000060,16.094281130362624
2011-10-02 23:36:00.00000057,16.287867611606984
2011-10-02 23:36:00.00000044,5.728381068663981
2011-10-02 23:36:00.00000087,22.42101944556305
2011-10-02 23:36:00.00000084,10.469382726331242
2011-10-02 23:36:00.00000046,13.089178658161604
2011-10-02 23:36:00.0000006,7.09652872199825
2011-10-02 23:36:00.00000033,33.441589061515074
2011-10-02 23:36:00.00000064,18.22116256597853
2011-10-02 23:36:00.00000094,9.143037033995421
2011-10-02 23:36:00.00000049,5.8705890375219525
2011-10-02 23:36:00.00000066,8.150014876285141
2011-10-02 23:36:00.00000080,9.379294751217294
2011-10-02 23:36:00.00000029,33.37337891210446
2011-10-02 23:36:00.00000055,4.757585793058761
2011-10-02 23:36:00.00000079,16.897956157616605
2011-10-02 23:36:00.00000053,10.68501048860469
2009-06-10 16:55:00.00000014,6.9852548555889555
2009-06-10 16:55:00.00000052,6.825115688234412
2009-06-10 16:55:00.00000065,7.308757993036705
2009-06-10 16:55:00.000000169,12.098158168525861
2009-06-10 16:55:00.000000172,6.95971890221804
2009-06-10 16:55:00.000000105,5.067226456770709
2009-06-10 16:55:00.00000073,4.757585793058761
2009-06-10 16:55:00.000000157,10.936871413668726
2009-06-10 16:55:00.000000156,5.710669736889061
2009-06-10 16:55:00.000000116,8.102243648494007
2009-06-10 16:55:00.00000022,5.31621019243694
2009-06-10 16:55:00.00000013,6.146684778409267
2009-06-10 16:55:00.000000126,4.947659758687466
2009-06-10 16:55:00.00000023,6.9852548555889555
2009-06-10 16:55:00.00000086,6.229593032811685
2009-06-10 16:55:00.00000040,10.89435307675293
2009-06-10 16:55:00.00000058,6.9852548555889555
2009-06-10 16:55:00.000000170,5.31621019243694
2009-06-10 16:55:00.00000027,10.939804691148431
2009-06-10 16:55:00.00000011,12.588995384875586
2009-06-10 16:55:00.000000129,6.0000449974654355
2009-06-10 16:55:00.000000121,5.040492638666299
2009-06-10 16:55:00.00000080,7.642118886612417
2009-06-10 16:55:00.00000089,8.189273435751478
2009-06-10 16:55:00.000000103,5.995810416588733
2009-06-10 16:55:00.00000051,7.287122804838289
2009-06-10 16:55:00.00000063,27.225515834862854
2009-06-10 16:55:00.000000106,5.4774755946260605
2009-06-10 16:55:00.00000091,6.1369236376544105
2009-06-10 16:55:00.00000095,13.754363397119084
2009-06-10 16:55:00.000000137,5.040492638666299
2009-06-10 16:55:00.000000113,4.914036785516773
2009-06-10 16:55:00.000000173,6.0602292575984364
2009-06-10 16:55:00.00000077,5.214901024829797
2009-06-10 16:55:00.00000036,5.526194953802452
2011-06-24 12:03:00.000000148,5.647919694595386
2011-06-24 12:03:00.00000070,5.526194953802452
2011-06-24 12:03:00.000000129,9.286761825876827
2011-06-24 12:03:00.000000130,5.040492638666299
2011-06-24 12:03:00.000000160,10.869359827116428
2011-06-24 12:03:00.000000167,28.55368903894829
2011-06-24 12:03:00.00000059,6.9852548555889555
2011-06-24 12:03:00.000000128,7.318685524092054
2011-06-24 12:03:00.000000112,4.943221177926661
2011-06-24 12:03:00.000000134,5.526194953802452
2011-06-24 12:03:00.00000021,13.312340029013336
2011-06-24 12:03:00.00000039,11.318719100189368
2011-06-24 12:03:00.00000083,13.19772739961025
2011-06-24 12:03:00.00000029,6.5203130309183965
2011-06-24 12:03:00.00000037,7.664454176089582
2011-06-24 12:03:00.0000004,12.594211190635148
2011-06-24 12:03:00.000000117,30.365162921480383
2011-06-24 12:03:00.000000147,4.786770185468647
2011-06-24 12:03:00.00000043,6.9852548555889555
2011-06-24 12:03:00.000000172,7.473618011386572
2011-06-24 12:03:00.00000011,6.146684778409267
2011-06-24 12:03:00.00000036,4.757585793058761
2011-06-24 12:03:00.00000015,5.526194953802452
2011-06-24 12:03:00.00000065,6.209193434622669
2011-06-24 12:03:00.000000169,35.50705744299663
2011-06-24 12:03:00.000000164,12.39652534669731
2011-06-24 12:03:00.000000163,5.526194953802452
2011-06-24 12:03:00.00000096,6.970878407199237
2011-06-24 12:03:00.00000030,11.658895268654236
2014-06-15 07:06:00.00000018,8.818182879685237
2014-06-15 07:06:00.00000034,21.549615113916083
2014-06-15 07:06:00.00000022,55.87005979746543
2014-06-15 07:06:00.00000012,6.875164080973599
2014-06-15 07:06:00.0000005,9.536512088671904
2014-06-15 07:06:00.00000023,5.174812878048644
2014-06-15 07:06:00.0000001,10.222055606531045
2009-09-14 02:19:00.0000005,4.768562926341348
2009-09-14 02:19:00.00000032,5.555312680519958
2009-09-14 02:19:00.00000015,5.040492638666299
2009-09-14 02:19:00.00000029,6.935576936264368
2009-09-14 02:19:00.00000012,5.9313248997881844
2009-09-14 02:19:00.00000019,12.834352729506225
2011-06-01 07:37:00.000000193,5.4774755946260605
2011-06-01 07:37:00.000000135,5.300192826863569
2011-06-01 07:37:00.000000124,7.337377415381132
2011-06-01 07:37:00.00000071,7.6641909085219195
2011-06-01 07:37:00.000000191,15.883691319059988
2011-06-01 07:37:00.00000073,6.039522144977285
2011-06-01 07:37:00.000000134,12.26877067054128
2011-06-01 07:37:00.000000195,9.713254584396752
2011-06-01 07:37:00.000000130,8.288798471126794
2011-06-01 07:37:00.00000039,7.317623695736314
2011-06-01 07:37:00.000000188,12.670709702877923
2011-06-01 07:37:00.00000030,7.582954799867016
2011-06-01 07:37:00.00000040,11.15071745689759
2011-06-01 07:37:00.00000011,8.243560648566541
2011-06-01 07:37:00.00000093,7.238771988635284
2011-06-01 07:37:00.000000121,47.363639170539756
2011-06-01 07:37:00.000000224,6.84185992215207
2011-06-01 07:37:00.000000153,5.110098799058825
2011-06-01 07:37:00.00000033,5.31621019243694
2011-06-01 07:37:00.000000213,9.500858239550919
2011-06-01 07:37:00.00000076,5.461137858250486
2011-06-01 07:37:00.00000018,6.867395875522985
2011-06-01 07:37:00.00000021,11.074133295358783
2011-06-01 07:37:00.000000126,12.625962077168975
2011-06-01 07:37:00.000000202,5.9523845256188475
2011-06-01 07:37:00.00000035,8.192742856500887
2011-06-01 07:37:00.000000216,11.111443835745808
2011-06-01 07:37:00.00000067,7.654437552600936
2011-06-01 07:37:00.00000013,9.578166486129813
2011-06-01 07:37:00.00000024,8.209490561761772
2011-06-01 07:37:00.000000148,5.040492638666299
2011-06-01 07:37:00.000000200,5.526194953802452
2011-06-01 07:37:00.00000042,10.266887248265132
2011-06-01 07:37:00.00000066,9.663475030659194
2011-06-01 07:37:00.00000056,11.229911094242008
2011-06-01 07:37:00.00000063,15.343842283135809
2011-06-01 07:37:00.0000009,9.96770244073033
2011-06-01 07:37:00.000000187,6.519217334463903
2011-06-01 07:37:00.000000225,6.146684778409267
2010-08-27 18:45:00.0000009,33.089184564093884
2010-08-27 18:45:00.000000120,6.95971890221804
2010-08-27 18:45:00.00000019,6.95971890221804
2010-08-27 18:45:00.0000001,6.758600698959732
2010-08-27 18:45:00.00000080,5.040492638666299
2010-08-27 18:45:00.00000082,5.539841620817438
2010-08-27 18:45:00.000000180,10.89435307675293
2010-08-27 18:45:00.00000058,16.10521439232889
2010-08-27 18:45:00.000000178,28.53384185573147
2010-08-27 18:45:00.000000117,6.9852548555889555
2010-08-27 18:45:00.00000079,11.027550866500786
2010-08-27 18:45:00.000000200,5.040492638666299
2010-08-27 18:45:00.000000108,7.1389101109073225
2010-08-27 18:45:00.00000098,6.970878407199237
2010-08-27 18:45:00.00000059,47.31576882151711
2010-08-27 18:45:00.000000138,17.7343774274323
2010-08-27 18:45:00.000000232,7.642118886612417
2010-08-27 18:45:00.00000032,22.691156072832676
2010-08-27 18:45:00.00000047,9.286761825876827
2010-08-27 18:45:00.000000100,9.77371312851015
2010-08-27 18:45:00.000000154,6.95971890221804
2010-08-27 18:45:00.000000211,8.138505978381705
2010-08-27 18:45:00.000000114,6.9852548555889555
2010-08-27 18:45:00.00000042,5.539841620817438
2010-08-27 18:45:00.000000104,17.632966018812496
2010-08-27 18:45:00.000000162,9.323391185199624
2010-08-27 18:45:00.00000095,5.040492638666299
2010-08-27 18:45:00.000000150,9.286761825876827
2010-08-27 18:45:00.00000052,13.312340029013336
2010-08-27 18:45:00.000000225,5.539841620817438
2010-08-27 18:45:00.00000064,8.39119138510976
2010-08-27 18:45:00.000000215,9.131155700930842
2010-08-27 18:45:00.000000206,5.539841620817438
2010-08-27 18:45:00.000000122,6.13518077110003
2010-08-27 18:45:00.000000221,9.77371312851015
2010-08-27 18:45:00.00000027,5.054001834797825
2010-08-27 18:45:00.000000115,6.53519355023794
2010-08-27 18:45:00.000000218,7.559937230608135
2010-08-27 18:45:00.000000212,12.55004292632345
2010-08-27 18:45:00.000000229,6.9852548555889555
2010-08-27 18:45:00.000000213,9.425760103098963
2010-08-27 18:45:00.00000099,39.30889843921863
2010-08-27 18:45:00.000000176,12.92324093922382
2010-08-27 18:45:00.000000132,17.8315454866956
2010-08-27 18:45:00.0000007,6.9350172179344725
2010-08-27 18:45:00.000000151,30.39322097962053
2010-08-27 18:45:00.000000137,13.50387249232827
2010-08-27 18:45:00.00000021,29.52983617738645
2010-08-27 18:45:00.000000185,5.344188807994743
2010-08-27 18:45:00.00000041,7.25250456761912
2010-08-14 02:13:00.000000129,8.346409989474314
2010-08-14 02:13:00.0000006,13.688232208150797
2010-08-14 02:13:00.00000045,9.59851927026549
2010-08-14 02:13:00.000000117,15.948534698190079
2010-08-14 02:13:00.00000079,13.651714802325639
2010-08-14 02:13:00.000000112,6.158586533329443
2010-08-14 02:13:00.00000088,21.474141406690237
2010-08-14 02:13:00.0000005,8.05760932065442
2010-08-14 02:13:00.00000016,10.12231523389264
2010-08-14 02:13:00.0000002,7.676742672577423
2010-08-14 02:13:00.00000071,25.00904180272202
2010-08-14 02:13:00.00000019,8.241034609670454
2010-08-14 02:13:00.000000113,5.067226456770709
2010-08-14 02:13:00.000000151,6.817158237868502
2010-08-14 02:13:00.000000104,12.11285106599622
2010-08-14 02:13:00.00000095,15.163722545898157
2010-08-14 02:13:00.00000053,7.337377415381132
2010-08-14 02:13:00.00000046,7.6641909085219195
2010-08-14 02:13:00.00000011,16.1159117145007
2010-08-14 02:13:00.000000124,21.67003953250616
2010-08-14 02:13:00.000000153,19.6476925344492
2010-08-14 02:13:00.00000081,44.84800330130727
2010-08-14 02:13:00.00000062,9.667450870122805
2010-08-14 02:13:00.000000103,15.511699944499195
2010-08-14 02:13:00.000000144,6.853019427133266
2010-08-14 02:13:00.00000082,7.692463043204576
2010-08-14 02:13:00.00000093,5.539841620817438
2010-08-14 02:13:00.00000058,6.853019427133266
2010-08-14 02:13:00.000000107,5.7262942861593995
2010-08-14 02:13:00.000000157,6.867395875522985
2010-08-14 02:13:00.00000013,5.539841620817438
2010-08-14 02:13:00.000000138,5.040492638666299
2010-08-14 02:13:00.000000119,12.65373932163555
2010-08-14 02:13:00.00000065,5.040492638666299
2010-08-14 02:13:00.00000039,5.539841620817438
2010-08-14 02:13:00.000000118,6.853019427133266
2010-08-14 02:13:00.00000048,15.837537526155563
2010-08-14 02:13:00.00000067,12.253330571313327
2010-08-14 02:13:00.00000096,19.97406998884311
2010-08-14 02:13:00.00000091,14.698614798700584
2010-08-14 02:13:00.000000114,6.817158237868502
2010-08-14 02:13:00.00000023,39.103161750099865
2010-08-14 02:13:00.000000106,6.240672448460779
2014-03-25 23:47:00.000000102,7.484815111680552
2014-03-25 23:47:00.00000026,22.95275456281139
2014-03-25 23:47:00.00000042,15.453530746077027
2014-03-25 23:47:00.00000051,6.029487228688241
2014-03-25 23:47:00.00000052,8.175354880397471
2014-03-25 23:47:00.00000031,12.852538884748082
2014-03-25 23:47:00.00000096,11.137813540935559
2014-03-25 23:47:00.000000134,5.098009270804032
2014-03-25 23:47:00.00000019,16.960647108709658
2014-03-25 23:47:00.00000020,8.710911859958289
2014-03-25 23:47:00.000000115,31.68471358567438
2014-03-25 23:47:00.00000035,5.098009270804032
2014-03-25 23:47:00.000000132,19.946744365160278
2014-03-25 23:47:00.00000085,35.634080078099906
2014-03-25 23:47:00.00000064,55.87005979746543
2014-03-25 23:47:00.00000011,8.341739627154869
2014-03-25 23:47:00.000000124,8.938819184545553
2014-03-25 23:47:00.000000112,7.600987913076251
2014-03-25 23:47:00.000000127,22.328089644877334
2014-03-25 23:47:00.00000028,17.46312707188295
2014-03-25 23:47:00.00000055,10.123597120868347
2014-03-25 23:47:00.00000036,8.352560685686766
2014-03-25 23:47:00.000000135,32.98523602951887
2014-03-25 23:47:00.000000108,11.181091464315328
2014-03-25 23:47:00.00000012,15.769346967083774
2010-09-29 16:43:00.000000162,7.09652872199825
2010-09-29 16:43:00.00000078,8.482847843568333
2010-09-29 16:43:00.00000015,8.554394320080453
2010-09-29 16:43:00.0000001,12.744016731939247
2010-09-29 16:43:00.000000119,7.779024220059841
2010-09-29 16:43:00.000000140,8.554394320080453
2010-09-29 16:43:00.00000041,7.779024220059841
2010-09-29 16:43:00.000000135,12.95592503117604
2010-09-29 16:43:00.000000117,6.481095728488116
2010-09-29 16:43:00.00000059,13.536211626987813
2010-09-29 16:43:00.00000014,7.621105475598585
2010-09-29 16:43:00.00000012,12.744016731939247
2010-09-29 16:43:00.000000170,5.824873498147136
2010-09-29 16:43:00.00000013,7.65157013734027
2010-09-29 16:43:00.000000145,7.09652872199825
2010-09-29 16:43:00.000000174,13.56530018001744
2010-09-29 16:43:00.000000164,7.082152273608531
2010-09-29 16:43:00.00000037,12.866668697163508
2010-09-29 16:43:00.000000159,5.067226456770709
2010-09-29 16:43:00.000000113,12.744016731939247
2010-09-29 16:43:00.00000094,4.757585793058761
2010-09-29 16:43:00.00000011,5.811649174622363
2010-09-29 16:43:00.000000168,5.040492638666299
2010-09-29 16:43:00.000000114,47.31576882151711
2010-09-29 16:43:00.00000019,5.040492638666299
2010-09-29 16:43:00.00000022,7.779024220059841
2010-09-29 16:43:00.00000040,7.082152273608531
2010-09-29 16:43:00.00000016,7.037459700556303
2010-09-29 16:43:00.000000144,7.070992768627335
2010-09-29 16:43:00.00000044,9.061127828132754
2010-09-29 16:43:00.00000062,9.101586627796786
2010-09-29 16:43:00.00000074,30.785191993968006
2010-09-29 16:43:00.00000064,16.26596311186783
2010-09-29 16:43:00.000000110,12.847502326226854
2010-09-29 16:43:00.000000122,7.779024220059841
2010-09-29 16:43:00.000000142,4.757585793058761
2010-09-29 16:43:00.00000080,5.040492638666299
2014-10-27 14:58:00.000000149,55.87005979746543
2014-10-27 14:58:00.000000125,13.603762299652391
2014-10-27 14:58:00.000000130,9.737211876789413
2014-10-27 14:58:00.000000146,7.323943918206116
2014-10-27 14:58:00.00000040,7.390079762683868
2014-10-27 14:58:00.000000136,6.339743220874878
2014-10-27 14:58:00.000000123,12.348296467344053
2014-10-27 14:58:00.000000115,6.5471934587910425
2014-10-27 14:58:00.00000046,6.234226871758986
2014-10-27 14:58:00.0000009,55.87005979746543
2014-10-27 14:58:00.00000059,52.16178632005498
2014-10-27 14:58:00.000000111,7.857879452206193
2014-10-27 14:58:00.00000054,55.87005979746543
2014-10-27 14:58:00.00000024,7.878509126789024
2014-10-27 14:58:00.00000065,10.504935402397928
2014-10-27 14:58:00.00000087,13.660433177182659
2014-10-27 14:58:00.00000099,6.5471934587910425
2014-10-27 14:58:00.000000144,5.069279857657206
2014-10-27 14:58:00.00000081,4.957512989330939
2014-10-27 14:58:00.00000056,9.848960099067693
2012-11-03 17:11:00.000000115,6.633191298028203
2012-11-03 17:11:00.00000079,7.303672507321231
2012-11-03 17:11:00.00000081,11.02194209243992
2012-11-03 17:11:00.00000085,13.441254325924529
2012-11-03 17:11:00.000000128,4.776391278081455
2012-11-03 17:11:00.000000160,9.097738892921496
2012-11-03 17:11:00.000000118,7.023742069275615
2012-11-03 17:11:00.00000076,8.954708357589137
2012-11-03 17:11:00.000000114,7.262574581984589
2012-11-03 17:11:00.00000091,7.023742069275615
2012-11-03 17:11:00.00000060,9.77610691718473
2012-11-03 17:11:00.000000155,9.741266252617718
2012-11-03 17:11:00.000000117,10.052094150972216
2012-11-03 17:11:00.000000105,5.040492638666299
2012-11-03 17:11:00.0000007,17.94273819731037
2012-11-03 17:11:00.00000055,7.36751574468032
2012-11-03 17:11:00.000000103,6.4959835745307615
2012-11-03 17:11:00.00000053,8.566726446444566
2011-03-11 01:44:00.00000064,9.198791638936878
2011-03-11 01:44:00.00000016,5.067226456770709
2011-03-11 01:44:00.00000072,11.814180842008492
2011-03-11 01:44:00.00000057,5.526194953802452
2011-03-11 01:44:00.00000040,7.396325351632652
2011-03-11 01:44:00.00000021,16.394231763529298
2011-03-11 01:44:00.00000046,10.100393958588885
2011-03-11 01:44:00.00000034,7.317623695736314
2011-03-11 01:44:00.00000083,44.69505649283328
2011-03-11 01:44:00.00000032,9.620334406960975
2011-03-11 01:44:00.00000075,7.337377415381132
2011-03-11 01:44:00.00000085,8.687700978687191
2011-03-11 01:44:00.00000044,6.809328712260333
2011-03-11 01:44:00.0000005,8.889661988873181
2011-03-11 01:44:00.00000074,14.832592380944103
2011-03-11 01:44:00.00000041,9.578166486129813
2011-03-11 01:44:00.00000042,8.690065335770361
2011-03-11 01:44:00.00000035,12.182979392769761
2011-03-11 01:44:00.00000052,5.040492638666299
2011-10-04 09:37:00.000000194,5.728381068663981
2011-10-04 09:37:00.000000183,7.070992768627335
2011-10-04 09:37:00.000000157,30.324038755438306
2011-10-04 09:37:00.000000176,6.446560227598877
2011-10-04 09:37:00.000000170,8.554394320080453
2011-10-04 09:37:00.00000036,8.875943154590724
2011-10-04 09:37:00.00000017,4.757585793058761
2011-10-04 09:37:00.000000114,16.599066679251667
2011-10-04 09:37:00.000000184,11.532171886561587
2011-10-04 09:37:00.00000047,5.728381068663981
2011-10-04 09:37:00.00000055,6.481095728488116
2011-10-04 09:37:00.00000031,7.129774098731521
2011-10-04 09:37:00.00000049,47.52083781754235
2011-10-04 09:37:00.0000005,4.927639436618844
2011-10-04 09:37:00.00000067,5.040492638666299
2011-10-04 09:37:00.000000134,11.114504920488043
2011-10-04 09:37:00.00000025,6.481095728488116
2011-10-04 09:37:00.000000185,6.481095728488116
2011-10-04 09:37:00.000000180,7.082152273608531
2011-10-04 09:37:00.00000088,9.215960412353201
2011-10-04 09:37:00.000000108,8.438526756294133
2011-10-04 09:37:00.000000107,9.521570127267829
2011-10-04 09:37:00.00000062,18.724002769166958
2011-10-04 09:37:00.00000045,5.065306389851377
2011-10-04 09:37:00.00000028,9.97098561588812
2011-10-04 09:37:00.00000057,6.481095728488116
2011-10-04 09:37:00.00000013,9.521570127267829
2011-10-04 09:37:00.00000056,11.532171886561587
2011-10-04 09:37:00.000000106,5.728381068663981
2011-10-04 09:37:00.000000136,8.438526756294133
2014-12-24 03:00:00.0000005,24.040539529037634
2014-12-24 03:00:00.00000017,20.292749187619656
2014-12-24 03:00:00.00000036,18.28566285709659
2014-12-24 03:00:00.00000033,5.098009270804032
2014-12-24 03:00:00.00000026,21.61533404302649
2014-12-24 03:00:00.00000031,19.850874614029344
2014-12-24 03:00:00.00000015,9.829511955999935
2015-02-12 05:37:56.0000001,5.0009221980928285
2014-04-27 02:57:00.000000124,13.513582199482993
2014-04-27 02:57:00.00000017,18.109445427368158
2014-04-27 02:57:00.000000151,6.4117681920597445
2014-04-27 02:57:00.000000168,5.098009270804032
2014-04-27 02:57:00.00000039,5.098009270804032
2014-04-27 02:57:00.00000097,13.663211116618735
2014-04-27 02:57:00.00000033,6.307008622473898
2014-04-27 02:57:00.000000129,9.076647146432753
2014-04-27 02:57:00.000000141,8.091903277076302
2014-04-27 02:57:00.00000074,13.99890383695644
2014-04-27 02:57:00.00000047,19.971510540185854
2014-04-27 02:57:00.00000076,11.456627813700479
2014-04-27 02:57:00.000000142,6.442074180084385
2014-04-27 02:57:00.000000143,18.469446721653135
2014-04-27 02:57:00.00000090,20.658312341621162
2014-04-27 02:57:00.000000106,20.073321193375616
2014-04-27 02:57:00.000000167,16.118262014577468
2014-04-27 02:57:00.000000145,12.104315173520527
2011-12-13 22:00:00.00000085,13.097004598151287
2011-12-13 22:00:00.000000264,8.304731150190523
2011-12-13 22:00:00.000000138,10.469382726331242
2011-12-13 22:00:00.000000135,6.481095728488116
2011-12-13 22:00:00.000000197,5.728381068663981
2011-12-13 22:00:00.000000143,13.543039651256754
2011-12-13 22:00:00.000000134,5.067226456770709
2011-12-13 22:00:00.00000033,10.454894734120474
2011-12-13 22:00:00.00000058,7.082152273608531
2011-12-13 22:00:00.000000205,8.298433377427525
2011-12-13 22:00:00.000000173,10.477018250016787
2011-12-13 22:00:00.000000248,7.070992768627335
2011-12-13 22:00:00.00000074,6.953701715513752
2011-12-13 22:00:00.00000098,5.040492638666299
2011-12-13 22:00:00.00000095,10.252742461632272
2011-12-13 22:00:00.000000229,19.614872687194314
2011-12-13 22:00:00.000000186,12.352981789395011
2011-12-13 22:00:00.0000005,30.517537651850876
2011-12-13 22:00:00.000000246,16.599066679251667
2011-12-13 22:00:00.000000180,7.09652872199825
2011-12-13 22:00:00.00000044,9.169437619101311
2011-12-13 22:00:00.000000110,7.958841285576294
2011-12-13 22:00:00.000000231,6.481095728488116
2011-12-13 22:00:00.000000144,10.21045531248984
2011-12-13 22:00:00.00000070,31.941975273515347
2011-12-13 22:00:00.000000116,7.863514452217454
2011-12-13 22:00:00.000000156,6.085382399161951
2011-12-13 22:00:00.000000148,9.133981073177575
2011-12-13 22:00:00.00000072,8.76717494123714
2011-12-13 22:00:00.00000028,10.761340767705637
2011-12-13 22:00:00.00000066,10.30688376371663
2011-12-13 22:00:00.000000121,12.378431381226397
2011-12-13 22:00:00.00000094,40.447247868125466
2011-12-13 22:00:00.000000266,10.227749211995768
2015-04-11 14:16:12.0000004,10.954926183545169
2015-05-10 19:54:00.0000002,14.490292943025278
2014-07-21 18:19:00.00000054,9.737211876789413
2014-07-21 18:19:00.000000230,7.512861999649674
2014-07-21 18:19:00.000000187,18.418327394042205
2014-07-21 18:19:00.000000100,9.947823443662148
2014-07-21 18:19:00.00000071,12.802256169042195
2014-07-21 18:19:00.000000172,10.504935402397928
2014-07-21 18:19:00.00000025,9.131155700930842
2014-07-21 18:19:00.000000191,11.803139027667566
2014-07-21 18:19:00.00000034,11.803139027667566
2014-07-21 18:19:00.000000176,5.570155969007919
2014-07-21 18:19:00.00000037,7.878509126789024
2014-07-21 18:19:00.000000160,6.525196979468115
2014-07-21 18:19:00.00000077,9.969972376185774
2014-07-21 18:19:00.00000013,12.643307257694355
2014-07-21 18:19:00.000000184,8.174379182999772
2014-07-21 18:19:00.000000232,6.946832187647469
2014-07-21 18:19:00.000000116,9.879778891444204
2014-07-21 18:19:00.00000048,8.93102984821876
2014-07-21 18:19:00.00000067,10.504935402397928
2014-07-21 18:19:00.00000099,5.098009270804032
2014-07-21 18:19:00.000000223,7.484815111680552
2014-07-21 18:19:00.000000162,16.079908368611726
2014-07-21 18:19:00.00000068,9.969185943582264
2014-07-21 18:19:00.000000144,8.790529526452557
2014-07-21 18:19:00.00000035,25.170225893351724
2014-07-21 18:19:00.00000029,7.484815111680552
2014-07-21 18:19:00.00000032,5.7148599911821485
2014-07-21 18:19:00.00000082,5.174812878048644
2014-07-21 18:19:00.000000132,5.815613854156554
2014-07-21 18:19:00.000000152,7.323943918206116
2014-07-21 18:19:00.00000039,6.2947159303081985
2014-07-21 18:19:00.000000241,4.925475208555371
2014-07-21 18:19:00.00000088,6.963631253294986
2010-09-20 16:48:00.000000159,28.290252167214994
2010-09-20 16:48:00.0000006,9.845552422566026
2010-09-20 16:48:00.000000166,7.814472854802169
2010-09-20 16:48:00.000000110,7.09652872199825
2010-09-20 16:48:00.000000139,25.254713230648754
2010-09-20 16:48:00.00000015,9.443984845784021
2010-09-20 16:48:00.00000068,14.252471478754638
2010-09-20 16:48:00.000000158,47.31576882151711
2010-09-20 16:48:00.00000035,15.258894242715446
2010-09-20 16:48:00.000000148,5.040492638666299
2010-09-20 16:48:00.00000023,14.803293368580492
2010-09-20 16:48:00.00000027,9.135597312470752
2010-09-20 16:48:00.00000092,23.751080076895725
2010-09-20 16:48:00.000000151,30.508404603283054
2010-09-20 16:48:00.00000071,8.554394320080453
2010-09-20 16:48:00.000000132,7.09652872199825
2010-09-20 16:48:00.00000099,16.005380443257753
2010-09-20 16:48:00.0000001,5.643283490560727
2010-09-20 16:48:00.0000005,19.240692239222117
2011-03-06 21:01:00.00000037,5.040492638666299
2011-03-06 21:01:00.00000028,14.28363835203498
2011-03-06 21:01:00.00000025,6.9852548555889555
2011-03-06 21:01:00.000000139,6.825115688234412
2011-03-06 21:01:00.00000083,9.57262213373215
2011-03-06 21:01:00.000000173,19.018287974580197
2011-03-06 21:01:00.00000051,19.521623542950447
2011-03-06 21:01:00.000000116,14.493056861004442
2011-03-06 21:01:00.00000057,6.083635019827851
2011-03-06 21:01:00.000000168,8.149251138491982
2011-03-06 21:01:00.000000138,17.336073584185307
2011-03-06 21:01:00.00000043,10.16551614669192
2011-03-06 21:01:00.000000127,5.040492638666299
2011-03-06 21:01:00.00000096,16.005380443257753
2011-03-06 21:01:00.00000074,5.040492638666299
2011-03-06 21:01:00.000000113,7.664454176089582
2011-03-06 21:01:00.000000120,27.226074482230757
2011-03-06 21:01:00.00000018,9.177737806759612
2011-03-06 21:01:00.00000071,6.9852548555889555
2011-03-06 21:01:00.000000137,5.040492638666299
2011-03-06 21:01:00.00000011,17.180175992309394
2011-03-06 21:01:00.000000146,7.819251181359341
2011-03-06 21:01:00.000000149,5.040492638666299
2011-03-06 21:01:00.00000056,5.040492638666299
2011-03-06 21:01:00.00000052,12.307890526441353
2011-03-06 21:01:00.000000109,5.526194953802452
2012-01-26 07:33:00.000000167,7.337377415381132
2012-01-26 07:33:00.000000114,14.562211183282523
2012-01-26 07:33:00.00000031,8.931483417658619
2012-01-26 07:33:00.000000133,19.69570558637964
2012-01-26 07:33:00.000000180,5.526194953802452
2012-01-26 07:33:00.000000120,9.59851927026549
2012-01-26 07:33:00.000000168,8.002765862669893
2012-01-26 07:33:00.000000122,5.962145666373704
2012-01-26 07:33:00.000000166,9.7924051509037
2012-01-26 07:33:00.000000186,6.867395875522985
2012-01-26 07:33:00.00000068,7.688816281304713
2012-01-26 07:33:00.00000085,19.915483573356234
2012-01-26 07:33:00.000000103,4.771626221382324
2012-01-26 07:33:00.00000081,24.26930622770033
2012-01-26 07:33:00.00000099,10.320132740636474
2012-01-26 07:33:00.00000051,8.714025992651912
2012-01-26 07:33:00.000000160,4.899996357193207
2012-01-26 07:33:00.00000091,5.526194953802452
2012-01-26 07:33:00.00000089,8.292951885662605
2012-01-26 07:33:00.000000189,6.87000104671858
2010-12-09 07:29:00.0000003,7.783642374251812
2010-12-09 07:29:00.00000078,5.560015384602345
2010-12-09 07:29:00.000000127,6.994645957706315
2010-12-09 07:29:00.00000050,7.598424272774851
2010-12-09 07:29:00.000000135,5.65598791877491
2010-12-09 07:29:00.000000196,11.828964518745234
2010-12-09 07:29:00.000000183,7.973274005394988
2010-12-09 07:29:00.000000152,10.004224623102308
2010-12-09 07:29:00.00000098,31.135629254783236
2010-12-09 07:29:00.00000090,9.636686996505333
2010-12-09 07:29:00.00000025,12.672839470171857
2010-12-09 07:29:00.000000150,7.553071818900277
2010-12-09 07:29:00.00000041,5.430712326513468
2010-12-09 07:29:00.000000143,8.361127928830737
2010-12-09 07:29:00.000000148,5.728381068663981
2010-12-09 07:29:00.000000151,6.481095728488116
2010-12-09 07:29:00.0000007,5.040492638666299
2010-12-09 07:29:00.00000069,9.559378749926438
2010-12-09 07:29:00.00000036,5.728381068663981
2010-12-09 07:29:00.00000046,16.19034836601265
2010-12-09 07:29:00.000000195,6.689001503545775
2010-12-09 07:29:00.000000115,17.58537855301468
2010-12-09 07:29:00.000000134,5.728381068663981
2010-12-09 07:29:00.00000067,8.046234077609377
2010-12-09 07:29:00.000000112,6.935576936264368
2010-12-09 07:29:00.00000015,8.27967171982112
2010-12-09 07:29:00.00000031,8.266949035772672
2010-12-09 07:29:00.000000193,7.971509648001495
2010-12-09 07:29:00.00000012,8.300717908699244
2010-12-09 07:29:00.0000005,47.38148630937533
2010-12-09 07:29:00.00000038,9.738435957584088
2010-12-09 07:29:00.00000097,5.50862555960822
2010-12-09 07:29:00.000000102,5.067226456770709
2010-12-09 07:29:00.00000089,7.607145107392542
2010-12-09 07:29:00.00000068,6.994645957706315
2010-12-09 07:29:00.00000071,9.725971380498326
2010-12-09 07:29:00.000000186,6.994645957706315
2012-05-08 03:50:00.0000009,18.457769510301322
2012-05-08 03:50:00.0000001,6.84185992215207
2012-05-08 03:50:00.00000012,13.243932730484783
2012-05-08 03:50:00.0000006,15.813257055232478
2015-03-12 19:43:24.0000005,5.098009270804032
2015-02-01 00:48:44.0000001,29.89324873754893
2015-02-21 18:39:16.0000005,6.445119552360852
2011-01-24 20:47:04.0000001,10.16551614669192
2010-12-25 13:54:12.0000001,14.428976245358314
2015-04-07 14:31:12.0000001,7.333892280124511
2012-11-20 21:54:00.00000086,15.99818529823319
2012-11-20 21:54:00.000000150,7.623447836575099
2012-11-20 21:54:00.000000184,7.023742069275615
2012-11-20 21:54:00.00000080,26.160931870079033
2012-11-20 21:54:00.00000021,5.728381068663981
2012-11-20 21:54:00.00000019,7.947710989145747
2012-11-20 21:54:00.00000087,4.776391278081455
2012-11-20 21:54:00.00000077,11.559961071345429
2012-11-20 21:54:00.000000216,8.44108334535083
2012-11-20 21:54:00.00000010,6.578035086265575
2012-11-20 21:54:00.000000104,8.2961050939891
2012-11-20 21:54:00.00000048,6.512226010874744
2012-11-20 21:54:00.000000221,16.971083853764902
2012-11-20 21:54:00.00000030,9.478677883199165
2012-11-20 21:54:00.00000085,5.667204960886342
2012-11-20 21:54:00.000000133,5.944395840813586
2012-11-20 21:54:00.000000144,8.871195308459258
2012-11-20 21:54:00.00000047,5.728381068663981
2012-11-20 21:54:00.000000229,5.040492638666299
2012-11-20 21:54:00.00000015,6.512226010874744
2012-11-20 21:54:00.000000101,7.381892193070039
2012-11-20 21:54:00.000000238,7.13692135128164
2012-11-20 21:54:00.00000097,16.584152135899153
2012-11-20 21:54:00.00000049,6.59570435125214
2012-11-20 21:54:00.000000209,15.251695947750491
2012-11-20 21:54:00.00000012,8.813106039430332
2012-11-20 21:54:00.000000132,8.930118700129047
2012-11-20 21:54:00.000000197,5.728381068663981
2012-11-20 21:54:00.000000211,12.87418604157144
2012-11-20 21:54:00.00000083,7.189298197463039
2012-11-20 21:54:00.000000127,7.203106767535405
2012-11-20 21:54:00.000000223,34.17025907002485
2012-11-20 21:54:00.000000130,10.864837951792593
2012-11-20 21:54:00.000000149,9.623638737791852
2012-11-20 21:54:00.000000196,9.46040328630139
2012-11-20 21:54:00.00000056,5.728381068663981
2012-11-20 21:54:00.00000026,11.752371441524087
2012-11-20 21:54:00.00000055,8.545093260239124
2012-11-20 21:54:00.000000135,26.485917818847106
2014-06-23 00:16:00.00000023,13.000185088697013
2014-06-23 00:16:00.00000014,8.12917615646236
2014-06-23 00:16:00.00000080,8.179054936620025
2014-06-23 00:16:00.0000003,13.281020451570603
2014-06-23 00:16:00.00000029,13.558284004564902
2014-06-23 00:16:00.00000055,31.834222927863955
2014-06-23 00:16:00.00000050,12.89211712398981
2014-06-23 00:16:00.0000002,16.415913139294446
2014-06-23 00:16:00.00000072,7.1679366592332014
2014-06-23 00:16:00.00000020,11.302468846963208
2013-09-25 22:00:00.00000052,10.108827978643003
2013-09-25 22:00:00.000000129,7.456435678801829
2013-09-25 22:00:00.000000226,52.93554979184215
2013-09-25 22:00:00.00000029,12.601333897162437
2013-09-25 22:00:00.000000141,6.5471934587910425
2013-09-25 22:00:00.000000206,14.541795242926128
2013-09-25 22:00:00.00000051,7.966552504642183
2013-09-25 22:00:00.000000238,9.69202042098861
2013-09-25 22:00:00.000000251,12.50716293759937
2013-09-25 22:00:00.00000031,7.430532360525392
2013-09-25 22:00:00.000000124,9.70927574295918
2013-09-25 22:00:00.000000102,8.352560685686766
2013-09-25 22:00:00.000000198,22.9995305480545
2013-09-25 22:00:00.000000208,5.098009270804032
2013-09-25 22:00:00.00000087,15.08824341003186
2013-09-25 22:00:00.000000116,5.098009270804032
2013-09-25 22:00:00.00000034,12.802247198696765
2013-09-25 22:00:00.000000104,10.645774569896703
2013-09-25 22:00:00.00000088,8.123519934998141
2013-09-25 22:00:00.000000218,31.949674531547394
2013-09-25 22:00:00.00000065,15.160177628133368
2013-09-25 22:00:00.000000115,12.217573202631595
2013-09-25 22:00:00.00000042,11.11685542508874
2013-09-25 22:00:00.000000234,7.390079762683868
2013-09-25 22:00:00.000000247,5.098009270804032
2013-09-25 22:00:00.000000147,14.203133103416073
2013-09-25 22:00:00.000000248,8.352560685686766
2013-09-25 22:00:00.000000162,16.03788865426268
2013-09-25 22:00:00.000000130,11.137813540935559
2013-09-25 22:00:00.000000174,5.098009270804032
2015-03-04 21:42:57.0000006,6.5471934587910425
2015-04-25 01:06:17.0000005,16.111800905283214
2015-02-19 11:39:21.0000001,21.67369347204899
2015-01-29 13:15:50.0000001,5.098009270804032
2015-05-07 15:33:26.0000005,4.993625293194815
2015-02-09 07:16:26.0000005,15.350027006955747
2015-04-16 18:45:22.0000004,17.48105734152199
2015-05-31 20:48:54.0000006,40.884307038365705
2015-05-31 20:48:54.0000003,6.424389135916459
2015-06-18 20:56:55.0000001,20.243607993639582
2015-02-14 13:15:19.0000005,5.795618452771972
2015-05-10 12:37:51.0000007,7.774766719374296
2015-05-10 12:37:51.0000005,12.662106219015325
2015-05-20 00:59:15.0000002,15.04985649012591
2015-05-29 18:59:35.0000003,10.504935402397928
2015-02-25 18:00:51.0000008,7.804519118762981
2015-02-08 08:44:03.0000002,7.72743492161653
2015-05-12 08:31:07.0000003,8.352560685686766
2015-03-16 21:12:19.0000007,9.56878638558975
2014-06-14 13:39:00.000000117,5.077541417309005
2014-06-14 13:39:00.000000187,7.554498556642244
2014-06-14 13:39:00.00000099,7.484815111680552
2014-06-14 13:39:00.000000112,21.35585797075979
2014-06-14 13:39:00.00000039,12.662106219015325
2014-06-14 13:39:00.00000078,55.351766612946335
2014-06-14 13:39:00.00000084,7.456435678801829
2014-06-14 13:39:00.000000166,7.390079762683868
2014-06-14 13:39:00.00000089,5.098009270804032
2014-06-14 13:39:00.00000047,9.503262866477424
2014-06-14 13:39:00.0000001,19.547046071948866
2015-01-31 20:54:04.0000002,10.603244798101846
2011-10-02 23:36:00.0000002,8.34106708749608
2011-10-02 23:36:00.00000051,10.487710338437774
2011-06-24 12:03:00.000000182,6.937096563024454
2011-06-24 12:03:00.000000103,6.9852548555889555
2011-06-24 12:03:00.0000003,6.653271691267238
2011-06-01 07:37:00.00000050,7.317623695736314
2010-08-27 18:45:00.000000216,4.943221177926661
2010-08-14 02:13:00.000000135,10.352356045476409
2014-03-25 23:47:00.00000022,6.424051575218857
2014-03-25 23:47:00.000000128,19.25251947420295
2014-03-25 23:47:00.000000105,7.890396019235496
2014-03-25 23:47:00.00000091,5.098009270804032
2014-03-25 23:47:00.00000054,8.352560685686766
2014-03-25 23:47:00.000000129,8.38431209259515
2014-03-25 23:47:00.00000063,37.964502177185224
2014-03-25 23:47:00.00000060,7.430532360525392
2014-03-25 23:47:00.00000075,20.034117476909806
2010-09-29 16:43:00.00000083,6.690939003379069
2014-10-27 14:58:00.000000145,38.884098427305084
2014-10-27 14:58:00.0000007,13.660433177182659
2014-10-27 14:58:00.00000031,11.284833833111575
2014-10-27 14:58:00.000000128,21.75329301390878
2014-10-27 14:58:00.00000097,4.827101914125454
2014-10-27 14:58:00.00000078,35.053904313369216
2014-10-27 14:58:00.000000135,8.297420250014769
2012-11-03 17:11:00.00000044,6.59570435125214
2012-11-03 17:11:00.00000050,11.049524254958767
2012-11-03 17:11:00.00000024,7.381892193070039
2012-11-03 17:11:00.00000072,11.152690148388631
2012-11-03 17:11:00.000000159,8.566726446444566
2012-11-03 17:11:00.000000126,5.667204960886342
2012-11-03 17:11:00.00000090,9.722135972186567
2011-03-11 01:44:00.00000062,29.565913054470787
2015-02-22 09:48:32.0000004,21.67369347204899
2011-10-04 09:37:00.000000102,9.521570127267829
2011-10-04 09:37:00.00000023,7.779024220059841
2014-12-24 03:00:00.0000003,6.309694285629554
2014-12-24 03:00:00.00000014,6.234226871758986
2014-12-24 03:00:00.0000002,13.169374202989355
2014-12-24 03:00:00.00000027,15.3236924340076
2015-04-11 20:31:32.0000004,7.484815111680552
2014-04-27 02:57:00.000000123,8.070717606336723
2014-04-27 02:57:00.00000078,5.098009270804032
2014-04-27 02:57:00.00000075,11.271727936612729
2014-04-27 02:57:00.000000178,6.309694285629554
2014-04-27 02:57:00.0000004,8.950451467474718
2014-04-27 02:57:00.000000166,12.512903840154964
2014-04-27 02:57:00.00000091,13.136563886154656
2014-04-27 02:57:00.000000173,8.167964062263637
2014-04-27 02:57:00.00000066,22.33449619897461
2014-04-27 02:57:00.000000183,5.158693574178448
2014-04-27 02:57:00.000000179,11.479231225554877
2014-04-27 02:57:00.000000144,8.10282776633331
2014-04-27 02:57:00.00000025,20.02473349829143
2014-04-27 02:57:00.00000052,7.1679366592332014
2014-04-27 02:57:00.00000094,6.309694285629554
2014-04-27 02:57:00.000000189,20.78412858553998
2011-12-13 22:00:00.00000040,10.50646450531234
2011-12-13 22:00:00.000000228,6.665807025750409
2011-12-13 22:00:00.000000130,30.484598003025063
2011-12-13 22:00:00.000000141,6.674913904405126
2011-12-13 22:00:00.000000149,7.779024220059841
2011-12-13 22:00:00.000000224,5.728381068663981
2011-12-13 22:00:00.000000154,7.462728261512856
2011-12-13 22:00:00.000000131,8.373160231995172
2011-12-13 22:00:00.0000002,7.09652872199825
2011-12-13 22:00:00.000000221,9.379294751217294
2011-12-13 22:00:00.00000056,6.739710525394337
2011-12-13 22:00:00.000000195,7.486245923104287
2011-12-13 22:00:00.000000191,7.037459700556303
2011-12-13 22:00:00.00000059,5.728381068663981
2015-02-26 15:55:48.0000001,18.81542652701836
2014-07-21 18:19:00.000000197,6.918725466880119
2014-07-21 18:19:00.000000153,5.098009270804032
2014-07-21 18:19:00.000000159,7.484815111680552
2014-07-21 18:19:00.000000212,40.06677091143244
2014-07-21 18:19:00.00000091,6.4727921226229075
2014-07-21 18:19:00.0000002,6.445119552360852
2014-07-21 18:19:00.000000142,10.041999694298337
2014-07-21 18:19:00.000000141,15.647253601335759
2014-07-21 18:19:00.000000149,7.456435678801829
2014-07-21 18:19:00.00000065,9.131155700930842
2014-07-21 18:19:00.00000033,7.372303341096841
2010-09-20 16:48:00.000000146,7.65157013734027
2010-09-20 16:48:00.00000047,13.592854099049735
2010-09-20 16:48:00.000000129,9.97098561588812
2015-01-26 07:13:44.0000005,55.687321464330736
2011-03-06 21:01:00.00000033,7.514964297070693
2012-01-26 07:33:00.00000090,6.1369236376544105
2012-01-26 07:33:00.00000087,9.625282949291641
2012-01-26 07:33:00.00000012,10.164048828779052
2012-01-26 07:33:00.000000171,7.6091638961457475
2012-01-26 07:33:00.00000065,38.2308699014859
2012-01-26 07:33:00.00000088,8.224877410817378
2012-01-26 07:33:00.000000119,18.927786947959625
2015-03-20 23:34:40.0000004,31.243785109739854
2010-12-09 07:29:00.0000001,8.300717908699244
2012-05-08 03:50:00.00000013,6.146684778409267
2015-03-12 19:43:24.0000003,17.896376067540032
2012-11-20 21:54:00.00000034,8.930118700129047
2012-11-20 21:54:00.000000170,7.381892193070039
2012-11-20 21:54:00.000000108,10.357690335643458
2012-11-20 21:54:00.00000031,10.227749211995768
2012-11-20 21:54:00.000000171,12.425271183676418
2012-11-20 21:54:00.00000023,7.381892193070039
2012-11-20 21:54:00.00000074,6.512226010874744
2012-11-20 21:54:00.000000122,10.524094036792885
2012-11-20 21:54:00.0000006,6.881781960608461
2012-11-20 21:54:00.000000160,9.46040328630139
2012-11-20 21:54:00.00000042,23.00358807802418
2012-11-20 21:54:00.00000039,9.46040328630139
2012-11-20 21:54:00.00000043,9.46040328630139
2012-11-20 21:54:00.000000219,5.040492638666299
2012-11-20 21:54:00.00000020,5.728381068663981
2012-11-20 21:54:00.000000222,5.728381068663981
2012-11-20 21:54:00.0000005,7.500781265800997
2012-11-20 21:54:00.000000154,8.875645933255056
2014-06-23 00:16:00.00000060,18.96611917885722
2014-06-23 00:16:00.0000008,8.967404773255204
2014-06-23 00:16:00.00000035,25.793714780667223
2014-06-23 00:16:00.00000052,11.798094946688234
2014-06-23 00:16:00.00000053,8.320208688969299
2013-09-25 22:00:00.00000056,23.48180467256564
2013-09-25 22:00:00.00000083,6.795081437192735
2013-09-25 22:00:00.000000128,6.445119552360852
2013-09-25 22:00:00.00000037,16.882957222841505
2013-09-25 22:00:00.00000013,6.445119552360852
2013-09-25 22:00:00.000000168,8.15338952136569
2013-09-25 22:00:00.000000181,6.4974058723066275
2013-09-25 22:00:00.00000016,12.802247198696765
2013-09-25 22:00:00.00000063,17.25608156839716
2013-09-25 22:00:00.00000047,8.352560685686766
2013-09-25 22:00:00.000000220,16.132212424397995
2013-09-25 22:00:00.000000163,9.729385882988868
2013-09-25 22:00:00.00000077,12.371974423188519
2013-09-25 22:00:00.00000060,40.23740948146034
2013-09-25 22:00:00.000000213,15.231350874618602
2013-09-25 22:00:00.000000150,19.926398772504992
2013-09-25 22:00:00.00000010,7.72743492161653
2013-09-25 22:00:00.000000146,9.131155700930842
2013-09-25 22:00:00.00000041,10.202910522497888
2013-09-25 22:00:00.000000109,10.913515433244122
2013-09-25 22:00:00.000000210,17.19665161216022
2013-09-25 22:00:00.000000151,10.601597186598443
2013-09-25 22:00:00.000000190,14.352340369604278
2013-09-25 22:00:00.000000153,11.137813540935559
2013-09-25 22:00:00.000000241,27.40573260852063
2013-09-25 22:00:00.000000127,9.69202042098861
2015-02-20 11:08:29.0000001,17.337905800596484
2015-01-12 15:36:37.0000002,4.8611714198485085
2015-06-07 00:38:14.0000002,18.17654843521715
2015-04-12 21:56:22.0000005,7.92295737021287
2015-04-10 11:56:54.0000004,7.005041367745948
2015-06-25 01:01:46.0000002,13.447627968963308
2015-05-29 10:02:42.0000001,10.385642212183663
2015-06-30 20:03:50.0000002,40.884307038365705
2015-02-27 19:36:02.0000006,25.275090789331237
2015-06-15 01:00:06.0000002,5.098009270804032
2015-02-03 09:00:58.0000001,38.884098427305084
2015-05-19 13:58:11.0000001,8.352560685686766
2015-05-10 12:37:51.0000002,8.972415630317323
2015-01-12 17:05:51.0000001,12.278193110342182
2015-04-19 20:44:15.0000001,55.351766612946335
2015-01-31 01:05:19.0000005,21.487581523778566
2015-01-18 14:06:23.0000006,6.829528060071183
