key,fare_amount
2015-01-27 13:08:24.0000002,10.989361
2015-01-27 13:08:24.0000003,11.163351
2011-10-08 11:53:44.0000002,4.3071346
2012-12-01 21:12:12.0000002,8.811081
2012-12-01 21:12:12.0000003,16.45113
2012-12-01 21:12:12.0000005,10.690943
2011-10-06 12:10:20.0000001,5.591959
2011-10-06 12:10:20.0000003,49.59824
2011-10-06 12:10:20.0000002,11.801522
2014-02-18 15:22:20.0000002,7.0337696
2014-02-18 15:22:20.0000003,10.695775
2014-02-18 15:22:20.0000001,18.071432
2010-03-29 20:20:32.0000002,4.400778
2010-03-29 20:20:32.0000001,6.5820627
2011-10-06 03:59:12.0000002,7.490045
2011-10-06 03:59:12.0000001,10.087615
2012-07-15 16:45:04.0000006,4.891167
2012-07-15 16:45:04.0000002,8.911351
2012-07-15 16:45:04.0000003,4.946494
2012-07-15 16:45:04.0000004,4.5637965
2014-10-29 02:09:56.0000001,6.9890122
2014-06-14 13:39:00.00000010,8.368954
2014-06-14 13:39:00.00000060,7.345728
2014-06-14 13:39:00.00000087,8.854735
2014-06-14 13:39:00.00000050,18.25099
2014-06-14 13:39:00.0000003,7.1666164
2014-06-14 13:39:00.000000158,36.282757
2014-06-14 13:39:00.00000015,28.021305
2014-06-14 13:39:00.00000073,6.6066046
2014-06-14 13:39:00.00000077,16.399
2014-06-14 13:39:00.000000145,10.141003
2014-06-14 13:39:00.00000079,6.215687
2014-06-14 13:39:00.000000121,5.3864994
2014-06-14 13:39:00.00000021,11.592555
2014-06-14 13:39:00.0000005,8.5666275
2014-06-14 13:39:00.000000165,7.076823
2014-06-14 13:39:00.000000184,6.0442834
2014-06-14 13:39:00.00000059,6.593707
2014-06-14 13:39:00.00000070,8.377733
2014-06-14 13:39:00.00000068,5.0030136
2014-06-14 13:39:00.000000133,20.356989
2014-06-14 13:39:00.000000128,10.297313
2014-06-14 13:39:00.000000136,20.005522
2014-06-14 13:39:00.00000017,11.620645
2014-06-14 13:39:00.000000111,5.7124467
2014-06-14 13:39:00.000000115,12.818053
2014-06-14 13:39:00.000000168,5.817109
2014-06-14 13:39:00.00000031,7.0096154
2014-06-14 13:39:00.000000116,6.368079
2014-06-14 13:39:00.00000051,5.0060596
2014-06-14 13:39:00.000000193,13.367415
2014-06-14 13:39:00.000000132,14.055664
2014-06-14 13:39:00.000000167,21.966211
2014-06-14 13:39:00.00000044,6.4986234
2014-06-14 13:39:00.000000138,7.6457887
2014-06-14 13:39:00.00000066,15.528182
2014-06-14 13:39:00.00000063,11.202828
2014-06-14 13:39:00.000000154,12.149592
2014-06-14 13:39:00.00000097,14.682616
2014-06-14 13:39:00.00000067,14.094219
2014-06-14 13:39:00.000000179,7.250791
2014-06-14 13:39:00.00000092,11.578468
2014-06-14 13:39:00.00000029,4.99422
2014-06-14 13:39:00.000000177,5.6134744
2014-06-14 13:39:00.000000192,7.619739
2014-06-14 13:39:00.000000181,6.941611
2014-06-14 13:39:00.000000120,11.747316
2014-06-14 13:39:00.0000008,5.763163
2014-06-14 13:39:00.000000103,4.8090158
2014-06-14 13:39:00.00000049,18.622768
2014-06-14 13:39:00.000000108,7.5775886
2014-06-14 13:39:00.00000072,5.902618
2014-06-14 13:39:00.000000182,13.343594
2014-06-14 13:39:00.00000061,7.2165256
2014-06-14 13:39:00.00000093,9.777637
2014-06-14 13:39:00.000000170,13.029177
2014-06-14 13:39:00.000000147,49.800255
2014-06-14 13:39:00.000000140,5.3782144
2014-06-14 13:39:00.000000159,5.1051393
2014-06-14 13:39:00.00000012,4.7471566
2014-06-14 13:39:00.00000025,6.9234157
2014-06-14 13:39:00.000000156,6.0496206
2014-06-14 13:39:00.000000152,8.172427
2014-06-14 13:39:00.000000129,10.781248
2014-06-14 13:39:00.000000119,19.655996
2014-06-14 13:39:00.000000118,5.752371
2014-06-14 13:39:00.00000076,4.8424067
2014-06-14 13:39:00.000000135,7.4779797
2014-06-14 13:39:00.00000023,21.90305
2014-06-14 13:39:00.00000082,10.166835
2014-06-14 13:39:00.000000125,12.400742
2014-06-14 13:39:00.00000075,11.284129
2014-06-14 13:39:00.000000124,7.262944
2014-06-14 13:39:00.000000172,6.9766145
2014-06-14 13:39:00.00000024,16.100676
2014-06-14 13:39:00.000000169,14.639841
2014-06-14 13:39:00.00000052,12.300029
2014-06-14 13:39:00.000000161,14.662806
2014-06-14 13:39:00.00000038,8.476183
2014-06-14 13:39:00.00000035,11.750367
2014-06-14 13:39:00.00000053,13.360631
2014-06-14 13:39:00.000000183,6.7894373
2014-06-14 13:39:00.000000131,55.349598
2014-06-14 13:39:00.000000180,8.0582905
2014-06-14 13:39:00.000000130,9.282323
2014-06-14 13:39:00.00000032,4.5819173
2014-06-14 13:39:00.000000148,11.712984
2014-06-14 13:39:00.0000007,10.9501295
2014-06-14 13:39:00.00000095,12.690791
2014-06-14 13:39:00.000000144,37.730015
2014-06-14 13:39:00.000000141,34.801044
2014-06-14 13:39:00.000000162,21.383875
2014-06-14 13:39:00.00000018,12.965855
2014-06-14 13:39:00.00000054,10.056992
2014-06-14 13:39:00.00000040,6.641967
2014-06-14 13:39:00.00000096,6.5850687
2014-06-14 13:39:00.00000055,26.717226
2014-06-14 13:39:00.000000109,9.484041
2014-06-14 13:39:00.000000151,7.6510115
2014-06-14 13:39:00.00000016,11.64757
2014-06-14 13:39:00.00000062,11.06142
2014-06-14 13:39:00.000000191,9.879694
2014-06-14 13:39:00.00000034,8.681968
2014-06-14 13:39:00.000000160,6.8247104
2014-06-14 13:39:00.00000013,7.006945
2014-06-14 13:39:00.000000188,5.9157805
2014-06-14 13:39:00.00000086,8.629195
2014-06-14 13:39:00.000000185,12.55898
2014-06-14 13:39:00.00000074,9.671977
2014-06-14 13:39:00.00000022,19.614475
2014-06-14 13:39:00.00000036,5.02227
2014-06-14 13:39:00.000000126,4.7832727
2014-06-14 13:39:00.000000190,6.2913303
2014-06-14 13:39:00.00000042,6.623651
2014-06-14 13:39:00.000000178,7.65644
2014-06-14 13:39:00.000000163,5.0307484
2014-06-14 13:39:00.00000020,13.911432
2014-06-14 13:39:00.00000098,6.3493137
2014-06-14 13:39:00.000000114,22.784296
2014-06-14 13:39:00.00000045,10.024705
2014-06-14 13:39:00.00000094,5.1115594
2014-06-14 13:39:00.000000146,11.288632
2014-06-14 13:39:00.00000033,8.799381
2014-06-14 13:39:00.000000143,5.6876526
2014-06-14 13:39:00.000000107,7.0246377
2014-06-14 13:39:00.00000048,9.780023
2014-06-14 13:39:00.00000043,12.666508
2014-06-14 13:39:00.000000123,10.628934
2014-06-14 13:39:00.000000134,8.571811
2014-06-14 13:39:00.000000142,7.236792
2014-06-14 13:39:00.000000122,11.809465
2014-06-14 13:39:00.000000176,10.087857
2011-12-12 09:42:12.0000004,6.162114
2011-12-12 09:42:12.0000002,4.3031645
2011-12-12 09:42:12.0000001,10.678986
2011-12-12 09:42:12.0000003,7.0049624
2011-12-12 09:42:12.0000005,7.954529
2013-06-27 00:20:40.0000001,16.800282
2013-06-27 00:20:40.0000003,10.647263
2009-02-20 13:34:16.0000001,8.355447
2009-02-20 13:34:16.0000002,11.720229
2009-02-20 13:34:16.0000003,7.0865026
2010-08-22 21:14:08.0000001,29.413897
2010-08-22 21:14:08.0000005,14.259076
2010-08-22 21:14:08.0000003,5.119416
2010-08-22 21:14:08.0000002,7.030141
2012-08-06 08:58:08.0000002,5.3532887
2012-08-06 08:58:08.0000001,15.896887
2013-11-04 08:34:12.0000003,5.6107507
2013-11-04 08:34:12.0000001,10.459711
2013-11-04 08:34:12.0000002,11.337308
2011-06-24 20:34:48.0000002,7.661142
2011-06-24 20:34:48.0000001,17.94765
2011-03-28 20:38:36.0000003,5.544054
2011-03-28 20:38:36.0000004,5.818632
2011-03-28 20:38:36.0000002,7.471823
2011-08-14 20:36:28.0000004,5.8279295
2011-08-14 20:36:28.0000001,6.707361
2011-08-14 20:36:28.0000003,20.023556
2011-08-14 20:36:28.0000002,6.0822926
2015-02-21 15:52:44.0000004,20.02601
2015-02-21 15:52:44.0000003,10.046765
2015-02-21 15:52:44.0000002,18.795046
2015-02-21 15:52:44.0000001,9.9859
2013-01-29 11:29:52.0000001,9.709603
2014-09-12 19:03:48.0000001,11.3614025
2013-11-09 18:52:40.0000004,9.4534025
2013-11-09 18:52:40.0000002,13.186314
2013-04-25 16:10:04.0000001,57.65894
2013-04-25 16:10:04.0000002,9.302244
2013-09-07 14:37:52.0000001,8.224155
2013-09-07 14:37:52.0000002,11.310463
2013-09-07 14:37:52.0000003,5.7081494
2011-05-21 13:16:20.0000004,5.210936
2011-05-21 13:16:20.0000001,5.936658
2011-05-21 13:16:20.0000003,8.621426
2011-11-25 16:36:24.0000002,6.414383
2011-11-25 16:36:24.0000001,11.409132
2015-01-31 20:54:04.0000001,6.0006614
2010-11-01 23:31:28.0000002,6.386619
2010-11-01 23:31:28.0000001,7.87157
2010-11-01 23:31:28.0000003,8.597404
2011-03-24 15:57:04.0000003,4.6727324
2011-03-24 15:57:04.0000001,7.8649063
2010-05-10 10:37:04.0000005,6.216655
2010-05-10 10:37:04.0000002,5.5445704
2010-05-10 10:37:04.0000003,9.777075
2010-05-10 10:37:04.0000006,8.471069
2012-06-09 16:53:44.0000002,8.182219
2012-08-22 22:39:20.0000003,17.299421
2012-08-22 22:39:20.0000001,4.573042
2012-12-23 02:29:16.0000001,13.755091
2012-06-30 15:55:12.0000004,13.870434
2012-06-30 15:55:12.0000002,6.954855
2012-06-30 15:55:12.0000003,11.826232
2012-06-30 15:55:12.0000001,6.361451
2011-10-02 23:36:00.00000056,10.21471
2011-10-02 23:36:00.00000086,16.355242
2011-10-02 23:36:00.00000081,14.711379
2011-10-02 23:36:00.0000009,4.063929
2011-10-02 23:36:00.00000041,11.822536
2011-10-02 23:36:00.00000091,3.6919765
2011-10-02 23:36:00.0000008,10.729761
2011-10-02 23:36:00.00000015,25.148539
2011-10-02 23:36:00.00000014,8.101703
2011-10-02 23:36:00.00000047,6.8772416
2011-10-02 23:36:00.00000076,6.904379
2011-10-02 23:36:00.00000011,6.4715347
2011-10-02 23:36:00.00000075,4.969205
2011-10-02 23:36:00.00000035,6.7072015
2011-10-02 23:36:00.00000099,6.6611295
2011-10-02 23:36:00.00000062,8.038291
2011-10-02 23:36:00.00000085,8.606578
2011-10-02 23:36:00.00000043,17.308092
2011-10-02 23:36:00.00000071,10.860669
2011-10-02 23:36:00.00000023,5.622594
2011-10-02 23:36:00.00000092,5.081935
2011-10-02 23:36:00.00000037,8.989851
2011-10-02 23:36:00.00000083,9.584286
2011-10-02 23:36:00.00000054,11.192504
2011-10-02 23:36:00.00000073,8.876183
2011-10-02 23:36:00.0000005,6.5828137
2011-10-02 23:36:00.00000095,4.9681296
2011-10-02 23:36:00.00000088,6.0758767
2011-10-02 23:36:00.00000030,8.107483
2011-10-02 23:36:00.0000007,11.012699
2011-10-02 23:36:00.00000013,8.550984
2011-10-02 23:36:00.00000065,23.163263
2011-10-02 23:36:00.00000089,48.84655
2011-10-02 23:36:00.00000096,6.7237062
2011-10-02 23:36:00.00000039,8.948048
2011-10-02 23:36:00.00000038,24.716562
2011-10-02 23:36:00.00000067,17.690445
2011-10-02 23:36:00.00000077,10.2896595
2011-10-02 23:36:00.00000020,16.317423
2011-10-02 23:36:00.00000063,15.450445
2011-10-02 23:36:00.00000012,7.6332846
2011-10-02 23:36:00.00000058,15.173856
2011-10-02 23:36:00.00000026,8.633969
2011-10-02 23:36:00.00000074,17.97182
2011-10-02 23:36:00.00000059,27.380377
2011-10-02 23:36:00.00000090,13.474646
2011-10-02 23:36:00.0000004,31.639496
2011-10-02 23:36:00.0000003,14.933678
2011-10-02 23:36:00.00000021,14.782074
2011-10-02 23:36:00.00000097,7.528344
2011-10-02 23:36:00.00000036,17.077152
2011-10-02 23:36:00.00000024,19.119007
2011-10-02 23:36:00.00000082,46.935425
2011-10-02 23:36:00.000000100,7.136436
2011-10-02 23:36:00.00000040,4.764645
2011-10-02 23:36:00.00000022,4.2747555
2013-03-21 12:47:28.0000006,11.901725
2013-03-21 12:47:28.0000008,11.312443
2013-03-21 12:47:28.0000003,12.719001
2013-03-21 12:47:28.0000005,7.369911
2013-03-21 12:47:28.0000002,8.53602
2013-06-07 03:02:56.0000002,17.457884
2013-06-07 03:02:56.0000001,6.8104067
2010-09-05 22:31:32.0000002,58.108273
2013-07-12 23:33:24.0000001,10.045771
2009-12-03 02:32:08.0000001,17.746815
2009-10-15 03:50:36.0000001,4.8092437
2011-09-25 22:36:32.0000002,19.24659
2011-09-25 22:36:32.0000001,11.226468
2015-06-08 20:02:56.0000001,10.275386
2014-07-16 08:03:32.0000002,11.413477
2014-07-16 08:03:32.0000001,13.857106
2011-12-15 13:14:32.0000002,8.584484
2011-12-15 13:14:32.0000001,5.4663053
2011-10-11 22:13:48.0000002,13.084684
2011-10-11 22:13:48.0000005,9.024996
2011-10-11 22:13:48.0000003,6.9059834
2013-09-14 16:53:20.0000001,9.213701
2013-09-14 16:53:20.0000002,10.39467
2014-02-06 09:09:56.0000004,5.8652077
2014-02-06 09:09:56.0000003,6.242054
2014-02-06 09:09:56.0000001,5.5560927
2009-06-10 16:55:00.00000081,29.91642
2009-06-10 16:55:00.00000029,5.9126525
2009-06-10 16:55:00.000000109,8.465731
2009-06-10 16:55:00.00000098,48.313885
2009-06-10 16:55:00.00000054,10.168735
2009-06-10 16:55:00.00000021,30.14708
2009-06-10 16:55:00.00000012,9.43659
2009-06-10 16:55:00.00000033,5.8634644
2009-06-10 16:55:00.00000024,8.512201
2009-06-10 16:55:00.00000099,11.301872
2009-06-10 16:55:00.0000009,7.2524047
2009-06-10 16:55:00.000000158,5.376321
2009-06-10 16:55:00.000000141,4.990929
2009-06-10 16:55:00.00000093,7.7301164
2009-06-10 16:55:00.000000161,10.2801895
2009-06-10 16:55:00.00000088,5.5142407
2009-06-10 16:55:00.0000003,8.574286
2009-06-10 16:55:00.00000018,5.5278015
2009-06-10 16:55:00.00000047,7.3866634
2009-06-10 16:55:00.000000154,10.87411
2009-06-10 16:55:00.000000131,7.838675
2009-06-10 16:55:00.00000046,13.47845
2009-06-10 16:55:00.0000004,5.6213226
2009-06-10 16:55:00.000000107,7.431722
2009-06-10 16:55:00.000000114,6.394594
2009-06-10 16:55:00.000000117,8.083371
2009-06-10 16:55:00.000000162,10.521841
2009-06-10 16:55:00.00000049,10.880441
2009-06-10 16:55:00.00000069,7.1371903
2009-06-10 16:55:00.000000111,8.425409
2009-06-10 16:55:00.00000083,4.468207
2009-06-10 16:55:00.000000166,58.47965
2009-06-10 16:55:00.000000135,8.9924135
2009-06-10 16:55:00.00000044,31.726698
2009-06-10 16:55:00.00000085,8.476422
2009-06-10 16:55:00.000000115,6.210535
2009-06-10 16:55:00.000000108,6.643154
2009-06-10 16:55:00.00000034,5.7137423
2009-06-10 16:55:00.00000060,15.128816
2009-06-10 16:55:00.000000120,5.305303
2009-06-10 16:55:00.000000174,32.354866
2009-06-10 16:55:00.0000007,6.741005
2009-06-10 16:55:00.000000159,7.1752186
2009-06-10 16:55:00.000000171,24.57644
2009-06-10 16:55:00.000000145,12.037336
2009-06-10 16:55:00.00000074,8.048114
2009-06-10 16:55:00.000000138,11.52095
2009-06-10 16:55:00.00000048,5.026343
2009-06-10 16:55:00.000000101,5.3692822
2009-06-10 16:55:00.000000153,5.363804
2009-06-10 16:55:00.0000002,8.378724
2009-06-10 16:55:00.00000037,9.004855
2009-06-10 16:55:00.000000151,10.168771
2009-06-10 16:55:00.000000127,30.363243
2009-06-10 16:55:00.000000144,33.93574
2009-06-10 16:55:00.000000165,12.669842
2009-06-10 16:55:00.0000008,5.214278
2009-06-10 16:55:00.000000122,8.05521
2009-06-10 16:55:00.00000055,28.850595
2009-06-10 16:55:00.00000079,4.9451513
2009-06-10 16:55:00.00000016,16.110083
2009-06-10 16:55:00.000000160,18.381493
2009-06-10 16:55:00.000000139,5.6607885
2009-06-10 16:55:00.00000075,5.193526
2009-06-10 16:55:00.00000017,6.6432543
2009-06-10 16:55:00.00000070,5.5129204
2009-06-10 16:55:00.000000118,11.131348
2009-06-10 16:55:00.00000066,12.692724
2009-06-10 16:55:00.000000164,5.813115
2009-06-10 16:55:00.000000100,9.964909
2009-06-10 16:55:00.00000082,8.600068
2009-06-10 16:55:00.00000090,12.95222
2009-06-10 16:55:00.000000125,12.7304535
2009-06-10 16:55:00.000000149,6.4900446
2009-06-10 16:55:00.00000068,11.981926
2009-06-10 16:55:00.00000039,6.120164
2009-06-10 16:55:00.000000124,5.0259676
2009-06-10 16:55:00.00000053,5.6587663
2009-06-10 16:55:00.00000045,7.112504
2009-06-10 16:55:00.000000102,5.3676667
2009-06-10 16:55:00.000000140,7.373122
2009-06-10 16:55:00.000000148,7.483973
2009-06-10 16:55:00.000000147,6.4026513
2009-06-10 16:55:00.00000097,7.8236732
2009-06-10 16:55:00.00000094,6.7805195
2009-06-10 16:55:00.00000078,8.151723
2009-06-10 16:55:00.00000035,6.2385874
2009-06-10 16:55:00.00000072,7.748086
2009-06-10 16:55:00.00000031,5.0318832
2009-06-10 16:55:00.00000056,7.6551275
2009-06-10 16:55:00.000000128,17.480846
2009-06-10 16:55:00.00000057,6.9781914
2009-06-10 16:55:00.00000030,7.4053884
2009-06-10 16:55:00.00000043,10.908733
2009-06-10 16:55:00.000000146,7.7480803
2009-06-10 16:55:00.00000010,7.8337955
2009-06-10 16:55:00.00000067,11.088336
2009-06-10 16:55:00.000000119,5.475268
2009-06-10 16:55:00.00000076,17.245317
2009-06-10 16:55:00.00000025,6.756373
2009-06-10 16:55:00.00000071,16.33503
2009-06-10 16:55:00.000000143,9.229174
2013-06-26 11:19:36.0000002,4.497843
2014-09-05 10:02:48.0000004,5.018407
2014-09-05 10:02:48.0000002,9.552513
2014-09-05 10:02:48.0000001,39.778805
2014-09-05 10:02:48.0000003,9.072721
2012-09-19 12:31:40.0000001,9.951574
2012-09-19 12:31:40.0000002,6.5766816
2009-03-22 04:31:40.0000002,18.477472
2009-08-27 02:31:44.0000001,17.861334
2009-05-02 20:11:32.0000001,9.101031
2009-05-02 20:11:32.0000004,8.66114
2011-02-20 02:31:16.0000002,7.399788
2011-02-20 02:31:16.0000001,18.6256
2011-06-24 12:03:00.00000010,6.3343663
2011-06-24 12:03:00.00000067,11.993764
2011-06-24 12:03:00.00000071,11.315972
2011-06-24 12:03:00.000000100,6.9287834
2011-06-24 12:03:00.000000145,9.142702
2011-06-24 12:03:00.000000152,9.9078245
2011-06-24 12:03:00.00000026,13.893634
2011-06-24 12:03:00.000000199,5.7989798
2011-06-24 12:03:00.000000195,5.4015727
2011-06-24 12:03:00.000000119,5.995017
2011-06-24 12:03:00.00000086,9.311552
2011-06-24 12:03:00.00000012,7.182526
2011-06-24 12:03:00.00000097,18.505552
2011-06-24 12:03:00.00000058,4.7968526
2011-06-24 12:03:00.000000176,4.4394374
2011-06-24 12:03:00.000000139,3.828603
2011-06-24 12:03:00.00000048,6.8000665
2011-06-24 12:03:00.000000159,7.0566754
2011-06-24 12:03:00.00000079,6.178811
2011-06-24 12:03:00.000000138,7.68773
2011-06-24 12:03:00.000000135,11.768579
2011-06-24 12:03:00.000000173,7.900741
2011-06-24 12:03:00.000000162,12.725796
2011-06-24 12:03:00.00000018,10.16298
2011-06-24 12:03:00.000000136,6.563738
2011-06-24 12:03:00.000000185,8.134419
2011-06-24 12:03:00.00000069,6.5775943
2011-06-24 12:03:00.000000105,7.2989345
2011-06-24 12:03:00.000000180,7.5762563
2011-06-24 12:03:00.00000053,10.184509
2011-06-24 12:03:00.000000142,7.3668385
2011-06-24 12:03:00.000000188,9.66237
2011-06-24 12:03:00.00000089,4.198677
2011-06-24 12:03:00.000000109,7.685898
2011-06-24 12:03:00.00000074,6.8662086
2011-06-24 12:03:00.000000113,10.125287
2011-06-24 12:03:00.00000044,5.762176
2011-06-24 12:03:00.000000183,5.9767623
2011-06-24 12:03:00.00000047,8.91397
2011-06-24 12:03:00.0000006,9.963598
2011-06-24 12:03:00.0000005,8.718298
2011-06-24 12:03:00.000000200,10.363951
2011-06-24 12:03:00.000000127,8.889536
2011-06-24 12:03:00.000000120,11.343724
2011-06-24 12:03:00.000000133,5.3807607
2011-06-24 12:03:00.00000073,6.24248
2011-06-24 12:03:00.000000101,4.435462
2011-06-24 12:03:00.000000187,10.481667
2011-06-24 12:03:00.000000122,9.07736
2011-06-24 12:03:00.000000175,6.1961036
2011-06-24 12:03:00.000000154,10.5626745
2011-06-24 12:03:00.000000197,7.870659
2011-06-24 12:03:00.00000017,8.63013
2011-06-24 12:03:00.000000186,10.78254
2011-06-24 12:03:00.00000020,9.253797
2011-06-24 12:03:00.00000035,10.174594
2011-06-24 12:03:00.000000193,8.073811
2011-06-24 12:03:00.000000201,8.628315
2011-06-24 12:03:00.00000054,26.368114
2011-06-24 12:03:00.00000075,8.251067
2011-06-24 12:03:00.000000114,7.795107
2011-06-24 12:03:00.00000062,28.242687
2011-06-24 12:03:00.00000055,25.92441
2011-06-24 12:03:00.00000025,6.0537505
2011-06-24 12:03:00.00000022,5.49389
2011-06-24 12:03:00.000000144,12.802178
2011-06-24 12:03:00.000000177,6.078897
2011-06-24 12:03:00.000000124,5.6177063
2011-06-24 12:03:00.00000094,4.4314313
2011-06-24 12:03:00.00000041,6.6449575
2011-06-24 12:03:00.000000141,7.26703
2011-06-24 12:03:00.00000092,8.90366
2011-06-24 12:03:00.000000189,17.718681
2011-06-24 12:03:00.000000171,11.22484
2011-06-24 12:03:00.000000157,7.081297
2011-06-24 12:03:00.000000179,7.968683
2011-06-24 12:03:00.000000107,12.342577
2011-06-24 12:03:00.00000095,15.926153
2011-06-24 12:03:00.00000076,16.14689
2011-06-24 12:03:00.000000156,7.50476
2011-06-24 12:03:00.000000111,30.718147
2011-06-24 12:03:00.000000116,8.638988
2011-06-24 12:03:00.00000033,11.309273
2011-06-24 12:03:00.00000082,4.659272
2011-06-24 12:03:00.00000078,5.3782086
2011-06-24 12:03:00.00000051,8.338965
2011-06-24 12:03:00.000000143,11.53754
2011-06-24 12:03:00.000000126,13.903941
2011-06-24 12:03:00.00000088,9.614491
2011-06-24 12:03:00.000000191,18.253166
2011-06-24 12:03:00.00000063,12.658445
2011-06-24 12:03:00.00000045,14.390496
2011-06-24 12:03:00.00000060,7.7190514
2011-06-24 12:03:00.00000040,33.66653
2011-06-24 12:03:00.00000057,8.5601015
2011-06-24 12:03:00.00000013,6.5078354
2011-06-24 12:03:00.00000068,30.054224
2011-06-24 12:03:00.000000165,4.6002736
2011-06-24 12:03:00.00000056,5.9585958
2011-06-24 12:03:00.000000150,7.6868463
2011-06-24 12:03:00.00000052,5.70144
2011-06-24 12:03:00.00000085,49.14343
2011-06-24 12:03:00.000000190,8.173892
2011-06-24 12:03:00.00000072,6.341834
2011-06-24 12:03:00.000000137,5.458074
2011-06-24 12:03:00.000000102,6.175358
2011-06-24 12:03:00.000000106,8.536322
2011-06-24 12:03:00.000000118,5.113417
2011-06-24 12:03:00.00000046,14.932112
2011-06-24 12:03:00.000000110,11.689883
2011-06-24 12:03:00.000000181,6.292554
2011-06-24 12:03:00.000000194,5.3433795
2011-06-24 12:03:00.00000061,9.694993
2011-06-24 12:03:00.0000001,11.18956
2011-06-24 12:03:00.00000087,8.015237
2011-06-24 12:03:00.00000066,5.273474
2011-06-24 12:03:00.000000146,6.7932487
2011-06-24 12:03:00.000000149,49.78081
2011-06-24 12:03:00.00000038,11.241746
2011-06-24 12:03:00.000000196,9.000045
2011-06-24 12:03:00.00000093,9.142011
2011-06-24 12:03:00.000000170,5.359001
2011-06-24 12:03:00.000000168,8.950826
2011-06-24 12:03:00.0000002,13.149837
2011-06-24 12:03:00.00000042,13.055013
2014-06-15 07:06:00.0000006,4.045204
2014-06-15 07:06:00.00000037,8.900837
2014-06-15 07:06:00.00000025,6.146152
2014-06-15 07:06:00.0000008,9.176224
2014-06-15 07:06:00.00000036,46.90964
2014-06-15 07:06:00.00000042,24.895369
2014-06-15 07:06:00.00000033,4.646037
2014-06-15 07:06:00.00000013,9.874751
2014-06-15 07:06:00.00000035,54.758526
2014-06-15 07:06:00.00000030,7.989518
2014-06-15 07:06:00.00000024,6.6590424
2014-06-15 07:06:00.00000031,8.107976
2014-06-15 07:06:00.0000009,14.091078
2014-06-15 07:06:00.00000039,53.010998
2014-06-15 07:06:00.00000010,6.4052143
2014-06-15 07:06:00.00000019,13.361481
2014-06-15 07:06:00.00000041,6.40046
2014-06-15 07:06:00.00000028,16.058563
2014-06-15 07:06:00.00000014,54.209454
2014-06-15 07:06:00.0000003,12.869195
2014-06-15 07:06:00.00000017,54.57629
2014-06-15 07:06:00.00000015,16.327873
2014-06-15 07:06:00.00000026,6.050739
2014-06-15 07:06:00.0000002,13.426799
2014-06-15 07:06:00.00000040,4.806312
2014-06-15 07:06:00.00000016,5.3709645
2014-06-06 16:22:20.0000003,5.6836653
2014-06-06 16:22:20.0000002,9.029365
2015-05-30 21:29:04.0000004,14.091703
2015-05-30 21:29:04.0000007,18.402094
2015-05-30 21:29:04.0000003,10.952996
2015-05-30 21:29:04.0000001,7.8143024
2009-10-26 12:01:36.0000001,10.172091
2009-10-26 12:01:36.0000002,8.132595
2009-10-26 12:01:36.0000005,6.510753
2009-10-26 12:01:36.0000003,7.4204493
2013-02-02 15:45:08.0000003,8.219044
2013-02-02 15:45:08.0000001,8.863687
2013-02-02 15:45:08.0000002,12.431835
2015-04-15 06:47:04.0000001,8.110516
2015-04-15 06:47:04.0000002,10.484168
2010-12-14 23:27:36.0000001,5.617332
2009-03-05 11:03:04.0000002,4.619369
2009-03-05 11:03:04.0000001,13.094982
2013-07-18 12:23:40.0000003,5.464545
2013-07-18 12:23:40.0000002,6.194655
2013-07-18 12:23:40.0000001,8.5125
2014-04-14 13:48:32.0000004,9.952023
2014-04-14 13:48:32.0000003,6.103648
2014-08-18 05:33:08.0000001,8.616635
2012-01-28 03:14:28.0000001,28.443207
2009-09-14 02:19:00.00000014,10.343045
2009-09-14 02:19:00.00000035,10.320642
2009-09-14 02:19:00.00000040,5.998003
2009-09-14 02:19:00.00000031,4.885047
2009-09-14 02:19:00.0000003,4.2258816
2009-09-14 02:19:00.00000025,7.7520247
2009-09-14 02:19:00.0000008,7.2935753
2009-09-14 02:19:00.00000024,9.434171
2009-09-14 02:19:00.00000021,4.9759207
2009-09-14 02:19:00.00000036,9.082894
2009-09-14 02:19:00.0000009,28.303066
2009-09-14 02:19:00.0000001,8.432074
2009-09-14 02:19:00.00000018,4.256144
2009-09-14 02:19:00.00000039,9.975085
2009-09-14 02:19:00.0000002,15.403598
2009-09-14 02:19:00.00000038,7.7027597
2009-09-14 02:19:00.00000020,18.736738
2009-09-14 02:19:00.00000028,7.3856106
2009-09-14 02:19:00.00000026,17.17285
2009-09-14 02:19:00.00000017,8.288805
2009-09-14 02:19:00.00000030,6.7525916
2009-09-14 02:19:00.00000016,5.68
2009-09-14 02:19:00.0000006,6.5871205
2009-09-14 02:19:00.0000007,8.641644
2011-08-14 14:17:28.0000003,7.312905
2011-08-14 14:17:28.0000001,5.410177
2011-08-14 14:17:28.0000004,6.601214
2011-08-14 14:17:28.0000002,6.428599
2011-08-14 14:17:28.0000005,13.374692
2014-03-17 16:07:56.0000002,55.374622
2010-11-03 21:09:56.0000002,5.3081493
2010-11-03 21:09:56.0000001,10.797368
2012-12-11 23:37:08.0000002,9.951783
2012-12-11 23:37:08.0000005,10.049511
2012-12-11 23:37:08.0000004,7.551147
2012-12-11 23:37:08.0000006,9.9560175
2012-12-11 23:37:08.0000003,5.2874317
2012-12-11 23:37:08.0000001,16.69541
2015-06-24 14:19:52.0000001,13.460844
2015-06-24 14:19:52.0000002,57.59991
2015-06-24 14:19:52.0000004,8.572929
2010-08-21 22:21:32.0000004,13.168923
2011-02-19 10:20:28.0000003,4.1155734
2011-02-19 10:20:28.0000002,10.221999
2011-02-19 10:20:28.0000001,6.1646476
2011-02-19 10:20:28.0000004,7.0750613
2011-10-02 22:31:44.0000004,10.452108
2011-10-02 22:31:44.0000002,21.016653
2011-10-02 22:31:44.0000003,15.891362
2012-01-26 11:17:36.0000002,4.999722
2012-05-06 23:37:24.0000002,19.791811
2012-05-06 23:37:24.0000001,22.661161
2013-06-12 20:03:36.0000001,7.819671
2013-06-12 20:03:36.0000002,53.01949
2015-02-27 14:15:52.0000003,85.03868
2013-12-21 17:20:32.0000001,10.286342
2009-06-29 08:09:40.0000002,10.875561
2009-06-29 08:09:40.0000001,12.288122
2014-09-14 17:22:12.0000002,7.1439443
2014-09-14 17:22:12.0000001,11.191082
2014-09-14 17:22:12.0000003,15.450574
2014-09-14 17:22:12.0000005,7.2212873
2014-08-20 14:37:56.0000001,15.6895485
2011-07-20 16:34:48.0000001,4.8351064
2011-07-20 16:34:48.0000003,6.429636
2009-10-05 10:11:32.0000001,7.5161395
2009-10-05 10:11:32.0000002,13.236867
2011-02-16 08:44:04.0000001,13.7328
2011-02-16 08:44:04.0000007,8.679643
2011-02-16 08:44:04.0000004,9.633281
2011-02-16 08:44:04.0000003,5.3029203
2011-02-16 08:44:04.0000002,4.6944447
2011-02-16 08:44:04.0000006,17.433577
2011-02-16 08:44:04.0000005,6.8312745
2009-01-01 11:04:24.0000002,5.0657153
2014-04-28 19:46:36.0000003,8.409142
2012-11-11 20:35:40.0000001,46.118267
2012-11-11 20:35:40.0000002,10.482662
2011-06-01 07:37:00.000000171,8.750249
2011-06-01 07:37:00.000000199,6.4366164
2011-06-01 07:37:00.00000032,5.2713137
2011-06-01 07:37:00.000000175,9.082151
2011-06-01 07:37:00.00000095,5.096731
2011-06-01 07:37:00.000000106,5.0698967
2011-06-01 07:37:00.00000090,9.7262125
2011-06-01 07:37:00.000000169,16.497856
2011-06-01 07:37:00.0000007,5.0800247
2011-06-01 07:37:00.000000151,13.313483
2011-06-01 07:37:00.000000101,4.774734
2011-06-01 07:37:00.00000099,19.71833
2011-06-01 07:37:00.00000084,4.439737
2011-06-01 07:37:00.00000083,4.6598816
2011-06-01 07:37:00.00000043,6.179114
2011-06-01 07:37:00.00000029,5.2469106
2011-06-01 07:37:00.000000132,18.571081
2011-06-01 07:37:00.000000208,6.505966
2011-06-01 07:37:00.000000221,5.4582276
2011-06-01 07:37:00.000000131,5.1531262
2011-06-01 07:37:00.000000220,6.8301644
2011-06-01 07:37:00.000000207,7.8055377
2011-06-01 07:37:00.000000205,4.38169
2011-06-01 07:37:00.000000180,6.41471
2011-06-01 07:37:00.000000103,9.776013
2011-06-01 07:37:00.00000098,26.102846
2011-06-01 07:37:00.000000189,6.5625405
2011-06-01 07:37:00.000000165,4.3994
2011-06-01 07:37:00.000000184,33.888035
2011-06-01 07:37:00.00000092,5.6033106
2011-06-01 07:37:00.00000020,9.31514
2011-06-01 07:37:00.000000105,6.461711
2011-06-01 07:37:00.00000088,9.131273
2011-06-01 07:37:00.000000122,7.0098524
2011-06-01 07:37:00.000000219,12.959186
2011-06-01 07:37:00.000000222,7.7073355
2011-06-01 07:37:00.00000049,7.4025717
2011-06-01 07:37:00.000000114,4.1308494
2011-06-01 07:37:00.000000181,5.835111
2011-06-01 07:37:00.000000144,50.584
2011-06-01 07:37:00.000000155,7.4057903
2011-06-01 07:37:00.000000118,5.963389
2011-06-01 07:37:00.000000142,5.5402827
2011-06-01 07:37:00.000000223,6.775357
2011-06-01 07:37:00.00000057,6.2787404
2011-06-01 07:37:00.000000168,4.163976
2011-06-01 07:37:00.000000226,6.674213
2011-06-01 07:37:00.000000177,11.326583
2011-06-01 07:37:00.000000185,31.239536
2011-06-01 07:37:00.000000178,12.224814
2011-06-01 07:37:00.000000140,7.7662745
2011-06-01 07:37:00.000000141,10.0968275
2011-06-01 07:37:00.00000045,8.058607
2011-06-01 07:37:00.00000086,7.1986594
2011-06-01 07:37:00.000000145,6.3745966
2011-06-01 07:37:00.00000037,8.113161
2011-06-01 07:37:00.00000094,6.733564
2011-06-01 07:37:00.00000082,5.0938697
2011-06-01 07:37:00.000000179,9.4081135
2011-06-01 07:37:00.000000197,5.4595537
2011-06-01 07:37:00.000000154,11.525042
2011-06-01 07:37:00.00000019,8.86479
2011-06-01 07:37:00.00000075,6.253218
2011-06-01 07:37:00.000000110,12.83206
2011-06-01 07:37:00.00000078,6.1294303
2011-06-01 07:37:00.000000146,7.2156506
2011-06-01 07:37:00.000000143,9.232784
2011-06-01 07:37:00.000000227,12.123613
2011-06-01 07:37:00.00000070,4.574943
2011-06-01 07:37:00.000000176,7.1507287
2011-06-01 07:37:00.000000217,8.054416
2011-06-01 07:37:00.00000026,6.021164
2011-06-01 07:37:00.000000209,7.512591
2011-06-01 07:37:00.000000183,7.645129
2011-06-01 07:37:00.000000210,5.5358443
2011-06-01 07:37:00.00000060,9.044667
2011-06-01 07:37:00.000000174,6.462065
2011-06-01 07:37:00.000000203,9.523411
2011-06-01 07:37:00.000000139,6.184486
2011-06-01 07:37:00.000000162,8.503764
2011-06-01 07:37:00.000000125,7.2469673
2011-06-01 07:37:00.000000198,9.059567
2011-06-01 07:37:00.00000055,11.40801
2011-06-01 07:37:00.00000016,6.4979973
2011-06-01 07:37:00.00000027,7.508611
2011-06-01 07:37:00.00000053,18.026373
2011-06-01 07:37:00.000000201,31.024452
2011-06-01 07:37:00.000000138,4.9181833
2011-06-01 07:37:00.00000077,3.9129982
2011-06-01 07:37:00.00000022,8.575824
2011-06-01 07:37:00.000000182,9.9164915
2011-06-01 07:37:00.000000163,6.9412427
2011-06-01 07:37:00.000000204,8.99414
2011-06-01 07:37:00.000000137,8.191131
2011-06-01 07:37:00.000000152,7.012087
2011-06-01 07:37:00.00000048,7.5597777
2011-06-01 07:37:00.00000025,8.626985
2011-06-01 07:37:00.000000100,13.879499
2011-06-01 07:37:00.00000015,4.5449657
2011-06-01 07:37:00.00000097,16.586567
2011-06-01 07:37:00.000000127,8.111313
2011-06-01 07:37:00.000000170,5.747684
2011-06-01 07:37:00.00000091,13.324458
2011-06-01 07:37:00.000000109,9.210639
2011-06-01 07:37:00.00000028,8.997674
2011-06-01 07:37:00.000000129,20.000954
2011-06-01 07:37:00.000000158,4.488077
2011-06-01 07:37:00.0000005,5.130633
2011-06-01 07:37:00.00000034,8.620572
2011-06-01 07:37:00.000000107,7.5481105
2011-06-01 07:37:00.00000036,5.990748
2011-06-01 07:37:00.00000046,7.477526
2011-06-01 07:37:00.000000108,4.0987315
2011-06-01 07:37:00.0000008,8.053774
2011-06-01 07:37:00.000000212,8.292476
2011-06-01 07:37:00.00000068,6.8496485
2011-06-01 07:37:00.00000065,5.174313
2011-06-01 07:37:00.000000116,4.228132
2011-06-01 07:37:00.000000196,7.1778827
2011-06-01 07:37:00.000000172,8.672793
2011-06-01 07:37:00.00000059,12.421911
2011-06-01 07:37:00.000000167,4.303374
2011-06-01 07:37:00.00000058,5.93298
2011-06-01 07:37:00.00000061,4.082385
2011-06-01 07:37:00.000000156,15.060126
2011-06-01 07:37:00.000000128,7.84299
2011-06-01 07:37:00.00000079,5.281914
2011-06-01 07:37:00.000000206,9.181365
2011-06-01 07:37:00.00000069,6.5717907
2011-06-01 07:37:00.000000190,5.9879255
2011-06-01 07:37:00.000000112,5.076561
2011-06-01 07:37:00.000000104,5.3398714
2011-06-01 07:37:00.000000194,5.5856223
2011-06-01 07:37:00.0000002,4.7101064
2011-06-01 07:37:00.00000044,5.375158
2011-06-01 07:37:00.00000010,7.9118195
2011-06-01 07:37:00.000000157,17.047237
2011-06-01 07:37:00.000000147,6.2634206
2011-06-01 07:37:00.000000120,4.6609135
2011-06-01 07:37:00.000000149,10.233231
2011-06-01 07:37:00.000000119,9.15541
2011-06-01 07:37:00.00000023,5.4853754
2011-06-01 07:37:00.00000017,9.644097
2011-06-01 07:37:00.00000038,16.415283
2011-06-01 07:37:00.000000113,9.196072
2011-06-01 07:37:00.000000211,7.928183
2011-06-01 07:37:00.00000051,7.675799
2011-06-01 07:37:00.00000054,7.6053042
2011-06-01 07:37:00.000000186,9.323282
2009-02-16 03:13:40.0000001,6.885984
2010-08-27 18:45:00.000000234,5.4660277
2010-08-27 18:45:00.00000057,7.1403894
2010-08-27 18:45:00.00000039,10.44104
2010-08-27 18:45:00.000000161,7.1198225
2010-08-27 18:45:00.000000220,11.72323
2010-08-27 18:45:00.00000028,8.493424
2010-08-27 18:45:00.00000014,15.124129
2010-08-27 18:45:00.000000226,13.8061695
2010-08-27 18:45:00.000000175,5.719066
2010-08-27 18:45:00.00000040,19.483133
2010-08-27 18:45:00.000000144,14.306234
2010-08-27 18:45:00.00000085,11.151799
2010-08-27 18:45:00.000000194,12.190363
2010-08-27 18:45:00.00000094,8.857885
2010-08-27 18:45:00.000000141,16.071455
2010-08-27 18:45:00.00000067,4.5638843
2010-08-27 18:45:00.000000231,5.8599596
2010-08-27 18:45:00.000000214,20.36626
2010-08-27 18:45:00.00000037,15.833156
2010-08-27 18:45:00.000000165,5.9822674
2010-08-27 18:45:00.000000158,-0.11614831
2010-08-27 18:45:00.000000217,7.546132
2010-08-27 18:45:00.00000090,13.865116
2010-08-27 18:45:00.000000142,9.819859
2010-08-27 18:45:00.0000004,7.8408384
2010-08-27 18:45:00.00000070,5.2209167
2010-08-27 18:45:00.000000202,8.151827
2010-08-27 18:45:00.000000177,7.4429507
2010-08-27 18:45:00.00000084,11.829635
2010-08-27 18:45:00.000000209,10.549917
2010-08-27 18:45:00.000000184,31.40155
2010-08-27 18:45:00.000000173,9.222406
2010-08-27 18:45:00.00000029,5.651919
2010-08-27 18:45:00.00000025,6.556027
2010-08-27 18:45:00.00000012,5.51227
2010-08-27 18:45:00.00000010,5.326128
2010-08-27 18:45:00.000000136,8.32444
2010-08-27 18:45:00.00000073,10.253512
2010-08-27 18:45:00.000000124,6.9215226
2010-08-27 18:45:00.000000125,6.3426905
2010-08-27 18:45:00.000000169,6.0410094
2010-08-27 18:45:00.000000208,4.815278
2010-08-27 18:45:00.000000152,5.895443
2010-08-27 18:45:00.000000196,8.50047
2010-08-27 18:45:00.0000005,11.868608
2010-08-27 18:45:00.00000077,6.969554
2010-08-27 18:45:00.000000123,9.226315
2010-08-27 18:45:00.00000046,10.863426
2010-08-27 18:45:00.00000033,7.1710577
2010-08-27 18:45:00.000000166,13.9150505
2010-08-27 18:45:00.000000190,6.2505283
2010-08-27 18:45:00.00000043,7.8189907
2010-08-27 18:45:00.00000081,5.8657346
2010-08-27 18:45:00.00000034,9.000041
2010-08-27 18:45:00.00000089,18.038763
2010-08-27 18:45:00.000000189,5.752858
2010-08-27 18:45:00.00000078,8.567036
2010-08-27 18:45:00.00000053,12.530387
2010-08-27 18:45:00.000000188,8.203328
2010-08-27 18:45:00.00000071,7.402501
2010-08-27 18:45:00.00000097,17.697235
2010-08-27 18:45:00.00000031,6.29738
2010-08-27 18:45:00.000000101,12.690657
2010-08-27 18:45:00.000000140,6.3434076
2010-08-27 18:45:00.00000054,27.104204
2010-08-27 18:45:00.0000006,9.3876505
2010-08-27 18:45:00.00000011,8.821154
2010-08-27 18:45:00.00000055,7.086225
2010-08-27 18:45:00.000000160,10.478545
2010-08-27 18:45:00.00000024,11.194302
2010-08-27 18:45:00.000000106,6.7843256
2010-08-27 18:45:00.000000131,6.190332
2010-08-27 18:45:00.00000087,12.975939
2010-08-27 18:45:00.000000110,11.017887
2010-08-27 18:45:00.000000197,13.907417
2010-08-27 18:45:00.00000066,8.768355
2010-08-27 18:45:00.000000205,10.866093
2010-08-27 18:45:00.00000086,5.701514
2010-08-27 18:45:00.000000207,8.565793
2010-08-27 18:45:00.00000068,13.649401
2010-08-27 18:45:00.00000050,6.1700687
2010-08-27 18:45:00.00000045,2.1640735
2010-08-27 18:45:00.00000093,4.4947295
2010-08-27 18:45:00.00000061,11.807835
2010-08-27 18:45:00.00000022,6.442854
2010-08-27 18:45:00.00000018,7.0013504
2010-08-27 18:45:00.000000192,8.7377405
2010-08-27 18:45:00.000000148,5.4940276
2010-08-27 18:45:00.000000195,5.0096607
2010-08-27 18:45:00.000000155,4.4545245
2010-08-27 18:45:00.000000129,9.637166
2010-08-27 18:45:00.000000133,6.5921645
2010-08-27 18:45:00.00000063,10.896623
2010-08-27 18:45:00.00000076,7.170251
2010-08-27 18:45:00.000000204,11.7850485
2010-08-27 18:45:00.000000179,4.841074
2010-08-27 18:45:00.000000219,19.062027
2010-08-27 18:45:00.000000107,7.314286
2010-08-27 18:45:00.000000153,9.321562
2010-08-27 18:45:00.00000026,12.776815
2010-08-27 18:45:00.000000198,7.3958845
2010-08-27 18:45:00.00000016,10.090896
2010-08-27 18:45:00.00000060,8.371582
2010-08-27 18:45:00.00000017,27.367043
2010-08-27 18:45:00.000000109,14.115518
2010-08-27 18:45:00.000000227,11.968937
2010-08-27 18:45:00.000000181,5.314989
2010-08-27 18:45:00.000000191,7.8110924
2010-08-27 18:45:00.000000228,6.1235714
2010-08-27 18:45:00.00000069,12.161189
2010-08-27 18:45:00.000000113,10.908554
2010-08-27 18:45:00.00000049,7.756279
2010-08-27 18:45:00.000000103,7.004347
2010-08-27 18:45:00.0000003,5.5971813
2010-08-27 18:45:00.0000008,8.688654
2010-08-27 18:45:00.000000134,4.972642
2010-08-27 18:45:00.000000183,22.749308
2010-08-27 18:45:00.00000013,15.006995
2010-08-27 18:45:00.000000235,6.4331284
2010-08-27 18:45:00.00000038,10.0550785
2010-08-27 18:45:00.00000030,16.937462
2010-08-27 18:45:00.000000203,8.108829
2010-08-27 18:45:00.000000182,10.029473
2010-08-27 18:45:00.000000230,8.498312
2010-08-27 18:45:00.00000065,7.7655697
2011-02-12 00:43:24.0000003,12.237538
2011-02-12 00:43:24.0000001,12.275347
2014-05-07 06:50:20.0000002,5.649901
2014-05-07 06:50:20.0000001,7.0291705
2014-05-07 06:50:20.0000003,9.697847
2011-04-27 20:59:24.0000002,9.169678
2011-04-27 20:59:24.0000003,13.011923
2011-04-27 20:59:24.0000004,4.8449283
2011-04-27 20:59:24.0000001,6.5803237
2011-04-27 20:59:24.0000005,6.388759
2010-08-14 02:13:00.00000069,7.7274904
2010-08-14 02:13:00.00000049,7.1596036
2010-08-14 02:13:00.00000059,6.043526
2010-08-14 02:13:00.00000075,16.477514
2010-08-14 02:13:00.00000020,7.918914
2010-08-14 02:13:00.000000102,14.010555
2010-08-14 02:13:00.00000060,5.449947
2010-08-14 02:13:00.00000033,16.110804
2010-08-14 02:13:00.000000166,12.245142
2010-08-14 02:13:00.000000111,8.301243
2010-08-14 02:13:00.00000056,9.507109
2010-08-14 02:13:00.00000044,8.234904
2010-08-14 02:13:00.000000132,5.7436123
2010-08-14 02:13:00.00000073,5.1960964
2010-08-14 02:13:00.00000043,8.41919
2010-08-14 02:13:00.00000085,9.4346075
2010-08-14 02:13:00.000000108,14.446857
2010-08-14 02:13:00.00000028,12.405442
2010-08-14 02:13:00.00000076,4.873861
2010-08-14 02:13:00.00000066,29.199898
2010-08-14 02:13:00.00000080,19.411425
2010-08-14 02:13:00.000000149,8.734706
2010-08-14 02:13:00.00000054,5.7378874
2010-08-14 02:13:00.000000130,9.793213
2010-08-14 02:13:00.00000032,9.568594
2010-08-14 02:13:00.000000158,7.1352434
2010-08-14 02:13:00.000000171,11.883845
2010-08-14 02:13:00.00000092,6.3733897
2010-08-14 02:13:00.000000155,6.918774
2010-08-14 02:13:00.000000116,8.418645
2010-08-14 02:13:00.000000109,13.242017
2010-08-14 02:13:00.00000030,8.749608
2010-08-14 02:13:00.00000015,12.063325
2010-08-14 02:13:00.000000133,5.5819974
2010-08-14 02:13:00.00000072,7.1924496
2010-08-14 02:13:00.00000052,9.9417925
2010-08-14 02:13:00.000000170,15.308928
2010-08-14 02:13:00.0000007,4.9782133
2010-08-14 02:13:00.000000165,8.314079
2010-08-14 02:13:00.00000026,11.925292
2010-08-14 02:13:00.000000148,5.7439694
2010-08-14 02:13:00.00000034,11.961437
2010-08-14 02:13:00.00000022,18.60328
2010-08-14 02:13:00.000000100,4.460481
2010-08-14 02:13:00.000000160,5.508762
2010-08-14 02:13:00.0000009,17.392113
2010-08-14 02:13:00.00000038,9.791244
2010-08-14 02:13:00.0000001,8.120013
2010-08-14 02:13:00.00000078,6.299949
2010-08-14 02:13:00.000000134,8.724109
2010-08-14 02:13:00.00000077,19.3139
2010-08-14 02:13:00.000000168,7.4257307
2010-08-14 02:13:00.000000161,7.291184
2010-08-14 02:13:00.000000122,7.525906
2010-08-14 02:13:00.00000035,6.77698
2010-08-14 02:13:00.000000110,7.3361397
2010-08-14 02:13:00.000000146,11.818303
2010-08-14 02:13:00.00000010,10.977131
2010-08-14 02:13:00.000000141,4.410103
2010-08-14 02:13:00.00000087,17.281387
2010-08-14 02:13:00.000000137,6.988063
2010-08-14 02:13:00.00000064,6.735461
2010-08-14 02:13:00.00000084,7.554916
2010-08-14 02:13:00.000000139,10.53325
2010-08-14 02:13:00.00000089,33.194523
2010-08-14 02:13:00.000000140,42.327484
2010-08-14 02:13:00.00000012,8.54156
2010-08-14 02:13:00.00000025,6.1152425
2010-08-14 02:13:00.00000070,4.4949093
2010-08-14 02:13:00.0000004,11.450198
2010-08-14 02:13:00.00000090,15.06099
2010-08-14 02:13:00.000000101,14.181306
2010-08-14 02:13:00.00000017,6.1614842
2010-08-14 02:13:00.00000055,6.4412446
2010-08-14 02:13:00.00000014,10.087409
2010-08-14 02:13:00.000000142,12.448422
2010-08-14 02:13:00.00000021,8.386611
2010-08-14 02:13:00.00000047,13.865896
2010-08-14 02:13:00.00000083,5.6516075
2010-08-14 02:13:00.000000162,7.0133476
2015-04-16 22:32:48.0000006,11.284663
2015-04-16 22:32:48.0000001,4.7082376
2015-04-16 22:32:48.0000004,5.6830697
2015-04-16 22:32:48.0000002,15.53038
2015-04-16 22:32:48.0000005,8.658713
2013-03-15 11:57:04.0000002,7.487432
2013-03-15 11:57:04.0000001,8.0536375
2014-11-16 08:47:12.0000002,14.149233
2014-11-16 08:47:12.0000001,6.0966616
2013-02-20 16:10:28.0000001,6.837107
2011-07-03 00:36:04.0000001,5.6855407
2014-03-25 23:47:00.00000074,6.8389254
2014-03-25 23:47:00.00000088,9.203214
2014-03-25 23:47:00.000000100,6.253963
2014-03-25 23:47:00.00000094,4.176952
2014-03-25 23:47:00.00000059,10.393755
2014-03-25 23:47:00.00000066,8.848998
2014-03-25 23:47:00.00000016,4.7007136
2014-03-25 23:47:00.0000003,14.598921
2014-03-25 23:47:00.00000080,4.534064
2014-03-25 23:47:00.00000048,50.846413
2014-03-25 23:47:00.00000058,9.9894085
2014-03-25 23:47:00.00000070,34.751347
2014-03-25 23:47:00.00000046,11.747685
2014-03-25 23:47:00.00000053,5.6492963
2014-03-25 23:47:00.00000029,5.2906303
2014-03-25 23:47:00.00000087,11.109039
2014-03-25 23:47:00.000000126,9.243917
2014-03-25 23:47:00.00000024,9.84885
2014-03-25 23:47:00.0000007,14.065105
2014-03-25 23:47:00.00000071,16.928226
2014-03-25 23:47:00.0000008,7.625413
2014-03-25 23:47:00.00000049,61.71556
2014-03-25 23:47:00.00000090,23.507746
2014-03-25 23:47:00.00000089,22.837385
2014-03-25 23:47:00.000000117,4.9902477
2014-03-25 23:47:00.00000043,9.19159
2014-03-25 23:47:00.00000032,7.3714595
2014-03-25 23:47:00.00000081,6.6751814
2014-03-25 23:47:00.00000023,6.0913377
2014-03-25 23:47:00.00000099,35.56274
2014-03-25 23:47:00.00000077,5.9667573
2014-03-25 23:47:00.00000065,5.987326
2014-03-25 23:47:00.000000111,19.655272
2014-03-25 23:47:00.000000118,25.479557
2014-03-25 23:47:00.00000038,10.503678
2014-03-25 23:47:00.000000110,5.9662743
2014-03-25 23:47:00.00000014,12.935989
2014-03-25 23:47:00.00000086,28.96793
2014-03-25 23:47:00.00000097,7.2004623
2014-03-25 23:47:00.00000092,18.985565
2014-03-25 23:47:00.000000140,11.985792
2014-03-25 23:47:00.000000123,21.10773
2014-03-25 23:47:00.000000131,4.9068856
2014-03-25 23:47:00.00000033,14.642995
2014-03-25 23:47:00.00000015,6.1081057
2014-03-25 23:47:00.000000125,24.903559
2014-03-25 23:47:00.00000061,22.394173
2014-03-25 23:47:00.00000027,13.004811
2014-03-25 23:47:00.000000101,29.85253
2014-03-25 23:47:00.000000136,9.635898
2014-03-25 23:47:00.000000133,5.3058476
2014-03-25 23:47:00.0000006,24.545263
2014-03-25 23:47:00.00000047,10.326038
2014-03-25 23:47:00.00000056,10.126644
2014-03-25 23:47:00.0000001,4.0418205
2014-03-25 23:47:00.00000045,4.1353617
2014-03-25 23:47:00.00000073,7.413164
2014-03-25 23:47:00.00000030,18.186476
2014-03-25 23:47:00.00000010,27.794624
2014-03-25 23:47:00.00000072,11.356949
2014-03-25 23:47:00.0000009,19.386503
2014-03-25 23:47:00.00000082,10.562785
2014-03-25 23:47:00.00000017,6.8875747
2014-03-25 23:47:00.00000050,10.682094
2014-03-25 23:47:00.000000121,8.5604925
2014-03-25 23:47:00.000000109,18.830559
2014-03-25 23:47:00.00000018,5.182833
2014-03-25 23:47:00.00000078,6.501088
2014-03-25 23:47:00.00000025,4.411837
2014-03-25 23:47:00.00000044,4.4656215
2014-03-25 23:47:00.0000005,5.0973516
2014-03-25 23:47:00.00000062,5.9198475
2014-03-25 23:47:00.000000130,41.678387
2014-03-25 23:47:00.00000037,10.722304
2014-03-25 23:47:00.000000114,16.451792
2014-03-25 23:47:00.0000002,27.857317
2014-03-25 23:47:00.000000103,31.252087
2014-03-25 23:47:00.000000106,13.64561
2014-03-25 23:47:00.00000095,10.694138
2014-03-25 23:47:00.000000113,23.993835
2014-03-25 23:47:00.0000004,18.622198
2014-03-25 23:47:00.00000041,16.506151
2014-03-25 23:47:00.00000079,16.532406
2011-06-21 13:19:20.0000001,8.933285
2011-06-21 13:19:20.0000003,7.026028
2011-06-21 13:19:20.0000002,13.046794
2013-01-02 20:53:44.0000001,5.642747
2013-01-02 20:53:44.0000002,5.437067
2009-10-07 08:16:24.0000001,11.581679
2012-08-25 22:18:36.0000003,11.73083
2012-08-25 22:18:36.0000004,9.5860615
2012-08-25 22:18:36.0000001,7.763057
2012-08-25 22:18:36.0000002,8.716739
2015-06-05 08:38:56.0000005,8.060378
2015-06-05 08:38:56.0000007,10.740788
2015-06-05 08:38:56.0000006,6.140835
2015-06-05 08:38:56.0000004,29.731184
2015-06-05 08:38:56.0000001,39.061302
2015-06-05 08:38:56.0000002,17.585047
2013-02-26 11:10:24.0000002,9.345638
2013-02-26 11:10:24.0000001,38.28228
2014-04-29 00:02:40.0000001,9.292647
2014-04-29 00:02:40.0000002,14.407425
2014-04-29 00:02:40.0000003,13.81566
2010-08-06 20:27:12.0000002,11.827606
2010-08-06 20:27:12.0000005,8.653833
2010-08-06 20:27:12.0000004,5.418179
2010-08-06 20:27:12.0000001,10.570177
2012-06-07 00:25:40.0000001,7.274785
2012-06-07 00:25:40.0000002,17.113365
2011-09-24 07:42:32.0000001,5.65116
2011-09-28 10:58:48.0000002,7.8939104
2011-09-28 10:58:48.0000001,6.2109528
2011-09-28 10:58:48.0000005,6.6857777
2011-09-28 10:58:48.0000004,13.493325
2011-09-28 10:58:48.0000003,28.766735
2011-09-28 10:58:48.0000006,13.027559
2009-11-01 05:04:12.0000001,6.989696
2009-11-01 05:04:12.0000002,12.863593
2014-04-23 22:54:12.0000002,5.7636805
2014-04-23 22:54:12.0000001,22.285477
2014-04-23 22:54:12.0000004,29.617035
2014-04-23 22:54:12.0000003,12.317247
2014-04-23 22:54:12.0000005,5.2536087
2014-04-23 22:54:12.0000006,8.425237
2012-02-28 19:18:44.0000001,5.6842203
2012-02-28 19:18:44.0000002,9.457705
2010-09-29 16:43:00.0000003,44.075306
2010-09-29 16:43:00.000000143,6.9101124
2010-09-29 16:43:00.000000150,5.6703477
2010-09-29 16:43:00.00000077,7.3350525
2010-09-29 16:43:00.000000153,16.069359
2010-09-29 16:43:00.00000048,6.030236
2010-09-29 16:43:00.00000086,10.562161
2010-09-29 16:43:00.000000108,11.694985
2010-09-29 16:43:00.000000101,7.9528065
2010-09-29 16:43:00.000000132,8.918458
2010-09-29 16:43:00.00000033,5.88035
2010-09-29 16:43:00.00000055,6.8682756
2010-09-29 16:43:00.000000107,13.284708
2010-09-29 16:43:00.000000147,5.785999
2010-09-29 16:43:00.00000098,7.8249974
2010-09-29 16:43:00.00000053,9.187058
2010-09-29 16:43:00.00000052,10.933634
2010-09-29 16:43:00.00000085,7.9778857
2010-09-29 16:43:00.000000115,6.796828
2010-09-29 16:43:00.000000133,8.838798
2010-09-29 16:43:00.000000131,11.713618
2010-09-29 16:43:00.00000031,14.389859
2010-09-29 16:43:00.00000096,5.6041203
2010-09-29 16:43:00.000000120,8.141015
2010-09-29 16:43:00.000000175,11.1528015
2010-09-29 16:43:00.00000072,11.05746
2010-09-29 16:43:00.00000038,10.083646
2010-09-29 16:43:00.00000043,9.963261
2010-09-29 16:43:00.0000007,40.40513
2010-09-29 16:43:00.000000111,9.67639
2010-09-29 16:43:00.00000067,8.368589
2010-09-29 16:43:00.00000065,9.156246
2010-09-29 16:43:00.00000046,5.8054485
2010-09-29 16:43:00.00000075,11.97037
2010-09-29 16:43:00.000000155,7.661574
2010-09-29 16:43:00.00000087,44.64277
2010-09-29 16:43:00.000000160,10.880605
2010-09-29 16:43:00.00000060,7.996187
2010-09-29 16:43:00.00000020,8.574252
2010-09-29 16:43:00.00000091,9.757511
2010-09-29 16:43:00.00000068,15.360274
2010-09-29 16:43:00.000000165,9.22952
2010-09-29 16:43:00.000000146,8.556453
2010-09-29 16:43:00.000000169,9.555451
2010-09-29 16:43:00.000000141,8.033837
2010-09-29 16:43:00.00000018,8.397223
2010-09-29 16:43:00.000000100,9.764136
2010-09-29 16:43:00.000000163,18.228527
2010-09-29 16:43:00.00000076,9.51494
2010-09-29 16:43:00.00000027,29.55959
2010-09-29 16:43:00.000000137,10.230267
2010-09-29 16:43:00.00000021,8.013668
2010-09-29 16:43:00.00000063,8.459369
2010-09-29 16:43:00.00000058,8.934544
2010-09-29 16:43:00.00000090,14.337917
2010-09-29 16:43:00.00000066,11.2461815
2010-09-29 16:43:00.000000156,6.9436903
2010-09-29 16:43:00.000000104,6.8249707
2010-09-29 16:43:00.00000089,28.88766
2010-09-29 16:43:00.00000029,4.1107106
2010-09-29 16:43:00.0000004,8.461428
2010-09-29 16:43:00.00000051,10.852419
2010-09-29 16:43:00.00000036,9.304622
2010-09-29 16:43:00.000000158,8.595445
2010-09-29 16:43:00.000000106,9.199495
2010-09-29 16:43:00.00000047,7.680273
2010-09-29 16:43:00.00000073,9.7416315
2010-09-29 16:43:00.00000024,8.751613
2010-09-29 16:43:00.000000151,7.9085474
2010-09-29 16:43:00.000000134,5.4068613
2010-09-29 16:43:00.000000138,7.710664
2010-09-29 16:43:00.000000125,9.199184
2010-09-29 16:43:00.000000112,9.415617
2010-09-29 16:43:00.0000006,7.394379
2010-09-29 16:43:00.00000025,15.409736
2010-09-29 16:43:00.0000008,9.373298
2010-09-29 16:43:00.00000049,28.88679
2010-09-29 16:43:00.000000173,9.227788
2010-09-29 16:43:00.00000050,8.262428
2010-09-29 16:43:00.00000035,6.9091144
2010-09-29 16:43:00.00000097,24.104368
2010-09-29 16:43:00.00000054,8.576046
2010-09-29 16:43:00.000000166,6.451369
2010-09-29 16:43:00.0000005,7.641518
2010-09-29 16:43:00.00000030,25.900635
2010-09-29 16:43:00.000000102,9.242742
2010-09-29 16:43:00.00000056,9.569119
2010-09-29 16:43:00.000000103,8.542349
2010-09-29 16:43:00.00000092,30.707375
2010-09-29 16:43:00.00000079,8.203988
2010-09-29 16:43:00.000000149,7.0504107
2010-09-29 16:43:00.000000123,5.342468
2010-09-29 16:43:00.000000128,6.9764266
2010-09-29 16:43:00.000000121,7.2971435
2010-09-29 16:43:00.000000105,29.55629
2010-09-29 16:43:00.00000026,8.563128
2010-09-29 16:43:00.000000109,12.280052
2010-09-29 16:43:00.000000124,6.224902
2010-09-29 16:43:00.00000071,6.644463
2010-09-29 16:43:00.00000061,17.28033
2010-09-29 16:43:00.000000129,10.623984
2010-09-29 16:43:00.00000095,6.973116
2010-09-29 16:43:00.00000010,11.458008
2010-09-29 16:43:00.00000081,9.344418
2010-09-29 16:43:00.00000017,11.63349
2010-09-29 16:43:00.00000028,10.234043
2010-09-29 16:43:00.000000167,6.155585
2010-09-29 16:43:00.00000082,14.187446
2010-09-29 16:43:00.000000116,9.728795
2010-09-29 16:43:00.000000127,32.418503
2014-10-27 14:58:00.00000095,8.38617
2014-10-27 14:58:00.000000118,13.008995
2014-10-27 14:58:00.00000098,10.009344
2014-10-27 14:58:00.000000108,14.411228
2014-10-27 14:58:00.00000074,5.615763
2014-10-27 14:58:00.00000079,16.09345
2014-10-27 14:58:00.000000137,8.103309
2014-10-27 14:58:00.0000001,13.2655945
2014-10-27 14:58:00.00000018,6.802405
2014-10-27 14:58:00.000000142,7.01521
2014-10-27 14:58:00.00000082,7.762432
2014-10-27 14:58:00.0000008,21.865984
2014-10-27 14:58:00.00000016,6.1626425
2014-10-27 14:58:00.000000117,8.97759
2014-10-27 14:58:00.00000048,9.582506
2014-10-27 14:58:00.00000075,6.480758
2014-10-27 14:58:00.000000112,21.537912
2014-10-27 14:58:00.00000029,5.4462786
2014-10-27 14:58:00.00000058,8.758548
2014-10-27 14:58:00.00000053,14.030457
2014-10-27 14:58:00.00000052,5.594745
2014-10-27 14:58:00.00000071,12.892373
2014-10-27 14:58:00.00000044,10.816827
2014-10-27 14:58:00.000000120,7.5000234
2014-10-27 14:58:00.00000034,11.907797
2014-10-27 14:58:00.000000105,6.758612
2014-10-27 14:58:00.000000147,8.330172
2014-10-27 14:58:00.00000030,7.232097
2014-10-27 14:58:00.000000100,7.3480206
2014-10-27 14:58:00.00000086,7.69181
2014-10-27 14:58:00.00000047,40.14766
2014-10-27 14:58:00.000000107,33.231407
2014-10-27 14:58:00.000000127,28.099117
2014-10-27 14:58:00.000000119,4.8911147
2014-10-27 14:58:00.00000013,36.090237
2014-10-27 14:58:00.00000076,37.892582
2014-10-27 14:58:00.00000085,6.7348895
2014-10-27 14:58:00.00000038,11.432479
2014-10-27 14:58:00.0000004,7.8602753
2014-10-27 14:58:00.00000037,32.258186
2014-10-27 14:58:00.00000041,5.8680277
2014-10-27 14:58:00.000000141,5.9977236
2014-10-27 14:58:00.000000140,10.038139
2014-10-27 14:58:00.00000042,8.479076
2014-10-27 14:58:00.000000109,7.780033
2014-10-27 14:58:00.00000077,12.502034
2014-10-27 14:58:00.00000026,18.861967
2014-10-27 14:58:00.000000151,4.9957147
2014-10-27 14:58:00.00000061,9.548397
2014-10-27 14:58:00.000000114,16.436413
2014-10-27 14:58:00.00000021,17.613642
2014-10-27 14:58:00.00000063,6.3308916
2014-10-27 14:58:00.00000072,57.78117
2014-10-27 14:58:00.000000131,8.610123
2014-10-27 14:58:00.0000005,42.040928
2014-10-27 14:58:00.000000110,6.5768094
2014-10-27 14:58:00.00000011,7.7035046
2014-10-27 14:58:00.00000064,7.033525
2014-10-27 14:58:00.00000033,6.2504344
2014-10-27 14:58:00.00000091,6.507709
2014-10-27 14:58:00.0000003,16.343704
2014-10-27 14:58:00.00000096,4.2971005
2014-10-27 14:58:00.00000051,9.160126
2014-10-27 14:58:00.00000020,7.996435
2014-10-27 14:58:00.000000138,56.97181
2014-10-27 14:58:00.0000002,19.80214
2014-10-27 14:58:00.00000039,11.207968
2014-10-27 14:58:00.00000073,9.471141
2014-10-27 14:58:00.000000116,8.310064
2014-10-27 14:58:00.00000049,8.152483
2014-10-27 14:58:00.00000025,16.918655
2014-10-27 14:58:00.000000133,4.481101
2014-10-27 14:58:00.00000043,8.677194
2014-10-27 14:58:00.00000055,6.6596127
2014-10-27 14:58:00.000000124,36.23165
2014-10-27 14:58:00.00000083,10.791395
2014-10-27 14:58:00.00000010,7.8545985
2014-10-27 14:58:00.000000126,5.549872
2014-10-27 14:58:00.00000017,11.3641815
2014-10-27 14:58:00.000000139,12.172417
2014-10-27 14:58:00.00000014,5.931761
2014-10-27 14:58:00.00000045,7.7914023
2014-10-27 14:58:00.000000132,6.4774323
2014-10-27 14:58:00.00000080,40.568325
2014-10-27 14:58:00.00000019,7.4381633
2014-10-27 14:58:00.000000102,14.183808
2014-10-27 14:58:00.00000062,13.784096
2014-10-27 14:58:00.000000122,42.15704
2014-10-27 14:58:00.00000032,15.828739
2014-10-27 14:58:00.00000015,10.070201
2014-10-27 14:58:00.00000084,57.246174
2014-10-27 14:58:00.000000134,7.4847116
2014-10-27 14:58:00.00000093,11.525034
2014-10-27 14:58:00.00000068,6.938152
2014-10-27 14:58:00.00000089,53.616154
2014-10-27 14:58:00.00000027,57.59439
2009-10-08 23:44:56.0000004,15.684662
2009-10-08 23:44:56.0000001,10.890374
2012-11-03 17:11:00.00000035,5.4483266
2012-11-03 17:11:00.000000107,9.689902
2012-11-03 17:11:00.00000069,11.465847
2012-11-03 17:11:00.000000116,13.578446
2012-11-03 17:11:00.000000145,6.399238
2012-11-03 17:11:00.00000097,5.7361355
2012-11-03 17:11:00.000000119,4.9602127
2012-11-03 17:11:00.000000134,5.0368814
2012-11-03 17:11:00.000000137,8.60412
2012-11-03 17:11:00.00000010,17.561354
2012-11-03 17:11:00.000000157,4.8975224
2012-11-03 17:11:00.000000121,20.188913
2012-11-03 17:11:00.00000073,57.023754
2012-11-03 17:11:00.00000062,8.827006
2012-11-03 17:11:00.000000130,7.44579
2012-11-03 17:11:00.000000141,9.467274
2012-11-03 17:11:00.00000098,10.703464
2012-11-03 17:11:00.00000066,7.9843564
2012-11-03 17:11:00.00000036,10.03946
2012-11-03 17:11:00.00000026,7.339219
2012-11-03 17:11:00.000000110,7.2457385
2012-11-03 17:11:00.00000021,6.955228
2012-11-03 17:11:00.00000040,6.5242887
2012-11-03 17:11:00.00000087,12.483157
2012-11-03 17:11:00.00000039,9.291765
2012-11-03 17:11:00.00000033,11.844774
2012-11-03 17:11:00.0000006,6.7929173
2012-11-03 17:11:00.00000025,16.968716
2012-11-03 17:11:00.000000129,11.324208
2012-11-03 17:11:00.000000153,12.760897
2012-11-03 17:11:00.000000138,14.098713
2012-11-03 17:11:00.000000143,8.949995
2012-11-03 17:11:00.000000109,6.91787
2012-11-03 17:11:00.00000042,14.132991
2012-11-03 17:11:00.000000104,23.889698
2012-11-03 17:11:00.0000005,7.477988
2012-11-03 17:11:00.00000056,55.576447
2012-11-03 17:11:00.00000045,4.743268
2012-11-03 17:11:00.00000034,12.780782
2012-11-03 17:11:00.000000120,10.075251
2012-11-03 17:11:00.000000127,10.623156
2012-11-03 17:11:00.00000022,4.981843
2012-11-03 17:11:00.0000003,16.510754
2012-11-03 17:11:00.00000084,9.133549
2012-11-03 17:11:00.00000089,11.061144
2012-11-03 17:11:00.00000041,11.883225
2012-11-03 17:11:00.000000108,12.712235
2012-11-03 17:11:00.000000158,7.5144434
2012-11-03 17:11:00.000000122,4.2799892
2012-11-03 17:11:00.000000111,23.109064
2012-11-03 17:11:00.00000027,4.99929
2012-11-03 17:11:00.0000008,10.9739895
2012-11-03 17:11:00.000000148,21.02942
2012-11-03 17:11:00.000000144,35.55657
2012-11-03 17:11:00.00000029,9.825738
2012-11-03 17:11:00.00000049,7.238504
2012-11-03 17:11:00.00000011,5.778062
2012-11-03 17:11:00.00000094,18.562813
2012-11-03 17:11:00.000000152,16.989332
2012-11-03 17:11:00.00000051,9.448831
2012-11-03 17:11:00.00000048,6.9123135
2012-11-03 17:11:00.00000043,9.393224
2012-11-03 17:11:00.00000059,8.792151
2012-11-03 17:11:00.00000019,7.6824718
2012-11-03 17:11:00.000000135,9.441888
2012-11-03 17:11:00.00000017,11.957017
2012-11-03 17:11:00.000000146,7.5042996
2012-11-03 17:11:00.00000068,12.133282
2012-11-03 17:11:00.00000092,12.458381
2012-11-03 17:11:00.0000002,21.397566
2012-11-03 17:11:00.000000133,5.5966682
2012-11-03 17:11:00.00000038,14.307715
2012-11-03 17:11:00.000000123,7.8877554
2012-11-03 17:11:00.00000015,5.0657296
2012-11-03 17:11:00.000000131,5.8423696
2012-11-03 17:11:00.000000112,5.296497
2012-11-03 17:11:00.000000100,7.1749067
2012-11-03 17:11:00.00000095,16.343082
2012-11-03 17:11:00.0000004,6.8191304
2012-11-03 17:11:00.00000047,16.673409
2012-11-03 17:11:00.00000020,31.627306
2012-11-03 17:11:00.000000156,17.58342
2012-11-03 17:11:00.00000014,5.4154997
2012-11-03 17:11:00.000000139,10.262814
2012-11-03 17:11:00.000000154,6.9369674
2012-11-03 17:11:00.000000151,6.960144
2012-11-03 17:11:00.00000070,9.841762
2012-11-03 17:11:00.00000023,11.748498
2012-11-03 17:11:00.00000065,9.310467
2012-11-03 17:11:00.00000018,8.239338
2012-11-03 17:11:00.00000088,5.82538
2012-11-03 17:11:00.000000140,14.37299
2012-11-03 17:11:00.00000071,8.572064
2009-05-07 13:58:32.0000003,7.581728
2009-05-07 13:58:32.0000001,7.876036
2011-12-25 21:26:32.0000001,4.214614
2015-01-12 19:01:00.0000001,13.058529
2015-01-12 19:01:00.0000003,4.5637364
2015-01-12 19:01:00.0000004,6.584575
2015-01-12 19:01:00.0000002,6.1845627
2009-10-06 16:09:24.0000001,7.751808
2009-10-06 16:09:24.0000003,7.4031425
2009-10-06 16:09:24.0000002,6.5145097
2009-05-06 01:49:12.0000003,28.0367
2009-05-06 01:49:12.0000005,6.1435633
2009-05-06 01:49:12.0000001,11.714818
2009-05-06 01:49:12.0000006,6.5903606
2014-10-07 11:20:56.0000002,38.999466
2014-10-07 11:20:56.0000001,12.692318
2014-10-07 11:20:56.0000003,7.8892584
2009-02-10 15:30:04.0000002,9.664989
2009-02-10 15:30:04.0000001,10.370411
2013-09-28 00:06:20.0000004,16.27668
2013-09-28 00:06:20.0000001,17.43444
2013-09-28 00:06:20.0000009,20.217348
2013-09-28 00:06:20.0000008,12.633011
2013-09-28 00:06:20.0000007,6.1193266
2013-09-28 00:06:20.0000006,12.333698
2013-09-28 00:06:20.0000002,13.695325
2013-07-18 08:25:04.0000001,9.649722
2013-07-18 08:25:04.0000002,6.356225
2013-07-18 08:25:04.0000003,9.3834715
2011-03-11 01:44:00.00000010,7.228184
2011-03-11 01:44:00.00000070,7.005963
2011-03-11 01:44:00.00000088,24.43887
2011-03-11 01:44:00.00000063,13.201203
2011-03-11 01:44:00.00000058,15.109646
2011-03-11 01:44:00.00000086,16.65089
2011-03-11 01:44:00.00000053,5.8004313
2011-03-11 01:44:00.00000094,10.8769
2011-03-11 01:44:00.00000069,4.4496846
2011-03-11 01:44:00.00000061,13.468534
2011-03-11 01:44:00.0000008,4.441213
2011-03-11 01:44:00.0000002,14.223594
2011-03-11 01:44:00.00000050,4.1279283
2011-03-11 01:44:00.00000068,8.94175
2011-03-11 01:44:00.00000018,8.396683
2011-03-11 01:44:00.00000079,13.047159
2011-03-11 01:44:00.00000037,4.885319
2011-03-11 01:44:00.00000015,7.016768
2011-03-11 01:44:00.00000071,5.1806126
2011-03-11 01:44:00.00000054,16.133512
2011-03-11 01:44:00.00000080,4.1268706
2011-03-11 01:44:00.00000078,7.669557
2011-03-11 01:44:00.00000055,5.7017417
2011-03-11 01:44:00.00000026,17.848667
2011-03-11 01:44:00.00000045,11.167867
2011-03-11 01:44:00.00000013,5.6487303
2011-03-11 01:44:00.0000007,25.690088
2011-03-11 01:44:00.00000024,4.529442
2011-03-11 01:44:00.00000093,4.7910004
2011-03-11 01:44:00.00000089,7.7131104
2011-03-11 01:44:00.00000022,9.474486
2011-03-11 01:44:00.00000020,4.114601
2011-03-11 01:44:00.00000025,4.0711393
2011-03-11 01:44:00.00000090,20.624939
2011-03-11 01:44:00.00000087,16.596848
2011-03-11 01:44:00.00000017,14.231858
2011-03-11 01:44:00.00000031,25.32338
2011-03-11 01:44:00.00000048,12.183716
2011-03-11 01:44:00.00000076,18.56156
2011-03-11 01:44:00.00000012,12.8031845
2011-03-11 01:44:00.00000066,8.975429
2011-03-11 01:44:00.0000001,6.1735168
2011-03-11 01:44:00.00000091,12.281172
2011-03-11 01:44:00.00000043,9.260055
2011-03-11 01:44:00.00000060,6.6082854
2011-03-11 01:44:00.00000049,11.134346
2011-03-11 01:44:00.00000073,6.802735
2011-03-11 01:44:00.0000004,12.265427
2013-12-16 19:06:44.0000002,6.4279447
2013-12-18 03:49:24.0000001,8.227532
2013-08-05 19:04:36.0000002,9.407477
2013-08-05 19:04:36.0000001,7.7003107
2009-05-08 18:00:36.0000002,5.124638
2013-01-27 00:09:12.0000002,13.219905
2013-01-27 00:09:12.0000006,7.273801
2013-01-27 00:09:12.0000009,9.264604
2013-01-27 00:09:12.0000001,5.800801
2013-01-27 00:09:12.0000004,9.554303
2013-01-27 00:09:12.0000007,13.886298
2013-01-27 00:09:12.0000005,8.297045
2012-06-18 22:51:56.0000002,5.7456207
2012-06-18 22:51:56.0000001,4.1604514
2011-06-20 09:55:24.0000004,9.031066
2011-06-20 09:55:24.0000003,5.72987
2011-06-20 09:55:24.0000001,8.163386
2011-06-20 09:55:24.0000002,4.5748544
2011-06-20 09:55:24.0000005,8.09309
2015-02-22 09:48:32.0000002,7.796646
2015-02-22 09:48:32.0000001,17.405172
2015-02-22 09:48:32.0000003,20.561026
2010-08-25 23:40:32.0000001,11.341987
2012-01-07 11:21:56.0000002,13.039454
2012-10-31 12:17:24.0000003,9.287234
2012-10-31 12:17:24.0000001,6.0847044
2012-10-20 02:05:08.0000001,13.605947
2012-10-20 02:05:08.0000002,5.816758
2012-05-06 08:52:08.0000001,11.713544
2014-10-11 15:11:24.0000002,5.9992385
2014-10-11 15:11:24.0000004,42.683475
2014-10-11 15:11:24.0000005,14.947093
2014-10-11 15:11:24.0000006,36.49802
2014-10-11 15:11:24.0000001,7.304606
2009-08-17 12:27:08.0000004,6.153346
2009-08-17 12:27:08.0000001,18.480114
2009-08-17 12:27:08.0000003,6.5441685
2011-10-28 07:45:04.0000001,16.538054
2011-10-28 07:45:04.0000003,6.9989333
2011-10-28 07:45:04.0000002,4.2806797
2014-04-09 09:23:12.0000003,8.006802
2014-04-09 09:23:12.0000005,8.014982
2014-04-09 09:23:12.0000002,7.7445292
2014-04-09 09:23:12.0000001,11.107334
2013-09-15 02:37:52.0000001,11.573062
2013-09-15 02:37:52.0000003,10.82724
2009-11-25 19:32:52.0000005,12.219388
2009-11-25 19:32:52.0000002,10.843058
2009-11-25 19:32:52.0000003,15.826738
2014-05-30 00:09:16.0000002,12.323332
2014-05-30 00:09:16.0000005,10.487106
2014-05-30 00:09:16.0000003,5.47038
2014-05-30 00:09:16.0000004,5.9490237
2014-05-30 00:09:16.0000001,11.356465
2013-10-24 14:18:20.0000001,5.5474176
2013-10-24 14:18:20.0000002,7.1278696
2013-10-24 14:18:20.0000003,13.648575
2014-06-07 22:07:12.0000002,16.161255
2014-06-07 22:07:12.0000001,13.188189
2013-01-07 17:08:32.0000003,7.857298
2013-01-07 17:08:32.0000001,6.289145
2010-08-11 00:12:08.0000001,6.0075927
2011-10-04 09:37:00.0000007,7.3535237
2011-10-04 09:37:00.00000092,6.8941717
2011-10-04 09:37:00.000000150,6.674776
2011-10-04 09:37:00.00000010,5.345171
2011-10-04 09:37:00.00000065,32.19768
2011-10-04 09:37:00.000000151,6.7013626
2011-10-04 09:37:00.00000089,4.9195786
2011-10-04 09:37:00.000000120,8.130374
2011-10-04 09:37:00.0000009,5.420587
2011-10-04 09:37:00.000000110,5.8185334
2011-10-04 09:37:00.00000098,14.852797
2011-10-04 09:37:00.00000011,4.150622
2011-10-04 09:37:00.00000042,7.0916367
2011-10-04 09:37:00.00000024,7.6874084
2011-10-04 09:37:00.000000188,16.496181
2011-10-04 09:37:00.00000071,10.91664
2011-10-04 09:37:00.000000168,11.2147455
2011-10-04 09:37:00.000000159,9.716818
2011-10-04 09:37:00.000000171,10.772608
2011-10-04 09:37:00.000000129,7.3551764
2011-10-04 09:37:00.000000186,5.3181458
2011-10-04 09:37:00.000000123,13.737588
2011-10-04 09:37:00.00000020,4.751562
2011-10-04 09:37:00.00000033,4.0313253
2011-10-04 09:37:00.00000058,11.931923
2011-10-04 09:37:00.00000068,9.426993
2011-10-04 09:37:00.000000131,5.5852723
2011-10-04 09:37:00.000000178,32.694416
2011-10-04 09:37:00.000000103,33.267155
2011-10-04 09:37:00.00000026,9.244368
2011-10-04 09:37:00.000000115,2.566664
2011-10-04 09:37:00.00000059,36.362984
2011-10-04 09:37:00.00000090,14.35315
2011-10-04 09:37:00.00000063,7.2044444
2011-10-04 09:37:00.000000169,3.7358408
2011-10-04 09:37:00.00000066,9.248753
2011-10-04 09:37:00.000000181,4.0965905
2011-10-04 09:37:00.00000018,4.9803534
2011-10-04 09:37:00.000000112,5.437181
2011-10-04 09:37:00.00000094,9.872124
2011-10-04 09:37:00.0000001,5.5955424
2011-10-04 09:37:00.000000139,11.436882
2011-10-04 09:37:00.000000152,10.533495
2011-10-04 09:37:00.000000187,4.9334764
2011-10-04 09:37:00.00000070,6.430942
2011-10-04 09:37:00.00000050,5.584375
2011-10-04 09:37:00.0000004,-0.58293223
2011-10-04 09:37:00.000000153,12.453168
2011-10-04 09:37:00.00000076,28.790472
2011-10-04 09:37:00.00000079,32.769012
2011-10-04 09:37:00.000000146,6.5875998
2011-10-04 09:37:00.000000192,9.004719
2011-10-04 09:37:00.000000172,10.461035
2011-10-04 09:37:00.000000154,7.4535685
2011-10-04 09:37:00.000000124,8.678063
2011-10-04 09:37:00.000000142,5.8553834
2011-10-04 09:37:00.000000167,9.293944
2011-10-04 09:37:00.00000048,10.930277
2011-10-04 09:37:00.00000074,13.659955
2011-10-04 09:37:00.000000193,7.534994
2011-10-04 09:37:00.000000166,6.468424
2011-10-04 09:37:00.000000147,5.4052787
2011-10-04 09:37:00.000000189,6.764181
2011-10-04 09:37:00.0000008,6.7792807
2011-10-04 09:37:00.000000125,6.9785213
2011-10-04 09:37:00.00000051,4.9277706
2011-10-04 09:37:00.000000173,8.34194
2011-10-04 09:37:00.00000096,11.77871
2011-10-04 09:37:00.000000174,6.1742015
2011-10-04 09:37:00.000000130,8.343455
2011-10-04 09:37:00.00000016,5.83774
2011-10-04 09:37:00.000000145,6.1023355
2011-10-04 09:37:00.000000140,8.451729
2011-10-04 09:37:00.00000040,31.533766
2011-10-04 09:37:00.000000118,10.254184
2011-10-04 09:37:00.00000081,7.6559124
2011-10-04 09:37:00.000000175,10.846636
2011-10-04 09:37:00.00000072,10.124291
2011-10-04 09:37:00.000000143,6.060598
2011-10-04 09:37:00.000000104,5.725813
2011-10-04 09:37:00.00000053,7.1387954
2011-10-04 09:37:00.00000084,4.525025
2011-10-04 09:37:00.00000030,9.272723
2011-10-04 09:37:00.000000100,6.0470657
2011-10-04 09:37:00.000000105,8.377467
2011-10-04 09:37:00.00000041,5.24533
2011-10-04 09:37:00.00000091,12.082331
2011-10-04 09:37:00.00000078,6.589025
2011-10-04 09:37:00.000000197,6.939747
2011-10-04 09:37:00.000000119,9.092097
2011-10-04 09:37:00.000000161,8.213469
2011-10-04 09:37:00.00000039,6.327328
2011-10-04 09:37:00.00000086,6.463385
2011-10-04 09:37:00.000000195,9.572793
2011-10-04 09:37:00.000000182,6.874292
2011-10-04 09:37:00.000000133,6.5829597
2011-10-04 09:37:00.00000029,6.7583323
2011-10-04 09:37:00.000000144,6.23345
2011-10-04 09:37:00.000000128,6.211709
2011-10-04 09:37:00.00000027,8.793585
2011-10-04 09:37:00.00000032,5.98453
2011-10-04 09:37:00.00000073,9.839388
2011-10-04 09:37:00.00000083,9.416054
2011-10-04 09:37:00.00000021,6.1865935
2011-10-04 09:37:00.000000137,4.850103
2011-10-04 09:37:00.00000087,49.63825
2011-10-04 09:37:00.00000060,33.202293
2011-10-04 09:37:00.000000138,8.548658
2011-10-04 09:37:00.00000046,9.743922
2011-10-04 09:37:00.00000075,10.653516
2011-10-04 09:37:00.000000198,5.585027
2011-10-04 09:37:00.000000121,10.242305
2011-10-04 09:37:00.000000116,4.97609
2011-10-04 09:37:00.000000117,7.0277123
2011-10-04 09:37:00.00000097,13.293841
2011-10-04 09:37:00.00000012,4.364965
2011-10-04 09:37:00.00000093,32.1887
2011-10-04 09:37:00.000000101,6.346852
2011-10-04 09:37:00.00000082,20.261696
2011-10-04 09:37:00.000000126,5.1410794
2011-10-04 09:37:00.00000035,10.090155
2011-10-04 09:37:00.000000127,15.160086
2011-10-04 09:37:00.000000156,4.844529
2014-04-29 08:15:56.0000002,6.9256883
2014-04-29 08:15:56.0000001,7.2404084
2012-10-23 14:15:04.0000003,14.780952
2012-10-23 14:15:04.0000004,16.336004
2012-10-23 14:15:04.0000001,7.467771
2012-08-31 08:01:16.0000001,7.0527143
2012-10-18 21:06:20.0000003,11.273681
2012-10-18 21:06:20.0000006,53.337032
2012-10-18 21:06:20.0000002,8.3765545
2012-10-18 21:06:20.0000005,9.594878
2012-10-18 21:06:20.0000004,9.728124
2012-10-18 21:06:20.0000008,10.072127
2012-10-18 21:06:20.00000010,7.822002
2012-10-18 21:06:20.0000001,31.713064
2014-02-26 04:36:28.0000001,15.685906
2010-02-20 00:43:28.0000002,8.035957
2010-02-20 00:43:28.0000004,18.563707
2010-02-20 00:43:28.0000003,8.560892
2010-02-20 00:43:28.0000001,11.557511
2009-08-21 08:00:48.0000002,8.0122
2009-08-21 08:00:48.0000001,7.519516
2009-08-21 08:00:48.0000003,8.153599
2014-12-24 03:00:00.00000034,6.7798147
2014-12-24 03:00:00.00000013,28.523342
2014-12-24 03:00:00.0000001,15.459912
2014-12-24 03:00:00.00000032,7.337596
2014-12-24 03:00:00.0000006,4.9258885
2014-12-24 03:00:00.00000037,5.971404
2014-12-24 03:00:00.00000012,11.117938
2014-12-24 03:00:00.00000023,21.026276
2014-12-24 03:00:00.00000041,4.9861565
2014-12-24 03:00:00.0000008,7.804232
2014-12-24 03:00:00.00000024,13.0516615
2014-12-24 03:00:00.00000038,7.4130516
2014-12-24 03:00:00.0000009,7.062989
2014-12-24 03:00:00.00000018,14.864286
2014-12-24 03:00:00.00000011,24.239037
2014-12-24 03:00:00.00000021,11.295961
2014-12-24 03:00:00.00000030,7.9260607
2014-12-24 03:00:00.00000010,5.856556
2014-12-24 03:00:00.0000004,8.47361
2014-12-24 03:00:00.00000022,13.25519
2014-12-24 03:00:00.00000028,6.184348
2012-08-19 12:46:40.0000003,13.816495
2012-08-19 12:46:40.0000002,4.8322086
2012-08-19 12:46:40.0000001,7.585604
2013-12-02 17:53:24.0000003,12.438242
2013-12-02 17:53:24.0000001,11.396423
2013-12-02 17:53:24.0000002,11.118138
2011-11-07 18:53:08.0000002,9.910312
2011-11-07 18:53:08.0000001,13.638153
2009-05-16 23:36:24.0000001,9.16706
2009-05-16 23:36:24.0000002,5.7344213
2011-01-10 10:56:56.0000003,7.176111
2011-01-10 10:56:56.0000002,30.060005
2011-01-10 10:56:56.0000001,5.4188924
2010-10-07 10:54:20.0000002,7.4226136
2010-10-07 10:54:20.0000005,14.405704
2010-10-07 10:54:20.0000001,5.9513245
2010-10-07 10:54:20.0000004,7.591896
2011-02-21 20:11:08.0000001,7.790311
2011-02-21 20:11:08.0000005,6.910869
2011-02-21 20:11:08.0000002,9.881996
2011-02-21 20:11:08.0000003,6.962775
2011-02-21 20:11:08.0000004,31.931452
2009-10-04 22:54:56.0000003,8.013874
2015-04-11 20:31:32.0000007,5.26552
2015-04-11 20:31:32.00000012,6.1163845
2015-04-11 20:31:32.0000003,31.757515
2015-04-11 20:31:32.0000006,12.0581455
2015-04-11 20:31:32.0000002,22.120935
2015-04-11 20:31:32.0000009,11.465925
2015-04-11 20:31:32.00000010,5.06335
2015-04-11 20:31:32.0000001,7.7552176
2012-04-02 02:53:24.0000001,12.284338
2014-04-21 16:00:36.0000001,6.02291
2014-04-21 16:00:36.0000003,10.191567
2014-04-21 16:00:36.0000002,5.4704194
2012-03-22 21:11:36.0000006,14.594869
2012-03-22 21:11:36.0000008,7.0428486
2012-03-22 21:11:36.0000005,10.887096
2012-03-22 21:11:36.0000001,9.81449
2012-03-22 21:11:36.0000004,4.9025927
2012-03-22 21:11:36.0000007,4.7327213
2012-03-22 21:11:36.0000002,8.145473
2012-03-22 21:11:36.0000003,22.925615
2011-04-08 00:57:44.0000001,4.836049
2011-02-20 12:31:04.0000001,9.886081
2011-02-20 12:31:04.0000003,3.7658525
2011-02-06 17:08:24.0000004,16.919416
2011-02-06 17:08:24.0000002,7.085605
2011-02-06 17:08:24.0000001,8.932896
2013-01-01 22:04:56.0000001,8.087979
2013-04-23 17:52:44.0000001,17.257547
2013-04-23 17:52:44.0000002,6.1461153
2013-07-02 21:47:24.0000003,4.7261376
2013-07-02 21:47:24.0000002,17.450163
2013-07-02 21:47:24.0000001,19.279568
2010-01-01 13:19:40.0000002,17.57854
2010-01-01 13:19:40.0000005,8.811608
2010-01-01 13:19:40.0000001,9.045507
2010-01-01 13:19:40.0000003,59.14807
2013-04-26 20:41:16.0000001,8.126633
2010-03-06 23:51:08.0000002,12.074825
2010-03-06 23:51:08.0000001,7.7471814
2014-04-17 16:58:28.0000001,9.822999
2014-04-17 16:58:28.0000002,12.522957
2014-01-06 16:39:16.0000001,29.924686
2015-02-12 05:37:56.0000002,5.2665462
2011-12-22 01:00:08.0000001,15.111575
2011-12-22 01:00:08.0000002,7.3329
2011-08-20 17:04:24.0000001,4.821502
2011-06-30 13:07:36.0000001,5.9604225
2011-06-30 13:07:36.0000005,9.431294
2011-06-30 13:07:36.0000002,7.3923597
2011-06-30 13:07:36.0000004,7.4899573
2011-06-30 13:07:36.0000003,9.010277
2014-04-27 02:57:00.000000100,4.2636557
2014-04-27 02:57:00.000000130,6.1451125
2014-04-27 02:57:00.000000109,32.341187
2014-04-27 02:57:00.00000096,18.29086
2014-04-27 02:57:00.00000063,15.375022
2014-04-27 02:57:00.000000177,8.071037
2014-04-27 02:57:00.000000132,18.359043
2014-04-27 02:57:00.000000170,18.935448
2014-04-27 02:57:00.00000021,14.129523
2014-04-27 02:57:00.000000136,11.618383
2014-04-27 02:57:00.00000032,11.134861
2014-04-27 02:57:00.000000107,5.7501593
2014-04-27 02:57:00.00000028,41.517647
2014-04-27 02:57:00.00000026,16.430618
2014-04-27 02:57:00.000000139,7.8009567
2014-04-27 02:57:00.00000015,20.712397
2014-04-27 02:57:00.00000095,4.4657035
2014-04-27 02:57:00.000000105,23.110186
2014-04-27 02:57:00.000000196,10.678584
2014-04-27 02:57:00.0000001,4.93453
2014-04-27 02:57:00.000000175,12.494575
2014-04-27 02:57:00.000000188,16.6375
2014-04-27 02:57:00.00000051,14.577584
2014-04-27 02:57:00.00000055,7.010473
2014-04-27 02:57:00.00000016,16.467634
2014-04-27 02:57:00.000000169,7.579903
2014-04-27 02:57:00.00000086,13.473984
2014-04-27 02:57:00.000000148,16.446354
2014-04-27 02:57:00.00000087,17.85365
2014-04-27 02:57:00.00000027,16.354319
2014-04-27 02:57:00.000000120,20.102928
2014-04-27 02:57:00.00000068,4.4088073
2014-04-27 02:57:00.00000099,7.6227055
2014-04-27 02:57:00.000000193,9.602887
2014-04-27 02:57:00.00000081,20.142006
2014-04-27 02:57:00.000000135,20.244823
2014-04-27 02:57:00.000000181,6.008069
2014-04-27 02:57:00.00000020,5.8916035
2014-04-27 02:57:00.000000157,22.559275
2014-04-27 02:57:00.00000079,20.780687
2014-04-27 02:57:00.00000019,8.109613
2014-04-27 02:57:00.000000126,13.769612
2014-04-27 02:57:00.0000002,4.857829
2014-04-27 02:57:00.00000062,9.883928
2014-04-27 02:57:00.00000085,12.732385
2014-04-27 02:57:00.00000014,16.075186
2014-04-27 02:57:00.000000161,11.355586
2014-04-27 02:57:00.00000084,12.73224
2014-04-27 02:57:00.000000122,18.49461
2014-04-27 02:57:00.000000111,7.8345356
2014-04-27 02:57:00.000000113,9.879968
2014-04-27 02:57:00.00000071,9.423246
2014-04-27 02:57:00.00000077,12.576056
2014-04-27 02:57:00.000000134,46.479588
2014-04-27 02:57:00.000000103,11.121065
2014-04-27 02:57:00.000000102,12.976487
2014-04-27 02:57:00.000000160,22.622402
2014-04-27 02:57:00.00000042,4.397532
2014-04-27 02:57:00.00000054,6.90731
2014-04-27 02:57:00.00000049,15.196376
2014-04-27 02:57:00.000000147,11.086394
2014-04-27 02:57:00.00000045,9.6359415
2014-04-27 02:57:00.0000003,20.911343
2014-04-27 02:57:00.000000182,16.729084
2014-04-27 02:57:00.000000180,8.817324
2014-04-27 02:57:00.00000038,22.804523
2014-04-27 02:57:00.0000005,9.425335
2014-04-27 02:57:00.000000108,4.2965717
2014-04-27 02:57:00.00000092,5.9432225
2014-04-27 02:57:00.000000192,5.2917886
2014-04-27 02:57:00.000000165,7.1179414
2014-04-27 02:57:00.000000115,10.929226
2014-04-27 02:57:00.00000029,9.258764
2014-04-27 02:57:00.00000050,5.4310427
2014-04-27 02:57:00.000000119,8.309536
2014-04-27 02:57:00.00000011,15.218263
2014-04-27 02:57:00.000000114,7.359474
2014-04-27 02:57:00.000000190,14.0837
2014-04-27 02:57:00.00000061,8.664086
2014-04-27 02:57:00.00000098,10.142702
2014-04-27 02:57:00.00000040,6.7728057
2014-04-27 02:57:00.000000117,19.079464
2014-04-27 02:57:00.000000150,7.520726
2014-04-27 02:57:00.00000035,8.509279
2014-04-27 02:57:00.00000022,19.761957
2014-04-27 02:57:00.000000146,7.3113847
2014-04-27 02:57:00.00000018,10.268415
2014-04-27 02:57:00.00000041,13.310667
2014-04-27 02:57:00.00000089,18.511684
2014-04-27 02:57:00.00000088,6.9898915
2014-04-27 02:57:00.000000101,10.346463
2014-04-27 02:57:00.00000058,25.177656
2014-04-27 02:57:00.00000030,8.867186
2014-04-27 02:57:00.000000156,13.629062
2014-04-27 02:57:00.00000024,8.544804
2014-04-27 02:57:00.000000163,7.2930546
2014-04-27 02:57:00.000000152,12.651341
2014-04-27 02:57:00.00000037,5.9252186
2014-04-27 02:57:00.00000065,5.3543086
2014-04-27 02:57:00.0000006,24.010138
2014-04-27 02:57:00.00000060,9.516845
2014-04-27 02:57:00.000000110,7.1243773
2014-04-27 02:57:00.00000034,5.5977216
2014-04-27 02:57:00.000000149,25.6581
2014-04-27 02:57:00.000000176,4.3579893
2014-04-27 02:57:00.000000184,6.3142433
2014-04-27 02:57:00.000000118,6.881309
2014-04-27 02:57:00.000000186,13.750978
2014-04-27 02:57:00.000000104,9.962739
2014-04-27 02:57:00.00000080,25.105219
2014-04-27 02:57:00.000000121,8.510818
2014-04-27 02:57:00.00000093,6.814214
2014-04-27 02:57:00.00000056,11.964788
2014-04-27 02:57:00.00000044,13.98653
2014-04-27 02:57:00.00000048,8.533276
2014-04-27 02:57:00.00000059,13.866729
2014-04-27 02:57:00.000000194,19.849815
2014-04-27 02:57:00.000000185,22.25406
2014-04-27 02:57:00.000000125,17.766756
2014-04-27 02:57:00.00000046,11.839719
2014-04-27 02:57:00.00000070,16.906006
2014-04-27 02:57:00.000000133,14.276551
2011-01-18 10:26:40.0000003,5.0223646
2011-01-18 10:26:40.0000002,8.290795
2012-04-20 07:57:20.0000001,10.074322
2012-04-20 07:57:20.0000004,5.2844386
2012-04-20 07:57:20.0000003,6.097815
2012-04-20 07:57:20.0000002,4.7487698
2011-12-13 22:00:00.00000071,13.235841
2011-12-13 22:00:00.000000178,4.7802644
2011-12-13 22:00:00.00000016,7.058414
2011-12-13 22:00:00.000000127,6.5538335
2011-12-13 22:00:00.00000065,4.484203
2011-12-13 22:00:00.000000227,4.0612063
2011-12-13 22:00:00.000000257,6.0704803
2011-12-13 22:00:00.000000238,7.5532393
2011-12-13 22:00:00.0000008,7.862641
2011-12-13 22:00:00.000000252,5.188997
2011-12-13 22:00:00.000000204,13.547511
2011-12-13 22:00:00.000000120,9.547856
2011-12-13 22:00:00.000000175,4.221519
2011-12-13 22:00:00.00000010,11.810888
2011-12-13 22:00:00.00000048,6.4911346
2011-12-13 22:00:00.000000189,4.58038
2011-12-13 22:00:00.00000011,4.908022
2011-12-13 22:00:00.000000247,7.3852696
2011-12-13 22:00:00.000000261,4.0828295
2011-12-13 22:00:00.0000004,11.811964
2011-12-13 22:00:00.00000014,11.718035
2011-12-13 22:00:00.000000151,37.15847
2011-12-13 22:00:00.00000025,6.6676626
2011-12-13 22:00:00.00000039,9.996184
2011-12-13 22:00:00.000000179,6.9346757
2011-12-13 22:00:00.000000137,11.619755
2011-12-13 22:00:00.00000091,16.160416
2011-12-13 22:00:00.000000109,5.7600756
2011-12-13 22:00:00.000000174,8.345072
2011-12-13 22:00:00.000000225,16.774832
2011-12-13 22:00:00.000000207,6.583934
2011-12-13 22:00:00.000000269,23.047468
2011-12-13 22:00:00.000000234,7.2123084
2011-12-13 22:00:00.00000017,6.716829
2011-12-13 22:00:00.00000046,6.4218764
2011-12-13 22:00:00.00000057,12.658978
2011-12-13 22:00:00.000000105,8.298623
2011-12-13 22:00:00.000000114,14.000258
2011-12-13 22:00:00.00000030,5.0814767
2011-12-13 22:00:00.000000100,6.636013
2011-12-13 22:00:00.00000088,15.125097
2011-12-13 22:00:00.000000242,8.197802
2011-12-13 22:00:00.000000113,6.7660594
2011-12-13 22:00:00.000000157,11.533967
2011-12-13 22:00:00.000000177,12.602348
2011-12-13 22:00:00.000000169,7.6799555
2011-12-13 22:00:00.000000123,4.0781784
2011-12-13 22:00:00.000000182,31.553291
2011-12-13 22:00:00.000000129,7.1675386
2011-12-13 22:00:00.000000136,41.02899
2011-12-13 22:00:00.000000187,5.8049674
2011-12-13 22:00:00.000000218,8.328207
2011-12-13 22:00:00.000000167,27.713663
2011-12-13 22:00:00.000000192,8.97253
2011-12-13 22:00:00.00000024,5.9883647
2011-12-13 22:00:00.00000093,11.152931
2011-12-13 22:00:00.000000260,3.9248486
2011-12-13 22:00:00.00000038,4.1223965
2011-12-13 22:00:00.000000208,6.921009
2011-12-13 22:00:00.000000210,6.235617
2011-12-13 22:00:00.000000181,6.0947866
2011-12-13 22:00:00.000000111,10.363402
2011-12-13 22:00:00.000000161,16.068071
2011-12-13 22:00:00.000000209,3.8870516
2011-12-13 22:00:00.00000029,7.563248
2011-12-13 22:00:00.00000067,4.987464
2011-12-13 22:00:00.000000202,4.9993877
2011-12-13 22:00:00.000000245,9.262033
2011-12-13 22:00:00.000000206,8.480629
2011-12-13 22:00:00.0000003,7.0707254
2011-12-13 22:00:00.00000060,14.6359415
2011-12-13 22:00:00.00000053,5.1013103
2011-12-13 22:00:00.000000201,10.271889
2011-12-13 22:00:00.000000212,10.41568
2011-12-13 22:00:00.000000235,15.072695
2011-12-13 22:00:00.000000170,25.980438
2011-12-13 22:00:00.000000253,4.3727174
2011-12-13 22:00:00.000000172,17.01165
2011-12-13 22:00:00.00000086,4.492857
2011-12-13 22:00:00.000000223,41.770622
2011-12-13 22:00:00.0000009,10.905362
2011-12-13 22:00:00.00000031,11.614826
2011-12-13 22:00:00.000000243,9.951694
2011-12-13 22:00:00.000000133,10.233737
2011-12-13 22:00:00.000000199,8.338958
2011-12-13 22:00:00.000000104,26.10741
2011-12-13 22:00:00.00000023,48.881153
2011-12-13 22:00:00.00000075,35.200535
2011-12-13 22:00:00.000000217,4.9425864
2011-12-13 22:00:00.000000220,7.505506
2011-12-13 22:00:00.000000211,4.3464704
2011-12-13 22:00:00.000000150,8.422392
2011-12-13 22:00:00.00000020,7.195235
2011-12-13 22:00:00.000000254,11.147086
2011-12-13 22:00:00.000000183,7.484741
2011-12-13 22:00:00.000000166,12.59057
2011-12-13 22:00:00.00000063,6.700674
2011-12-13 22:00:00.000000124,4.6898475
2011-12-13 22:00:00.000000219,8.824299
2011-12-13 22:00:00.00000099,14.830723
2011-12-13 22:00:00.00000041,6.9636426
2011-12-13 22:00:00.00000080,10.017006
2011-12-13 22:00:00.000000216,22.06808
2011-12-13 22:00:00.000000240,4.5184197
2011-12-13 22:00:00.000000153,6.8576393
2011-12-13 22:00:00.00000068,3.9048808
2011-12-13 22:00:00.000000263,9.42187
2011-12-13 22:00:00.00000061,12.5069475
2011-12-13 22:00:00.000000162,6.200941
2011-12-13 22:00:00.00000045,5.727936
2011-12-13 22:00:00.000000193,28.530912
2011-12-13 22:00:00.000000112,30.469296
2011-12-13 22:00:00.000000165,5.4853716
2011-12-13 22:00:00.000000255,11.508982
2011-12-13 22:00:00.000000106,31.07559
2011-12-13 22:00:00.000000125,13.0463915
2011-12-13 22:00:00.000000250,8.784773
2011-12-13 22:00:00.0000006,6.0386686
2011-12-13 22:00:00.00000090,4.897378
2011-12-13 22:00:00.00000055,5.1388083
2011-12-13 22:00:00.000000188,9.596159
2011-12-13 22:00:00.000000259,13.877835
2011-12-13 22:00:00.000000142,13.932718
2011-12-13 22:00:00.000000155,6.2834463
2011-12-13 22:00:00.00000082,4.55713
2011-12-13 22:00:00.00000069,6.8564286
2011-12-13 22:00:00.00000097,10.730176
2011-12-13 22:00:00.000000107,28.234268
2011-12-13 22:00:00.000000126,6.203913
2011-12-13 22:00:00.00000012,9.775205
2011-12-13 22:00:00.000000158,6.628328
2011-12-13 22:00:00.000000196,7.4171724
2011-12-13 22:00:00.000000132,26.75962
2011-12-13 22:00:00.000000244,5.4151025
2011-12-13 22:00:00.000000268,8.626411
2011-12-13 22:00:00.00000064,5.9718647
2011-12-13 22:00:00.000000159,11.070105
2011-12-13 22:00:00.000000163,24.082678
2011-12-13 22:00:00.000000232,17.572569
2011-12-13 22:00:00.0000007,10.913328
2011-12-13 22:00:00.00000054,4.350579
2011-12-13 22:00:00.000000230,14.636731
2011-12-13 22:00:00.000000256,6.7072153
2011-12-13 22:00:00.000000146,6.5452156
2011-12-13 22:00:00.000000265,8.943411
2011-12-13 22:00:00.00000076,6.248593
2011-12-13 22:00:00.00000062,18.638802
2011-12-13 22:00:00.00000032,5.8425374
2011-12-13 22:00:00.000000213,4.7456217
2011-12-13 22:00:00.00000083,15.160916
2011-12-13 22:00:00.00000026,38.456192
2011-12-13 22:00:00.000000239,12.97071
2011-12-13 22:00:00.000000233,10.283508
2011-12-13 22:00:00.00000089,12.202306
2011-12-13 22:00:00.000000267,6.57595
2011-12-13 22:00:00.000000176,7.6994567
2011-12-13 22:00:00.000000139,5.210227
2011-12-13 22:00:00.00000027,4.4558086
2011-12-13 22:00:00.00000042,9.018681
2011-12-13 22:00:00.000000241,13.262754
2011-12-13 22:00:00.000000222,8.003819
2012-03-12 09:50:24.0000001,9.595996
2012-03-12 09:50:24.0000003,6.054188
2012-03-12 09:50:24.0000002,6.1615844
2014-05-13 07:33:52.0000006,5.214495
2014-05-13 07:33:52.0000004,5.6725407
2014-05-13 07:33:52.0000001,10.070658
2014-05-13 07:33:52.0000002,5.1566186
2014-05-13 07:33:52.0000003,13.465139
2011-06-30 09:37:08.0000002,10.272383
2011-06-30 09:37:08.0000003,4.6164994
2012-09-18 17:13:40.0000002,7.27758
2012-09-18 17:13:40.0000001,6.4288735
2011-06-07 12:11:56.0000004,17.378717
2011-06-07 12:11:56.0000001,13.10241
2011-06-07 12:11:56.0000003,27.634657
2011-06-07 12:11:56.0000002,5.266547
2011-06-07 12:11:56.0000005,6.3471866
2010-05-21 23:04:44.0000002,19.50525
2010-05-21 23:04:44.0000001,14.226704
2009-01-28 16:36:28.0000002,6.78321
2009-01-28 16:36:28.0000003,47.162373
2009-01-28 16:36:28.0000005,6.1769447
2009-01-28 16:36:28.0000006,10.176885
2009-01-28 16:36:28.0000001,5.9297323
2012-03-12 02:58:56.0000001,12.115369
2010-07-21 22:06:12.0000005,7.645571
2010-07-21 22:06:12.0000003,6.1785674
2010-07-21 22:06:12.0000001,26.599424
2010-07-21 22:06:12.0000002,10.924882
2009-04-12 16:00:56.0000001,11.794343
2013-05-24 13:37:32.0000001,7.540355
2011-07-29 20:50:36.0000001,12.292497
2011-07-29 20:50:36.0000003,25.007902
2011-07-29 20:50:36.0000002,5.219471
2014-03-05 21:07:12.0000003,12.660048
2014-03-05 21:07:12.0000004,7.725424
2009-11-28 15:07:24.0000004,46.97688
2009-11-28 15:07:24.0000001,19.719675
2009-11-28 15:07:24.0000003,5.2982116
2015-04-11 14:16:12.0000003,7.2337856
2015-04-11 14:16:12.00000010,5.011803
2015-04-11 14:16:12.00000011,6.1942735
2015-04-11 14:16:12.0000001,7.6521587
2015-04-11 14:16:12.0000002,6.8058023
2015-04-11 14:16:12.0000006,56.043102
2015-04-11 14:16:12.0000007,5.884876
2015-04-11 14:16:12.0000008,9.939393
2014-11-15 10:57:20.0000002,3.6049109
2014-11-15 10:57:20.0000001,7.4511485
2010-07-31 15:47:28.0000001,4.555376
2014-05-12 20:56:48.0000005,5.5158153
2014-05-12 20:56:48.0000001,7.964421
2014-05-12 20:56:48.0000004,8.411461
2014-05-12 20:56:48.0000003,7.84673
2014-05-12 20:56:48.0000002,11.163419
2014-01-16 06:00:48.0000001,11.202151
2014-04-23 11:18:40.0000003,11.426096
2014-04-23 11:18:40.0000002,7.4196877
2014-04-23 11:18:40.0000001,10.198989
2011-09-22 04:49:56.0000001,33.315086
2011-10-28 07:35:52.0000003,6.2708387
2011-10-28 07:35:52.0000002,9.997862
2011-10-28 07:35:52.0000001,5.8255305
2015-05-10 19:54:00.0000001,8.928282
2015-05-10 19:54:00.0000003,6.652634
2015-05-10 19:54:00.0000005,10.193063
2015-05-10 19:54:00.0000004,11.018772
2011-03-28 23:18:48.0000001,9.464885
2014-08-26 01:31:04.0000001,27.092352
2015-02-26 15:55:48.0000004,13.519904
2015-02-26 15:55:48.0000003,8.664414
2015-02-26 15:55:48.0000002,6.762171
2013-11-22 15:36:36.0000002,4.910406
2010-02-13 11:03:04.0000002,4.863028
2010-02-13 11:03:04.0000001,4.5873938
2010-02-13 11:03:04.0000004,5.209769
2010-02-13 11:03:04.0000003,5.487614
2011-06-26 18:48:08.0000004,8.473966
2011-06-26 18:48:08.0000005,16.06117
2011-06-26 18:48:08.0000002,5.26045
2011-06-26 18:48:08.0000001,7.4428716
2010-10-14 23:48:56.0000001,5.7586412
2010-10-14 23:48:56.0000002,42.880264
2010-10-14 23:48:56.0000003,11.537671
2010-10-14 23:48:56.0000004,6.566395
2011-01-22 07:48:28.0000001,8.425414
2011-10-17 18:49:20.0000003,14.491102
2011-10-17 18:49:20.0000002,7.3504705
2011-10-17 18:49:20.0000005,9.277544
2009-03-24 16:39:12.0000002,9.429702
2009-03-24 16:39:12.0000004,7.453585
2009-03-24 16:39:12.0000003,10.508035
2009-03-24 16:39:12.0000001,5.7401743
2014-07-21 18:19:00.000000102,8.835544
2014-07-21 18:19:00.000000106,9.909927
2014-07-21 18:19:00.000000107,5.184623
2014-07-21 18:19:00.00000094,36.780365
2014-07-21 18:19:00.000000161,7.8179884
2014-07-21 18:19:00.000000129,16.41319
2014-07-21 18:19:00.00000083,5.173035
2014-07-21 18:19:00.000000163,16.25382
2014-07-21 18:19:00.000000117,11.362091
2014-07-21 18:19:00.00000028,4.207178
2014-07-21 18:19:00.00000089,13.739491
2014-07-21 18:19:00.000000130,6.24765
2014-07-21 18:19:00.000000105,7.6076374
2014-07-21 18:19:00.000000123,16.653059
2014-07-21 18:19:00.000000103,53.183693
2014-07-21 18:19:00.000000227,7.550823
2014-07-21 18:19:00.000000189,10.243108
2014-07-21 18:19:00.000000168,8.02832
2014-07-21 18:19:00.000000173,11.737604
2014-07-21 18:19:00.000000128,15.33483
2014-07-21 18:19:00.000000143,27.40789
2014-07-21 18:19:00.00000018,21.827599
2014-07-21 18:19:00.00000049,11.388592
2014-07-21 18:19:00.00000022,7.150486
2014-07-21 18:19:00.000000200,5.830027
2014-07-21 18:19:00.000000193,9.246034
2014-07-21 18:19:00.000000231,12.018989
2014-07-21 18:19:00.000000202,12.67466
2014-07-21 18:19:00.00000092,33.63177
2014-07-21 18:19:00.000000148,6.265685
2014-07-21 18:19:00.00000057,4.833918
2014-07-21 18:19:00.00000074,7.3694043
2014-07-21 18:19:00.000000183,13.524556
2014-07-21 18:19:00.000000221,2.0184853
2014-07-21 18:19:00.00000078,7.96292
2014-07-21 18:19:00.00000058,6.132653
2014-07-21 18:19:00.000000214,6.594031
2014-07-21 18:19:00.000000122,9.97673
2014-07-21 18:19:00.000000137,3.851341
2014-07-21 18:19:00.00000027,7.3924046
2014-07-21 18:19:00.00000047,20.645527
2014-07-21 18:19:00.00000061,10.82225
2014-07-21 18:19:00.000000196,9.87847
2014-07-21 18:19:00.000000125,15.739988
2014-07-21 18:19:00.000000126,18.748934
2014-07-21 18:19:00.000000145,4.645654
2014-07-21 18:19:00.00000080,14.224764
2014-07-21 18:19:00.00000055,8.979558
2014-07-21 18:19:00.00000066,10.778746
2014-07-21 18:19:00.000000111,5.5118523
2014-07-21 18:19:00.00000042,7.3071866
2014-07-21 18:19:00.000000215,6.0586543
2014-07-21 18:19:00.00000043,29.886871
2014-07-21 18:19:00.000000119,18.884892
2014-07-21 18:19:00.000000115,13.296107
2014-07-21 18:19:00.0000009,10.279424
2014-07-21 18:19:00.00000075,10.591351
2014-07-21 18:19:00.000000118,4.422872
2014-07-21 18:19:00.00000038,18.717562
2014-07-21 18:19:00.000000124,10.263429
2014-07-21 18:19:00.000000242,9.897412
2014-07-21 18:19:00.00000019,7.499618
2014-07-21 18:19:00.00000056,11.887377
2014-07-21 18:19:00.000000239,7.242972
2014-07-21 18:19:00.000000101,9.486714
2014-07-21 18:19:00.000000216,43.312584
2014-07-21 18:19:00.000000198,5.728891
2014-07-21 18:19:00.000000174,39.45269
2014-07-21 18:19:00.00000070,6.7879977
2014-07-21 18:19:00.0000004,12.131798
2014-07-21 18:19:00.000000135,7.915669
2014-07-21 18:19:00.000000165,7.6274395
2014-07-21 18:19:00.00000010,12.71473
2014-07-21 18:19:00.000000211,7.5584445
2014-07-21 18:19:00.000000190,9.005461
2014-07-21 18:19:00.00000021,6.3036456
2014-07-21 18:19:00.000000204,5.796704
2014-07-21 18:19:00.000000112,6.941706
2014-07-21 18:19:00.000000169,21.33448
2014-07-21 18:19:00.000000226,8.349658
2014-07-21 18:19:00.000000109,6.100583
2014-07-21 18:19:00.000000113,19.496204
2014-07-21 18:19:00.000000127,18.2733
2014-07-21 18:19:00.000000182,12.166187
2014-07-21 18:19:00.00000036,8.482214
2014-07-21 18:19:00.000000220,4.0870843
2014-07-21 18:19:00.000000121,7.0348988
2014-07-21 18:19:00.00000050,11.166953
2014-07-21 18:19:00.000000178,5.659625
2014-07-21 18:19:00.000000166,7.926046
2014-07-21 18:19:00.000000224,6.959111
2014-07-21 18:19:00.000000134,6.659531
2014-07-21 18:19:00.000000195,12.32712
2014-07-21 18:19:00.00000015,40.386204
2014-07-21 18:19:00.0000005,53.14131
2014-07-21 18:19:00.000000120,15.086976
2014-07-21 18:19:00.000000133,6.766634
2014-07-21 18:19:00.00000044,8.205566
2014-07-21 18:19:00.000000233,7.325059
2014-07-21 18:19:00.00000063,11.836036
2014-07-21 18:19:00.000000167,9.787846
2014-07-21 18:19:00.000000208,8.157956
2014-07-21 18:19:00.00000030,11.213441
2014-07-21 18:19:00.00000098,6.5811477
2014-07-21 18:19:00.000000179,8.025941
2014-07-21 18:19:00.000000219,4.9001813
2014-07-21 18:19:00.0000006,5.117411
2014-07-21 18:19:00.0000008,14.577001
2014-07-21 18:19:00.00000031,23.82198
2014-07-21 18:19:00.000000225,5.863516
2014-07-21 18:19:00.000000235,9.554005
2014-07-21 18:19:00.000000104,10.451015
2014-07-21 18:19:00.00000011,4.852981
2014-07-21 18:19:00.00000026,4.846044
2014-07-21 18:19:00.000000228,6.9350104
2014-07-21 18:19:00.000000154,8.075541
2014-07-21 18:19:00.000000240,5.3477154
2014-07-21 18:19:00.00000069,11.007273
2014-07-21 18:19:00.000000210,10.123718
2014-07-21 18:19:00.00000097,27.355623
2014-07-21 18:19:00.000000136,7.702107
2014-07-21 18:19:00.000000150,9.765156
2014-07-21 18:19:00.00000060,4.613439
2014-07-21 18:19:00.00000073,5.0821257
2014-07-21 18:19:00.000000177,21.911625
2014-07-21 18:19:00.000000222,8.516686
2014-07-21 18:19:00.0000003,20.042091
2014-07-21 18:19:00.00000012,5.3240633
2014-07-21 18:19:00.000000139,6.388292
2014-07-21 18:19:00.000000194,10.37221
2014-07-21 18:19:00.00000014,10.157661
2014-07-21 18:19:00.00000051,6.75049
2014-07-21 18:19:00.000000218,7.3833923
2014-07-21 18:19:00.000000181,6.5404363
2014-07-21 18:19:00.000000114,14.973838
2014-07-21 18:19:00.00000072,7.726532
2014-07-21 18:19:00.000000213,6.59436
2014-07-21 18:19:00.00000064,5.3550878
2012-12-07 16:13:08.0000001,15.633333
2011-06-13 09:55:04.0000005,9.375718
2011-06-13 09:55:04.0000004,6.114972
2011-06-13 09:55:04.0000001,9.631978
2014-12-27 22:31:56.0000002,12.323424
2014-11-24 09:50:20.0000001,5.803914
2014-11-24 09:50:20.0000002,20.640787
2015-02-17 12:29:52.0000003,7.6321244
2015-02-17 12:29:52.0000002,9.556972
2015-02-17 12:29:52.0000004,16.630135
2015-02-17 12:29:52.0000001,5.3833475
2010-02-21 21:57:20.0000001,12.577685
2010-02-21 21:57:20.0000002,4.354015
2010-09-20 16:48:00.000000101,12.51162
2010-09-20 16:48:00.000000140,7.085349
2010-09-20 16:48:00.00000052,7.7411275
2010-09-20 16:48:00.00000038,11.929788
2010-09-20 16:48:00.000000135,7.6874146
2010-09-20 16:48:00.000000145,8.733376
2010-09-20 16:48:00.00000090,10.752305
2010-09-20 16:48:00.00000088,25.562813
2010-09-20 16:48:00.000000161,16.656223
2010-09-20 16:48:00.000000160,7.7943773
2010-09-20 16:48:00.00000012,7.564029
2010-09-20 16:48:00.00000028,43.059315
2010-09-20 16:48:00.000000117,18.893585
2010-09-20 16:48:00.00000018,6.312147
2010-09-20 16:48:00.00000059,8.250447
2010-09-20 16:48:00.00000061,5.636519
2010-09-20 16:48:00.00000037,7.4861274
2010-09-20 16:48:00.000000133,12.185556
2010-09-20 16:48:00.000000141,12.093137
2010-09-20 16:48:00.000000113,26.589735
2010-09-20 16:48:00.00000067,17.28327
2010-09-20 16:48:00.00000066,22.443052
2010-09-20 16:48:00.000000128,10.963396
2010-09-20 16:48:00.000000109,10.609741
2010-09-20 16:48:00.000000167,24.914925
2010-09-20 16:48:00.00000065,5.9786057
2010-09-20 16:48:00.000000157,31.208574
2010-09-20 16:48:00.00000045,12.102807
2010-09-20 16:48:00.00000054,8.970957
2010-09-20 16:48:00.00000076,7.458454
2010-09-20 16:48:00.000000125,14.878432
2010-09-20 16:48:00.00000031,15.320314
2010-09-20 16:48:00.000000105,8.709369
2010-09-20 16:48:00.00000017,8.252234
2010-09-20 16:48:00.000000127,6.068027
2010-09-20 16:48:00.000000149,43.25833
2010-09-20 16:48:00.00000039,26.713682
2010-09-20 16:48:00.00000095,37.081085
2010-09-20 16:48:00.00000062,8.687646
2010-09-20 16:48:00.00000029,9.003851
2010-09-20 16:48:00.000000155,26.402325
2010-09-20 16:48:00.000000123,7.6431947
2010-09-20 16:48:00.00000020,9.262504
2010-09-20 16:48:00.0000003,10.463989
2010-09-20 16:48:00.000000102,6.5701914
2010-09-20 16:48:00.00000096,8.655821
2010-09-20 16:48:00.00000087,9.37852
2010-09-20 16:48:00.00000063,24.327353
2010-09-20 16:48:00.00000078,10.165123
2010-09-20 16:48:00.00000049,5.8863573
2010-09-20 16:48:00.000000115,12.5762615
2010-09-20 16:48:00.00000080,10.233023
2010-09-20 16:48:00.00000046,16.708372
2010-09-20 16:48:00.00000048,8.785871
2010-09-20 16:48:00.00000033,22.977362
2010-09-20 16:48:00.000000136,7.2635612
2010-09-20 16:48:00.00000032,15.993616
2010-09-20 16:48:00.00000082,16.27323
2010-09-20 16:48:00.00000091,12.470528
2010-09-20 16:48:00.00000051,32.851982
2010-09-20 16:48:00.000000107,9.384322
2010-09-20 16:48:00.000000150,7.6374555
2010-09-20 16:48:00.00000070,7.6501336
2010-09-20 16:48:00.000000165,29.12346
2010-09-20 16:48:00.00000097,25.959467
2010-09-20 16:48:00.00000075,8.446982
2010-09-20 16:48:00.000000164,12.97352
2010-09-20 16:48:00.000000162,5.6739464
2010-09-20 16:48:00.00000026,7.4700136
2010-09-20 16:48:00.000000126,10.051296
2010-09-20 16:48:00.00000077,12.877048
2010-09-20 16:48:00.000000138,6.4698763
2010-09-20 16:48:00.000000118,16.674524
2010-09-20 16:48:00.00000011,12.33283
2010-09-20 16:48:00.00000073,17.948246
2010-09-20 16:48:00.000000120,9.535483
2010-09-20 16:48:00.00000034,27.563173
2010-09-20 16:48:00.00000057,9.935635
2010-09-20 16:48:00.00000044,13.860033
2010-09-20 16:48:00.00000079,14.784149
2010-09-20 16:48:00.00000013,13.1951
2010-09-20 16:48:00.00000060,7.114784
2010-09-20 16:48:00.00000098,14.574112
2010-09-20 16:48:00.00000022,6.722368
2010-09-20 16:48:00.00000043,13.058416
2010-09-20 16:48:00.000000130,6.1527405
2010-09-20 16:48:00.00000094,12.792123
2010-09-20 16:48:00.000000153,11.898472
2010-09-20 16:48:00.0000009,15.111105
2010-09-20 16:48:00.000000119,7.4834538
2010-09-20 16:48:00.00000089,10.023514
2010-09-20 16:48:00.00000053,12.271093
2010-09-20 16:48:00.00000014,11.295163
2010-09-20 16:48:00.00000093,13.264463
2010-09-20 16:48:00.000000144,7.3631673
2010-09-20 16:48:00.00000030,15.1887665
2010-09-20 16:48:00.000000147,26.583067
2010-09-20 16:48:00.000000108,16.184309
2010-09-20 16:48:00.00000064,9.043067
2010-09-20 16:48:00.00000010,11.2299795
2010-09-20 16:48:00.00000042,10.949629
2012-04-01 22:22:28.0000001,7.2775617
2012-03-05 09:19:32.0000001,6.970477
2012-03-05 09:19:32.0000002,6.1754327
2012-03-05 09:19:32.0000005,16.854641
2012-03-05 09:19:32.0000003,10.591136
2012-03-05 09:19:32.0000004,5.4037967
2012-08-20 14:47:36.0000003,6.6918263
2012-08-20 14:47:36.0000004,41.118275
2011-12-01 01:36:08.0000002,5.0903068
2013-06-21 11:33:28.0000002,7.6668916
2013-06-21 11:33:28.0000004,8.821979
2013-06-21 11:33:28.0000001,6.141285
2013-06-21 11:33:28.0000003,15.948218
2013-04-10 11:33:28.0000001,17.21704
2013-04-10 11:33:28.0000002,11.122103
2014-03-29 14:59:28.0000003,5.2661376
2014-03-29 14:59:28.0000002,7.5555105
2010-04-05 06:01:24.0000001,5.345059
2014-12-01 00:12:44.0000001,27.052898
2012-08-01 18:54:24.0000001,8.995308
2012-08-01 18:54:24.0000002,6.373605
2012-08-01 18:54:24.0000003,6.2742295
2013-07-13 18:28:20.0000005,8.073206
2013-07-13 18:28:20.0000001,5.980756
2013-07-13 18:28:20.0000002,9.055091
2013-07-13 18:28:20.0000004,8.267119
2014-03-06 04:23:32.0000001,10.014802
2014-10-07 19:04:08.0000002,8.988153
2014-10-07 19:04:08.0000005,10.450225
2014-10-07 19:04:08.0000006,11.760351
2014-10-07 19:04:08.0000004,5.7110114
2013-08-21 09:32:24.0000002,12.589131
2013-08-21 09:32:24.0000004,12.048375
2013-08-21 09:32:24.0000003,8.441437
2015-01-26 07:13:44.0000006,8.212441
2015-01-26 07:13:44.0000002,8.825568
2015-01-26 07:13:44.0000004,7.841989
2015-01-26 07:13:44.0000003,10.816637
2009-03-16 09:55:24.0000003,6.8799415
2009-03-16 09:55:24.0000005,4.8449516
2009-03-16 09:55:24.0000004,9.490144
2009-03-16 09:55:24.0000006,6.6142087
2009-03-16 09:55:24.0000002,4.928538
2011-03-06 21:01:00.000000150,5.1969376
2011-03-06 21:01:00.00000026,4.0757704
2011-03-06 21:01:00.000000148,5.1571083
2011-03-06 21:01:00.00000088,5.0270095
2011-03-06 21:01:00.00000098,4.619878
2011-03-06 21:01:00.00000054,11.79371
2011-03-06 21:01:00.000000101,10.469032
2011-03-06 21:01:00.000000175,7.5908
2011-03-06 21:01:00.00000029,8.832996
2011-03-06 21:01:00.000000106,3.9195948
2011-03-06 21:01:00.00000099,5.172399
2011-03-06 21:01:00.000000158,9.173405
2011-03-06 21:01:00.000000130,6.388365
2011-03-06 21:01:00.00000027,4.751617
2011-03-06 21:01:00.00000032,18.635199
2011-03-06 21:01:00.000000111,12.751332
2011-03-06 21:01:00.00000024,12.955095
2011-03-06 21:01:00.000000118,9.611333
2011-03-06 21:01:00.00000016,7.463462
2011-03-06 21:01:00.00000066,10.017288
2011-03-06 21:01:00.000000133,12.35659
2011-03-06 21:01:00.00000070,4.825038
2011-03-06 21:01:00.000000104,5.2554717
2011-03-06 21:01:00.00000076,7.9073243
2011-03-06 21:01:00.000000141,6.6855283
2011-03-06 21:01:00.000000145,5.2100143
2011-03-06 21:01:00.000000143,6.704656
2011-03-06 21:01:00.00000092,5.7388377
2011-03-06 21:01:00.00000080,5.3212805
2011-03-06 21:01:00.00000015,25.265352
2011-03-06 21:01:00.000000153,17.138765
2011-03-06 21:01:00.00000093,10.534447
2011-03-06 21:01:00.000000162,25.038836
2011-03-06 21:01:00.00000062,6.7773714
2011-03-06 21:01:00.000000129,14.030378
2011-03-06 21:01:00.000000107,18.219751
2011-03-06 21:01:00.00000045,4.561584
2011-03-06 21:01:00.000000115,10.757454
2011-03-06 21:01:00.0000002,3.8380098
2011-03-06 21:01:00.00000044,8.178968
2011-03-06 21:01:00.000000167,6.619774
2011-03-06 21:01:00.000000169,4.19023
2011-03-06 21:01:00.00000067,44.492413
2011-03-06 21:01:00.0000007,6.394335
2011-03-06 21:01:00.000000135,46.689507
2011-03-06 21:01:00.000000128,10.812419
2011-03-06 21:01:00.0000004,6.8154006
2011-03-06 21:01:00.00000010,7.334464
2011-03-06 21:01:00.000000151,11.786587
2011-03-06 21:01:00.00000055,8.987792
2011-03-06 21:01:00.00000095,6.946316
2011-03-06 21:01:00.000000102,8.649231
2011-03-06 21:01:00.00000034,5.880801
2011-03-06 21:01:00.000000108,4.0027976
2011-03-06 21:01:00.00000012,4.354731
2011-03-06 21:01:00.00000085,3.8154016
2011-03-06 21:01:00.0000001,11.106994
2011-03-06 21:01:00.00000035,4.475931
2011-03-06 21:01:00.00000097,11.670425
2011-03-06 21:01:00.000000105,6.5858464
2011-03-06 21:01:00.00000020,9.862578
2011-03-06 21:01:00.000000114,4.556268
2011-03-06 21:01:00.00000038,4.0896196
2011-03-06 21:01:00.0000006,8.729436
2011-03-06 21:01:00.00000086,7.123275
2011-03-06 21:01:00.00000049,6.1113915
2011-03-06 21:01:00.000000147,6.4578757
2011-03-06 21:01:00.00000040,3.6834733
2011-03-06 21:01:00.00000064,5.598562
2011-03-06 21:01:00.00000061,11.727731
2011-03-06 21:01:00.0000005,4.5097327
2011-03-06 21:01:00.0000009,5.769237
2011-03-06 21:01:00.00000042,4.490418
2011-03-06 21:01:00.00000022,25.756683
2011-03-06 21:01:00.00000021,16.31411
2011-03-06 21:01:00.00000094,5.3008084
2011-03-06 21:01:00.000000156,7.5421367
2011-03-06 21:01:00.00000072,5.3216114
2011-03-06 21:01:00.00000031,11.755929
2011-03-06 21:01:00.00000089,5.806933
2011-03-06 21:01:00.00000023,9.801184
2011-03-06 21:01:00.00000046,4.7837076
2011-03-06 21:01:00.00000087,5.9531207
2011-03-06 21:01:00.00000053,11.913947
2011-03-06 21:01:00.0000008,3.6443233
2011-03-06 21:01:00.000000157,4.3570833
2011-03-06 21:01:00.00000077,12.046476
2011-03-06 21:01:00.00000073,9.850358
2011-03-06 21:01:00.00000047,4.10855
2011-03-06 21:01:00.000000172,5.8866935
2011-03-06 21:01:00.00000084,7.9989924
2011-03-06 21:01:00.000000122,12.033532
2011-03-06 21:01:00.000000154,16.321314
2011-03-06 21:01:00.000000136,10.482509
2011-03-06 21:01:00.00000075,3.607505
2011-03-06 21:01:00.00000014,5.22889
2009-09-04 20:52:28.0000002,6.014923
2009-09-04 20:52:28.0000003,5.0129743
2009-09-04 20:52:28.0000004,5.489547
2009-09-04 20:52:28.0000001,4.3856483
2013-09-25 05:52:12.0000002,12.498513
2013-09-25 05:52:12.0000001,35.197014
2010-04-16 10:32:24.0000002,7.2330637
2010-04-16 10:32:24.0000001,32.44068
2011-10-12 07:24:40.0000001,8.807883
2011-10-12 07:24:40.0000003,7.905345
2011-10-12 07:24:40.0000002,24.202847
2010-06-13 13:34:56.0000001,7.5320373
2011-11-20 02:39:04.0000002,18.681932
2011-11-20 02:39:04.0000001,4.8182273
2010-12-13 06:42:16.0000002,4.1985097
2010-12-13 06:42:16.0000001,10.305105
2009-11-24 08:58:48.0000003,8.271394
2009-11-24 08:58:48.0000001,3.802621
2009-11-24 08:58:48.0000006,9.908295
2009-11-24 08:58:48.0000002,8.971882
2009-11-24 08:58:48.0000005,8.310547
2009-11-24 08:58:48.0000007,9.125099
2014-09-22 07:14:16.0000002,15.343421
2011-05-30 09:32:56.0000001,7.466324
2012-09-21 05:41:36.0000001,10.107233
2010-11-22 19:30:04.0000002,8.700661
2010-11-22 19:30:04.0000001,9.998276
2010-10-05 02:09:00.0000005,5.9555197
2010-10-05 02:09:00.0000006,19.854927
2010-10-05 02:09:00.0000007,10.359645
2010-10-05 02:09:00.00000018,21.528963
2010-10-05 02:09:00.00000011,23.272085
2010-10-05 02:09:00.00000023,9.868002
2010-10-05 02:09:00.00000012,8.99098
2010-10-05 02:09:00.00000022,4.3602233
2010-10-05 02:09:00.00000013,16.985653
2010-10-05 02:09:00.0000003,21.276073
2010-10-05 02:09:00.00000010,4.5134025
2010-10-05 02:09:00.0000001,7.583769
2010-10-05 02:09:00.00000021,5.619682
2010-10-05 02:09:00.0000008,11.505084
2010-10-05 02:09:00.00000027,6.1289053
2010-10-05 02:09:00.0000002,17.850977
2010-10-05 02:09:00.00000015,5.05532
2014-08-23 16:30:24.0000002,8.417831
2014-08-23 16:30:24.0000001,6.631252
2012-03-15 08:17:36.0000001,8.83587
2012-03-15 08:17:36.0000002,5.2012353
2012-03-15 08:17:36.0000005,18.078743
2012-03-15 08:17:36.0000004,18.602041
2012-03-15 08:17:36.0000003,5.004727
2013-10-04 02:53:20.0000001,5.559642
2013-10-04 02:53:20.0000002,13.477693
2009-03-28 15:09:20.0000001,8.736133
2009-03-28 15:09:20.0000003,16.117323
2009-03-28 15:09:20.0000002,16.708593
2012-01-25 22:43:44.0000003,10.2100935
2012-01-25 22:43:44.0000004,8.724744
2012-01-25 22:43:44.0000002,3.987208
2012-01-25 22:43:44.0000001,14.849632
2011-07-21 07:51:32.0000002,6.1947703
2011-07-21 07:51:32.0000003,10.583499
2011-07-21 07:51:32.0000001,6.1052213
2010-12-01 22:04:52.0000001,7.874551
2013-06-23 02:54:32.0000003,7.7259502
2013-06-23 02:54:32.0000002,6.2897444
2014-03-24 22:36:24.0000004,9.009301
2014-03-24 22:36:24.0000002,8.363665
2014-03-24 22:36:24.0000001,5.3034472
2014-03-24 22:36:24.0000003,7.782523
2013-09-13 01:54:20.0000001,7.029293
2013-10-14 18:30:36.0000003,15.168079
2013-10-14 18:30:36.0000002,7.531387
2013-10-14 18:30:36.0000004,14.30389
2013-10-14 18:30:36.0000001,4.497358
2013-11-18 15:07:28.0000006,9.023828
2013-11-18 15:07:28.0000004,54.924145
2013-11-18 15:07:28.0000001,5.885511
2013-11-18 15:07:28.0000005,6.597361
2013-11-18 15:07:28.0000002,6.9529605
2011-02-20 23:35:12.0000001,6.416964
2011-02-20 23:35:12.0000004,9.996917
2011-02-20 23:35:12.0000005,21.541105
2011-02-20 23:35:12.0000003,11.67706
2011-02-20 23:35:12.0000002,14.183805
2010-02-06 19:59:16.0000001,10.677945
2012-03-10 02:36:04.0000003,8.38545
2012-03-10 02:36:04.0000002,11.845759
2012-03-10 02:36:04.0000001,6.6495905
2014-04-13 17:35:52.0000002,7.4372025
2010-04-04 21:59:56.0000002,7.022802
2010-04-04 21:59:56.0000001,12.337284
2010-04-04 21:59:56.0000003,8.969957
2010-04-04 21:59:56.0000004,5.9078746
2013-03-23 04:51:12.0000001,15.554581
2010-06-29 00:22:24.0000002,46.460003
2010-06-29 00:22:24.0000001,4.5405707
2011-10-17 12:37:56.0000002,5.282995
2011-10-17 12:37:56.0000001,6.408678
2012-01-30 19:07:52.0000003,10.21382
2012-01-30 19:07:52.0000002,7.25324
2012-01-30 19:07:52.0000004,9.791914
2012-01-30 19:07:52.0000001,5.4302034
2012-01-30 19:07:52.0000005,8.971697
2011-05-30 01:44:40.0000001,8.571868
2011-05-30 01:44:40.0000002,6.044386
2011-02-08 01:04:08.0000001,8.089778
2012-05-23 16:25:16.0000002,6.82459
2011-09-20 18:02:28.0000001,9.088916
2009-10-08 10:04:36.0000001,25.905275
2009-10-08 10:04:36.0000003,10.768366
2009-10-08 10:04:36.0000002,27.40454
2010-07-02 22:03:04.0000002,12.978077
2010-07-02 22:03:04.0000001,7.1985254
2012-05-03 14:11:36.0000002,6.4602437
2012-05-03 14:11:36.0000005,10.693079
2012-05-03 14:11:36.0000004,30.87278
2012-05-03 14:11:36.0000003,14.991765
2012-05-03 14:11:36.0000001,6.1994205
2013-04-04 16:31:56.0000001,16.350412
2013-04-04 16:31:56.0000002,8.24612
2009-12-02 15:59:56.0000001,32.76109
2009-12-02 15:59:56.0000002,6.2408924
2010-01-03 02:03:40.0000002,7.19998
2010-01-03 02:03:40.0000003,5.687652
2011-08-21 10:54:24.0000003,6.994581
2011-08-21 10:54:24.0000002,70.605995
2011-08-21 10:54:24.0000001,14.525346
2011-01-30 14:38:24.0000003,6.3659515
2011-01-30 14:38:24.0000002,14.36552
2011-04-16 21:23:16.0000004,16.920996
2011-04-16 21:23:16.0000002,10.385553
2011-04-16 21:23:16.0000006,4.930874
2013-10-05 19:51:04.0000006,8.046339
2013-10-05 19:51:04.0000005,14.548287
2013-10-05 19:51:04.0000003,17.596556
2013-10-05 19:51:04.0000002,14.69123
2014-10-31 08:17:44.0000002,8.70526
2014-10-31 08:17:44.0000004,9.275988
2014-10-31 08:17:44.0000005,8.328567
2014-10-31 08:17:44.0000001,8.8809805
2014-10-31 08:17:44.0000003,21.074183
2009-05-31 21:24:56.0000001,12.401427
2014-06-04 01:50:40.0000001,14.970635
2009-07-14 17:59:12.0000001,5.6680856
2009-07-14 17:59:12.0000003,4.9610167
2012-12-05 16:33:52.0000002,16.865843
2012-12-05 16:33:52.0000001,40.37235
2009-12-18 12:37:04.0000005,8.135036
2009-12-18 12:37:04.0000001,9.167896
2009-12-18 12:37:04.0000006,11.856674
2009-12-18 12:37:04.0000004,9.269949
2009-12-18 12:37:04.0000007,10.987609
2009-12-18 12:37:04.0000002,9.58996
2012-11-21 15:12:48.0000001,6.536411
2011-05-03 07:01:40.0000001,12.773944
2011-05-03 07:01:40.0000002,4.769897
2011-05-03 07:01:40.0000003,5.222363
2010-09-21 06:27:32.0000002,18.100544
2010-09-21 06:27:32.0000001,9.011394
2011-10-07 22:08:20.0000003,4.4307737
2011-10-07 22:08:20.0000006,9.207047
2009-02-08 08:48:20.0000001,3.8647025
2013-09-24 21:16:40.0000006,9.452485
2013-09-24 21:16:40.0000003,10.506358
2013-09-24 21:16:40.0000001,11.8962345
2013-09-24 21:16:40.0000007,14.077377
2013-09-24 21:16:40.0000002,14.170516
2013-09-24 21:16:40.0000004,11.068537
2012-03-14 19:10:48.0000005,12.679215
2012-03-14 19:10:48.0000008,4.7807527
2012-03-14 19:10:48.0000002,9.56386
2012-03-14 19:10:48.0000004,6.320769
2012-03-14 19:10:48.0000001,6.4497223
2012-03-14 19:10:48.0000009,7.5320725
2012-03-14 19:10:48.0000006,12.620087
2009-11-12 11:01:20.0000001,7.0249195
2009-11-12 11:01:20.0000002,4.501343
2009-06-21 04:28:48.0000002,13.643816
2009-06-21 04:28:48.0000003,12.784842
2014-01-25 12:36:52.0000002,8.898662
2014-01-25 12:36:52.0000001,8.666025
2012-12-27 13:23:48.0000001,11.413968
2011-06-28 16:09:44.0000001,5.960348
2010-12-01 08:35:20.0000001,10.580579
2012-11-19 12:40:40.0000005,6.572241
2012-11-19 12:40:40.0000001,6.032002
2012-11-19 12:40:40.0000002,8.156969
2012-11-19 12:40:40.0000003,12.398316
2012-11-19 12:40:40.0000004,47.95977
2009-07-13 17:58:04.0000001,10.185076
2009-07-13 17:58:04.0000003,6.3072615
2009-07-13 17:58:04.0000002,7.667582
2011-06-25 11:42:36.0000003,4.6661143
2011-06-25 11:42:36.0000002,27.354126
2012-01-26 07:33:00.000000128,11.80327
2012-01-26 07:33:00.00000032,8.698348
2012-01-26 07:33:00.000000163,5.7685103
2012-01-26 07:33:00.000000155,6.986246
2012-01-26 07:33:00.000000153,8.73159
2012-01-26 07:33:00.00000049,5.461722
2012-01-26 07:33:00.00000095,4.4869514
2012-01-26 07:33:00.000000158,15.003307
2012-01-26 07:33:00.00000050,6.8644886
2012-01-26 07:33:00.00000015,7.150217
2012-01-26 07:33:00.00000062,8.831009
2012-01-26 07:33:00.00000037,14.654864
2012-01-26 07:33:00.00000069,12.438326
2012-01-26 07:33:00.000000142,4.4470963
2012-01-26 07:33:00.000000150,5.3533196
2012-01-26 07:33:00.000000147,7.5091753
2012-01-26 07:33:00.000000125,6.9243746
2012-01-26 07:33:00.000000124,29.51847
2012-01-26 07:33:00.000000129,5.6149583
2012-01-26 07:33:00.00000033,10.278462
2012-01-26 07:33:00.0000004,33.339283
2012-01-26 07:33:00.00000029,8.744442
2012-01-26 07:33:00.000000113,5.654712
2012-01-26 07:33:00.00000017,11.179201
2012-01-26 07:33:00.00000067,9.409529
2012-01-26 07:33:00.000000141,30.073236
2012-01-26 07:33:00.00000036,11.074017
2012-01-26 07:33:00.000000162,18.499643
2012-01-26 07:33:00.000000118,9.601063
2012-01-26 07:33:00.000000154,24.298788
2012-01-26 07:33:00.000000143,8.846188
2012-01-26 07:33:00.00000083,7.9499197
2012-01-26 07:33:00.000000191,7.7327003
2012-01-26 07:33:00.000000140,10.591763
2012-01-26 07:33:00.00000086,4.5377655
2012-01-26 07:33:00.0000002,9.016021
2012-01-26 07:33:00.000000170,5.9999175
2012-01-26 07:33:00.00000010,6.341238
2012-01-26 07:33:00.00000053,7.0800447
2012-01-26 07:33:00.000000102,11.53898
2012-01-26 07:33:00.00000055,5.5006647
2012-01-26 07:33:00.0000007,9.008609
2012-01-26 07:33:00.00000013,5.5478044
2012-01-26 07:33:00.000000165,31.140741
2012-01-26 07:33:00.00000026,4.119851
2012-01-26 07:33:00.000000137,5.8294673
2012-01-26 07:33:00.00000048,10.105057
2012-01-26 07:33:00.00000059,9.400375
2012-01-26 07:33:00.000000132,8.141926
2012-01-26 07:33:00.00000096,11.569228
2012-01-26 07:33:00.000000190,4.345716
2012-01-26 07:33:00.000000156,7.9728227
2012-01-26 07:33:00.00000075,8.752337
2012-01-26 07:33:00.00000084,5.882799
2012-01-26 07:33:00.0000006,4.425034
2012-01-26 07:33:00.00000021,6.636833
2012-01-26 07:33:00.0000001,12.055965
2012-01-26 07:33:00.0000005,4.9846625
2012-01-26 07:33:00.00000034,5.6248355
2012-01-26 07:33:00.000000117,4.0115294
2012-01-26 07:33:00.000000106,10.621574
2012-01-26 07:33:00.00000077,7.626586
2012-01-26 07:33:00.00000045,5.2263684
2012-01-26 07:33:00.000000116,11.002246
2012-01-26 07:33:00.0000009,41.352398
2012-01-26 07:33:00.000000146,4.7046876
2012-01-26 07:33:00.00000027,23.135414
2012-01-26 07:33:00.000000127,7.1046405
2012-01-26 07:33:00.000000172,4.8992567
2012-01-26 07:33:00.00000074,4.1714225
2012-01-26 07:33:00.00000014,18.608389
2012-01-26 07:33:00.000000108,8.293578
2012-01-26 07:33:00.000000109,13.968662
2012-01-26 07:33:00.000000152,6.0927987
2012-01-26 07:33:00.00000047,6.148649
2012-01-26 07:33:00.000000192,9.480487
2012-01-26 07:33:00.00000054,5.7111106
2012-01-26 07:33:00.000000185,5.4810243
2012-01-26 07:33:00.000000187,8.824798
2012-01-26 07:33:00.00000060,9.523169
2012-01-26 07:33:00.000000130,7.326213
2012-01-26 07:33:00.00000046,9.820679
2012-01-26 07:33:00.000000182,6.9812717
2012-01-26 07:33:00.000000177,12.032793
2012-01-26 07:33:00.000000135,24.987514
2012-01-26 07:33:00.00000063,4.5485077
2012-01-26 07:33:00.00000079,6.3717136
2012-01-26 07:33:00.000000169,8.483734
2012-01-26 07:33:00.00000094,9.381697
2012-01-26 07:33:00.000000176,11.147225
2012-01-26 07:33:00.00000061,4.6289372
2012-01-26 07:33:00.000000188,4.4504156
2012-01-26 07:33:00.000000174,12.696405
2012-01-26 07:33:00.000000126,6.6388903
2012-01-26 07:33:00.000000139,31.906536
2012-01-26 07:33:00.000000184,4.813902
2012-01-26 07:33:00.000000107,4.291445
2012-01-26 07:33:00.00000038,5.0253277
2012-01-26 07:33:00.000000134,4.108825
2012-01-26 07:33:00.00000058,19.856316
2012-01-26 07:33:00.00000078,4.7239127
2012-01-26 07:33:00.00000019,4.682851
2012-01-26 07:33:00.000000111,9.062754
2012-01-26 07:33:00.000000178,19.529703
2012-01-26 07:33:00.0000003,8.813266
2012-01-26 07:33:00.00000052,13.072194
2012-01-26 07:33:00.00000040,10.954084
2012-01-26 07:33:00.000000148,10.741778
2012-01-26 07:33:00.00000066,12.02943
2012-01-26 07:33:00.00000041,5.116934
2012-01-26 07:33:00.00000070,9.228243
2012-01-26 07:33:00.000000157,33.005917
2012-01-26 07:33:00.000000179,8.2164545
2012-01-26 07:33:00.000000112,17.556047
2012-01-26 07:33:00.00000073,6.3784957
2012-01-26 07:33:00.000000138,17.139496
2012-01-26 07:33:00.00000092,11.0627165
2012-01-26 07:33:00.000000164,17.043543
2012-01-26 07:33:00.000000123,6.3167953
2012-01-26 07:33:00.00000043,4.849992
2012-01-26 07:33:00.00000093,5.361227
2012-01-26 07:33:00.00000016,13.587399
2012-01-26 07:33:00.000000144,8.031587
2012-01-26 07:33:00.00000042,6.176684
2012-01-26 07:33:00.00000011,9.383944
2012-01-26 07:33:00.00000035,10.655041
2012-01-26 07:33:00.00000098,6.3278327
2012-01-26 07:33:00.000000149,19.62146
2012-01-26 07:33:00.000000110,4.4577513
2012-01-26 07:33:00.000000159,10.729604
2015-03-20 23:34:40.0000007,7.1413684
2015-03-20 23:34:40.0000002,26.061089
2015-03-20 23:34:40.0000006,4.862161
2013-12-14 03:20:48.0000001,32.19273
2013-12-14 03:20:48.0000002,4.732609
2014-04-14 07:03:52.0000001,8.359581
2014-04-14 07:03:52.0000002,11.389672
2015-05-21 07:08:08.0000002,7.191752
2011-08-30 16:48:24.0000003,7.4650536
2011-08-30 16:48:24.0000002,10.788704
2011-08-30 16:48:24.0000001,7.1187563
2010-12-09 07:29:00.000000189,5.545438
2010-12-09 07:29:00.00000027,18.832287
2010-12-09 07:29:00.000000184,10.348774
2010-12-09 07:29:00.00000030,4.382201
2010-12-09 07:29:00.00000011,4.664098
2010-12-09 07:29:00.00000065,7.9656267
2010-12-09 07:29:00.00000063,7.7402544
2010-12-09 07:29:00.000000133,15.543677
2010-12-09 07:29:00.00000054,6.979633
2010-12-09 07:29:00.00000021,11.734513
2010-12-09 07:29:00.000000162,5.6175547
2010-12-09 07:29:00.000000144,9.145932
2010-12-09 07:29:00.000000116,9.838895
2010-12-09 07:29:00.000000142,4.7439475
2010-12-09 07:29:00.000000113,11.110409
2010-12-09 07:29:00.000000105,11.041115
2010-12-09 07:29:00.00000047,5.0387015
2010-12-09 07:29:00.0000008,6.625016
2010-12-09 07:29:00.00000099,3.9872494
2010-12-09 07:29:00.00000048,5.362296
2010-12-09 07:29:00.00000076,11.926115
2010-12-09 07:29:00.000000174,16.343502
2010-12-09 07:29:00.000000130,21.910439
2010-12-09 07:29:00.000000177,7.8876076
2010-12-09 07:29:00.00000088,7.142896
2010-12-09 07:29:00.00000091,6.811125
2010-12-09 07:29:00.00000072,3.9566875
2010-12-09 07:29:00.00000014,7.355281
2010-12-09 07:29:00.000000157,6.6117005
2010-12-09 07:29:00.000000109,9.409616
2010-12-09 07:29:00.00000016,6.6105256
2010-12-09 07:29:00.00000023,6.171074
2010-12-09 07:29:00.000000118,6.726821
2010-12-09 07:29:00.00000017,6.4550295
2010-12-09 07:29:00.00000032,9.6662445
2010-12-09 07:29:00.000000188,9.624606
2010-12-09 07:29:00.00000040,6.247155
2010-12-09 07:29:00.00000037,9.514029
2010-12-09 07:29:00.000000128,7.9459586
2010-12-09 07:29:00.00000057,6.45532
2010-12-09 07:29:00.000000125,9.133807
2010-12-09 07:29:00.000000159,7.285669
2010-12-09 07:29:00.00000018,5.785789
2010-12-09 07:29:00.000000107,5.7218904
2010-12-09 07:29:00.00000051,17.570807
2010-12-09 07:29:00.00000042,8.21476
2010-12-09 07:29:00.00000059,6.910241
2010-12-09 07:29:00.00000075,4.915077
2010-12-09 07:29:00.00000035,7.26249
2010-12-09 07:29:00.00000029,6.542236
2010-12-09 07:29:00.00000045,8.080834
2010-12-09 07:29:00.00000055,5.8305573
2010-12-09 07:29:00.000000140,9.106997
2010-12-09 07:29:00.00000060,9.64887
2010-12-09 07:29:00.000000185,12.744253
2010-12-09 07:29:00.000000120,5.00889
2010-12-09 07:29:00.000000104,6.3913517
2010-12-09 07:29:00.000000191,5.0193615
2010-12-09 07:29:00.000000106,5.0663557
2010-12-09 07:29:00.00000039,5.727038
2010-12-09 07:29:00.000000132,4.3685427
2010-12-09 07:29:00.00000019,6.821683
2010-12-09 07:29:00.000000166,5.1351247
2010-12-09 07:29:00.000000111,6.559721
2010-12-09 07:29:00.00000013,5.528032
2010-12-09 07:29:00.000000138,6.0712957
2010-12-09 07:29:00.00000085,32.88429
2010-12-09 07:29:00.000000169,5.631623
2010-12-09 07:29:00.000000153,11.628048
2010-12-09 07:29:00.00000033,48.22857
2010-12-09 07:29:00.000000173,9.550437
2010-12-09 07:29:00.00000077,5.641106
2010-12-09 07:29:00.000000190,4.3835626
2010-12-09 07:29:00.000000137,4.7466106
2010-12-09 07:29:00.0000009,7.8054976
2010-12-09 07:29:00.000000155,8.3090515
2010-12-09 07:29:00.0000004,17.833221
2010-12-09 07:29:00.000000119,5.346263
2010-12-09 07:29:00.000000100,7.2657256
2010-12-09 07:29:00.00000024,5.427561
2010-12-09 07:29:00.00000096,13.0720415
2010-12-09 07:29:00.000000170,8.209303
2010-12-09 07:29:00.000000131,6.0992618
2010-12-09 07:29:00.00000022,12.168088
2010-12-09 07:29:00.00000053,6.482998
2010-12-09 07:29:00.000000165,62.383835
2010-12-09 07:29:00.000000114,8.32374
2010-12-09 07:29:00.00000074,9.332357
2010-12-09 07:29:00.00000070,6.809525
2010-12-09 07:29:00.000000167,4.17425
2010-12-09 07:29:00.000000110,5.842745
2010-12-09 07:29:00.00000020,11.970947
2010-12-09 07:29:00.000000147,7.5950103
2010-12-09 07:29:00.000000178,30.14992
2010-12-09 07:29:00.000000146,7.008906
2010-12-09 07:29:00.000000103,7.2800655
2010-12-09 07:29:00.000000149,9.993921
2010-12-09 07:29:00.000000182,10.193956
2010-12-09 07:29:00.000000124,7.939182
2010-12-09 07:29:00.000000154,10.128749
2010-12-09 07:29:00.000000117,7.6624994
2010-12-09 07:29:00.00000034,9.493016
2010-12-09 07:29:00.00000084,9.059061
2010-12-09 07:29:00.00000064,6.1750464
2010-12-09 07:29:00.000000126,14.627654
2010-12-09 07:29:00.00000082,7.702517
2010-12-09 07:29:00.00000092,10.865915
2010-12-09 07:29:00.00000087,5.445404
2010-12-09 07:29:00.00000095,21.411232
2010-12-09 07:29:00.000000101,9.074047
2010-12-09 07:29:00.000000122,6.406679
2010-12-09 07:29:00.000000160,6.2642436
2010-12-09 07:29:00.000000175,8.070589
2010-12-09 07:29:00.00000043,8.018626
2010-12-09 07:29:00.00000061,11.627433
2010-12-09 07:29:00.000000179,4.347713
2010-12-09 07:29:00.00000049,7.506931
2010-12-09 07:29:00.000000172,44.307156
2010-12-09 07:29:00.000000192,7.4904094
2010-12-09 07:29:00.000000194,5.801685
2010-12-09 07:29:00.00000052,9.306163
2010-12-09 07:29:00.00000058,5.7396374
2010-12-09 07:29:00.00000010,6.662645
2010-12-09 07:29:00.000000108,5.4988303
2010-12-09 07:29:00.000000129,9.402613
2010-12-09 07:29:00.000000163,7.6423845
2010-12-09 07:29:00.000000161,9.015946
2010-12-09 07:29:00.000000187,5.8033743
2010-12-09 07:29:00.000000158,6.8307323
2010-12-09 07:29:00.000000121,10.102553
2010-12-09 07:29:00.000000176,5.241244
2011-09-25 13:01:20.0000005,7.5661964
2011-09-25 13:01:20.0000001,7.509627
2011-09-25 13:01:20.0000004,9.168151
2011-09-25 13:01:20.0000006,12.910462
2011-09-25 13:01:20.0000003,5.3811913
2012-09-08 04:35:16.0000001,25.087227
2012-05-08 03:50:00.00000011,21.378132
2012-05-08 03:50:00.0000002,5.020027
2012-05-08 03:50:00.0000008,16.378815
2012-05-08 03:50:00.0000007,7.7163095
2012-05-08 03:50:00.00000015,15.246871
2012-05-08 03:50:00.00000016,7.199235
2012-05-08 03:50:00.0000003,6.107082
2012-05-08 03:50:00.00000014,4.71323
2012-05-08 03:50:00.0000004,14.835092
2010-10-06 21:23:24.0000003,5.8082767
2010-10-06 21:23:24.0000001,6.9836774
2010-10-06 21:23:24.0000005,11.192359
2010-10-06 21:23:24.0000002,6.2078557
2010-10-06 21:23:24.0000004,6.6887035
2014-05-17 02:47:12.0000002,12.2495165
2009-07-31 07:30:56.0000002,4.49675
2009-07-31 07:30:56.0000001,7.407551
2012-03-06 07:33:04.0000002,8.296444
2009-01-29 22:15:48.0000001,10.186288
2013-03-17 12:44:04.0000001,6.833869
2014-06-18 09:23:32.0000001,18.444933
2011-09-21 13:15:36.0000004,7.577273
2011-09-21 13:15:36.0000003,7.4643483
2011-09-21 13:15:36.0000001,8.209037
2011-09-21 13:15:36.0000002,49.401108
2015-03-12 19:43:24.0000001,20.89041
2015-03-12 19:43:24.0000002,40.243893
2015-03-12 19:43:24.0000007,9.168989
2015-03-12 19:43:24.0000004,14.847889
2014-01-18 17:43:28.0000005,8.10244
2014-01-18 17:43:28.0000003,5.6689434
2014-01-18 17:43:28.0000002,17.064579
2014-01-18 17:43:28.0000004,14.000562
2011-04-05 01:15:44.0000001,10.04186
2011-04-05 01:15:44.0000002,9.739638
2011-09-04 01:36:36.0000002,15.881955
2010-08-09 08:53:56.0000004,9.64108
2010-08-09 08:53:56.0000006,8.180089
2010-08-09 08:53:56.0000002,10.9558
2010-08-09 08:53:56.0000003,16.078638
2010-08-09 08:53:56.0000005,9.449945
2010-03-27 07:05:08.0000001,4.293037
2011-11-16 12:52:52.0000002,7.623015
2011-11-16 12:52:52.0000003,5.65297
2011-11-16 12:52:52.0000001,48.077736
2009-10-29 10:48:40.0000002,8.916293
2009-10-29 10:48:40.0000001,11.425581
2015-02-01 00:48:44.0000009,19.111374
2015-02-01 00:48:44.0000004,10.664668
2015-02-01 00:48:44.0000008,8.709813
2015-02-01 00:48:44.0000006,9.184986
2015-02-01 00:48:44.0000007,14.356305
2014-04-03 02:31:08.0000001,7.0586247
2010-07-04 03:28:44.0000001,17.009882
2009-03-31 23:01:36.0000002,7.603757
2009-03-31 23:01:36.0000001,22.964262
2009-03-31 23:01:36.0000003,12.831933
2012-02-02 00:49:56.0000002,5.8647175
2012-02-02 00:49:56.0000001,19.654379
2012-02-02 00:49:56.0000003,15.869352
2012-02-02 00:49:56.0000004,12.199355
2014-01-26 15:28:52.0000003,7.9712873
2012-02-14 15:32:40.0000002,5.399046
2012-02-14 15:32:40.0000004,6.1183925
2012-02-14 15:32:40.0000001,8.847623
2012-02-14 15:32:40.0000003,8.41003
2011-12-06 11:07:40.0000001,17.636875
2011-12-06 11:07:40.0000005,6.545334
2011-07-12 19:41:48.0000002,13.238699
2011-07-12 19:41:48.0000003,10.954676
2011-07-12 19:41:48.0000004,8.015069
2010-09-16 14:27:16.0000001,8.3732195
2010-09-16 14:27:16.0000003,10.936287
2010-09-16 14:27:16.0000004,10.931679
2010-09-16 14:27:16.0000005,10.682641
2014-06-11 01:13:40.0000001,11.115159
2013-05-18 15:28:40.0000003,9.098703
2013-05-18 15:28:40.0000002,8.753719
2015-02-14 20:20:56.0000001,8.787052
2015-02-14 20:20:56.0000002,7.5797133
2015-02-14 20:20:56.0000004,5.7681947
2009-01-22 12:27:20.0000003,6.6084843
2011-04-23 21:22:20.0000001,4.67321
2013-09-01 17:57:04.0000002,4.697187
2013-09-01 17:57:04.0000003,7.335232
2013-04-22 13:19:16.0000001,20.644735
2013-04-22 13:19:16.0000002,11.321455
2013-04-22 13:19:16.0000003,7.184982
2015-02-21 18:39:16.0000002,5.9371676
2009-04-23 00:05:40.0000001,24.363552
2009-04-23 00:05:40.0000003,7.603768
2012-05-28 05:48:40.0000001,28.850454
2010-01-03 20:04:52.0000001,17.054796
2013-03-09 21:40:52.0000003,12.662603
2013-03-09 21:40:52.0000002,7.2006807
2011-04-21 08:22:32.0000001,4.2701654
2011-02-20 09:22:16.0000002,29.09595
2011-02-20 09:22:16.0000001,7.785353
2010-07-22 09:37:12.0000003,8.506501
2010-07-22 09:37:12.0000004,6.8466544
2010-07-22 09:37:12.0000001,10.628175
2011-01-24 20:47:04.0000002,8.598974
2013-07-22 15:05:16.0000004,11.336856
2013-07-22 15:05:16.0000001,4.840584
2013-07-22 15:05:16.0000002,22.15464
2013-07-22 15:05:16.0000003,5.6166434
2013-01-23 16:22:04.0000003,12.20262
2013-01-23 16:22:04.0000002,9.343196
2013-01-23 16:22:04.0000001,9.262033
2013-01-06 12:46:36.0000001,3.7164237
2013-01-06 12:46:36.0000002,6.41292
2012-02-13 04:52:32.0000001,47.92709
2013-02-07 08:34:24.0000001,10.3384905
2013-02-07 08:34:24.0000003,10.457059
2013-02-07 08:34:24.0000004,8.853975
2013-02-07 08:34:24.0000002,13.770444
2015-02-21 17:23:28.0000005,15.253385
2015-02-21 17:23:28.0000003,8.377473
2015-02-21 17:23:28.0000002,9.612824
2015-02-21 17:23:28.0000001,8.637838
2015-02-21 17:23:28.0000006,4.126549
2013-06-19 13:36:52.0000004,9.000104
2013-06-19 13:36:52.0000001,8.898961
2013-06-19 13:36:52.0000002,10.163977
2013-06-19 13:36:52.0000005,43.280968
2013-06-19 13:36:52.0000003,20.477154
2015-06-26 16:04:04.0000002,5.6725864
2015-06-26 16:04:04.0000001,4.422115
2010-06-05 07:08:36.0000001,6.7208724
2011-10-28 13:48:16.0000002,9.871817
2011-10-28 13:48:16.0000001,7.297088
2011-10-28 13:48:16.0000003,5.982049
2012-09-29 02:53:20.0000001,10.692101
2011-08-06 12:59:12.0000001,13.850478
2012-11-19 22:15:32.0000002,24.591091
2013-11-29 20:09:12.0000002,8.828458
2012-05-31 17:54:48.0000003,11.305137
2012-05-31 17:54:48.0000002,10.109462
2012-05-31 17:54:48.0000001,4.546216
2012-05-31 17:54:48.0000004,7.3641644
2012-04-20 08:03:52.0000001,12.234502
2012-04-20 08:03:52.0000002,8.581578
2012-04-20 08:03:52.0000003,8.990934
2009-01-26 18:26:48.0000001,7.8909883
2009-01-26 18:26:48.0000003,5.926657
2009-01-26 18:26:48.0000004,11.131702
2009-01-26 18:26:48.0000002,8.146719
2011-10-20 00:50:48.0000003,14.308648
2011-10-20 00:50:48.0000002,4.9267936
2011-10-20 00:50:48.0000001,4.5828676
2011-06-03 11:45:16.0000002,10.564486
2011-06-03 11:45:16.0000004,9.100533
2011-06-03 11:45:16.0000005,5.6922116
2011-06-03 11:45:16.0000001,3.937557
2011-06-03 11:45:16.0000003,5.6561785
2011-10-25 20:34:20.0000001,7.281987
2012-07-05 18:30:36.0000005,10.4534445
2012-07-05 18:30:36.0000006,7.691779
2012-07-05 18:30:36.0000003,4.588749
2012-07-05 18:30:36.0000001,10.109106
2012-07-05 18:30:36.0000007,8.158874
2012-07-05 18:30:36.0000002,6.8042274
2015-04-07 14:31:12.0000002,8.680847
2015-04-07 14:31:12.0000003,5.926022
2013-08-28 00:27:36.0000002,10.46086
2013-08-28 00:27:36.0000001,7.048384
2012-11-20 21:54:00.00000037,7.084835
2012-11-20 21:54:00.00000081,12.421457
2012-11-20 21:54:00.000000210,10.207762
2012-11-20 21:54:00.00000050,5.286566
2012-11-20 21:54:00.000000175,53.895885
2012-11-20 21:54:00.000000208,6.229637
2012-11-20 21:54:00.000000198,6.44563
2012-11-20 21:54:00.000000185,7.429898
2012-11-20 21:54:00.00000028,11.6746
2012-11-20 21:54:00.000000134,7.9133916
2012-11-20 21:54:00.00000091,5.6167583
2012-11-20 21:54:00.00000033,4.625703
2012-11-20 21:54:00.00000082,6.7701364
2012-11-20 21:54:00.000000142,26.012917
2012-11-20 21:54:00.000000180,28.473501
2012-11-20 21:54:00.00000093,16.25093
2012-11-20 21:54:00.000000159,5.432106
2012-11-20 21:54:00.000000165,7.4341226
2012-11-20 21:54:00.000000235,7.3721423
2012-11-20 21:54:00.00000089,5.458026
2012-11-20 21:54:00.000000168,17.448606
2012-11-20 21:54:00.000000224,6.237876
2012-11-20 21:54:00.000000158,6.9372234
2012-11-20 21:54:00.000000212,55.6751
2012-11-20 21:54:00.000000147,34.742195
2012-11-20 21:54:00.000000140,13.48057
2012-11-20 21:54:00.00000018,17.573446
2012-11-20 21:54:00.000000124,5.618572
2012-11-20 21:54:00.000000181,9.432239
2012-11-20 21:54:00.000000187,12.165574
2012-11-20 21:54:00.00000058,20.100792
2012-11-20 21:54:00.000000151,19.627293
2012-11-20 21:54:00.000000126,7.4502296
2012-11-20 21:54:00.00000099,13.478339
2012-11-20 21:54:00.000000120,8.629351
2012-11-20 21:54:00.0000009,4.96222
2012-11-20 21:54:00.000000206,7.392747
2012-11-20 21:54:00.00000079,5.881266
2012-11-20 21:54:00.000000237,14.629311
2012-11-20 21:54:00.000000143,14.60449
2012-11-20 21:54:00.000000111,7.017757
2012-11-20 21:54:00.000000106,10.830627
2012-11-20 21:54:00.000000245,5.917388
2012-11-20 21:54:00.00000032,12.507289
2012-11-20 21:54:00.00000075,8.169025
2012-11-20 21:54:00.000000244,27.130905
2012-11-20 21:54:00.00000094,4.6685824
2012-11-20 21:54:00.000000118,31.879118
2012-11-20 21:54:00.000000188,9.435499
2012-11-20 21:54:00.00000051,19.071083
2012-11-20 21:54:00.000000109,12.425365
2012-11-20 21:54:00.0000003,7.004338
2012-11-20 21:54:00.000000114,22.335775
2012-11-20 21:54:00.00000013,5.584869
2012-11-20 21:54:00.000000192,6.759025
2012-11-20 21:54:00.000000228,4.7539415
2012-11-20 21:54:00.000000236,10.928792
2012-11-20 21:54:00.000000178,14.040578
2012-11-20 21:54:00.00000027,11.831663
2012-11-20 21:54:00.000000176,5.7043533
2012-11-20 21:54:00.0000008,7.580885
2012-11-20 21:54:00.00000061,21.749712
2012-11-20 21:54:00.00000011,14.465662
2012-11-20 21:54:00.00000096,7.6473365
2012-11-20 21:54:00.000000231,7.916525
2012-11-20 21:54:00.000000190,13.144948
2012-11-20 21:54:00.000000166,45.555317
2012-11-20 21:54:00.00000022,5.6009264
2012-11-20 21:54:00.000000234,15.153841
2012-11-20 21:54:00.00000035,7.9541187
2012-11-20 21:54:00.00000041,15.082849
2012-11-20 21:54:00.000000113,8.957271
2012-11-20 21:54:00.00000045,12.520581
2012-11-20 21:54:00.000000157,13.385345
2012-11-20 21:54:00.000000163,17.041193
2012-11-20 21:54:00.000000193,13.254201
2012-11-20 21:54:00.00000063,6.431983
2012-11-20 21:54:00.000000183,5.9524126
2012-11-20 21:54:00.000000182,16.01494
2012-11-20 21:54:00.000000117,10.189874
2012-11-20 21:54:00.000000156,17.36093
2012-11-20 21:54:00.000000220,8.185195
2012-11-20 21:54:00.000000227,7.550783
2012-11-20 21:54:00.000000194,13.320317
2012-11-20 21:54:00.000000201,9.06071
2012-11-20 21:54:00.000000115,44.9432
2012-11-20 21:54:00.000000217,9.72242
2012-11-20 21:54:00.00000017,13.9834385
2012-11-20 21:54:00.000000139,5.787114
2012-11-20 21:54:00.00000038,11.24357
2012-11-20 21:54:00.000000107,5.682924
2012-11-20 21:54:00.000000218,17.255322
2012-11-20 21:54:00.000000214,21.42622
2012-11-20 21:54:00.000000213,12.184793
2012-11-20 21:54:00.000000215,30.707767
2012-11-20 21:54:00.000000112,9.568635
2012-11-20 21:54:00.00000067,20.029715
2012-11-20 21:54:00.00000044,14.200334
2012-11-20 21:54:00.00000029,8.84614
2012-11-20 21:54:00.000000119,14.3969
2012-11-20 21:54:00.000000203,7.001182
2012-11-20 21:54:00.000000239,5.9912033
2012-11-20 21:54:00.000000125,15.450788
2012-11-20 21:54:00.00000064,9.026868
2012-11-20 21:54:00.000000153,7.8889475
2012-11-20 21:54:00.00000054,8.3683405
2012-11-20 21:54:00.000000177,10.68104
2012-11-20 21:54:00.000000243,11.342794
2012-11-20 21:54:00.000000128,5.4128666
2012-11-20 21:54:00.00000095,8.492692
2012-11-20 21:54:00.00000088,9.913989
2012-11-20 21:54:00.000000200,6.7139406
2012-11-20 21:54:00.00000053,6.76295
2012-11-20 21:54:00.000000199,5.7700067
2012-11-20 21:54:00.000000191,13.300037
2012-11-20 21:54:00.00000057,7.4514017
2012-11-20 21:54:00.000000145,10.197532
2012-11-20 21:54:00.00000072,10.124719
2012-11-20 21:54:00.0000001,6.9448433
2012-11-20 21:54:00.000000241,6.267907
2012-11-20 21:54:00.000000230,9.90704
2012-11-20 21:54:00.000000146,27.217243
2012-11-20 21:54:00.000000155,9.755886
2012-11-20 21:54:00.00000046,9.058869
2012-11-20 21:54:00.000000242,26.240284
2012-11-20 21:54:00.00000060,9.51232
2012-11-20 21:54:00.000000116,8.019035
2012-11-20 21:54:00.00000059,11.611928
2012-11-20 21:54:00.000000232,6.467141
2012-11-20 21:54:00.000000162,9.132538
2012-11-20 21:54:00.00000070,9.931889
2012-11-20 21:54:00.00000052,25.990934
2012-11-20 21:54:00.000000129,24.86294
2012-11-20 21:54:00.000000136,14.672266
2012-11-20 21:54:00.000000226,11.937042
2012-11-20 21:54:00.000000240,13.186655
2012-11-20 21:54:00.000000141,8.886519
2012-11-20 21:54:00.000000204,15.17629
2012-11-20 21:54:00.000000137,5.2632203
2011-02-22 14:18:40.0000001,9.054034
2014-06-23 00:16:00.00000066,31.556297
2014-06-23 00:16:00.00000039,8.178903
2014-06-23 00:16:00.00000076,8.285656
2014-06-23 00:16:00.00000030,36.60167
2014-06-23 00:16:00.00000070,14.418811
2014-06-23 00:16:00.00000065,9.036874
2014-06-23 00:16:00.00000056,24.600275
2014-06-23 00:16:00.00000038,6.9706564
2014-06-23 00:16:00.00000071,25.165028
2014-06-23 00:16:00.00000013,10.049142
2014-06-23 00:16:00.00000073,9.545759
2014-06-23 00:16:00.0000001,13.554154
2014-06-23 00:16:00.00000026,12.769167
2014-06-23 00:16:00.00000090,9.816194
2014-06-23 00:16:00.00000092,22.376638
2014-06-23 00:16:00.00000044,9.686801
2014-06-23 00:16:00.00000064,10.006445
2014-06-23 00:16:00.00000068,24.576439
2014-06-23 00:16:00.00000033,8.942866
2014-06-23 00:16:00.00000089,36.67024
2014-06-23 00:16:00.0000004,7.0816827
2014-06-23 00:16:00.00000062,16.715322
2014-06-23 00:16:00.00000019,8.202831
2014-06-23 00:16:00.00000041,9.561447
2014-06-23 00:16:00.00000024,16.62777
2014-06-23 00:16:00.00000074,18.90627
2014-06-23 00:16:00.00000018,14.332968
2014-06-23 00:16:00.00000043,4.962223
2014-06-23 00:16:00.00000022,6.450021
2014-06-23 00:16:00.00000088,10.28575
2014-06-23 00:16:00.00000057,5.160651
2014-06-23 00:16:00.00000087,7.963876
2014-06-23 00:16:00.00000016,24.321907
2014-06-23 00:16:00.00000078,6.3724713
2014-06-23 00:16:00.00000040,8.52093
2014-06-23 00:16:00.00000077,7.655066
2014-06-23 00:16:00.00000015,12.230429
2014-06-23 00:16:00.00000047,7.27368
2014-06-23 00:16:00.0000005,4.7024684
2014-06-23 00:16:00.00000034,56.13886
2014-06-23 00:16:00.00000028,9.228065
2014-06-23 00:16:00.00000081,18.87577
2014-06-23 00:16:00.00000067,12.812287
2014-06-23 00:16:00.00000085,6.491635
2014-06-23 00:16:00.00000082,7.7357945
2014-06-23 00:16:00.00000063,19.698616
2014-06-23 00:16:00.00000079,7.78121
2014-06-23 00:16:00.00000061,6.9963446
2014-06-23 00:16:00.00000037,17.074884
2014-06-23 00:16:00.00000036,5.313098
2014-06-23 00:16:00.00000049,17.722399
2014-06-23 00:16:00.00000025,42.4447
2014-06-23 00:16:00.0000009,8.974956
2014-06-23 00:16:00.00000069,15.53461
2011-11-24 02:36:48.0000003,10.602895
2011-11-24 02:36:48.0000002,4.9671354
2011-11-24 02:36:48.0000001,12.125058
2013-06-05 01:34:56.0000001,11.409602
2013-03-18 12:51:12.0000001,11.503275
2013-03-18 12:51:12.0000003,5.093226
2013-03-18 12:51:12.0000002,16.1101
2014-12-14 09:04:36.0000001,8.554628
2014-12-14 09:04:36.0000003,6.9726977
2014-12-14 09:04:36.0000002,7.368575
2012-05-31 13:14:12.0000004,8.852588
2012-05-31 13:14:12.0000001,14.628795
2012-05-31 13:14:12.0000002,8.563987
2012-05-31 13:14:12.0000003,5.4834337
2011-01-16 18:57:12.0000001,6.6416655
2011-01-16 18:57:12.0000002,4.4021254
2009-04-25 10:52:56.0000004,9.71319
2009-04-25 10:52:56.0000002,11.584837
2009-04-25 10:52:56.0000005,7.894331
2009-04-20 11:11:40.0000001,5.6604986
2012-07-20 06:53:32.0000001,3.8520648
2009-10-22 21:57:36.0000005,13.03992
2009-10-22 21:57:36.0000002,16.894722
2009-10-22 21:57:36.0000004,5.799314
2009-10-22 21:57:36.0000003,4.4358473
2009-03-16 10:30:12.0000001,12.861208
2009-07-14 12:12:36.0000004,6.794988
2009-07-14 12:12:36.0000001,8.140376
2009-07-14 12:12:36.0000003,10.252726
2009-07-14 12:12:36.0000007,10.63087
2009-07-14 12:12:36.0000002,13.8820505
2009-07-14 12:12:36.0000005,9.970275
2009-07-14 12:12:36.0000008,8.8283205
2009-07-14 12:12:36.0000006,6.793166
2014-11-12 09:06:32.0000004,7.341645
2014-11-12 09:06:32.0000001,6.916739
2014-11-12 09:06:32.0000003,6.6319313
2014-11-12 09:06:32.0000005,23.415745
2014-11-12 09:06:32.0000002,8.1583185
2011-04-10 11:57:12.0000002,9.254204
2011-04-10 11:57:12.0000003,10.498598
2011-04-10 11:57:12.0000004,5.5616846
2011-04-10 11:57:12.0000001,6.702598
2011-09-20 11:58:52.0000003,5.161649
2011-09-20 11:58:52.0000001,12.638657
2011-09-20 11:58:52.0000002,14.297228
2010-09-24 17:16:16.0000001,8.88317
2010-02-12 13:51:28.0000004,7.201375
2010-02-12 13:51:28.0000005,8.6068125
2010-02-12 13:51:28.0000001,6.96172
2010-02-12 13:51:28.0000003,6.762269
2010-02-12 13:51:28.0000002,11.305877
2011-01-03 21:51:28.0000002,7.733221
2011-01-03 21:51:28.0000001,3.8156197
2011-07-26 13:10:56.0000003,5.2219114
2011-07-26 13:10:56.0000002,8.313752
2011-07-26 13:10:56.0000001,7.1893573
2011-08-18 13:00:16.0000003,10.778539
2011-08-18 13:00:16.0000002,7.0103593
2013-06-20 19:49:52.0000004,7.677261
2013-06-20 19:49:52.0000001,7.0018225
2013-06-20 19:49:52.0000005,4.820402
2013-06-20 19:49:52.0000002,25.85015
2013-06-20 19:49:52.0000003,10.699713
2013-09-25 22:00:00.00000079,11.8055935
2013-09-25 22:00:00.00000025,11.466348
2013-09-25 22:00:00.000000225,8.622651
2013-09-25 22:00:00.000000204,12.43874
2013-09-25 22:00:00.00000053,29.388096
2013-09-25 22:00:00.000000111,13.626395
2013-09-25 22:00:00.00000014,7.786368
2013-09-25 22:00:00.000000172,55.525166
2013-09-25 22:00:00.000000154,4.451697
2013-09-25 22:00:00.000000133,4.320181
2013-09-25 22:00:00.000000160,10.194059
2013-09-25 22:00:00.000000119,5.950627
2013-09-25 22:00:00.000000223,4.718958
2013-09-25 22:00:00.0000008,7.763
2013-09-25 22:00:00.000000103,9.270053
2013-09-25 22:00:00.000000178,6.1675177
2013-09-25 22:00:00.00000023,5.855365
2013-09-25 22:00:00.00000022,6.6307583
2013-09-25 22:00:00.00000076,5.7714787
2013-09-25 22:00:00.00000020,7.0895166
2013-09-25 22:00:00.000000142,13.346143
2013-09-25 22:00:00.00000059,7.7474484
2013-09-25 22:00:00.000000110,6.328837
2013-09-25 22:00:00.000000205,10.496692
2013-09-25 22:00:00.000000182,10.697266
2013-09-25 22:00:00.00000081,8.918563
2013-09-25 22:00:00.000000230,23.824797
2013-09-25 22:00:00.000000164,12.068895
2013-09-25 22:00:00.00000090,11.524246
2013-09-25 22:00:00.000000106,9.148462
2013-09-25 22:00:00.00000078,7.6729975
2013-09-25 22:00:00.0000001,45.03048
2013-09-25 22:00:00.000000126,12.591768
2013-09-25 22:00:00.000000156,7.7839937
2013-09-25 22:00:00.000000137,11.441993
2013-09-25 22:00:00.00000039,8.0699835
2013-09-25 22:00:00.00000017,19.33746
2013-09-25 22:00:00.00000054,10.593978
2013-09-25 22:00:00.000000135,19.452084
2013-09-25 22:00:00.000000112,21.745928
2013-09-25 22:00:00.000000148,7.120078
2013-09-25 22:00:00.000000143,32.523773
2013-09-25 22:00:00.00000043,6.7248178
2013-09-25 22:00:00.000000203,6.344757
2013-09-25 22:00:00.00000040,8.455175
2013-09-25 22:00:00.00000035,10.847968
2013-09-25 22:00:00.000000117,17.051798
2013-09-25 22:00:00.000000244,6.8910723
2013-09-25 22:00:00.0000002,18.630064
2013-09-25 22:00:00.000000246,56.92758
2013-09-25 22:00:00.00000091,20.07485
2013-09-25 22:00:00.000000235,6.404852
2013-09-25 22:00:00.000000237,30.907017
2013-09-25 22:00:00.000000185,6.287817
2013-09-25 22:00:00.000000233,8.019962
2013-09-25 22:00:00.00000075,8.410065
2013-09-25 22:00:00.00000026,12.382946
2013-09-25 22:00:00.00000061,9.2348175
2013-09-25 22:00:00.000000179,14.689344
2013-09-25 22:00:00.000000120,8.814888
2013-09-25 22:00:00.000000165,21.893667
2013-09-25 22:00:00.000000224,14.188384
2013-09-25 22:00:00.000000192,23.462952
2013-09-25 22:00:00.00000084,12.8449
2013-09-25 22:00:00.000000169,5.641708
2013-09-25 22:00:00.000000175,26.928843
2013-09-25 22:00:00.000000132,6.6950727
2013-09-25 22:00:00.00000048,18.67576
2013-09-25 22:00:00.000000229,7.354647
2013-09-25 22:00:00.00000036,18.848099
2013-09-25 22:00:00.000000177,8.395424
2013-09-25 22:00:00.000000217,8.114886
2013-09-25 22:00:00.000000183,11.731032
2013-09-25 22:00:00.000000107,14.784245
2013-09-25 22:00:00.00000058,14.408124
2013-09-25 22:00:00.00000073,6.8683906
2013-09-25 22:00:00.000000245,6.257861
2013-09-25 22:00:00.000000157,15.620405
2013-09-25 22:00:00.000000227,25.939268
2013-09-25 22:00:00.00000064,15.370972
2013-09-25 22:00:00.00000024,49.623585
2013-09-25 22:00:00.000000221,8.015864
2013-09-25 22:00:00.000000139,30.776194
2013-09-25 22:00:00.00000028,6.566149
2013-09-25 22:00:00.00000057,7.3644094
2013-09-25 22:00:00.000000222,11.214317
2013-09-25 22:00:00.000000215,21.822603
2013-09-25 22:00:00.00000094,19.18091
2013-09-25 22:00:00.000000214,10.242304
2013-09-25 22:00:00.000000101,6.6705465
2013-09-25 22:00:00.00000055,7.2037416
2013-09-25 22:00:00.00000049,22.899664
2013-09-25 22:00:00.000000216,16.52872
2013-09-25 22:00:00.000000123,9.3192215
2013-09-25 22:00:00.000000136,6.4895043
2013-09-25 22:00:00.000000211,17.238426
2013-09-25 22:00:00.000000145,6.3496356
2013-09-25 22:00:00.000000250,38.574017
2013-09-25 22:00:00.000000188,10.16038
2013-09-25 22:00:00.000000202,5.5587063
2013-09-25 22:00:00.000000242,11.309377
2013-09-25 22:00:00.000000140,8.856323
2013-09-25 22:00:00.000000171,9.56737
2013-09-25 22:00:00.00000099,5.0552583
2013-09-25 22:00:00.000000187,9.060349
2013-09-25 22:00:00.000000161,9.819354
2013-09-25 22:00:00.000000189,8.313457
2013-09-25 22:00:00.0000003,10.472319
2013-09-25 22:00:00.000000249,7.215659
2013-09-25 22:00:00.000000195,5.7511334
2013-09-25 22:00:00.00000072,11.78465
2013-09-25 22:00:00.00000012,12.506658
2013-09-25 22:00:00.000000149,8.66408
2013-09-25 22:00:00.000000197,10.69413
2013-09-25 22:00:00.00000038,57.46654
2013-09-25 22:00:00.0000009,20.599375
2013-09-25 22:00:00.00000089,16.271374
2013-09-25 22:00:00.000000199,27.353779
2013-09-25 22:00:00.000000219,5.5673227
2013-09-25 22:00:00.000000159,12.113882
2013-09-25 22:00:00.000000173,11.614896
2013-09-25 22:00:00.000000209,19.421696
2013-09-25 22:00:00.000000196,9.458463
2013-09-25 22:00:00.00000093,6.318531
2013-09-25 22:00:00.000000155,19.314072
2013-09-25 22:00:00.000000121,8.715426
2013-09-25 22:00:00.000000134,13.496329
2013-09-25 22:00:00.000000228,7.8447413
2013-09-25 22:00:00.00000092,14.170677
2013-09-25 22:00:00.00000030,5.3558555
2013-09-25 22:00:00.00000062,11.941126
2013-09-25 22:00:00.0000005,9.54876
2013-09-25 22:00:00.00000097,34.430668
2013-09-25 22:00:00.00000019,17.359392
2013-09-25 22:00:00.000000180,8.311172
2013-09-25 22:00:00.000000200,16.35004
2013-09-25 22:00:00.000000186,8.386591
2013-09-25 22:00:00.000000176,6.7860513
2013-09-25 22:00:00.00000082,7.8292184
2013-09-25 22:00:00.00000098,7.8692894
2013-09-25 22:00:00.00000085,9.478169
2013-09-25 22:00:00.0000004,5.491337
2013-09-25 22:00:00.00000032,19.795305
2013-09-25 22:00:00.00000070,8.096397
2013-09-25 22:00:00.00000074,11.243655
2013-09-25 22:00:00.000000118,10.674342
2013-09-25 22:00:00.0000007,7.399254
2013-09-25 22:00:00.00000050,13.588143
2013-09-25 22:00:00.00000044,4.9509406
2013-09-25 22:00:00.00000095,6.7910666
2009-01-15 02:42:48.0000001,4.2627745
2011-07-06 18:07:44.0000001,9.360006
2011-07-06 18:07:44.0000003,5.4555974
2011-07-06 18:07:44.0000005,6.4484487
2011-09-08 01:28:24.0000001,30.285799
2014-07-11 12:36:08.0000002,6.7346888
2010-11-04 05:01:44.0000001,3.8813562
2009-10-04 10:04:12.0000001,6.529916
2009-10-04 10:04:12.0000003,4.924108
2009-10-04 10:04:12.0000002,4.5343924
2009-10-04 10:04:12.0000004,3.6785362
2013-02-28 12:52:44.0000001,8.420536
2013-02-28 12:52:44.0000003,9.301259
2013-02-28 12:52:44.0000004,9.659423
2013-02-28 12:52:44.0000002,4.685458
2013-08-03 07:11:53.0000001,33.05279
2015-01-26 23:13:33.0000001,11.083408
2012-10-31 11:09:53.0000001,12.330755
2012-10-31 11:09:53.0000002,20.2101
2011-12-23 23:30:09.0000001,14.7402935
2015-01-29 11:01:21.0000001,6.1187897
2015-01-29 11:01:21.0000002,8.982107
2014-01-31 11:11:05.0000001,21.537117
2014-01-31 11:11:05.0000003,10.048032
2014-01-31 11:11:05.0000004,10.267266
2014-01-31 11:11:05.0000006,8.462332
2014-01-31 11:11:05.0000005,7.7026405
2015-02-20 11:08:29.0000006,5.772059
2015-02-20 11:08:29.0000002,16.714489
2015-02-20 11:08:29.0000004,11.277141
2015-02-20 11:08:29.0000003,9.79399
2015-02-20 11:08:29.0000005,5.6539717
2014-08-31 04:03:29.0000001,6.9528646
2014-08-01 18:38:09.0000001,8.632656
2014-08-01 18:38:09.0000002,8.21261
2009-05-16 14:53:41.0000007,5.916175
2009-05-16 14:53:41.0000006,5.8352585
2009-12-17 06:28:05.0000001,7.640091
2009-12-17 06:28:05.0000002,3.152148
2009-12-17 06:28:05.0000003,7.2448063
2010-02-23 17:25:09.0000001,6.010832
2010-02-23 17:25:09.0000002,4.325655
2012-07-30 16:54:49.0000003,6.521204
2012-07-30 16:54:49.0000001,11.263494
2012-07-30 16:54:49.0000005,6.9565606
2012-07-30 16:54:49.0000004,6.05072
2012-07-30 16:54:49.0000002,9.9163
2013-08-26 11:47:37.0000003,19.985092
2013-08-26 11:47:37.0000002,6.5188103
2013-08-26 11:47:37.0000004,37.404247
2013-03-06 23:49:53.0000006,6.2718453
2013-03-06 23:49:53.0000005,7.516083
2013-03-06 23:49:53.0000003,6.6459074
2013-03-06 23:49:53.0000002,4.893786
2013-03-06 23:49:53.0000001,14.093644
2013-03-06 23:49:53.0000004,9.655695
2010-10-30 13:31:13.0000005,6.915156
2010-10-30 13:31:13.0000003,5.0199466
2010-10-30 13:31:13.0000004,3.8535888
2010-10-30 13:31:13.0000002,6.138704
2012-03-25 16:56:01.0000001,5.123723
2012-03-25 16:56:01.0000002,7.775399
2013-10-17 22:21:57.0000002,11.772291
2013-10-17 22:21:57.0000004,12.5513315
2013-10-17 22:21:57.0000005,19.066616
2013-10-17 22:21:57.0000001,7.8996654
2010-09-15 16:44:25.0000001,12.469753
2010-09-15 16:44:25.0000002,13.672957
2010-09-15 16:44:25.0000003,8.199737
2014-05-09 00:30:41.0000003,11.602246
2014-05-09 00:30:41.0000001,47.346004
2014-05-09 00:30:41.0000002,15.803266
2010-12-11 17:32:33.0000001,5.6993213
2010-06-14 05:10:09.0000001,8.926361
2012-03-05 13:24:37.0000003,8.681748
2012-03-05 13:24:37.0000001,6.3363104
2011-03-03 07:09:09.0000002,8.688846
2011-03-03 07:09:09.0000001,8.733753
2010-07-01 22:11:33.0000001,8.310769
2010-07-01 22:11:33.0000002,7.9098225
2010-07-01 22:11:33.0000004,5.4946346
2012-01-07 21:39:05.0000002,8.513781
2010-08-22 12:30:21.0000002,6.42008
2010-08-22 12:30:21.0000001,5.015299
2012-05-26 00:31:25.0000002,22.17046
2011-12-16 09:20:01.0000001,13.328948
2012-01-26 20:09:45.0000003,15.426712
2012-01-26 20:09:45.0000004,10.4997225
2012-01-26 20:09:45.0000002,6.9981446
2012-01-26 20:09:45.0000001,7.70686
2010-02-03 11:33:29.0000002,5.308929
2010-02-03 11:33:29.0000001,7.957956
2014-10-07 11:52:13.0000005,40.58126
2014-10-07 11:52:13.0000001,5.9356685
2014-10-07 11:52:13.0000004,16.97889
2014-10-07 11:52:13.0000002,7.3523397
2014-10-07 11:52:13.0000007,7.767357
2014-10-07 11:52:13.0000003,8.797708
2013-05-06 23:46:25.0000001,8.729257
2015-06-13 19:17:09.0000006,9.276236
2015-06-13 19:17:09.0000004,9.903047
2015-06-13 19:17:09.0000002,18.687874
2015-06-13 19:17:09.0000003,14.8649435
2015-06-13 19:17:09.0000001,6.16363
2011-06-29 00:15:21.0000001,7.2093186
2011-06-29 00:15:21.0000002,4.848689
2011-06-29 00:15:21.0000003,10.14217
2009-11-28 13:50:17.0000003,7.711341
2009-11-28 13:50:17.0000001,3.6346414
2010-05-02 12:05:45.0000001,7.7017536
2009-10-12 14:18:01.0000001,5.586879
2015-01-13 12:07:53.0000002,6.297263
2015-01-13 12:07:53.0000007,12.257361
2015-01-13 12:07:53.0000001,15.2831955
2015-01-13 12:07:53.0000004,4.3092213
2015-01-13 12:07:53.0000006,8.10908
2015-03-04 21:42:57.0000002,6.809479
2015-03-04 21:42:57.0000009,5.2815547
2015-03-04 21:42:57.0000005,7.011847
2015-03-04 21:42:57.0000003,12.053381
2015-03-04 21:42:57.00000010,8.15146
2015-03-04 21:42:57.0000004,19.770288
2015-03-04 21:42:57.0000008,5.582073
2015-03-04 21:42:57.0000001,11.620106
2015-03-04 21:42:57.0000007,5.270376
2012-01-31 09:15:49.0000005,7.219994
2012-01-31 09:15:49.0000002,9.070671
2012-01-31 09:15:49.0000006,12.2251425
2012-01-31 09:15:49.0000003,4.985392
2012-01-31 09:15:49.0000004,8.648884
2011-03-22 12:59:49.0000003,13.330878
2011-03-22 12:59:49.0000005,5.1838923
2011-03-22 12:59:49.0000004,6.291792
2014-10-05 17:21:45.0000001,5.6603613
2013-07-05 00:58:17.0000003,7.577032
2013-07-05 00:58:17.0000002,17.985004
2010-09-28 21:50:05.0000001,6.0668736
2010-09-28 21:50:05.0000003,18.9262
2010-09-28 21:50:05.0000002,7.0982103
2010-09-28 21:50:05.0000004,11.743151
2010-09-28 21:50:05.0000005,6.1812387
2012-05-25 09:21:17.0000001,5.0638766
2012-05-25 09:21:17.0000002,5.976262
2012-05-25 09:21:17.0000003,6.028228
2010-01-30 00:57:21.0000003,7.5751705
2010-01-30 00:57:21.0000004,5.4000416
2009-10-16 16:14:41.0000004,5.2826014
2009-10-16 16:14:41.0000001,5.519222
2009-10-16 16:14:41.0000003,4.8820195
2012-04-02 08:39:21.0000003,4.867709
2012-04-02 08:39:21.0000001,5.874082
2009-09-04 06:54:49.0000001,5.2308187
2012-08-29 09:53:33.0000002,9.602901
2012-08-29 09:53:33.0000001,9.43535
2011-03-13 05:34:57.0000001,10.359449
2010-10-22 00:49:05.0000001,5.9015102
2010-09-12 22:12:53.0000001,9.991101
2014-09-13 04:51:21.0000001,25.065117
2014-09-13 04:51:21.0000002,19.419456
2010-08-17 07:59:05.0000003,7.983638
2010-08-17 07:59:05.0000001,4.7719803
2010-08-17 07:59:05.0000002,9.85248
2011-03-06 23:14:17.0000001,11.015609
2014-06-19 08:41:17.0000001,6.4471946
2014-06-19 08:41:17.0000002,6.686985
2014-06-19 08:41:17.0000006,16.351
2014-06-19 08:41:17.0000004,11.443461
2014-06-19 08:41:17.0000003,7.479551
2014-06-19 08:41:17.0000005,6.0670757
2015-02-26 23:20:13.0000004,5.6898656
2015-02-26 23:20:13.0000002,8.595109
2015-02-26 23:20:13.0000009,20.70084
2015-02-26 23:20:13.0000007,5.9705105
2015-02-26 23:20:13.0000005,10.84458
2015-02-26 23:20:13.0000001,20.942804
2015-02-26 23:20:13.0000006,21.97996
2015-02-26 23:20:13.0000003,4.3839064
2013-10-09 15:11:41.0000001,7.6318893
2013-10-09 15:11:41.0000003,4.4986596
2013-10-09 15:11:41.0000002,24.953848
2011-09-01 09:53:49.0000002,7.179074
2011-09-01 09:53:49.0000003,12.13685
2011-09-01 09:53:49.0000005,5.921933
2011-09-01 09:53:49.0000001,12.181368
2011-11-28 14:13:37.0000001,9.629195
2011-11-28 14:13:37.0000003,6.043669
2010-09-28 00:16:53.0000002,16.11978
2010-09-28 00:16:53.0000004,9.816879
2010-09-28 00:16:53.0000001,6.838086
2013-08-30 11:20:21.0000002,15.776293
2013-08-30 11:20:21.0000001,16.129148
2013-09-19 21:24:21.0000002,4.8223505
2013-09-19 21:24:21.0000003,5.775076
2012-07-01 22:30:29.0000001,4.8756084
2013-01-19 08:04:21.0000001,8.625165
2011-07-02 00:38:01.0000003,6.4582767
2011-07-02 00:38:01.0000002,9.061061
2014-02-08 17:24:57.0000001,14.780849
2010-01-13 01:56:57.0000001,5.5246634
2014-01-05 12:00:13.0000005,9.274158
2014-01-05 12:00:13.0000003,12.556048
2014-01-05 12:00:13.0000002,7.640529
2014-01-05 12:00:13.0000004,7.8141685
2014-01-05 12:00:13.0000006,5.7066293
2014-01-05 12:00:13.0000001,30.499907
2011-02-04 09:12:53.0000003,10.212626
2011-02-04 09:12:53.0000001,9.485165
2011-02-04 09:12:53.0000005,6.067756
2011-02-04 09:12:53.0000002,6.146055
2012-03-08 12:33:25.0000005,6.3258576
2012-03-08 12:33:25.0000002,15.243742
2012-03-08 12:33:25.0000001,6.701582
2012-03-08 12:33:25.0000004,14.3657875
2009-07-31 18:15:57.0000002,4.665599
2009-07-10 20:17:05.0000001,4.8558025
2009-07-10 20:17:05.0000002,7.02329
2010-11-05 14:33:37.0000002,16.546892
2010-11-05 14:33:37.0000003,5.265325
2010-11-05 14:33:37.0000001,12.693038
2010-11-05 14:33:37.0000004,25.525578
2010-03-09 08:49:13.0000002,8.172046
2010-03-09 08:49:13.0000001,6.702114
2010-03-09 08:49:13.0000003,4.900928
2010-08-21 21:56:25.0000001,6.772589
2011-07-27 09:24:33.0000004,6.2126937
2011-07-27 09:24:33.0000002,4.437467
2011-07-27 09:24:33.0000005,11.786992
2011-07-27 09:24:33.0000001,8.557329
2011-07-27 09:24:33.0000003,19.016016
2010-10-09 17:11:17.0000002,7.246328
2014-01-16 23:24:37.0000001,14.4693575
2009-09-25 15:13:57.0000005,32.50393
2009-09-25 15:13:57.0000007,5.718843
2009-09-25 15:13:57.0000006,5.7037168
2009-09-25 15:13:57.0000004,8.722114
2009-12-13 20:44:37.0000001,8.227559
2009-12-13 20:44:37.0000004,9.700609
2009-12-13 20:44:37.0000002,7.075305
2009-12-13 20:44:37.0000003,7.117246
2010-05-26 21:31:05.0000004,8.110926
2010-05-26 21:31:05.0000003,12.097371
2010-05-26 21:31:05.0000005,4.5344977
2010-05-26 21:31:05.0000001,8.660264
2010-05-26 21:31:05.0000002,5.9958754
2010-05-03 08:36:41.0000003,5.9102263
2010-05-03 08:36:41.0000005,5.28212
2010-05-03 08:36:41.0000001,8.001444
2010-05-03 08:36:41.0000002,8.472734
2009-06-22 08:08:29.0000001,17.25318
2009-06-22 08:08:29.0000002,7.896631
2009-01-20 17:38:05.0000003,6.411214
2009-01-20 17:38:05.0000005,3.7369998
2009-01-20 17:38:05.0000004,7.3831487
2009-01-20 17:38:05.0000001,4.4863615
2009-01-20 17:38:05.0000002,35.245968
2013-02-04 16:08:01.0000002,13.137149
2013-02-04 16:08:01.0000001,8.600652
2009-07-22 09:50:25.0000001,5.3427296
2009-07-22 09:50:25.0000002,6.8204265
2009-07-22 09:50:25.0000003,6.492287
2013-07-17 06:50:17.0000001,16.34958
2011-01-24 20:18:49.0000002,6.7011156
2011-01-24 20:18:49.0000004,7.7990994
2011-01-24 20:18:49.0000001,4.1594667
2012-04-25 17:29:21.0000002,17.433731
2012-04-25 17:29:21.0000004,4.6025724
2012-04-25 17:29:21.0000001,10.955568
2012-04-25 17:29:21.0000003,13.571896
2010-01-23 14:32:17.0000001,8.104497
2010-01-23 14:32:17.0000002,6.0061336
2012-03-07 01:22:57.0000001,7.5583534
2012-03-07 01:22:57.0000002,11.639456
2012-06-02 01:16:05.0000002,4.296537
2012-06-02 01:16:05.0000005,35.53102
2011-02-18 20:57:57.0000003,5.3548617
2011-02-18 20:57:57.0000001,11.9073715
2011-02-18 20:57:57.0000002,4.8899984
2010-11-03 17:52:21.0000001,4.6069794
2011-10-20 13:46:33.0000004,10.578914
2011-10-20 13:46:33.0000001,48.179104
2013-11-29 15:09:45.0000002,7.4669476
2013-11-29 15:09:45.0000001,11.721348
2015-06-24 07:28:01.0000001,7.037171
2015-06-24 07:28:01.0000003,76.5547
2015-06-24 07:28:01.0000004,5.664848
2015-06-24 07:28:01.0000002,14.829117
2015-06-24 07:28:01.0000005,5.4821205
2010-03-27 11:29:05.0000001,5.4647007
2010-03-27 11:29:05.0000003,5.360287
2010-03-27 11:29:05.0000002,3.8266058
2014-06-09 11:18:25.0000005,5.7576523
2014-06-09 11:18:25.0000003,13.048216
2014-06-09 11:18:25.0000001,8.680507
2014-06-09 11:18:25.0000004,6.030228
2014-06-09 11:18:25.0000002,8.036733
2012-08-08 09:47:53.0000002,5.15173
2012-08-08 09:47:53.0000003,4.939935
2012-08-08 09:47:53.0000001,8.114619
2014-10-28 12:23:09.0000003,19.243727
2014-10-28 12:23:09.0000006,8.307066
2014-10-28 12:23:09.0000004,12.725691
2014-10-28 12:23:09.0000005,8.29509
2014-10-28 12:23:09.0000002,7.0604596
2013-04-04 02:55:13.0000001,16.095299
2011-07-11 20:43:33.0000003,12.6867895
2011-07-11 20:43:33.0000002,6.5119042
2013-02-23 14:25:29.0000001,14.142006
2010-01-30 18:58:33.0000007,7.1075635
2010-01-30 18:58:33.0000002,12.181018
2010-01-30 18:58:33.0000003,4.8802776
2010-01-30 18:58:33.0000004,13.541458
2010-01-30 18:58:33.0000005,6.5184064
2013-10-07 11:12:33.0000003,9.720982
2013-10-07 11:12:33.0000002,7.3266926
2013-10-07 11:12:33.0000001,7.7344127
2012-10-08 12:29:21.0000001,8.061232
2014-08-22 06:49:41.0000002,7.1604342
2014-08-22 06:49:41.0000001,4.542445
2014-04-26 22:02:17.0000001,14.2727375
2010-05-13 08:48:41.0000004,29.918617
2010-05-13 08:48:41.0000002,5.6152725
2010-05-13 08:48:41.0000001,16.105276
2010-05-13 08:48:41.0000003,9.055327
2014-06-22 14:49:13.0000004,5.308149
2014-06-22 14:49:13.0000003,5.4256754
2013-01-22 14:06:33.0000002,5.4483814
2013-01-22 14:06:33.0000004,10.454951
2013-01-22 14:06:33.0000001,10.387065
2013-01-22 14:06:33.0000003,53.944756
2010-10-08 11:25:09.0000001,8.355815
2010-10-08 11:25:09.0000002,5.545498
2015-03-14 02:23:17.0000001,6.1137524
2015-03-14 02:23:17.0000005,25.867779
2015-03-14 02:23:17.0000007,18.038258
2015-03-14 02:23:17.0000003,19.60168
2014-09-20 00:55:21.0000001,11.529198
2014-09-25 20:52:09.0000003,18.1543
2014-09-25 20:52:09.0000007,18.087065
2014-09-25 20:52:09.0000008,7.354775
2014-09-25 20:52:09.0000006,7.92445
2014-09-25 20:52:09.0000001,6.214149
2014-09-25 20:52:09.0000004,12.818601
2013-08-20 09:05:33.0000001,9.325636
2012-01-19 00:39:29.0000001,14.3292465
2009-12-23 09:09:21.0000002,15.244949
2009-12-23 09:09:21.0000003,11.086192
2009-12-23 09:09:21.0000001,13.426776
2012-12-15 06:35:45.0000002,17.0493
2012-12-15 06:35:45.0000003,56.7705
2012-12-15 06:35:45.0000004,5.5104504
2013-09-30 07:03:29.0000001,10.1495695
2014-06-10 11:21:37.0000001,7.321768
2014-06-10 11:21:37.0000002,11.965423
2015-05-30 05:00:57.0000001,44.770897
2015-05-30 05:00:57.0000002,15.3773985
2014-04-15 08:04:25.0000001,8.021335
2014-04-15 08:04:25.0000002,12.842577
2012-09-04 21:59:45.0000001,6.2252445
2012-06-23 19:15:29.0000001,6.50972
2014-09-23 18:20:01.0000002,9.059075
2014-09-23 18:20:01.0000001,8.955004
2011-06-30 21:50:17.0000002,9.481865
2011-06-30 21:50:17.0000006,5.978976
2011-06-30 21:50:17.0000005,7.80686
2011-06-30 21:50:17.0000004,9.559325
2011-06-30 21:50:17.0000001,4.974308
2011-06-30 21:50:17.0000003,6.82561
2013-04-09 08:59:41.0000001,5.9261804
2013-02-14 03:56:45.0000001,6.935559
2009-02-23 21:09:17.0000002,7.720628
2009-02-23 21:09:17.0000003,4.555709
2009-02-23 21:09:17.0000001,5.709205
2013-04-05 20:47:57.0000001,13.624579
2013-04-05 20:47:57.0000003,9.396794
2013-04-05 20:47:57.0000002,18.245918
2013-03-11 06:58:05.0000001,8.933576
2012-01-05 05:51:01.0000002,5.9875855
2009-05-11 10:47:33.0000001,14.395414
2014-02-22 02:07:01.0000001,16.774046
2014-02-22 02:07:01.0000004,7.1969023
2014-02-22 02:07:01.0000005,7.414079
2014-02-22 02:07:01.0000002,14.502624
2014-02-22 02:07:01.0000003,11.62979
2013-07-25 01:56:37.0000002,15.03139
2013-07-25 01:56:37.0000001,12.857174
2013-10-15 08:16:21.0000001,6.9480977
2014-08-26 23:35:49.0000003,10.564339
2014-08-26 23:35:49.0000004,20.066006
2014-08-26 23:35:49.0000001,8.726255
2009-08-28 23:01:41.0000007,9.174791
2009-08-28 23:01:41.0000004,5.90413
2009-08-28 23:01:41.0000003,3.8228593
2009-08-28 23:01:41.0000005,50.148125
2009-08-07 07:07:37.0000003,10.141155
2009-08-07 07:07:37.0000002,12.154738
2009-08-07 07:07:37.0000001,9.880168
2013-11-11 13:49:53.0000004,56.792072
2013-11-11 13:49:53.0000003,11.342835
2013-11-11 13:49:53.0000006,18.431194
2013-11-11 13:49:53.0000005,5.8088703
2013-11-11 13:49:53.0000001,7.075999
2013-11-11 13:49:53.0000002,9.40299
2012-08-11 19:58:29.0000002,7.989159
2012-08-11 19:58:29.0000003,5.739663
2012-08-11 19:58:29.0000004,7.8017774
2012-08-11 19:58:29.0000001,11.012138
2011-06-29 06:25:41.0000001,29.657337
2014-10-19 15:14:45.0000001,23.751812
2014-12-16 13:40:25.0000001,9.964814
2014-12-16 13:40:25.0000002,9.269683
2010-06-11 13:37:21.0000004,4.8935447
2010-06-11 13:37:21.0000001,6.424997
2010-06-11 13:37:21.0000002,7.963038
2012-12-09 22:30:13.0000003,14.04726
2012-12-09 22:30:13.0000001,11.756333
2010-06-21 20:21:45.0000001,17.245224
2011-05-11 19:56:09.0000002,12.207983
2013-06-17 06:37:49.0000001,4.055436
2009-07-29 07:52:01.0000004,5.573769
2009-07-29 07:52:01.0000002,15.366067
2009-07-29 07:52:01.0000003,5.0092406
2009-07-29 07:52:01.0000001,4.304676
2014-08-08 00:02:41.0000001,10.068002
2014-08-08 00:02:41.0000003,11.765042
2014-08-08 00:02:41.0000005,15.252879
2009-02-19 09:17:21.0000001,10.390593
2013-09-12 12:50:13.0000004,5.604298
2013-09-12 12:50:13.0000002,14.948908
2013-09-12 12:50:13.0000006,33.79269
2013-09-12 12:50:13.0000005,8.890459
2011-06-26 03:33:25.0000001,15.111147
2013-09-28 09:59:33.0000002,8.983678
2013-09-28 09:59:33.0000001,5.987968
2010-04-20 07:32:21.0000001,9.898459
2010-04-20 07:32:21.0000002,4.2088604
2011-04-16 06:38:33.0000001,4.9279203
2011-09-18 18:33:13.0000001,6.546122
2011-09-18 18:33:13.0000002,20.29337
2014-03-04 16:24:45.0000003,19.003664
2014-03-04 16:24:45.0000002,8.362927
2013-08-03 15:48:29.0000001,6.6389017
2012-06-21 19:47:25.0000003,6.172002
2012-06-21 19:47:25.0000001,7.4088593
2012-06-21 19:47:25.0000002,7.7437105
2014-03-10 12:25:21.0000003,5.5099792
2014-03-10 12:25:21.0000002,8.802088
2014-03-10 12:25:21.0000001,15.666152
2014-11-10 10:52:41.0000002,23.123585
2014-11-10 10:52:41.0000003,16.10333
2010-10-17 23:04:25.0000001,9.257753
2009-12-22 15:59:53.0000001,4.5111876
2009-12-22 15:59:53.0000002,3.9572008
2009-12-22 15:59:53.0000004,11.9116745
2014-05-08 21:23:41.0000002,5.1822515
2014-05-08 21:23:41.0000003,10.642731
2014-05-08 21:23:41.0000004,9.190445
2014-05-08 21:23:41.0000005,10.101365
2009-10-28 17:56:45.0000002,5.777742
2009-10-28 17:56:45.0000001,4.253952
2014-07-10 07:03:29.0000002,11.479032
2014-07-10 07:03:29.0000001,6.273058
2012-07-15 03:53:37.0000004,11.869935
2010-03-31 05:33:53.0000001,5.592862
2010-03-31 05:33:53.0000002,6.576485
2010-07-06 20:52:53.0000003,7.8072853
2010-07-06 20:52:53.0000001,6.5237694
2010-07-06 20:52:53.0000002,5.704465
2013-06-10 11:29:13.0000002,4.65451
2013-06-10 11:29:13.0000006,6.7836432
2013-06-10 11:29:13.0000004,6.7278523
2013-06-10 11:29:13.0000005,5.743258
2013-06-10 11:29:13.0000003,11.04801
2015-04-25 01:06:17.0000008,8.073091
2015-04-25 01:06:17.0000004,6.1554065
2015-04-25 01:06:17.0000001,5.117898
2015-04-25 01:06:17.0000006,8.558138
2015-04-25 01:06:17.0000002,10.857204
2011-05-27 14:47:09.0000001,7.215309
2011-05-27 14:47:09.0000004,10.896824
2011-05-27 14:47:09.0000002,10.333074
2011-05-27 14:47:09.0000003,8.755565
2012-10-28 13:55:57.0000002,8.953595
2011-06-12 01:07:57.0000002,18.982435
2011-06-12 01:07:57.0000001,12.217942
2014-12-11 15:20:49.0000002,59.98716
2014-12-11 15:20:49.0000003,8.026865
2011-06-19 04:08:49.0000001,6.271489
2015-06-02 09:11:17.0000003,7.1641603
2015-06-02 09:11:17.0000006,5.307454
2015-06-02 09:11:17.0000001,10.19097
2015-06-02 09:11:17.0000004,5.904304
2015-06-02 09:11:17.0000005,12.225123
2014-05-09 02:23:21.0000001,10.880282
2011-10-08 12:54:49.0000003,8.218066
2011-10-08 12:54:49.0000001,12.069991
2009-06-02 08:34:33.0000003,8.268145
2009-06-02 08:34:33.0000002,6.554923
2010-12-09 17:21:29.0000001,5.743468
2013-06-22 01:59:25.0000001,8.450186
2014-12-07 19:56:45.0000002,6.437524
2014-12-07 19:56:45.0000003,9.372606
2013-12-04 17:40:13.0000006,9.357684
2013-12-04 17:40:13.0000004,11.619162
2013-12-04 17:40:13.0000002,11.474219
2013-12-04 17:40:13.0000005,4.3564296
2013-12-04 17:40:13.0000001,5.341575
2013-12-04 17:40:13.0000007,11.159386
2013-12-04 17:40:13.0000003,39.34289
2014-07-20 17:05:09.0000001,19.639654
2010-12-15 08:39:33.0000003,5.691553
2010-12-15 08:39:33.0000002,5.782603
2010-12-15 08:39:33.0000004,47.460793
2010-12-15 08:39:33.0000001,5.116672
2011-02-07 08:56:09.0000001,7.807275
2012-05-26 11:54:53.0000003,6.5576854
2012-04-24 17:57:05.0000002,4.9484854
2012-04-24 17:57:05.0000003,31.611395
2012-04-24 17:57:05.0000001,12.937797
2014-01-11 19:20:17.0000002,8.02875
2015-01-05 21:43:13.0000003,7.984629
2015-01-05 21:43:13.0000002,9.158928
2013-04-23 13:19:17.0000002,11.398813
2013-04-23 13:19:17.0000003,7.409182
2011-07-19 22:20:41.0000003,20.906885
2012-03-18 02:27:41.0000002,33.492325
2012-03-18 02:27:41.0000003,11.804841
2009-01-19 19:48:17.0000003,9.851556
2011-06-21 22:19:45.0000002,5.1920037
2011-06-21 22:19:45.0000003,11.358294
2011-06-21 22:19:45.0000001,15.139699
2012-02-10 06:28:17.0000001,8.023722
2013-01-13 00:20:53.0000002,10.582256
2013-01-13 00:20:53.0000003,11.032328
2015-03-28 09:52:37.0000002,3.920312
2015-03-28 09:52:37.0000001,7.7040186
2015-05-02 15:18:33.0000001,10.210448
2015-05-02 15:18:33.0000005,5.2348475
2015-05-02 15:18:33.0000002,7.8477974
2015-05-02 15:18:33.0000006,7.243116
2015-05-02 15:18:33.0000004,13.625835
2015-05-02 15:18:33.0000007,8.3234415
2015-05-02 15:18:33.0000003,13.034556
2012-01-01 00:37:29.0000005,13.948226
2012-01-01 00:37:29.0000001,7.5584245
2012-01-01 00:37:29.0000003,8.756538
2012-01-01 00:37:29.0000002,11.049693
2010-06-24 19:32:25.0000001,8.317377
2010-06-24 19:32:25.0000002,4.6701703
2010-04-25 09:00:01.0000001,11.615055
2010-04-25 09:00:01.0000002,9.984569
2009-08-11 21:41:09.0000001,14.177245
2012-06-12 07:19:17.0000002,8.212666
2012-06-12 07:19:17.0000001,5.5100756
2011-12-30 11:16:05.0000002,11.006709
2011-12-30 11:16:05.0000001,7.824493
2011-12-30 11:16:05.0000003,8.043502
2011-12-30 11:16:05.0000004,7.7781315
2013-11-28 13:17:13.0000001,9.896758
2010-06-14 20:51:37.0000001,18.6454
2010-06-14 20:51:37.0000002,9.720111
2012-06-10 00:46:17.0000004,14.597573
2012-06-10 00:46:17.0000002,12.354872
2013-02-10 19:51:53.0000001,9.462199
2013-02-10 19:51:53.0000002,13.624184
2010-02-20 04:04:13.0000001,7.955829
2010-02-20 04:04:13.0000002,7.330987
2010-02-20 04:04:13.0000003,5.2290754
2014-01-01 16:33:01.0000004,5.400655
2014-01-01 16:33:01.0000001,8.857995
2014-01-01 16:33:01.0000002,10.856229
2014-01-01 16:33:01.0000003,12.3844795
2013-06-04 08:06:57.0000002,7.5301023
2013-06-04 08:06:57.0000005,6.1324563
2013-06-04 08:06:57.0000003,13.062814
2013-06-04 08:06:57.0000004,5.848623
2013-06-04 08:06:57.0000001,4.6155624
2012-07-13 08:45:21.0000001,31.241528
2012-07-13 08:45:21.0000003,6.719919
2012-07-13 08:45:21.0000004,6.148326
2012-07-13 08:45:21.0000002,11.079073
2014-06-09 13:01:21.0000002,8.398264
2014-06-09 13:01:21.0000001,7.3374915
2010-10-01 13:11:05.0000002,7.465236
2010-10-01 13:11:05.0000004,6.7410407
2010-10-01 13:11:05.0000003,28.248188
2010-02-27 22:55:09.0000002,6.755256
2010-02-27 22:55:09.0000003,6.786797
2012-11-23 05:37:53.0000001,14.330685
2009-10-05 15:41:37.0000001,5.7060924
2009-12-01 02:33:57.0000001,8.362336
2013-04-30 14:43:33.0000003,19.156315
2013-04-30 14:43:33.0000002,18.306314
2013-04-30 14:43:33.0000001,13.895542
2015-05-17 04:17:33.0000001,9.843601
2015-05-17 04:17:33.0000002,10.035804
2015-05-17 04:17:33.0000003,9.7673645
2015-05-17 04:17:33.0000004,8.795538
2014-07-26 23:31:41.0000001,8.047982
2009-11-07 16:37:49.0000001,4.5639687
2009-11-07 16:37:49.0000003,7.2413216
2009-11-07 16:37:49.0000002,46.124786
2009-11-07 16:37:49.0000005,4.4667997
2012-11-07 12:46:29.0000003,7.567546
2012-11-07 12:46:29.0000001,12.830423
2012-11-07 12:46:29.0000002,5.2942424
2011-01-07 09:25:57.0000002,4.255447
2011-01-07 09:25:57.0000001,5.418748
2012-07-18 16:28:21.0000002,5.46074
2009-12-17 10:33:45.0000001,11.323256
2009-12-17 10:33:45.0000002,10.036193
2009-12-17 10:33:45.0000003,5.224423
2009-12-17 10:33:45.0000004,5.4819202
2013-03-08 19:03:09.0000001,14.3200035
2013-03-08 19:03:09.0000004,7.37268
2011-03-11 23:36:13.0000001,7.230195
2011-03-11 23:36:13.0000002,7.1371613
2011-03-11 23:36:13.0000004,5.4424767
2011-03-11 23:36:13.0000003,5.4898477
2009-12-10 22:45:01.0000002,4.8197813
2009-12-10 22:45:01.0000001,13.112247
2009-12-10 22:45:01.0000003,4.0547285
2009-12-10 22:45:01.0000005,14.561677
2012-07-13 11:00:05.0000003,33.01706
2012-07-13 11:00:05.0000002,15.036547
2012-07-13 11:00:05.0000006,49.48691
2012-07-13 11:00:05.0000001,9.05246
2012-07-21 17:57:17.0000001,7.472183
2009-04-23 02:42:05.0000002,6.9862447
2009-04-23 02:42:05.0000001,9.106376
2012-11-03 23:49:17.0000003,11.904782
2012-11-03 23:49:17.0000002,5.0646806
2012-11-03 23:49:17.0000004,5.4985547
2012-11-03 23:49:17.0000001,13.231531
2012-02-21 20:07:25.0000002,4.4140906
2012-02-21 20:07:25.0000001,4.046693
2012-03-26 05:24:13.0000001,17.624401
2010-02-01 20:28:45.0000001,5.1516094
2010-02-01 20:28:45.0000002,7.232345
2010-02-01 20:28:45.0000003,4.1721535
2009-09-26 04:36:49.0000001,4.2945204
2009-01-29 15:29:09.0000002,28.902966
2009-01-29 15:29:09.0000001,4.338029
2009-12-29 02:06:33.0000002,13.623084
2009-12-29 02:06:33.0000001,7.8683424
2010-09-06 00:39:05.0000001,7.5628743
2012-09-08 21:13:49.0000004,7.5934043
2012-09-08 21:13:49.0000001,9.123809
2012-09-08 21:13:49.0000002,7.558452
2012-09-08 21:13:49.0000003,7.0176845
2010-11-04 16:19:25.0000001,10.29192
2009-12-08 07:36:17.0000001,11.858425
2009-12-08 07:36:17.0000002,11.003772
2012-08-30 20:32:49.0000001,9.419228
2013-06-08 16:55:13.0000002,6.5242705
2013-06-08 16:55:13.0000001,9.500236
2014-07-01 11:05:21.0000002,5.991554
2014-07-01 11:05:21.0000001,9.115392
2013-08-19 16:21:05.0000002,16.312368
2014-12-26 21:10:45.0000001,7.4509635
2012-10-25 16:20:37.0000001,12.251189
2012-10-25 16:20:37.0000002,37.613415
2013-08-14 11:02:17.0000001,6.319378
2013-08-14 11:02:17.0000002,21.57975
2010-10-01 01:22:01.0000001,9.945965
2012-12-07 19:33:49.0000002,61.2034
2012-12-07 19:33:49.0000001,6.2882147
2011-07-11 01:40:45.0000001,9.144279
2013-07-18 01:45:01.0000001,6.634306
2013-07-18 01:45:01.0000002,5.372962
2009-06-25 10:29:21.0000002,4.231489
2009-06-25 10:29:21.0000001,3.940591
2012-07-31 20:04:53.0000005,5.6555953
2012-07-31 20:04:53.0000003,5.4299135
2012-07-31 20:04:53.0000004,4.118948
2012-07-31 20:04:53.0000001,8.183747
2010-11-15 22:25:13.0000001,6.148307
2015-06-08 05:02:45.0000002,12.715429
2015-06-08 05:02:45.0000001,24.040543
2013-12-08 20:26:29.0000001,6.065836
2013-12-08 20:26:29.0000002,10.908691
2013-12-08 20:26:29.0000003,10.321847
2009-05-10 00:24:57.0000002,11.438221
2009-05-10 00:24:57.0000004,4.6972027
2009-05-10 00:24:57.0000003,8.387299
2009-05-10 00:24:57.0000005,5.6556273
2009-05-10 00:24:57.0000001,4.8829694
2009-02-28 10:19:41.0000002,3.4697578
2009-02-28 10:19:41.0000001,6.729263
2011-08-19 17:42:57.0000001,4.4607906
2011-08-19 17:42:57.0000002,8.04692
2014-06-05 22:56:05.0000007,11.062564
2014-06-05 22:56:05.0000002,23.482876
2014-06-05 22:56:05.0000001,54.272007
2014-06-05 22:56:05.0000006,4.454645
2014-06-05 22:56:05.0000005,5.4219327
2014-06-05 22:56:05.0000003,24.220785
2014-07-16 18:33:41.0000001,8.644374
2014-07-16 18:33:41.0000002,8.6434555
2014-07-16 18:33:41.0000003,14.977657
2009-07-14 22:41:09.0000002,4.5868673
2009-07-14 22:41:09.0000004,4.6652837
2009-07-14 22:41:09.0000001,33.982502
2013-11-21 14:19:21.0000002,7.6753507
2015-01-02 11:55:57.0000005,7.079993
2015-01-02 11:55:57.0000002,9.911588
2015-01-02 11:55:57.0000004,25.327448
2015-01-02 11:55:57.0000001,7.486186
2011-09-26 22:26:57.0000001,5.870847
2015-04-14 01:41:05.0000001,11.775679
2013-05-14 16:23:49.0000002,12.744866
2013-05-14 16:23:49.0000001,12.346329
2013-11-23 22:19:37.0000002,15.114814
2013-11-23 22:19:37.0000001,9.777436
2014-07-14 16:18:37.0000001,5.2142143
2010-07-30 12:04:17.0000001,4.019086
2010-07-30 12:04:17.0000002,8.139126
2011-07-27 21:48:49.0000002,7.830944
2011-07-27 21:48:49.0000001,6.5170627
2014-03-18 19:55:17.0000003,6.024085
2014-03-18 19:55:17.0000002,14.098554
2014-03-18 19:55:17.0000004,8.332564
2014-07-28 21:44:21.0000001,11.767729
2009-05-23 07:56:37.0000001,6.354726
2010-06-05 23:05:25.0000004,11.107052
2010-06-05 23:05:25.0000005,4.9880857
2010-06-05 23:05:25.0000003,10.342077
2010-06-05 23:05:25.0000001,8.197668
2010-06-05 23:05:25.0000002,10.461025
2012-07-01 19:59:49.0000001,5.6970105
2015-06-07 17:23:09.0000004,8.6983185
2015-06-07 17:23:09.0000003,7.2469177
2015-06-07 17:23:09.0000002,6.156305
2015-06-07 17:23:09.0000001,10.915426
2013-03-10 07:31:45.0000001,5.1228857
2011-03-24 17:44:01.0000001,10.056773
2011-03-24 17:44:01.0000003,8.17827
2014-03-28 21:55:17.0000002,19.69323
2014-03-28 21:55:17.0000004,6.309946
2014-03-28 21:55:17.0000005,7.649111
2014-03-28 21:55:17.0000006,6.492694
2013-04-28 20:00:05.0000002,55.315926
2013-04-28 20:00:05.0000001,6.8783946
2013-04-28 20:00:05.0000004,12.853393
2013-04-28 20:00:05.0000003,4.8026567
2012-04-27 18:37:09.0000003,10.193999
2012-04-27 18:37:09.0000001,10.015435
2012-04-27 18:37:09.0000004,10.131076
2014-04-05 18:11:33.0000001,11.506003
2013-11-07 22:25:25.0000002,15.914761
2010-06-19 03:06:33.0000002,5.6852465
2012-06-30 03:53:29.0000003,9.219942
2012-06-30 03:53:29.0000001,14.348334
2011-09-15 02:11:49.0000002,15.681724
2011-09-15 02:11:49.0000001,21.981495
2012-08-08 04:45:25.0000001,47.183132
2011-05-19 16:01:41.0000004,5.6662517
2011-05-19 16:01:41.0000002,5.9175696
2011-05-19 16:01:41.0000005,5.204977
2011-05-19 16:01:41.0000003,24.83262
2009-12-27 04:00:09.0000001,14.126549
2010-01-11 12:38:33.0000006,29.056326
2010-01-11 12:38:33.0000003,7.304533
2010-01-11 12:38:33.0000005,5.4845357
2010-01-11 12:38:33.0000001,6.26595
2010-01-11 12:38:33.0000004,6.540383
2010-10-16 09:26:33.0000004,23.46767
2010-10-16 09:26:33.0000002,6.5647817
2014-07-25 18:06:37.0000002,8.811422
2014-07-25 18:06:37.0000004,9.235582
2014-07-25 18:06:37.0000005,14.654668
2014-07-25 18:06:37.0000003,7.342872
2014-07-25 18:06:37.0000001,10.300459
2013-03-18 15:54:21.0000001,11.290524
2013-03-18 15:54:21.0000002,5.043651
2010-05-13 06:34:57.0000002,7.3400593
2010-05-13 06:34:57.0000001,6.946001
2009-05-16 08:13:05.0000001,25.575531
2014-05-13 21:07:29.0000003,8.013316
2014-05-13 21:07:29.0000002,9.789957
2010-04-23 16:10:29.0000001,5.5357113
2010-04-23 16:10:29.0000003,7.083248
2010-04-23 16:10:29.0000002,5.7958055
2015-05-25 22:13:09.0000002,89.3353
2015-05-25 22:13:09.0000001,16.927876
2013-11-16 18:33:25.0000003,6.666298
2013-11-16 18:33:25.0000004,17.091393
2013-11-16 18:33:25.0000002,13.9580555
2013-11-16 18:33:25.0000001,10.889346
2012-04-16 17:48:09.0000001,6.1871557
2012-04-16 17:48:09.0000002,6.35284
2012-04-16 17:48:09.0000003,9.180007
2014-12-29 12:55:53.0000002,10.241284
2014-12-29 12:55:53.0000001,27.5883
2014-12-29 12:55:53.0000003,14.14919
2009-08-02 14:01:33.0000002,5.5980744
2009-08-02 14:01:33.0000003,31.966589
2009-08-02 14:01:33.0000001,4.758672
2015-01-12 15:36:37.0000003,21.851269
2015-01-12 15:36:37.0000004,44.869167
2015-01-12 15:36:37.0000005,12.013374
2015-01-12 15:36:37.0000009,17.751278
2015-01-12 15:36:37.0000006,7.4324503
2015-01-12 15:36:37.0000001,17.181223
2015-01-12 15:36:37.0000007,12.457302
2014-09-04 19:52:09.0000002,6.970469
2014-09-04 19:52:09.0000001,6.189022
2014-09-04 19:52:09.0000003,5.010049
2014-09-04 19:52:09.0000004,20.685535
2009-06-01 17:42:01.0000001,11.976213
2009-06-01 17:42:01.0000002,9.100582
2009-06-01 17:42:01.0000003,4.8478274
2010-09-21 01:35:09.0000001,10.594778
2010-09-21 01:35:09.0000002,7.159953
2013-05-26 15:18:37.0000004,22.760918
2013-05-26 15:18:37.0000002,9.908728
2009-09-20 23:07:01.0000002,3.0375051
2009-08-12 23:00:37.0000001,17.573498
2012-07-18 09:44:53.0000005,8.434344
2012-07-18 09:44:53.0000001,6.12607
2012-07-18 09:44:53.0000004,4.5847282
2012-07-18 09:44:53.0000002,5.7335024
2009-09-25 21:43:49.0000005,8.312069
2009-09-25 21:43:49.0000007,13.580156
2009-09-25 21:43:49.0000003,6.8882756
2009-09-25 21:43:49.0000006,4.4482756
2009-09-25 21:43:49.0000008,11.813743
2009-09-25 21:43:49.0000001,7.10434
2009-03-22 20:58:33.0000002,10.933765
2009-03-22 20:58:33.0000001,9.0371895
2011-12-09 21:19:25.0000002,9.249494
2011-12-09 21:19:25.0000005,11.110165
2011-12-09 21:19:25.0000006,4.8939743
2013-07-05 20:44:49.0000002,4.444707
2013-12-20 15:58:29.0000005,15.265136
2013-12-20 15:58:29.0000002,11.431236
2013-12-20 15:58:29.0000003,41.10158
2013-12-20 15:58:29.0000004,13.548908
2014-10-06 14:37:25.0000004,12.519089
2014-10-06 14:37:25.0000003,20.026474
2014-10-06 14:37:25.0000002,10.653066
2014-10-06 14:37:25.0000001,7.7797503
2015-01-18 23:09:25.0000003,24.291735
2015-01-18 23:09:25.0000002,8.460829
2014-05-01 14:11:21.0000002,14.605192
2014-05-01 14:11:21.0000004,8.834896
2014-05-01 14:11:21.0000005,8.958446
2014-05-01 14:11:21.0000006,7.116929
2014-05-01 14:11:21.0000001,10.623481
2014-05-01 14:11:21.0000003,22.165445
2012-05-22 14:54:45.0000002,6.722387
2012-05-22 14:54:45.0000001,6.954803
2009-06-17 14:41:57.0000001,11.178524
2009-09-16 10:27:37.0000001,7.9513865
2009-09-16 10:27:37.0000002,7.113016
2014-02-06 13:26:49.0000001,11.894978
2015-04-16 02:42:33.0000001,9.805645
2011-06-06 07:28:25.0000002,26.043009
2011-06-06 07:28:25.0000003,5.0807
2011-06-06 07:28:25.0000001,4.7025084
2011-06-06 07:28:25.0000005,14.377102
2011-06-06 07:28:25.0000004,5.017442
2013-02-27 19:25:13.0000003,19.288328
2013-02-27 19:25:13.0000007,12.04812
2013-02-27 19:25:13.0000006,13.09904
2013-02-27 19:25:13.0000004,5.149343
2013-02-27 19:25:13.0000002,5.6668625
2013-02-27 19:25:13.0000005,8.989441
2014-10-03 01:06:05.0000001,7.7324557
2014-10-03 01:06:05.0000002,5.0561385
2010-06-26 00:14:53.0000001,7.5128226
2009-09-15 08:28:53.0000001,7.824271
2009-09-15 08:28:53.0000002,13.099961
2009-09-15 08:28:53.0000004,6.9025884
2009-09-15 08:28:53.0000005,5.9189878
2011-08-09 05:27:05.0000001,9.30262
2010-10-20 08:49:45.0000001,7.6047864
2010-10-20 08:49:45.0000002,5.64956
2012-02-08 11:14:49.0000002,6.042468
2012-02-08 11:14:49.0000001,7.499536
2012-02-08 11:14:49.0000004,8.51246
2013-08-07 02:16:45.0000001,29.597542
2012-10-26 00:32:13.0000001,17.208197
2012-07-18 22:34:53.0000001,5.4580336
2011-05-17 22:09:17.0000001,12.769666
2009-04-04 00:20:37.0000001,15.561656
2009-04-04 00:20:37.0000003,8.049474
2009-04-04 00:20:37.0000002,12.179046
2009-09-04 18:43:33.0000003,8.831336
2009-09-04 18:43:33.0000004,11.580896
2010-09-19 17:13:29.0000001,12.615229
2010-09-19 17:13:29.0000007,11.474673
2010-09-19 17:13:29.0000005,9.352557
2010-09-19 17:13:29.0000004,5.9661264
2010-09-19 17:13:29.0000003,12.834861
2010-09-19 17:13:29.0000002,8.958165
2013-03-19 18:08:29.0000003,11.29235
2013-03-19 18:08:29.0000004,12.204792
2011-11-22 00:15:25.0000002,6.064128
2011-11-22 00:15:25.0000001,9.897736
2011-04-23 11:01:49.0000005,4.4214206
2011-04-23 11:01:49.0000004,6.169664
2011-04-23 11:01:49.0000003,3.9067693
2012-10-19 06:56:29.0000001,6.733614
2012-10-19 06:56:29.0000002,4.4612904
2009-12-16 14:45:21.0000002,6.1719923
2009-12-16 14:45:21.0000003,7.34257
2009-12-16 14:45:21.0000001,10.47385
2012-08-13 21:49:53.0000002,6.173469
2012-08-13 21:49:53.0000003,3.7669132
2012-08-13 21:49:53.0000001,4.467721
2010-11-08 10:01:37.0000001,5.7271566
2010-11-08 10:01:37.0000002,8.322446
2010-11-08 10:01:37.0000006,5.556651
2010-11-08 10:01:37.0000007,11.198309
2010-11-08 10:01:37.0000005,30.492422
2010-11-08 10:01:37.0000004,4.572038
2010-12-05 16:35:49.0000001,5.484093
2010-12-05 16:35:49.0000002,8.643408
2014-10-15 12:10:49.0000001,11.44564
2009-04-01 19:28:09.0000004,14.118755
2009-04-01 19:28:09.0000002,8.268555
2009-04-01 19:28:09.0000003,5.555532
2009-04-01 19:28:09.0000007,18.353941
2009-04-01 19:28:09.0000005,6.1991925
2009-04-01 19:28:09.0000006,9.874214
2011-11-26 02:04:29.0000002,9.861145
2011-11-26 02:04:29.0000001,11.841213
2009-01-11 07:56:01.0000003,5.640558
2009-01-11 07:56:01.0000002,3.8580081
2012-05-30 09:19:13.0000001,5.984538
2014-06-10 01:06:25.0000001,18.093483
2014-06-10 01:06:25.0000003,18.747683
2014-06-10 01:06:25.0000002,48.377975
2014-10-28 22:42:33.0000002,17.787533
2014-10-28 22:42:33.0000001,23.155083
2009-03-20 12:14:53.0000004,8.692764
2009-03-20 12:14:53.0000007,5.466904
2009-03-20 12:14:53.0000002,9.103225
2009-03-20 12:14:53.0000005,13.492289
2009-03-20 12:14:53.0000001,5.0770526
2009-03-20 12:14:53.0000006,6.6023183
2009-03-20 12:14:53.0000003,18.529121
2010-06-20 12:42:37.0000003,7.2929387
2010-06-20 12:42:37.0000001,13.951076
2014-08-05 16:09:05.0000001,6.64449
2014-11-06 01:40:49.0000003,4.7706814
2014-11-06 01:40:49.0000002,13.50601
2014-11-06 01:40:49.0000001,8.188776
2014-07-19 21:05:37.0000005,4.7937617
2014-07-19 21:05:37.0000001,11.658185
2014-07-19 21:05:37.0000004,13.097447
2014-07-19 21:05:37.0000003,8.284409
2015-02-19 11:39:21.0000005,7.869948
2015-02-19 11:39:21.0000002,11.220609
2015-02-19 11:39:21.0000003,7.9183755
2012-10-02 14:17:13.0000003,7.8522544
2012-10-02 14:17:13.0000002,10.6909275
2012-04-17 09:47:57.0000001,6.514468
2012-04-17 09:47:57.0000003,13.922288
2012-04-17 09:47:57.0000002,28.34986
2011-04-16 00:01:17.0000002,14.476791
2011-04-16 00:01:17.0000001,4.4317875
2010-06-18 08:54:37.0000003,10.587725
2010-06-18 08:54:37.0000002,16.239094
2010-06-18 08:54:37.0000001,10.577163
2012-10-20 00:36:37.0000005,8.427348
2012-10-20 00:36:37.0000003,38.663666
2012-10-20 00:36:37.0000004,5.90665
2014-06-19 22:37:09.0000001,7.8835015
2014-06-19 22:37:09.0000003,10.437258
2014-06-19 22:37:09.0000005,15.81526
2011-05-11 13:24:37.0000004,8.58768
2011-05-11 13:24:37.0000001,8.555125
2011-05-11 13:24:37.0000003,5.208439
2014-04-09 08:42:05.0000002,11.126989
2014-04-09 08:42:05.0000001,7.883236
2014-10-13 00:42:05.0000001,15.803709
2013-12-08 10:41:05.0000003,6.558658
2013-12-08 10:41:05.0000008,13.92737
2013-12-08 10:41:05.0000006,11.776472
2013-12-08 10:41:05.0000004,7.050842
2013-12-08 10:41:05.0000001,11.963307
2013-12-08 10:41:05.0000005,9.325775
2013-02-14 02:02:13.0000001,5.5416803
2009-07-04 13:00:57.0000001,10.116528
2009-07-04 13:00:57.0000003,8.0142975
2013-03-20 03:01:29.0000001,4.1416035
2010-08-25 12:03:21.0000002,10.501344
2010-08-25 12:03:21.0000001,6.5295334
2013-09-08 03:47:57.0000001,18.073326
2013-09-08 03:47:57.0000003,8.893323
2012-12-19 16:29:33.0000002,10.251676
2012-12-19 16:29:33.0000001,6.1521616
2009-05-15 21:19:13.0000001,11.68848
2009-05-15 21:19:13.0000002,6.8113017
2012-06-06 17:33:05.0000001,10.028657
2012-06-06 17:33:05.0000002,6.1526155
2012-06-06 17:33:05.0000003,11.525409
2012-06-06 17:33:05.0000004,8.305881
2011-09-20 00:07:17.0000001,9.095367
2010-01-29 08:32:53.0000007,4.994691
2010-01-29 08:32:53.0000004,10.636643
2010-01-29 08:32:53.0000001,4.5255547
2010-01-29 08:32:53.0000003,9.417468
2010-01-29 08:32:53.0000005,6.354575
2010-01-29 08:32:53.0000006,6.426883
2015-05-15 01:51:49.0000002,17.237907
2015-05-15 01:51:49.0000001,12.492521
2015-05-15 01:51:49.0000005,8.8942585
2015-05-15 01:51:49.0000004,4.7719164
2011-07-26 05:14:29.0000001,47.922234
2011-09-09 03:00:05.0000002,18.083439
2011-09-09 03:00:05.0000001,4.3821626
2012-11-12 10:06:17.0000004,6.875815
2012-11-12 10:06:17.0000005,10.346255
2012-11-12 10:06:17.0000002,7.4667616
2012-11-12 10:06:17.0000001,11.405012
2012-01-05 22:37:13.0000001,10.188452
2012-01-05 22:37:13.0000002,16.944075
2012-12-07 02:02:01.0000002,19.999128
2012-12-07 02:02:01.0000001,13.515465
2011-08-18 08:36:13.0000001,4.7792225
2011-08-18 08:36:13.0000004,6.665386
2011-08-18 08:36:13.0000003,11.406907
2011-08-18 08:36:13.0000006,7.752652
2011-08-18 08:36:13.0000002,15.247522
2014-05-16 15:30:05.0000002,7.6522903
2014-05-16 15:30:05.0000001,9.240878
2014-03-15 07:19:25.0000001,12.200682
2009-12-21 17:23:09.0000001,5.750947
2013-12-01 22:23:57.0000002,5.9141793
2013-12-01 22:23:57.0000001,16.5016
2014-01-03 15:48:49.0000003,9.764712
2014-01-03 15:48:49.0000002,7.939374
2013-01-19 20:19:45.0000003,16.960312
2013-01-19 20:19:45.0000001,8.475035
2013-01-19 20:19:45.0000004,6.0908747
2012-08-31 03:00:21.0000001,5.581825
2012-07-21 16:32:41.0000001,5.6783123
2012-07-21 16:32:41.0000002,4.256405
2012-12-20 23:43:09.0000002,19.031202
2012-12-20 23:43:09.0000006,7.097491
2012-12-20 23:43:09.0000005,14.117332
2012-12-20 23:43:09.0000003,6.1983914
2009-06-13 18:40:13.0000002,12.997218
2009-06-13 18:40:13.0000003,11.839783
2014-11-16 09:12:45.0000001,15.947082
2013-03-25 15:17:33.0000001,4.3143654
2009-09-28 05:36:49.0000001,7.294518
2013-07-08 17:31:29.0000001,6.3640046
2013-07-08 17:31:29.0000002,18.323484
2010-11-27 12:54:09.0000005,5.3656445
2010-11-27 12:54:09.0000004,6.461466
2010-11-27 12:54:09.0000001,4.1540785
2010-11-27 12:54:09.0000003,3.4563084
2010-11-27 12:54:09.0000002,16.634373
2011-02-15 02:43:33.0000002,10.747398
2011-02-15 02:43:33.0000001,15.251475
2012-10-25 06:12:37.0000001,6.761095
2014-05-01 06:39:54.0000001,5.2097955
2015-03-17 21:44:26.0000001,13.178307
2015-03-17 21:44:26.0000006,9.620173
2015-03-17 21:44:26.0000005,18.628807
2015-03-17 21:44:26.0000003,12.234937
2015-03-17 21:44:26.0000004,12.740311
2011-05-02 13:26:54.0000003,5.556365
2011-05-02 13:26:54.0000001,4.1655984
2011-05-02 13:26:54.0000002,11.238026
2009-01-06 07:36:34.0000003,8.628317
2009-01-06 07:36:34.0000002,6.267728
2009-01-06 07:36:34.0000004,10.852232
2010-06-23 10:29:22.0000005,4.304149
2010-06-23 10:29:22.0000001,14.50726
2010-06-23 10:29:22.0000004,5.326517
2010-06-23 10:29:22.0000003,11.9058485
2010-06-23 10:29:22.0000002,10.826035
2013-01-22 08:20:26.0000001,5.134577
2013-01-22 08:20:26.0000002,7.027347
2009-11-25 11:14:26.0000001,4.944665
2009-11-25 11:14:26.0000002,9.198617
2012-12-04 06:52:02.0000001,12.695795
2012-12-04 06:52:02.0000002,13.008823
2012-12-04 06:52:02.0000003,9.406965
2014-05-27 10:31:46.0000001,9.722475
2014-05-27 10:31:46.0000003,19.570372
2014-05-27 10:31:46.0000002,19.030178
2009-09-20 22:15:46.0000001,8.594868
2011-06-30 08:40:22.0000001,5.2166476
2011-06-30 08:40:22.0000002,8.900194
2010-05-10 09:14:30.0000003,8.446513
2010-05-10 09:14:30.0000001,5.234079
2010-05-10 09:14:30.0000002,6.0376287
2010-05-10 09:14:30.0000004,5.255431
2010-11-25 16:10:30.0000001,15.939947
2014-11-18 16:06:14.0000001,8.678447
2013-01-20 20:41:26.0000003,13.548813
2013-01-20 20:41:26.0000001,16.6639
2015-06-07 00:38:14.0000003,8.20203
2009-01-03 00:51:02.0000004,10.224722
2009-01-03 00:51:02.0000003,5.4040246
2010-09-28 11:54:02.0000004,6.653972
2010-09-28 11:54:02.0000005,8.991986
2010-09-28 11:54:02.0000003,6.392442
2010-09-28 11:54:02.0000001,7.311579
2010-09-28 11:54:02.0000002,15.304484
2013-11-07 17:01:14.0000001,39.445095
2013-11-07 17:01:14.0000006,6.3420177
2013-11-07 17:01:14.0000002,8.429233
2013-11-07 17:01:14.0000003,5.330901
2013-11-07 17:01:14.0000005,6.6298966
2013-11-07 17:01:14.0000004,10.550024
2009-11-29 08:05:46.0000001,6.19082
2012-10-21 17:43:26.0000003,7.658949
2012-10-21 17:43:26.0000002,10.764576
2012-10-21 17:43:26.0000006,5.6071672
2012-10-21 17:43:26.0000001,7.5999713
2012-10-21 17:43:26.0000004,11.733133
2012-10-21 17:43:26.0000005,9.079733
2013-07-31 06:52:46.0000001,5.589716
2013-02-04 12:10:10.0000002,6.5042796
2013-02-04 12:10:10.0000001,7.128461
2013-10-18 09:06:14.0000001,7.372744
2009-04-26 17:29:42.0000004,5.027915
2009-04-26 17:29:42.0000002,6.6985016
2009-04-26 17:29:42.0000005,9.949353
2009-04-26 17:29:42.0000003,7.5998135
2009-04-26 17:29:42.0000006,6.836123
2015-04-12 21:56:22.0000004,18.318861
2015-04-12 21:56:22.0000002,8.862304
2015-04-12 21:56:22.0000001,55.382088
2015-02-25 22:00:38.0000003,27.105003
2015-02-25 22:00:38.0000006,11.534774
2015-02-25 22:00:38.0000001,17.482979
2015-02-25 22:00:38.0000004,11.778966
2015-02-25 22:00:38.0000005,23.534956
2013-12-30 00:48:42.0000003,5.137556
2013-12-30 00:48:42.0000002,18.90259
2013-12-30 00:48:42.0000001,9.793972
2012-11-20 21:15:22.0000004,8.711115
2012-11-20 21:15:22.0000001,6.4561644
2012-11-20 21:15:22.0000003,19.00327
2012-11-20 21:15:22.0000006,9.236585
2012-11-20 21:15:22.0000005,14.259811
2012-11-20 21:15:22.0000002,23.029655
2012-11-20 21:15:22.0000007,9.755199
2010-03-21 16:52:58.0000002,30.023363
2010-03-21 16:52:58.0000001,11.538857
2010-03-21 16:52:58.0000004,13.923206
2010-10-06 23:31:54.0000002,6.1315594
2013-07-09 21:59:42.0000002,40.463547
2012-06-23 09:43:42.0000006,15.576389
2012-06-23 09:43:42.0000001,4.2011075
2012-06-23 09:43:42.0000003,9.78383
2012-06-23 09:43:42.0000005,5.379321
2009-01-21 20:04:30.0000004,8.460452
2009-01-21 20:04:30.0000008,7.217795
2009-01-21 20:04:30.0000009,5.4586315
2009-01-21 20:04:30.0000003,8.4932785
2009-01-21 20:04:30.0000001,6.423085
2009-01-21 20:04:30.0000005,6.7878084
2009-01-21 20:04:30.0000002,6.669734
2009-01-21 20:04:30.0000007,4.433593
2013-12-18 14:26:58.0000003,23.957958
2013-12-18 14:26:58.0000001,11.107951
2014-04-26 18:02:26.0000002,12.504222
2014-04-26 18:02:26.0000001,10.929574
2010-11-21 00:32:50.0000003,5.640681
2010-11-21 00:32:50.0000002,12.141555
2010-11-21 00:32:50.0000001,5.375503
2013-02-07 21:29:22.0000003,8.980078
2013-02-07 21:29:22.0000002,9.37802
2013-02-07 21:29:22.0000004,12.900485
2013-02-07 21:29:22.0000001,11.88443
2010-11-15 18:15:14.0000002,8.330638
2010-11-15 18:15:14.0000001,7.1929603
2010-11-15 18:15:14.0000003,6.190855
2010-11-15 18:15:14.0000004,6.4842954
2013-10-26 10:46:46.0000005,8.48814
2013-10-26 10:46:46.0000002,11.640164
2013-10-26 10:46:46.0000004,10.305553
2013-10-26 10:46:46.0000001,5.4548955
2013-07-18 10:24:58.0000001,7.0729465
2010-05-14 04:15:54.0000001,6.197287
2013-09-14 18:51:46.0000002,12.605374
2009-05-27 23:09:54.0000001,9.571578
2013-05-23 23:54:42.0000002,9.596563
2013-05-23 23:54:42.0000006,6.553286
2013-05-23 23:54:42.0000001,13.764941
2013-05-23 23:54:42.0000005,15.047492
2013-05-23 23:54:42.0000003,11.865001
2015-05-23 01:00:22.0000001,5.334825
2009-11-23 19:06:14.0000004,11.22982
2009-11-23 19:06:14.0000003,6.424184
2009-11-23 19:06:14.0000002,4.3387833
2009-11-23 19:06:14.0000006,51.911545
2011-06-22 00:06:34.0000001,6.6169667
2014-07-02 02:27:22.0000001,4.274399
2012-11-18 14:55:42.0000002,6.405673
2012-11-18 14:55:42.0000003,7.797125
2012-11-18 14:55:42.0000004,6.761343
2009-01-12 17:54:26.0000001,4.422089
2012-10-10 06:59:02.0000002,8.225492
2012-10-10 06:59:02.0000003,7.837282
2012-10-10 06:59:02.0000001,5.8029513
2010-01-24 14:09:58.0000001,6.007253
2010-09-01 08:23:54.0000001,13.590466
2011-12-10 23:39:06.0000002,20.139656
2011-05-22 03:09:50.0000002,19.176317
2011-05-22 03:09:50.0000005,4.811443
2011-05-22 03:09:50.0000001,5.697458
2011-05-22 03:09:50.0000004,21.281036
2011-05-22 03:09:50.0000003,18.632763
2013-06-29 14:26:06.0000004,19.282001
2013-06-29 14:26:06.0000003,7.0689783
2013-06-29 14:26:06.0000002,7.121626
2013-06-29 14:26:06.0000001,14.967482
2011-01-25 10:31:26.0000001,12.155365
2011-01-25 10:31:26.0000002,7.844645
2013-02-11 01:03:30.0000001,24.035873
2009-12-17 15:54:46.0000005,10.430331
2009-12-17 15:54:46.0000003,4.8452387
2009-12-17 15:54:46.0000001,9.903283
2009-12-17 15:54:46.0000004,6.045137
2012-03-17 05:33:02.0000001,10.045814
2009-10-24 19:48:30.0000001,5.3249893
2009-10-24 19:48:30.0000002,7.073695
2009-10-24 19:48:30.0000003,11.94415
2013-03-23 00:10:26.0000004,35.92716
2013-03-23 00:10:26.0000002,5.454106
2013-03-23 00:10:26.0000001,49.574276
2013-03-23 00:10:26.0000003,19.173727
2010-06-16 18:41:54.0000001,7.666117
2010-06-16 18:41:54.0000002,7.9295278
2011-01-15 04:13:38.0000002,3.590631
2014-07-27 11:25:18.0000001,5.299561
2014-07-27 11:25:18.0000002,5.772338
2011-11-02 08:21:50.0000002,6.3839297
2015-05-16 04:37:50.0000001,10.235367
2015-05-16 04:37:50.0000002,10.469144
2009-03-15 03:31:14.0000002,8.989181
2009-03-15 03:31:14.0000001,6.427993
2014-09-08 19:07:46.0000002,13.437706
2009-08-28 11:58:58.0000001,4.1073384
2010-04-24 23:31:50.0000001,6.02049
2010-04-24 23:31:50.0000003,10.446652
2013-06-13 14:50:50.0000002,13.833595
2013-06-13 14:50:50.0000001,9.528576
2010-07-07 06:22:38.0000002,14.756715
2010-07-07 06:22:38.0000001,7.9020257
2009-03-24 00:11:26.0000001,8.813094
2009-03-24 00:11:26.0000002,9.5816
2013-10-23 14:27:10.0000001,6.2780833
2011-03-03 21:31:42.0000007,12.532954
2011-03-03 21:31:42.0000001,5.9492536
2011-03-03 21:31:42.0000008,9.150775
2011-03-03 21:31:42.0000006,6.614765
2011-03-03 21:31:42.0000005,6.2836423
2011-09-05 10:47:26.0000002,16.501804
2011-09-05 10:47:26.0000003,15.221186
2011-09-05 10:47:26.0000004,10.860444
2012-08-04 23:34:58.0000001,9.940566
2012-08-04 23:34:58.0000004,5.142097
2012-08-04 23:34:58.0000002,6.1217513
2015-01-29 13:15:50.0000003,11.453243
2015-01-29 13:15:50.0000004,7.0604973
2015-01-29 13:15:50.0000007,10.252651
2015-01-29 13:15:50.0000006,12.563825
2015-01-29 13:15:50.0000008,4.6646643
2015-01-29 13:15:50.0000005,7.43227
2015-01-29 13:15:50.0000002,7.041692
2015-01-29 13:15:50.0000009,7.788121
2012-09-16 12:48:06.0000004,7.75902
2012-09-16 12:48:06.0000001,11.711537
2012-09-16 12:48:06.0000003,15.3119135
2015-04-10 11:56:54.0000008,7.2583785
2015-04-10 11:56:54.0000001,14.391538
2015-04-10 11:56:54.0000002,27.006105
2015-04-10 11:56:54.0000007,57.311317
2015-04-10 11:56:54.0000003,8.1981
2015-05-05 12:32:14.0000007,11.2903595
2015-05-05 12:32:14.0000006,10.792807
2015-05-05 12:32:14.0000003,10.011404
2015-05-05 12:32:14.0000004,5.040774
2015-05-05 12:32:14.0000002,9.859708
2015-05-05 12:32:14.0000005,11.617108
2015-05-05 12:32:14.0000001,16.86583
2013-10-15 23:31:26.0000001,6.3706665
2014-08-24 01:17:38.0000001,4.850482
2013-04-04 07:01:06.0000003,12.656101
2013-04-04 07:01:06.0000001,4.5614524
2013-04-04 07:01:06.0000002,8.244877
2013-06-21 18:06:14.0000001,8.427925
2013-06-21 18:06:14.0000005,11.906205
2013-06-21 18:06:14.0000004,6.1179304
2013-06-21 18:06:14.0000003,11.69996
2013-06-21 18:06:14.0000006,8.538068
2009-08-03 21:09:42.0000001,5.896071
2009-08-03 21:09:42.0000003,5.9562387
2009-08-03 21:09:42.0000002,7.946512
2009-08-03 21:09:42.0000004,5.5568247
2013-10-13 19:52:54.0000003,5.584426
2013-10-13 19:52:54.0000001,5.3753567
2014-11-14 11:09:46.0000001,7.210528
2014-11-14 11:09:46.0000002,30.335855
2015-06-25 01:01:46.0000003,5.3043294
2015-06-25 01:01:46.0000001,9.408393
2009-05-19 15:44:30.0000003,8.914631
2014-01-26 08:48:30.0000001,16.066008
2014-01-26 08:48:30.0000002,4.697655
2012-01-19 02:06:02.0000001,3.6858938
2014-12-25 21:32:58.0000001,10.835859
2012-08-09 07:49:02.0000001,10.557846
2012-08-09 07:49:02.0000003,15.293659
2012-08-09 07:49:02.0000002,6.877923
2014-08-10 05:03:50.0000001,30.475979
2010-01-11 15:18:14.0000002,5.674522
2010-01-11 15:18:14.0000003,4.664438
2010-01-11 15:18:14.0000004,8.171781
2010-01-11 15:18:14.0000001,7.2386365
2009-11-10 15:56:38.0000006,5.9416227
2009-11-10 15:56:38.0000002,7.8509307
2009-11-10 15:56:38.0000004,9.8748
2009-11-10 15:56:38.0000003,48.280586
2009-11-10 15:56:38.0000005,4.6972494
2009-11-10 15:56:38.0000001,10.372613
2012-10-18 09:17:42.0000002,8.645323
2012-10-18 09:17:42.0000001,8.982122
2010-12-06 13:19:58.0000003,6.1719656
2010-12-06 13:19:58.0000002,8.791956
2010-12-06 13:19:58.0000001,9.139215
2011-07-30 15:27:58.0000003,7.0715866
2011-07-30 15:27:58.0000002,6.439242
2011-07-20 04:21:54.0000001,5.249523
2011-07-20 04:21:54.0000002,7.309912
2009-03-10 19:51:34.0000003,5.1851673
2009-03-10 19:51:34.0000004,11.017889
2009-03-10 19:51:34.0000005,4.869901
2009-03-10 19:51:34.0000002,11.568534
2009-03-10 19:51:34.0000001,6.073688
2011-11-15 22:33:42.0000001,8.746063
2011-11-15 22:33:42.0000002,13.304948
2010-09-24 22:40:06.0000005,6.7683573
2010-09-24 22:40:06.0000003,23.225668
2010-09-24 22:40:06.0000006,6.343768
2010-09-24 22:40:06.0000002,7.700818
2010-09-24 22:40:06.0000001,7.418215
2010-02-06 17:37:10.0000007,4.4052157
2010-02-06 17:37:10.0000004,5.474543
2010-02-06 17:37:10.0000006,6.7567477
2010-02-06 17:37:10.0000003,5.089564
2012-05-11 02:43:18.0000002,7.600306
2012-05-11 02:43:18.0000001,4.4426694
2011-09-25 21:18:06.0000001,9.474605
2011-09-25 21:18:06.0000002,11.346943
2013-12-18 03:16:02.0000001,14.683968
2012-01-26 01:32:42.0000001,7.9495354
2012-01-26 01:32:42.0000002,4.00595
2011-10-02 03:06:34.0000001,6.849482
2012-03-31 12:52:46.0000002,6.7843113
2012-03-31 12:52:46.0000001,17.386202
2014-06-15 00:51:42.0000001,15.998884
2009-04-21 17:27:58.0000001,8.897633
2009-04-21 17:27:58.0000002,6.3976717
2012-08-13 15:02:26.0000002,5.6430664
2012-08-13 15:02:26.0000003,6.7035522
2014-10-27 11:56:50.0000001,6.6577916
2014-10-27 11:56:50.0000002,18.721064
2014-10-27 11:56:50.0000003,11.609487
2009-09-29 18:03:18.0000001,12.029255
2011-10-30 16:52:26.0000001,4.9866242
2011-10-30 16:52:26.0000002,5.6270766
2014-11-24 23:39:26.0000002,19.875204
2014-11-24 23:39:26.0000001,28.868544
2011-08-16 14:41:50.0000001,8.52181
2011-08-16 14:41:50.0000003,6.1802998
2011-08-16 14:41:50.0000002,8.64098
2013-01-14 18:42:54.0000002,21.176928
2013-01-14 18:42:54.0000006,6.4194813
2013-01-14 18:42:54.0000001,5.3707004
2013-01-14 18:42:54.0000007,4.1973753
2013-01-14 18:42:54.0000008,10.05148
2009-04-18 23:09:34.0000002,10.806888
2009-11-11 21:20:18.0000001,5.1304226
2009-11-11 21:20:18.0000003,15.804557
2012-07-24 01:12:50.0000004,15.975908
2012-07-24 01:12:50.0000003,5.5519996
2012-07-24 01:12:50.0000001,12.47654
2012-07-24 01:12:50.0000002,6.303097
2012-07-24 01:12:50.0000005,10.908876
2009-04-18 02:44:34.0000003,7.771997
2009-04-18 02:44:34.0000002,12.087359
2014-07-18 06:32:22.0000001,7.4397554
2014-01-10 12:28:38.0000001,10.651989
2011-08-08 15:27:22.0000001,3.9884784
2014-07-30 14:42:34.0000001,8.563724
2014-07-30 14:42:34.0000003,26.313522
2014-07-30 14:42:34.0000002,15.988488
2014-08-26 16:39:54.0000002,14.695525
2014-10-11 00:26:38.0000002,15.242862
2014-10-11 00:26:38.0000003,13.778611
2014-10-11 00:26:38.0000001,11.666889
2014-10-11 00:26:38.0000005,11.764777
2014-10-11 00:26:38.0000007,5.650387
2014-10-11 00:26:38.0000006,21.669394
2009-08-15 14:25:02.0000001,9.783039
2009-09-22 06:43:46.0000001,5.895605
2014-05-14 00:00:34.0000001,9.043336
2014-05-14 00:00:34.0000002,9.846662
2014-10-14 01:57:26.0000001,4.1798
2009-05-31 20:56:38.0000002,37.079334
2009-05-31 20:56:38.0000003,7.279941
2009-05-31 20:56:38.0000001,4.834201
2009-07-11 12:59:58.0000001,8.573311
2010-06-02 15:33:06.0000001,5.318559
2010-06-02 15:33:06.0000002,5.5184236
2010-06-02 15:33:06.0000003,4.9405932
2010-01-30 02:13:06.0000002,4.202029
2010-01-30 02:13:06.0000001,4.905332
2010-01-30 02:13:06.0000003,9.869571
2014-01-05 17:47:02.0000003,7.5455346
2014-01-05 17:47:02.0000002,10.74928
2009-03-21 09:59:50.0000003,46.38656
2009-03-21 09:59:50.0000002,10.312191
2009-03-21 09:59:50.0000001,4.963274
2009-08-26 23:55:38.0000002,8.945588
2009-06-09 15:10:50.0000002,48.035946
2009-06-09 15:10:50.0000001,4.558609
2011-09-18 06:14:54.0000001,7.2253795
2009-03-27 16:05:22.0000004,31.997814
2009-03-27 16:05:22.0000005,5.122082
2009-03-27 16:05:22.0000001,9.601153
2009-03-27 16:05:22.0000006,6.6527867
2009-03-27 16:05:22.0000003,10.153198
2009-03-27 16:05:22.0000002,6.7190666
2015-05-29 10:02:42.0000005,8.921744
2015-05-29 10:02:42.0000003,8.004624
2015-05-29 10:02:42.0000004,8.5020685
2012-09-07 23:20:34.0000004,17.305525
2012-09-07 23:20:34.0000003,13.124553
2012-09-07 23:20:34.0000001,6.2596827
2014-03-07 10:36:50.0000002,9.078823
2014-03-07 10:36:50.0000001,9.766064
2013-03-17 23:47:50.0000002,17.376953
2013-03-17 23:47:50.0000001,6.66749
2015-06-30 20:03:50.0000005,10.398994
2015-06-30 20:03:50.0000001,121.74156
2015-06-30 20:03:50.0000003,10.465276
2015-06-30 20:03:50.0000004,6.5887003
2015-05-11 02:21:26.0000002,4.7034764
2015-05-11 02:21:26.0000001,12.876626
2015-01-10 14:32:14.0000001,9.464029
2014-12-05 14:14:14.0000001,10.418739
2014-12-05 14:14:14.0000002,12.789466
2012-04-23 12:23:18.0000001,7.1394978
2012-04-23 12:23:18.0000003,4.5209975
2012-04-23 12:23:18.0000002,33.51849
2012-09-01 13:33:14.0000003,7.7441554
2012-09-01 13:33:14.0000002,11.54528
2012-09-01 13:33:14.0000001,13.950717
2011-04-17 14:55:58.0000001,3.8262832
2010-05-31 20:43:42.0000002,7.5268364
2013-11-22 23:44:34.0000002,12.607899
2013-11-22 23:44:34.0000001,7.395573
2013-05-17 05:30:10.0000002,11.962226
2013-05-17 05:30:10.0000001,7.909776
2009-07-28 11:13:10.0000001,11.323491
2014-05-18 14:43:26.0000001,11.148472
2014-05-18 14:43:26.0000002,7.193657
2014-05-18 14:43:26.0000003,6.40123
2011-10-08 18:18:26.0000005,9.933666
2011-10-08 18:18:26.0000001,4.285239
2011-10-08 18:18:26.0000004,13.540977
2013-09-27 04:39:14.0000001,12.028135
2011-02-08 01:44:18.0000001,11.742438
2015-01-12 06:21:38.0000001,7.389742
2015-01-12 06:21:38.0000002,21.085077
2010-03-23 13:23:34.0000004,5.4329705
2010-03-23 13:23:34.0000002,15.018159
2010-03-23 13:23:34.0000001,5.2574806
2009-04-02 06:19:02.0000001,8.793799
2012-01-12 18:05:10.0000003,9.473626
2012-01-12 18:05:10.0000001,25.050802
2014-11-21 02:04:42.0000002,11.153147
2014-11-21 02:04:42.0000003,13.776521
2014-11-21 02:04:42.0000001,25.15121
2010-10-09 03:54:42.0000001,4.7382674
2012-04-03 12:26:14.0000002,5.4771333
2012-04-03 12:26:14.0000001,33.46957
2012-04-03 12:26:14.0000003,11.333245
2010-12-21 08:46:02.0000005,10.698561
2010-12-21 08:46:02.0000004,8.580883
2010-12-21 08:46:02.0000003,9.86536
2010-06-19 22:52:30.0000002,5.8857822
2010-06-19 22:52:30.0000001,11.576423
2013-01-03 01:43:10.0000001,23.04474
2013-11-24 03:44:46.0000004,11.486681
2013-11-24 03:44:46.0000002,16.747456
2013-11-24 03:44:46.0000005,15.390773
2011-04-16 12:57:18.0000001,6.5655065
2012-10-11 22:24:18.0000001,11.505107
2010-12-13 23:24:02.0000002,9.147346
2010-12-13 23:24:02.0000001,9.279186
2011-09-14 23:42:46.0000001,10.555826
2011-05-17 23:42:46.0000001,4.9000826
2011-05-17 23:42:46.0000004,46.329426
2011-05-17 23:42:46.0000002,10.378846
2011-05-17 23:42:46.0000005,4.1788716
2011-05-17 23:42:46.0000007,8.764959
2013-06-30 03:37:26.0000002,5.764141
2013-06-30 03:37:26.0000005,20.04138
2013-06-30 03:37:26.0000001,4.6952477
2013-06-30 03:37:26.0000004,17.275476
2011-05-26 21:36:54.0000001,5.2178397
2009-11-09 06:00:22.0000001,4.0329933
2014-01-09 17:27:18.0000002,35.098755
2014-01-09 17:27:18.0000001,5.5069175
2014-01-09 17:27:18.0000005,10.079441
2014-01-09 17:27:18.0000006,5.210949
2014-01-09 17:27:18.0000007,8.029826
2012-07-01 00:24:58.0000003,7.2389865
2012-07-01 00:24:58.0000001,8.443188
2012-07-01 00:24:58.0000002,12.203474
2010-06-02 14:55:22.0000003,6.6536856
2010-06-02 14:55:22.0000002,5.144334
2010-06-02 14:55:22.0000004,6.431326
2010-06-02 14:55:22.0000006,7.413057
2010-06-02 14:55:22.0000001,15.553367
2010-06-02 14:55:22.0000005,8.5862465
2013-03-07 08:50:34.0000001,20.372704
2013-03-07 08:50:34.0000005,7.693296
2013-03-07 08:50:34.0000002,14.403716
2013-03-07 08:50:34.0000006,13.311866
2013-03-07 08:50:34.0000003,13.669033
2013-03-07 08:50:34.0000004,13.797254
2013-10-28 00:33:30.0000001,7.934029
2013-11-23 16:33:30.0000003,13.143531
2013-11-23 16:33:30.0000001,7.3599977
2014-11-06 07:56:46.0000002,7.287416
2014-11-06 07:56:46.0000001,7.4093432
2013-04-05 12:38:22.0000001,17.313456
2014-11-06 02:02:10.0000001,5.851195
2012-10-09 07:47:46.0000002,9.007728
2012-10-09 07:47:46.0000001,11.467243
2012-10-09 07:47:46.0000003,10.544461
2012-10-09 07:47:46.0000004,10.297464
2012-10-09 07:47:46.0000005,5.451772
2013-11-21 22:21:58.0000001,18.399328
2014-12-20 01:57:26.0000001,9.554293
2014-12-20 01:57:26.0000004,5.490139
2014-12-20 01:57:26.0000003,11.115099
2014-12-20 01:57:26.0000002,5.3241982
2010-01-09 13:24:22.0000003,5.9102798
2011-11-02 02:18:18.0000001,20.185513
2009-03-11 21:46:54.0000003,8.430144
2009-03-11 21:46:54.0000005,15.298938
2009-03-11 21:46:54.0000001,8.351206
2009-03-11 21:46:54.0000004,25.971745
2014-12-07 03:45:18.0000001,8.13886
2014-12-07 03:45:18.0000002,14.887127
2014-12-07 03:45:18.0000004,19.688845
2014-12-07 03:45:18.0000003,8.266803
2014-11-29 19:23:58.0000001,11.307948
2010-03-04 09:49:38.0000002,18.534826
2010-03-04 09:49:38.0000001,8.473776
2010-03-04 09:49:38.0000003,4.205926
2009-10-10 06:52:06.0000001,4.8594265
2009-10-10 06:52:06.0000002,10.3669405
2012-08-22 20:54:46.0000003,7.095209
2012-08-22 20:54:46.0000001,8.917662
2012-08-22 20:54:46.0000002,5.6230936
2015-05-01 07:49:14.0000001,4.8279524
2009-02-21 20:49:34.0000001,9.0670805
2012-08-10 14:04:14.0000005,7.4523883
2012-08-10 14:04:14.0000006,20.374315
2012-08-10 14:04:14.0000004,6.2889633
2012-08-10 14:04:14.0000003,5.1667476
2012-08-10 14:04:14.0000007,5.203299
2012-08-10 14:04:14.0000002,10.249187
2013-05-10 21:08:18.0000002,20.99427
2013-05-10 21:08:18.0000003,8.016704
2013-05-10 21:08:18.0000005,5.6472006
2013-05-10 21:08:18.0000004,12.306218
2013-05-10 21:08:18.0000001,4.9184675
2009-09-25 12:59:18.0000001,8.017776
2014-08-02 21:05:42.0000002,13.610305
2014-08-02 21:05:42.0000001,5.7988553
2013-10-29 20:16:10.0000002,5.8505135
2013-10-29 20:16:10.0000001,16.771318
2009-11-11 22:49:46.0000003,8.690058
2009-11-11 22:49:46.0000002,7.8352695
2009-11-11 22:49:46.0000001,5.2077045
2009-10-17 03:52:42.0000002,7.283851
2009-10-17 03:52:42.0000007,4.9264283
2009-10-17 03:52:42.0000006,5.98641
2009-10-17 03:52:42.0000003,13.467773
2009-10-17 03:52:42.0000001,5.4734197
2009-10-17 03:52:42.0000004,5.675969
2014-02-27 09:36:26.0000007,11.595541
2014-02-27 09:36:26.0000008,8.908809
2014-02-27 09:36:26.0000002,5.693789
2014-02-27 09:36:26.0000005,5.780765
2014-02-27 09:36:26.0000003,6.5510683
2014-02-27 09:36:26.0000006,11.403819
2014-02-27 09:36:26.0000004,14.874685
2014-02-27 09:36:26.0000009,4.682113
2012-12-26 17:12:30.0000003,9.264772
2012-12-26 17:12:30.0000005,19.676702
2012-12-26 17:12:30.0000001,8.090398
2012-12-26 17:12:30.0000004,10.442833
2014-03-11 20:24:02.0000003,7.981789
2014-03-11 20:24:02.0000002,7.018179
2014-03-11 20:24:02.0000004,7.057897
2011-01-29 09:28:38.0000002,7.2562675
2011-01-29 09:28:38.0000001,7.1493382
2011-01-29 09:28:38.0000003,7.1706705
2011-01-29 09:28:38.0000005,5.688645
2011-01-29 09:28:38.0000004,7.6885896
2015-05-07 15:33:26.0000003,6.020985
2015-05-07 15:33:26.0000007,6.8469086
2015-05-07 15:33:26.0000001,10.631585
2015-05-07 15:33:26.0000002,13.482928
2015-05-07 15:33:26.0000006,6.486915
2010-10-25 13:31:22.0000003,4.963069
2010-10-25 13:31:22.0000002,15.627028
2010-10-25 13:31:22.0000001,4.694456
2010-10-25 13:31:22.0000004,9.572883
2012-09-10 21:07:54.0000005,21.394505
2012-09-10 21:07:54.0000004,12.019938
2012-09-10 21:07:54.0000003,5.4080715
2012-09-10 21:07:54.0000007,9.876342
2012-09-10 21:07:54.0000002,10.523814
2012-09-10 21:07:54.0000006,9.211717
2012-09-10 21:07:54.0000001,7.8322763
2012-04-15 21:54:22.0000001,6.973008
2012-04-20 00:06:10.0000007,6.241211
2012-04-20 00:06:10.0000001,6.989423
2012-04-20 00:06:10.0000002,7.943914
2012-04-20 00:06:10.0000006,6.8665886
2012-04-20 00:06:10.0000005,4.6337194
2012-04-20 00:06:10.0000008,13.702986
2012-06-12 23:10:42.0000001,10.969339
2012-06-12 23:10:42.0000003,11.426696
2012-06-12 23:10:42.0000002,33.75106
2009-04-30 22:25:26.0000004,11.630494
2009-04-30 22:25:26.0000003,10.429042
2009-04-30 22:25:26.0000002,6.419936
2009-04-30 22:25:26.0000001,5.9996223
2011-02-20 06:18:34.0000001,31.000002
2011-02-20 06:18:34.0000002,5.737628
2013-04-21 19:50:54.0000003,42.30823
2011-06-11 21:33:18.0000001,12.319965
2013-02-06 18:21:18.0000006,8.991659
2013-02-06 18:21:18.0000002,9.266503
2013-02-06 18:21:18.0000003,13.1749325
2013-02-06 18:21:18.0000004,6.997845
2014-05-01 21:05:34.0000002,5.814725
2014-05-01 21:05:34.0000003,16.83571
2013-07-21 11:41:26.0000001,15.193875
2013-07-21 11:41:26.0000002,4.945798
2011-04-22 19:23:54.0000001,10.790077
2011-04-22 19:23:54.0000003,6.997124
2011-04-22 19:23:54.0000002,47.319553
2012-09-04 05:46:50.0000001,5.728604
2012-09-04 05:46:50.0000002,27.049986
2009-03-24 11:57:34.0000005,13.037263
2009-03-24 11:57:34.0000004,5.8381486
2009-03-24 11:57:34.0000003,4.3265424
2009-03-24 11:57:34.0000002,3.7276592
2009-03-24 11:57:34.0000001,4.9858384
2011-07-05 22:05:34.0000001,7.2963085
2011-09-17 15:41:06.0000001,7.3685393
2011-09-17 15:41:06.0000003,5.373957
2011-12-25 04:37:10.0000001,7.3360868
2015-03-05 13:21:58.0000002,11.145275
2015-03-05 13:21:58.0000003,7.739463
2014-09-01 09:16:10.0000001,8.857253
2015-06-21 17:16:10.0000007,7.0503316
2015-06-21 17:16:10.0000002,13.730649
2015-06-21 17:16:10.0000006,14.436839
2015-06-21 17:16:10.0000003,12.541073
2015-06-21 17:16:10.0000004,10.446367
2010-06-02 22:04:10.0000003,7.563042
2010-06-02 22:04:10.0000004,14.550469
2010-06-02 22:04:10.0000005,6.9141383
2010-06-02 22:04:10.0000006,5.524397
2014-03-01 09:37:02.0000001,5.1623054
2014-03-01 09:37:02.0000002,5.919795
2014-03-01 09:37:02.0000003,57.365746
2011-07-18 12:12:18.0000001,6.150191
2011-07-18 12:12:18.0000003,5.3787184
2011-07-18 12:12:18.0000002,7.234511
2015-02-27 19:36:02.0000009,13.242297
2015-02-27 19:36:02.00000010,5.0830135
2015-02-27 19:36:02.00000012,13.932621
2015-02-27 19:36:02.0000004,6.3753047
2015-02-27 19:36:02.00000011,8.85516
2015-02-27 19:36:02.0000003,9.63192
2015-02-27 19:36:02.0000001,28.503311
2015-02-27 19:36:02.0000002,6.9887066
2015-02-27 19:36:02.0000007,24.32946
2012-04-16 21:10:10.0000001,8.760269
2015-06-14 08:26:26.0000001,5.2476625
2014-01-15 22:45:42.0000003,6.7196717
2014-01-15 22:45:42.0000001,50.425816
2014-01-15 22:45:42.0000002,12.407653
2013-04-06 19:16:10.0000001,4.134656
2013-04-06 19:16:10.0000003,9.408858
2013-04-06 19:16:10.0000004,8.982396
2013-04-06 19:16:10.0000005,12.950219
2014-03-08 16:08:26.0000002,13.757448
2014-03-08 16:08:26.0000004,4.8983965
2013-12-06 23:40:42.0000001,9.889299
2013-12-06 23:40:42.0000006,37.296677
2013-12-06 23:40:42.0000002,38.38269
2013-12-06 23:40:42.0000003,14.208824
2013-08-19 17:09:50.0000001,4.604534
2013-08-19 17:09:50.0000002,10.943749
2013-08-19 17:09:50.0000004,6.2377224
2013-08-19 17:09:50.0000003,11.034339
2009-11-02 21:38:38.0000001,10.175853
2009-06-03 09:11:30.0000004,8.628522
2009-06-03 09:11:30.0000003,14.201275
2009-06-03 09:11:30.0000002,7.7309732
2009-06-03 09:11:30.0000005,5.4018054
2015-03-12 13:01:54.0000002,9.945049
2015-03-12 13:01:54.0000005,13.795002
2015-03-12 13:01:54.0000004,10.059959
2015-03-12 13:01:54.0000001,6.574016
2013-02-05 06:13:58.0000003,13.063637
2013-02-05 06:13:58.0000002,54.670696
2013-02-05 06:13:58.0000001,19.666597
2014-05-19 06:39:34.0000001,5.9350286
2014-10-04 21:48:22.0000003,6.945846
2014-10-04 21:48:22.0000002,7.9722695
2014-10-04 21:48:22.0000004,31.258924
2012-01-22 04:13:34.0000005,10.602958
2012-01-22 04:13:34.0000006,5.701548
2012-01-22 04:13:34.0000004,9.0328
2012-01-22 04:13:34.0000002,12.2645035
2010-07-27 06:13:02.0000001,19.805872
2013-06-21 11:19:18.0000002,5.92767
2013-06-21 11:19:18.0000001,10.69365
2010-12-23 05:52:26.0000001,28.293009
2010-12-23 05:52:26.0000002,47.99912
2010-12-17 10:33:34.0000004,8.764349
2010-12-17 10:33:34.0000002,4.6479025
2012-06-04 11:34:58.0000003,9.26884
2012-06-04 11:34:58.0000004,6.5445166
2012-06-04 11:34:58.0000001,15.940643
2009-07-05 16:31:30.0000001,3.692603
2009-07-05 16:31:30.0000002,6.841441
2009-07-05 16:31:30.0000003,25.222095
2012-12-08 20:08:38.0000004,5.4073024
2012-12-08 20:08:38.0000003,11.182974
2012-12-08 20:08:38.0000005,12.3864975
2010-06-23 08:34:50.0000003,9.741374
2010-06-23 08:34:50.0000002,5.0341477
2010-06-23 08:34:50.0000001,7.0700445
2012-03-07 10:57:46.0000001,8.832799
2012-03-07 10:57:46.0000004,15.150557
2012-03-07 10:57:46.0000005,6.1425676
2012-03-07 10:57:46.0000002,7.2472825
2012-03-07 10:57:46.0000003,7.9845867
2010-02-24 07:06:54.0000001,7.1226363
2013-12-29 01:20:50.0000003,18.159472
2013-12-29 01:20:50.0000001,7.5050664
2014-03-28 22:34:26.0000001,25.98518
2014-03-28 22:34:26.0000004,5.0317883
2014-03-28 22:34:26.0000003,10.006731
2010-12-04 21:08:38.0000002,10.610855
2010-12-04 21:08:38.0000001,17.867714
2010-12-04 21:08:38.0000006,7.790285
2010-12-04 21:08:38.0000003,6.2792716
2010-03-07 17:09:42.0000002,14.181647
2010-03-07 17:09:42.0000003,6.095407
2010-03-07 17:09:42.0000001,11.184773
2010-03-07 17:09:42.0000004,12.125294
2013-09-07 19:43:18.0000004,14.001521
2013-09-07 19:43:18.0000005,19.187975
2013-09-07 19:43:18.0000006,11.461067
2013-09-07 19:43:18.0000008,9.291215
2013-09-07 19:43:18.0000001,7.530501
2013-12-20 15:31:06.0000001,9.090273
2013-12-20 15:31:06.0000002,9.985442
2010-09-06 04:31:54.0000001,20.798048
2013-11-01 05:26:54.0000001,50.086975
2010-03-07 00:47:26.0000004,16.519526
2012-03-20 01:55:42.0000001,18.695463
2011-10-02 05:06:46.0000001,13.661805
2010-10-31 18:45:58.0000003,5.154375
2010-10-31 18:45:58.0000002,18.155556
2010-10-31 18:45:58.0000001,7.9005
2010-10-31 18:45:58.0000005,4.331792
2015-02-03 09:00:58.0000002,10.06936
2012-08-08 08:58:50.0000001,7.5788784
2012-08-08 08:58:50.0000004,5.4897623
2012-08-08 08:58:50.0000005,7.260172
2012-08-08 08:58:50.0000003,8.518671
2011-04-08 15:01:02.0000001,9.678476
2011-04-08 15:01:02.0000003,6.4014688
2009-01-14 03:42:38.0000001,9.002673
2015-01-10 09:38:54.0000007,13.741599
2015-01-10 09:38:54.0000003,7.6933823
2015-01-10 09:38:54.0000004,15.960116
2010-12-04 09:25:10.0000001,10.694178
2010-12-04 09:25:10.0000002,7.342724
2009-05-12 17:08:06.0000001,14.979285
2013-11-07 02:07:22.0000001,18.388702
2014-10-03 00:50:06.0000004,16.321852
2014-10-03 00:50:06.0000001,6.9666734
2014-10-03 00:50:06.0000002,13.181817
2010-06-18 19:19:26.0000001,28.958755
2010-06-18 19:19:26.0000002,4.7877564
2010-06-18 19:19:26.0000003,6.039966
2010-05-10 03:55:14.0000001,8.17317
2013-06-21 00:00:34.0000001,21.279007
2013-06-21 00:00:34.0000002,22.10325
2013-06-21 00:00:34.0000003,13.188462
2009-03-11 16:02:14.0000006,7.10047
2009-03-11 16:02:14.0000004,6.806667
2009-03-11 16:02:14.0000002,10.682396
2009-03-11 16:02:14.0000001,4.2807817
2009-03-11 16:02:14.0000005,7.4498463
2009-03-11 16:02:14.0000003,6.0861764
2013-07-05 17:38:14.0000001,9.600887
2013-08-26 01:11:14.0000002,12.055513
2013-08-26 01:11:14.0000001,10.237779
2012-07-30 01:49:10.0000001,4.4173284
2012-07-30 01:49:10.0000002,16.23953
2011-05-13 03:57:10.0000001,6.244508
2012-02-29 12:03:34.0000004,11.927884
2012-02-29 12:03:34.0000002,4.683818
2012-02-29 12:03:34.0000001,8.841639
2013-12-17 17:59:22.0000001,6.049597
2012-09-18 09:58:54.0000003,10.618566
2012-09-18 09:58:54.0000002,38.968166
2012-09-18 09:58:54.0000001,12.357486
2013-07-23 18:56:30.0000002,6.786608
2013-07-23 18:56:30.0000001,7.1737423
2014-05-15 01:39:14.0000001,28.730383
2013-09-16 14:16:34.0000003,6.9623127
2013-09-16 14:16:34.0000001,39.74519
2014-01-04 17:27:38.0000001,26.780079
2014-01-04 17:27:38.0000002,9.545982
2014-01-04 17:27:38.0000003,9.516465
2011-03-10 18:16:14.0000003,7.3148904
2011-03-10 18:16:14.0000004,5.5351877
2011-03-10 18:16:14.0000001,4.5315285
2013-04-05 06:42:26.0000002,7.6614804
2013-04-05 06:42:26.0000001,12.557783
2009-03-11 12:01:30.0000001,14.827271
2009-03-11 12:01:30.0000002,5.7838182
2009-03-11 12:01:30.0000004,6.9302387
2015-01-20 05:31:06.0000001,59.862442
2009-08-03 17:06:06.0000001,5.3739533
2014-01-05 08:51:10.0000001,6.581632
2010-03-13 01:23:10.0000002,20.126749
2010-03-13 01:23:10.0000003,5.274427
2012-05-30 02:28:50.0000001,9.806654
2012-07-26 12:40:38.0000002,6.5312743
2012-07-26 12:40:38.0000001,31.759058
2012-07-26 12:40:38.0000003,9.332488
2010-09-22 16:28:54.0000003,7.54314
2010-09-22 16:28:54.0000001,8.580925
2010-09-22 16:28:54.0000002,25.110456
2014-05-26 22:57:10.0000002,6.0744834
2014-05-26 22:57:10.0000003,15.005862
2014-05-26 22:57:10.0000005,6.0628686
2014-05-26 22:57:10.0000004,11.357531
2012-02-11 07:03:34.0000001,3.2965577
2010-06-27 05:03:38.0000001,5.80652
2014-09-29 11:51:06.0000001,20.255407
2014-09-29 11:51:06.0000002,6.3654304
2010-09-04 18:31:42.0000002,10.959513
2010-09-04 18:31:42.0000001,19.792757
2015-04-14 19:20:46.0000001,10.335389
2015-04-14 19:20:46.0000005,6.3246846
2015-04-14 19:20:46.00000010,5.4450235
2015-04-14 19:20:46.0000007,4.7025566
2015-04-14 19:20:46.0000004,6.2990184
2015-04-14 19:20:46.0000003,11.894829
2015-04-14 19:20:46.0000006,7.7972555
2015-04-14 19:20:46.0000002,8.829969
2015-04-14 19:20:46.0000009,10.537745
2009-07-20 08:53:34.0000002,4.9605536
2009-07-20 08:53:34.0000001,7.046159
2013-04-03 16:09:02.0000002,4.7065277
2013-04-03 16:09:02.0000001,69.96103
2009-11-20 23:19:58.0000001,6.63372
2009-11-20 23:19:58.0000002,9.858326
2012-08-04 09:01:54.0000002,9.944329
2012-08-04 09:01:54.0000001,3.9808123
2011-09-22 20:05:22.0000007,9.1806135
2011-09-22 20:05:22.0000001,9.981277
2011-09-22 20:05:22.0000005,10.8067
2011-09-22 20:05:22.0000006,5.4380546
2014-08-09 01:27:30.0000002,6.6754456
2011-02-15 05:44:42.0000002,12.2118635
2011-02-15 05:44:42.0000001,48.901924
2014-10-31 12:04:26.0000002,34.98231
2014-10-31 12:04:26.0000001,6.7991486
2015-02-09 07:16:26.0000006,5.049793
2015-02-09 07:16:26.0000004,6.424294
2015-02-09 07:16:26.0000007,5.1393814
2015-02-09 07:16:26.0000001,5.383711
2015-02-09 07:16:26.0000002,10.590249
2015-02-09 07:16:26.0000008,6.0567975
2015-02-09 07:16:26.0000003,8.795822
2011-09-08 17:26:34.0000001,8.229734
2011-09-08 17:26:34.0000003,11.695646
2011-09-08 17:26:34.0000002,11.49943
2011-09-08 17:26:34.0000004,6.8403935
2013-04-10 21:03:42.0000004,6.509485
2013-04-10 21:03:42.0000005,10.169528
2013-04-10 21:03:42.0000003,5.7480764
2013-04-10 21:03:42.0000002,11.605793
2013-04-10 21:03:42.0000001,5.6050186
2011-12-29 19:29:50.0000003,6.8193398
2011-12-29 19:29:50.0000004,13.784519
2011-12-29 19:29:50.0000001,9.163524
2013-09-26 15:50:06.0000003,5.055258
2013-09-26 15:50:06.0000005,17.327839
2013-09-26 15:50:06.0000002,6.9817276
2013-09-26 15:50:06.0000001,12.117091
2013-09-26 15:50:06.0000004,7.4055347
2012-10-01 07:18:06.0000001,5.66039
2012-10-01 07:18:06.0000002,6.463821
2013-03-14 21:43:46.0000001,14.85228
2012-10-05 23:47:02.0000001,9.960482
2009-02-08 00:04:06.0000004,12.689625
2009-02-08 00:04:06.0000002,29.074545
2012-02-04 22:47:18.0000001,5.529483
2012-02-04 22:47:18.0000003,6.1603513
2012-05-06 03:01:10.0000003,5.654956
2012-05-06 03:01:10.0000002,11.688872
2014-07-08 08:56:58.0000001,7.999215
2010-01-09 08:29:14.0000003,3.9963434
2010-01-09 08:29:14.0000002,7.5267425
2010-01-09 08:29:14.0000001,14.111537
2010-01-09 08:29:14.0000004,5.308684
2010-12-06 03:36:58.0000001,4.2846327
2011-10-19 05:25:18.0000002,27.17725
2011-10-19 05:25:18.0000001,7.2704115
2014-06-14 08:13:22.0000002,19.576937
2014-06-14 08:13:22.0000003,19.643082
2014-06-14 08:13:22.0000001,14.569991
2011-02-19 10:14:58.0000002,6.023507
2014-12-25 03:10:26.0000001,10.613738
2009-06-16 14:32:38.0000003,5.7851605
2009-06-16 14:32:38.0000001,8.272695
2009-06-16 14:32:38.0000005,10.327998
2009-06-16 14:32:38.0000006,7.4446154
2009-06-16 14:32:38.0000002,7.8751554
2009-06-16 14:32:38.0000004,16.429853
2010-08-16 17:14:18.0000001,44.034615
2013-04-29 09:18:06.0000004,6.7680416
2013-04-29 09:18:06.0000002,31.290276
2013-04-29 09:18:06.0000005,9.834834
2013-04-29 09:18:06.0000001,22.327288
2013-04-29 09:18:06.0000003,11.514592
2013-06-23 14:52:34.0000002,29.399843
2013-06-23 14:52:34.0000001,5.5077376
2013-03-28 05:22:58.0000001,6.660918
2015-06-08 20:18:30.0000006,9.3216715
2015-06-08 20:18:30.0000003,6.9019575
2015-06-08 20:18:30.0000002,16.546694
2015-06-08 20:18:30.0000001,9.871358
2015-06-08 20:18:30.0000004,10.901227
2015-06-08 20:18:30.0000005,12.321767
2011-09-08 13:39:06.0000001,7.161539
2012-03-03 02:30:54.0000001,6.2700562
2012-03-03 02:30:54.0000002,7.6902437
2012-03-03 02:30:54.0000004,9.064625
2010-03-27 20:11:10.0000003,5.1762547
2010-03-27 20:11:10.0000001,8.072564
2010-03-27 20:11:10.0000002,10.985327
2009-08-11 22:40:02.0000002,7.9022927
2009-08-11 22:40:02.0000003,32.305202
2009-08-11 22:40:02.0000004,4.0569873
2009-08-11 22:40:02.0000005,13.160967
2009-08-11 22:40:02.0000001,5.077042
2012-12-27 21:01:54.0000001,7.2324505
2012-12-27 21:01:54.0000003,6.1171346
2012-12-27 21:01:54.0000006,9.642185
2012-12-27 21:01:54.0000007,18.267345
2012-12-27 21:01:54.0000008,10.609089
2015-04-16 18:45:22.0000003,6.8634734
2015-04-16 18:45:22.0000002,5.9627495
2015-04-16 18:45:22.0000001,10.745855
2015-04-16 18:45:22.0000005,19.36464
2014-05-17 10:51:46.0000001,7.1515746
2014-05-17 10:51:46.0000004,6.728817
2014-05-17 10:51:46.0000002,29.611572
2009-05-04 11:23:18.0000001,7.317149
2009-05-04 11:23:18.0000003,6.9125614
2009-05-04 11:23:18.0000002,7.8775744
2013-07-22 14:30:06.0000002,5.853126
2013-07-22 14:30:06.0000001,16.449446
2015-05-31 20:48:54.0000005,4.743097
2015-05-31 20:48:54.0000004,10.041202
2015-05-31 20:48:54.0000001,4.5238485
2010-07-16 06:44:06.0000001,5.683494
2010-07-16 06:44:06.0000003,12.638144
2010-07-16 06:44:06.0000004,16.444187
2010-07-16 06:44:06.0000002,14.592107
2013-01-06 12:39:54.0000003,7.8054357
2013-01-06 12:39:54.0000001,7.308481
2013-01-06 12:39:54.0000004,8.259669
2013-01-06 12:39:54.0000002,6.401733
2013-01-06 12:39:54.0000005,3.995763
2012-12-15 15:55:42.0000001,8.055592
2012-12-15 15:55:42.0000002,9.481941
2010-05-06 11:35:26.0000001,5.9459095
2010-05-06 11:35:26.0000003,17.667091
2014-01-06 10:16:02.0000001,18.47409
2014-01-06 10:16:02.0000002,6.3141727
2012-07-24 04:44:26.0000001,9.657011
2010-08-06 15:37:14.0000007,7.15778
2010-08-06 15:37:14.0000003,7.820833
2010-08-06 15:37:14.0000006,8.720416
2010-08-06 15:37:14.0000005,29.675646
2010-08-06 15:37:14.0000004,10.28962
2010-08-06 15:37:14.0000002,11.281161
2010-08-06 15:37:14.0000001,6.811636
2010-11-10 23:21:50.0000002,6.7275195
2010-11-10 23:21:50.0000003,7.364358
2013-03-31 00:09:58.0000002,9.046189
2013-03-31 00:09:58.0000003,10.543264
2010-02-01 00:05:42.0000001,10.074344
2010-02-01 00:05:42.0000002,14.856152
2009-06-18 18:47:22.0000003,11.77286
2009-06-18 18:47:22.0000001,8.483873
2009-06-18 18:47:22.0000002,10.434492
2015-01-03 08:47:26.0000001,11.299736
2015-01-03 08:47:26.0000002,11.918555
2014-06-20 02:16:34.0000001,7.681867
2011-02-03 07:13:06.0000001,5.317044
2014-01-14 18:48:06.0000007,12.447317
2014-01-14 18:48:06.0000002,6.0387254
2014-01-14 18:48:06.0000003,5.6301346
2014-01-14 18:48:06.0000004,7.558753
2014-01-14 18:48:06.0000001,8.539039
2014-01-14 18:48:06.0000005,7.272298
2014-01-14 18:48:06.0000006,7.009856
2013-10-18 05:08:54.0000001,33.654083
2011-07-20 08:05:02.0000003,7.726423
2011-07-20 08:05:02.0000002,4.9944043
2011-07-20 08:05:02.0000004,8.916478
2009-05-03 16:02:54.0000005,7.866079
2009-05-03 16:02:54.0000003,5.8293195
2009-05-03 16:02:54.0000002,6.025756
2009-05-03 16:02:54.0000001,14.500876
2012-09-06 17:58:06.0000001,4.4763684
2012-09-06 17:58:06.0000003,16.24568
2014-04-06 16:47:14.0000003,6.36682
2014-09-06 03:52:50.0000002,11.527208
2013-07-27 09:59:18.0000001,7.4584417
2014-12-26 20:19:38.0000002,6.5113907
2014-01-01 13:06:34.0000001,6.526277
2011-12-25 15:35:54.0000003,6.3126297
2011-12-25 15:35:54.0000004,8.167965
2015-05-14 23:11:58.0000001,17.301384
2015-05-14 23:11:58.0000007,10.378623
2015-05-14 23:11:58.0000003,7.8108716
2015-05-14 23:11:58.0000005,8.323749
2015-05-14 23:11:58.0000008,9.732781
2015-05-14 23:11:58.0000002,12.610874
2015-05-14 23:11:58.0000006,5.907755
2015-04-22 09:54:06.0000002,7.6389256
2015-04-22 09:54:06.0000003,6.6240063
2009-03-22 07:02:02.0000001,7.1624722
2012-04-30 04:34:50.0000001,17.877892
2009-01-21 09:13:50.0000003,4.3182135
2009-01-21 09:13:50.0000004,5.909488
2009-01-21 09:13:50.0000001,9.211909
2009-01-21 09:13:50.0000002,7.3939624
2010-06-11 18:07:10.0000002,5.264889
2010-06-11 18:07:10.0000001,4.1600604
2010-06-11 18:07:10.0000004,12.472454
2010-06-11 18:07:10.0000003,13.7613
2012-09-01 19:04:18.0000002,9.00151
2014-06-18 06:22:42.0000001,6.637323
2014-06-18 06:22:42.0000002,9.916022
2009-12-09 08:34:30.0000001,7.0897408
2009-12-09 08:34:30.0000002,5.767446
2009-12-09 08:34:30.0000003,44.26169
2009-12-09 08:34:30.0000004,48.59234
2013-06-06 02:54:50.0000002,11.680962
2013-06-06 02:54:50.0000003,7.291252
2010-07-19 12:15:54.0000003,6.9191527
2010-07-19 12:15:54.0000002,11.273582
2010-07-19 12:15:54.0000001,5.763132
2010-07-19 12:15:54.0000004,5.828533
2013-12-18 12:36:46.0000001,9.476835
2013-12-18 12:36:46.0000003,42.09927
2013-12-18 12:36:46.0000004,7.733831
2013-12-18 12:36:46.0000002,9.792633
2009-01-25 21:17:18.0000002,7.658624
2009-01-25 21:17:18.0000003,5.9204526
2012-10-03 09:18:22.0000002,8.121224
2012-10-03 09:18:22.0000003,10.933128
2012-10-03 09:18:22.0000004,7.3025827
2012-10-03 09:18:22.0000001,14.635071
2012-10-03 09:18:22.0000005,12.285327
2012-06-13 19:49:50.0000003,9.83128
2012-06-13 19:49:50.0000002,12.759096
2012-06-13 19:49:50.0000001,4.298121
2011-09-03 00:03:42.0000004,4.738616
2011-09-03 00:03:42.0000009,13.443421
2011-09-03 00:03:42.0000001,6.399182
2011-09-03 00:03:42.0000003,5.938451
2011-09-03 00:03:42.0000006,8.401492
2011-09-03 00:03:42.0000002,7.5506663
2011-09-03 00:03:42.0000005,7.5347342
2009-01-27 13:27:30.0000002,10.555601
2009-01-27 13:27:30.0000001,6.922173
2009-07-03 00:41:38.0000001,8.703067
2009-07-03 00:41:38.0000002,4.6875157
2010-05-29 11:51:30.0000001,5.4019156
2013-07-02 22:27:14.0000005,7.3373094
2013-07-02 22:27:14.0000003,11.374932
2015-05-09 11:33:58.0000004,6.3574853
2015-05-09 11:33:58.0000001,7.431195
2015-05-09 11:33:58.0000003,35.8186
2011-07-18 00:04:54.0000002,5.018888
2011-04-03 03:46:18.0000002,9.681405
2009-11-03 13:04:46.0000003,6.493823
2009-11-03 13:04:46.0000002,17.286354
2009-11-03 13:04:46.0000001,8.516758
2010-06-25 14:00:14.0000002,7.862332
2010-12-20 09:39:02.0000001,12.757693
2010-12-20 09:39:02.0000002,6.911095
2014-05-20 14:43:10.0000001,9.286007
2014-05-20 14:43:10.0000002,5.867767
2010-09-16 05:07:10.0000001,6.2839847
2011-08-01 17:44:30.0000006,7.3734927
2011-08-01 17:44:30.0000005,5.6057467
2011-08-01 17:44:30.0000001,9.040455
2011-08-01 17:44:30.0000002,8.078919
2011-08-01 17:44:30.0000004,4.6424856
2011-03-01 07:23:14.0000003,5.577903
2011-03-01 07:23:14.0000001,5.508251
2011-06-24 13:23:18.0000004,13.0045595
2011-06-24 13:23:18.0000001,14.900568
2011-06-24 13:23:18.0000002,17.091026
2011-06-24 13:23:18.0000003,10.458269
2013-11-19 02:41:10.0000001,9.341067
2012-01-01 18:02:46.0000003,4.5231166
2012-01-01 18:02:46.0000002,8.35606
2015-03-28 19:31:26.0000002,6.377855
2015-03-28 19:31:26.0000006,7.550354
2015-03-28 19:31:26.0000001,8.541993
2015-03-28 19:31:26.0000005,12.421889
2010-07-13 11:53:15.0000004,7.5648136
2010-07-13 11:53:15.0000001,10.882099
2010-07-13 11:53:15.0000007,14.877695
2010-07-13 11:53:15.0000002,8.975281
2013-02-07 13:47:59.0000004,9.662849
2013-02-07 13:47:59.0000001,4.4602127
2013-02-07 13:47:59.0000003,9.26674
2013-08-08 14:38:43.0000001,4.462772
2013-08-08 14:38:43.0000003,6.0869784
2015-05-19 13:58:11.0000003,36.872246
2015-05-19 13:58:11.0000008,11.88179
2015-05-19 13:58:11.0000005,13.175028
2015-05-19 13:58:11.0000007,44.809395
2015-05-19 13:58:11.0000004,7.2562037
2015-05-19 13:58:11.0000002,14.187465
2012-07-31 22:21:11.0000001,7.148114
2012-07-31 22:21:11.0000002,4.2258205
2013-01-03 08:50:31.0000001,11.283416
2013-01-03 08:50:31.0000002,6.9606867
2013-01-03 08:50:31.0000007,7.9178243
2013-01-03 08:50:31.0000004,9.166321
2013-01-03 08:50:31.0000006,29.312246
2013-01-03 08:50:31.0000005,20.508657
2009-04-14 17:43:23.0000003,5.2457557
2009-04-14 17:43:23.0000007,12.698762
2009-04-14 17:43:23.0000006,9.641664
2009-04-14 17:43:23.0000008,6.355025
2009-04-14 17:43:23.0000004,10.53131
2009-04-14 17:43:23.0000005,6.50223
2009-11-19 22:48:27.0000003,8.352152
2009-11-19 22:48:27.0000002,19.037163
2009-11-19 22:48:27.0000004,6.6694674
2013-02-15 00:37:15.0000003,15.1371765
2013-02-15 00:37:15.0000002,12.961294
2013-02-15 00:37:15.0000001,9.581587
2012-03-25 04:50:39.0000002,11.549065
2012-03-24 23:33:59.0000001,6.341557
2012-12-26 18:28:55.0000002,7.342745
2012-12-26 18:28:55.0000005,17.95688
2012-12-26 18:28:55.0000001,10.183228
2012-12-26 18:28:55.0000003,4.9520936
2012-12-26 18:28:55.0000007,27.612993
2012-12-26 18:28:55.0000006,56.063766
2011-07-06 19:56:23.0000004,7.193727
2011-07-06 19:56:23.0000002,6.0298266
2011-07-06 19:56:23.0000006,13.755627
2011-07-06 19:56:23.0000007,10.599456
2011-07-06 19:56:23.0000003,8.304571
2014-12-15 10:41:15.0000001,5.208338
2014-12-15 10:41:15.0000002,23.341455
2014-12-15 10:41:15.0000003,12.8616905
2011-08-14 21:39:31.0000001,8.699577
2011-08-14 21:39:31.0000002,8.245526
2010-06-06 21:04:55.0000001,6.227372
2013-09-27 19:02:51.0000001,13.336686
2013-09-27 19:02:51.0000003,36.44776
2013-09-27 19:02:51.0000004,8.653941
2013-09-27 19:02:51.0000002,9.80515
2013-05-28 18:24:27.0000003,12.676358
2013-05-28 18:24:27.0000001,6.2528214
2013-05-28 18:24:27.0000004,8.312965
2013-05-28 18:24:27.0000002,4.6461196
2015-06-15 14:34:03.0000002,5.4608774
2010-07-04 16:44:11.0000001,6.5075026
2010-07-04 16:44:11.0000002,3.630841
2014-11-26 06:46:23.0000001,13.934427
2010-07-27 11:37:43.0000001,14.361726
2010-07-27 11:37:43.0000003,9.168709
2010-07-27 11:37:43.0000005,15.508707
2010-07-27 11:37:43.0000006,10.386904
2010-07-27 11:37:43.0000004,8.045731
2010-07-27 11:37:43.0000002,27.65745
2010-12-19 16:25:15.0000004,10.45108
2010-12-19 16:25:15.0000003,6.491177
2010-12-19 16:25:15.0000001,7.414524
2012-08-19 12:06:39.0000001,5.1064672
2011-02-26 12:32:15.0000001,4.0395985
2011-02-26 12:32:15.0000002,6.322985
2015-06-18 20:56:55.0000003,10.2644825
2015-06-18 20:56:55.0000005,29.155361
2015-06-18 20:56:55.0000007,40.248444
2015-06-18 20:56:55.0000006,5.1006174
2013-11-24 21:33:11.0000001,56.93539
2013-11-24 21:33:11.0000002,10.526258
2015-04-28 20:15:27.0000002,52.2764
2015-04-28 20:15:27.0000006,6.5401864
2015-04-28 20:15:27.0000001,8.793814
2015-04-28 20:15:27.0000005,7.9008355
2015-04-28 20:15:27.0000008,15.698195
2013-01-23 13:49:19.0000002,10.112601
2013-01-23 13:49:19.0000003,39.708336
2014-03-12 19:19:31.0000003,23.355803
2014-03-12 19:19:31.0000001,25.500443
2014-03-12 19:19:31.0000002,7.8311567
2010-07-26 09:54:11.0000001,5.269933
2012-01-03 08:49:15.0000002,6.3396626
2012-01-03 08:49:15.0000001,47.140724
2012-01-03 08:49:15.0000004,4.455436
2012-01-03 08:49:15.0000003,4.3211975
2012-11-05 14:49:19.0000002,18.4177
2012-11-05 14:49:19.0000001,5.151829
2012-06-09 19:03:11.0000004,6.8143067
2012-06-09 19:03:11.0000006,11.737033
2012-06-09 19:03:11.0000002,4.2403073
2012-06-09 19:03:11.0000003,10.208278
2012-06-09 19:03:11.0000001,9.917465
2010-10-17 23:12:19.0000004,8.459102
2010-10-17 23:12:19.0000005,6.7146134
2010-10-17 23:12:19.0000001,4.6117573
2010-10-17 23:12:19.0000002,10.3678875
2010-10-17 23:12:19.0000003,4.1543813
2014-06-07 12:21:11.0000001,38.35584
2014-06-07 12:21:11.0000004,7.6456223
2011-09-08 22:37:43.0000004,5.8196445
2011-09-08 22:37:43.0000003,9.606144
2011-09-08 22:37:43.0000005,17.922743
2011-09-08 22:37:43.0000002,10.342797
2014-10-30 19:25:15.0000003,52.68352
2014-10-30 19:25:15.0000005,6.0051374
2014-10-30 19:25:15.0000001,5.2191634
2014-10-30 19:25:15.0000002,41.893906
2014-10-30 19:25:15.0000004,9.469237
2010-06-18 22:52:11.0000002,5.280823
2011-02-16 05:49:51.0000001,5.875448
2011-09-13 13:31:51.0000004,6.7689047
2011-09-13 13:31:51.0000003,45.947075
2011-09-13 13:31:51.0000002,5.6329136
2009-09-28 04:31:39.0000001,9.211063
2009-01-11 03:31:55.0000001,17.11647
2009-01-11 03:31:55.0000003,10.370042
2009-01-11 03:31:55.0000004,11.113968
2009-01-11 03:31:55.0000002,6.126599
2014-01-24 03:38:19.0000001,18.05326
2014-08-06 18:03:31.0000002,11.00782
2014-08-06 18:03:31.0000001,9.1914215
2009-08-26 00:46:43.0000001,6.145251
2014-01-19 09:28:55.0000001,20.007042
2010-01-27 06:01:59.0000001,5.702578
2011-11-30 23:09:47.0000003,12.518703
2011-11-30 23:09:47.0000002,10.786876
2011-11-30 23:09:47.0000001,6.226613
2014-08-03 23:37:31.0000003,10.924308
2014-08-03 23:37:31.0000002,11.722652
2014-08-03 23:37:31.0000001,6.7999883
2014-10-06 09:24:11.0000002,19.764606
2014-10-06 09:24:11.0000004,36.268017
2014-10-06 09:24:11.0000003,8.480581
2014-10-06 09:24:11.0000001,10.6901
2009-08-28 12:38:19.0000001,11.241742
2009-08-28 12:38:19.0000004,17.66655
2009-08-28 12:38:19.0000003,26.854609
2009-08-28 12:38:19.0000002,7.270559
2012-03-15 18:23:55.0000001,5.8731627
2012-03-15 18:23:55.0000004,11.977206
2012-03-15 18:23:55.0000005,8.123564
2012-03-15 18:23:55.0000003,8.86843
2011-11-23 21:07:43.0000003,4.207929
2011-11-23 21:07:43.0000002,14.721053
2012-11-23 07:58:23.0000001,7.811215
2010-11-17 19:10:23.0000007,23.853222
2010-11-17 19:10:23.0000006,7.5717735
2010-11-17 19:10:23.0000001,5.5746064
2010-11-17 19:10:23.0000002,26.48874
2010-11-17 19:10:23.0000008,11.134968
2010-11-17 19:10:23.0000004,4.917659
2015-02-14 13:15:19.0000003,12.937754
2015-02-14 13:15:19.0000006,9.225762
2015-02-14 13:15:19.0000004,6.177261
2015-02-14 13:15:19.0000008,8.114412
2015-02-14 13:15:19.0000001,19.901197
2013-01-12 22:40:39.0000003,4.851466
2013-01-12 22:40:39.0000004,10.903848
2013-01-12 22:40:39.0000001,12.013653
2013-01-12 22:40:39.0000005,7.38217
2013-01-12 22:40:39.0000006,5.4342055
2011-04-12 12:06:07.0000002,7.409105
2011-04-12 12:06:07.0000001,31.878036
2010-11-04 20:14:39.0000005,4.985145
2010-11-04 20:14:39.0000002,5.4964266
2010-11-04 20:14:39.0000004,7.719893
2010-11-04 20:14:39.0000003,6.7512445
2010-11-04 20:14:39.0000001,6.974766
2011-04-25 19:14:55.0000003,10.449898
2011-04-25 19:14:55.0000001,4.9911666
2011-04-25 19:14:55.0000004,7.349944
2011-04-25 19:14:55.0000002,6.2778783
2011-04-25 19:14:55.0000005,7.2709
2010-02-15 14:20:31.0000001,6.981773
2013-03-23 15:41:07.0000001,9.47341
2013-03-23 15:41:07.0000004,9.364446
2013-03-23 15:41:07.0000005,5.788725
2012-12-09 06:04:39.0000001,56.10109
2013-11-07 16:38:15.0000003,8.912848
2013-11-07 16:38:15.0000002,8.923908
2013-11-07 16:38:15.0000001,7.6815786
2011-08-08 11:18:15.0000004,9.596183
2011-08-08 11:18:15.0000003,8.255766
2011-08-08 11:18:15.0000002,6.5551577
2009-05-08 22:14:51.0000004,4.501142
2009-05-08 22:14:51.0000001,12.202814
2009-05-08 22:14:51.0000003,10.915591
2012-11-15 18:22:19.0000002,14.589664
2012-11-15 18:22:19.0000007,7.0383306
2012-11-15 18:22:19.0000003,5.2530785
2012-11-15 18:22:19.0000005,9.254462
2012-11-15 18:22:19.0000001,21.675627
2012-11-15 18:22:19.0000004,8.778252
2012-11-15 18:22:19.0000006,12.167782
2010-01-31 00:33:03.0000002,6.3816066
2010-01-31 00:33:03.0000004,4.55493
2010-01-31 00:33:03.0000001,21.182108
2010-01-31 00:33:03.0000007,6.0011754
2010-01-31 00:33:03.0000003,10.149022
2012-04-20 07:30:43.0000003,5.1920404
2012-04-20 07:30:43.0000002,14.109321
2012-04-20 07:30:43.0000004,6.7613688
2012-04-20 07:30:43.0000001,8.525659
2009-09-29 09:38:15.0000002,6.476722
2009-09-29 09:38:15.0000001,9.446826
2010-12-31 05:30:19.0000002,5.5647798
2010-12-31 05:30:19.0000001,11.962345
2009-01-18 18:22:07.0000001,18.755304
2009-01-28 11:27:19.0000002,4.7245684
2013-05-04 05:00:43.0000001,9.47668
2014-02-23 13:22:03.0000002,7.200249
2014-02-23 13:22:03.0000001,5.654489
2010-10-28 12:38:55.0000003,9.199989
2010-10-28 12:38:55.0000002,6.5351276
2010-10-28 12:38:55.0000001,10.900364
2015-05-20 19:39:11.0000002,15.249798
2015-05-20 19:39:11.0000009,13.241788
2015-05-20 19:39:11.0000001,11.613028
2015-05-20 19:39:11.0000008,12.070085
2015-05-20 19:39:11.0000007,29.578299
2015-05-20 19:39:11.0000005,7.2931128
2015-05-20 19:39:11.0000006,8.613722
2015-03-20 16:33:07.0000002,9.300137
2015-03-20 16:33:07.0000001,8.06103
2013-04-26 17:05:07.0000001,9.689485
2014-01-11 17:47:47.0000005,26.409286
2014-01-11 17:47:47.0000006,5.566899
2014-01-11 17:47:47.0000002,17.057535
2014-01-11 17:47:47.0000003,6.267646
2014-01-11 17:47:47.0000004,10.36674
2012-03-10 10:48:43.0000001,8.1973
2012-03-10 10:48:43.0000004,10.896324
2012-03-10 10:48:43.0000003,6.440028
2012-03-10 10:48:43.0000005,3.8704813
2012-03-10 10:48:43.0000002,8.115265
2012-07-12 02:46:07.0000002,19.741192
2009-01-06 14:48:51.0000003,5.3807716
2009-01-06 14:48:51.0000002,5.8093877
2009-01-06 14:48:51.0000001,5.0152426
2015-04-15 03:30:27.0000001,4.528501
2015-04-26 21:44:23.0000001,36.059708
2015-04-26 21:44:23.0000003,13.172523
2014-11-24 05:03:51.0000001,15.881365
2014-03-05 23:16:07.0000002,55.86969
2015-01-04 00:28:11.0000005,8.309623
2015-01-04 00:28:11.0000001,9.870486
2015-01-04 00:28:11.0000002,5.1296787
2015-01-04 00:28:11.0000003,9.895189
2014-12-17 20:56:31.0000004,5.9566684
2014-12-17 20:56:31.0000002,15.895724
2014-12-17 20:56:31.0000001,9.35564
2010-10-04 16:17:03.0000002,4.0141907
2010-10-04 16:17:03.0000003,4.4836226
2010-10-04 16:17:03.0000005,9.396799
2010-10-04 16:17:03.0000004,10.021429
2010-10-09 15:48:51.0000001,4.821393
2010-10-09 15:48:51.0000005,10.518449
2010-10-09 15:48:51.0000002,5.6576643
2013-10-10 11:09:23.0000006,6.3161945
2013-10-10 11:09:23.0000004,9.472805
2013-10-10 11:09:23.0000002,6.5383406
2013-10-10 11:09:23.0000003,7.2057986
2013-10-10 11:09:23.0000005,11.017636
2010-12-14 00:39:07.0000001,21.799152
2010-12-14 00:39:07.0000002,6.435041
2010-12-14 00:39:07.0000003,9.004484
2013-01-08 07:03:07.0000004,7.25451
2013-01-08 07:03:07.0000003,11.551721
2013-01-08 07:03:07.0000002,6.7175293
2012-10-28 17:21:19.0000004,6.420198
2012-10-28 17:21:19.0000002,5.4861517
2010-03-10 10:37:39.0000003,7.543513
2010-03-10 10:37:39.0000004,5.9352474
2010-03-10 10:37:39.0000001,6.5755253
2010-03-10 10:37:39.0000002,12.550099
2012-04-27 22:32:19.0000001,4.9001017
2012-04-27 22:32:19.0000003,5.4309688
2009-04-14 06:55:19.0000001,39.074036
2009-04-14 06:55:19.0000002,3.959204
2013-07-22 14:22:51.0000001,23.306908
2012-02-11 21:23:07.0000002,5.071293
2012-02-11 21:23:07.0000001,6.8715577
2012-02-11 21:23:07.0000004,4.0051026
2012-02-11 21:23:07.0000003,5.7953033
2015-05-10 12:37:51.0000001,19.323893
2015-05-10 12:37:51.0000004,4.798225
2015-05-10 12:37:51.0000006,7.7927585
2010-12-11 13:31:11.0000001,9.031011
2010-12-11 13:31:11.0000002,10.699094
2010-03-01 22:21:55.0000001,4.1185207
2010-03-01 22:21:55.0000004,9.418052
2014-11-03 22:00:07.0000001,7.796363
2009-08-26 16:50:19.0000001,3.3400803
2009-08-26 16:50:19.0000002,7.281175
2010-06-07 10:02:51.0000002,4.458487
2010-06-07 10:02:51.0000001,6.0228047
2010-06-07 10:02:51.0000004,14.5744
2010-06-07 10:02:51.0000003,11.475448
2015-03-08 14:59:23.0000002,15.497146
2015-03-08 14:59:23.0000004,55.639294
2015-03-08 14:59:23.0000005,19.932505
2010-12-13 05:52:47.0000001,8.965767
2012-10-12 15:21:55.0000001,7.50126
2011-05-17 07:53:55.0000002,5.1460648
2011-05-17 07:53:55.0000004,7.754248
2011-05-17 07:53:55.0000001,7.935338
2012-12-26 20:55:27.0000002,12.129498
2012-12-26 20:55:27.0000005,10.617286
2012-12-26 20:55:27.0000004,12.610422
2009-02-22 14:59:11.0000001,11.855947
2011-12-17 16:19:47.0000003,12.622749
2011-12-17 16:19:47.0000001,11.369929
2014-12-02 23:54:11.0000002,9.741484
2014-12-02 23:54:11.0000001,8.530348
2014-11-11 11:21:07.0000001,5.8475122
2014-07-11 12:35:19.0000003,12.219741
2014-07-11 12:35:19.0000001,9.197429
2014-07-11 12:35:19.0000002,16.476145
2010-01-25 15:04:11.0000001,5.0375133
2010-01-25 15:04:11.0000002,8.339436
2014-01-26 13:51:39.0000002,12.003815
2014-01-26 13:51:39.0000003,7.061118
2011-11-18 04:49:19.0000002,4.6240087
2011-11-18 04:49:19.0000003,46.0632
2011-11-18 04:49:19.0000001,4.3902087
2014-11-30 15:46:23.0000001,8.333067
2014-11-30 15:46:23.0000004,7.8580236
2014-11-30 15:46:23.0000006,33.894794
2014-11-30 15:46:23.0000005,5.6946754
2011-08-20 15:50:39.0000002,28.38697
2010-06-22 14:25:19.0000005,13.284459
2010-06-22 14:25:19.0000003,6.6241565
2010-06-22 14:25:19.0000002,5.9645534
2010-06-22 14:25:19.0000006,5.113755
2010-06-22 14:25:19.0000004,9.472724
2010-12-06 18:51:31.0000001,10.057532
2010-12-06 18:51:31.0000002,15.056931
2014-05-25 19:46:59.0000004,18.891455
2014-05-25 19:46:59.0000002,8.038691
2014-05-25 19:46:59.0000001,7.8544264
2009-11-20 14:03:03.0000003,8.088046
2009-11-20 14:03:03.0000004,13.9471855
2009-11-20 14:03:03.0000001,13.444291
2009-11-20 14:03:03.0000005,8.488157
2009-11-20 14:03:03.0000002,8.941848
2010-09-17 18:21:11.0000001,14.2209
2011-02-23 21:35:19.0000001,4.706693
2011-02-23 21:35:19.0000002,10.895236
2013-01-03 11:41:47.0000001,4.511276
2014-04-04 05:47:11.0000001,13.876383
2014-08-18 19:09:19.0000001,10.022085
2014-08-18 19:09:19.0000002,14.934649
2010-04-12 08:22:27.0000001,5.544877
2010-04-12 08:22:27.0000002,9.78576
2010-06-05 08:18:11.0000002,15.636968
2010-06-05 08:18:11.0000001,4.5409675
2010-06-05 08:18:11.0000003,29.670052
2013-05-07 23:58:31.0000001,26.243336
2013-01-11 20:08:07.0000002,7.008224
2013-02-17 23:55:55.0000001,11.676009
2013-02-17 23:55:55.0000002,23.034712
2013-02-17 23:55:55.0000003,12.681634
2010-11-26 06:04:59.0000001,4.5216155
2013-10-09 17:27:39.0000002,9.686848
2013-02-27 13:28:43.0000003,8.541262
2013-02-27 13:28:43.0000001,3.9158287
2013-02-27 13:28:43.0000004,6.8856664
2013-02-27 13:28:43.0000002,6.1975627
2009-08-28 07:10:39.0000001,7.289956
2009-08-28 07:10:39.0000002,8.209558
2009-08-28 07:10:39.0000004,4.7095337
2009-08-28 07:10:39.0000003,4.90438
2015-01-12 17:05:51.0000006,7.794474
2015-01-12 17:05:51.0000007,5.9004736
2015-01-12 17:05:51.0000002,5.8189692
2015-01-12 17:05:51.0000003,4.7348537
2014-05-01 07:16:07.0000001,5.188128
2009-01-12 07:47:39.0000004,5.269693
2009-01-12 07:47:39.0000002,7.3115964
2009-01-12 07:47:39.0000003,6.380266
2014-02-09 21:05:31.0000001,20.550518
2014-02-09 21:05:31.0000002,11.843592
2012-05-14 03:52:59.0000001,6.9818616
2011-04-28 19:39:43.0000005,7.1475973
2011-04-28 19:39:43.0000001,6.2363834
2011-04-28 19:39:43.0000002,3.5700705
2011-04-28 19:39:43.0000004,3.8342383
2010-02-15 10:14:23.0000002,10.162032
2010-02-15 10:14:23.0000003,19.937246
2010-02-15 10:14:23.0000004,10.397797
2010-08-18 05:24:15.0000002,8.487578
2010-08-18 05:24:15.0000001,9.239635
2010-05-31 06:46:59.0000001,42.42876
2014-11-17 00:03:47.0000002,9.006578
2012-11-16 00:09:43.0000001,8.858571
2012-03-09 06:03:23.0000001,9.399687
2013-10-18 13:05:19.0000002,8.294992
2013-10-18 13:05:19.0000001,22.193266
2013-10-18 13:05:19.0000003,6.5567055
2010-01-16 04:52:31.0000001,26.522541
2013-08-18 00:32:15.0000002,16.517965
2013-08-18 00:32:15.0000001,6.736471
2010-12-11 16:12:35.0000004,13.4210205
2010-12-11 16:12:35.0000005,8.528859
2010-12-11 16:12:35.0000001,6.2564826
2010-12-11 16:12:35.0000002,8.637117
2013-05-23 12:09:23.0000001,13.086867
2013-05-23 12:09:23.0000003,6.461069
2013-05-23 12:09:23.0000002,7.3000636
2014-12-11 08:20:39.0000003,7.3710537
2014-12-11 08:20:39.0000002,6.1995997
2011-01-28 19:41:11.0000002,5.2375374
2011-01-28 19:41:11.0000001,11.170381
2011-03-24 04:46:51.0000001,25.753681
2013-04-07 00:24:27.0000001,6.3164363
2013-04-07 00:24:27.0000003,6.2888503
2013-04-07 00:24:27.0000004,7.180767
2010-08-17 21:22:39.0000002,22.134779
2010-08-17 21:22:39.0000003,7.3237443
2010-08-17 21:22:39.0000001,7.1556373
2013-12-10 14:00:35.0000004,8.670219
2013-12-10 14:00:35.0000001,8.746816
2013-12-10 14:00:35.0000003,7.9324894
2011-09-18 05:32:51.0000002,45.711685
2011-09-18 05:32:51.0000001,8.538792
2011-09-18 05:32:51.0000003,12.230523
2011-09-10 20:44:59.0000002,7.5803285
2011-09-10 20:44:59.0000001,6.9515514
2011-04-28 09:50:03.0000002,30.722065
2011-04-28 09:50:03.0000003,7.588664
2011-04-28 09:50:03.0000004,8.816482
2010-02-26 18:34:51.0000002,6.6099977
2013-12-05 23:29:15.0000001,14.641177
2013-12-05 23:29:15.0000004,4.502273
2013-12-05 23:29:15.0000003,29.671654
2013-12-05 23:29:15.0000005,55.264156
2010-01-13 08:28:59.0000003,8.933229
2010-01-13 08:28:59.0000001,9.520936
2010-01-13 08:28:59.0000004,12.245921
2010-01-13 08:28:59.0000005,7.852432
2010-07-16 07:07:27.0000001,7.3719606
2012-06-16 14:33:19.0000002,10.005879
2013-05-08 17:02:39.0000001,13.96622
2013-05-08 17:02:39.0000003,11.439026
2013-05-08 17:02:39.0000005,8.812925
2013-05-08 17:02:39.0000004,5.675092
2013-05-08 17:02:39.0000002,10.088462
2013-05-08 17:02:39.0000006,6.885536
2013-05-08 17:02:39.0000007,10.606283
2011-02-28 08:34:27.0000004,11.452176
2011-02-28 08:34:27.0000002,5.476475
2011-02-28 08:34:27.0000006,12.259703
2011-02-28 08:34:27.0000007,4.9913034
2011-02-28 08:34:27.0000005,15.705353
2011-02-28 08:34:27.0000003,9.093165
2011-02-28 08:34:27.0000001,8.901796
2012-12-13 19:05:27.0000001,5.733548
2012-12-13 19:05:27.0000002,8.154296
2012-12-13 19:05:27.0000003,10.394711
2009-03-25 01:20:55.0000001,7.110922
2011-01-18 12:43:35.0000001,10.926538
2010-07-13 07:38:03.0000007,9.9937105
2010-07-13 07:38:03.0000004,9.142793
2010-07-13 07:38:03.0000002,8.172948
2010-07-13 07:38:03.0000006,12.752478
2010-07-13 07:38:03.0000005,7.5201178
2010-07-13 07:38:03.0000001,6.1402216
2009-01-26 15:16:43.0000001,31.513134
2009-01-26 15:16:43.0000002,4.0060687
2015-05-18 01:13:35.0000001,6.5606966
2012-11-09 18:17:35.0000001,13.440792
2012-11-09 18:17:35.0000006,9.411001
2012-11-09 18:17:35.0000005,8.885472
2012-11-09 18:17:35.0000003,9.521591
2010-07-05 19:21:35.0000005,4.7264447
2010-07-05 19:21:35.0000003,4.7492056
2010-07-05 19:21:35.0000004,12.135737
2010-07-05 19:21:35.0000002,9.192856
2014-09-11 00:28:47.0000001,9.48969
2014-09-11 00:28:47.0000002,5.7631917
2010-03-22 16:20:15.0000001,30.232433
2010-03-22 16:20:15.0000002,7.229935
2009-06-21 00:54:23.0000003,11.932122
2009-06-21 00:54:23.0000001,13.735013
2013-05-02 14:48:31.0000001,12.358993
2011-09-12 09:15:15.0000003,7.028624
2011-09-12 09:15:15.0000004,8.076685
2011-09-12 09:15:15.0000002,6.7404675
2011-09-12 09:15:15.0000001,6.4635353
2009-02-27 07:09:23.0000001,8.3602085
2011-08-22 10:42:15.0000003,9.018008
2011-08-22 10:42:15.0000002,16.562874
2011-08-22 10:42:15.0000001,7.7341113
2011-11-29 22:19:51.0000001,12.6388235
2011-11-29 22:19:51.0000002,9.829031
2009-01-30 22:47:07.0000004,16.545816
2009-01-30 22:47:07.0000001,5.14804
2009-01-30 22:47:07.0000003,4.195972
2012-04-18 20:03:35.0000004,8.453927
2012-04-18 20:03:35.0000003,4.8814936
2012-04-18 20:03:35.0000001,9.936711
2012-04-18 20:03:35.0000002,6.5431957
2013-09-26 20:54:19.0000002,11.771188
2011-06-25 23:18:27.0000001,8.11193
2009-01-17 02:21:55.0000001,4.6121726
2009-01-17 02:21:55.0000002,4.593119
2014-11-01 15:31:15.0000002,14.383204
2014-11-01 15:31:15.0000003,12.150667
2014-11-01 15:31:15.0000004,5.4452133
2011-06-08 11:31:51.0000003,5.3561497
2011-06-08 11:31:51.0000002,7.809324
2011-06-08 11:31:51.0000001,8.3137045
2013-07-12 23:17:31.0000004,6.95676
2013-07-12 23:17:31.0000005,55.54843
2012-07-10 18:24:47.0000002,8.991377
2012-07-10 18:24:47.0000001,18.644333
2012-07-10 18:24:47.0000003,7.039874
2013-05-14 03:15:31.0000001,16.649677
2009-04-20 21:08:35.0000006,4.9407916
2009-04-20 21:08:35.0000003,4.840106
2009-04-20 21:08:35.0000002,15.569062
2009-04-20 21:08:35.0000001,10.247311
2011-01-19 08:30:47.0000003,8.486465
2011-01-19 08:30:47.0000002,8.423062
2011-01-19 08:30:47.0000001,5.640096
2009-09-25 10:19:35.0000003,5.7382746
2009-09-25 10:19:35.0000001,10.691605
2009-09-25 10:19:35.0000002,5.81435
2012-02-17 15:11:23.0000001,5.3298526
2009-12-23 20:14:19.0000003,9.139973
2009-12-23 20:14:19.0000001,5.1218944
2009-12-23 20:14:19.0000002,11.23003
2012-09-14 05:42:59.0000001,9.571434
2012-09-14 05:42:59.0000002,6.7035794
2009-04-06 13:47:15.0000002,17.596388
2013-11-29 21:36:07.0000004,10.467844
2011-11-07 00:22:31.0000001,4.7219124
2011-11-07 00:22:31.0000002,7.2613187
2009-09-04 08:02:51.0000001,10.97088
2015-02-16 17:32:27.0000004,11.057627
2015-02-16 17:32:27.0000002,10.721921
2015-02-16 17:32:27.0000003,7.475613
2015-02-16 17:32:27.0000001,6.901047
2012-04-14 11:59:11.0000004,19.406187
2012-04-14 11:59:11.0000002,4.2064977
2012-04-14 11:59:11.0000001,6.6702566
2011-12-11 11:05:51.0000001,6.336903
2011-12-11 11:05:51.0000003,8.910795
2010-01-03 13:07:27.0000001,10.010307
2009-03-06 00:13:03.0000003,8.794708
2009-03-06 00:13:03.0000001,9.714586
2010-01-04 19:54:27.0000002,8.842153
2010-01-04 19:54:27.0000001,5.9734797
2010-01-04 19:54:27.0000003,3.958683
2014-08-01 16:50:03.0000004,20.51253
2014-08-01 16:50:03.0000001,5.388619
2014-08-01 16:50:03.0000003,14.184627
2014-08-01 16:50:03.0000002,13.966673
2010-11-25 16:22:19.0000001,5.2751865
2010-09-04 10:06:23.0000001,14.967836
2009-04-28 13:35:27.0000002,10.551826
2009-04-28 13:35:27.0000001,4.971736
2009-04-28 13:35:27.0000003,30.06704
2009-04-28 13:35:27.0000004,8.470398
2012-07-26 00:23:59.0000006,8.414973
2012-07-26 00:23:59.0000007,4.2800665
2012-07-26 00:23:59.0000001,6.987681
2012-07-26 00:23:59.0000004,8.069694
2012-07-26 00:23:59.0000005,7.99565
2012-07-26 00:23:59.0000002,11.5508375
2012-07-26 00:23:59.0000003,5.480469
2014-04-29 15:15:43.0000002,9.990384
2014-04-29 15:15:43.0000001,8.344467
2014-04-29 15:15:43.0000003,6.4096613
2010-04-23 00:00:03.0000002,13.602799
2010-04-23 00:00:03.0000003,5.207073
2010-05-22 23:46:19.0000001,7.1706586
2010-05-22 23:46:19.0000002,17.175266
2010-05-22 23:46:19.0000003,10.524769
2014-06-14 12:32:11.0000005,10.075703
2014-06-14 12:32:11.0000002,13.79481
2014-06-14 12:32:11.0000004,11.817502
2014-06-14 12:32:11.0000006,11.654994
2014-06-14 12:32:11.0000003,38.601406
2012-06-09 22:57:15.0000002,5.9882097
2012-06-09 22:57:15.0000005,7.621287
2014-04-22 01:28:15.0000001,25.386541
2013-01-31 01:19:15.0000001,19.251781
2013-01-31 01:19:15.0000002,11.064689
2014-12-19 21:54:27.0000003,7.3888545
2014-12-19 21:54:27.0000002,17.716948
2014-12-19 21:54:27.0000004,9.591954
2014-12-19 21:54:27.0000001,12.330049
2010-10-22 20:56:51.0000004,5.605698
2010-10-22 20:56:51.0000001,16.721672
2011-10-04 11:48:35.0000004,6.2712274
2011-10-04 11:48:35.0000003,12.599939
2011-10-04 11:48:35.0000002,6.8339753
2010-12-31 13:32:39.0000001,7.997382
2010-04-10 11:05:27.0000002,6.5944705
2010-04-10 11:05:27.0000001,6.5615697
2013-10-02 21:12:59.0000001,9.789643
2013-10-02 21:12:59.0000002,13.919377
2013-10-02 21:12:59.0000004,6.2750406
2013-10-02 21:12:59.0000005,14.122534
2013-10-02 21:12:59.0000006,11.830253
2013-10-02 21:12:59.0000007,22.06207
2013-10-02 21:12:59.0000008,17.034933
2013-10-02 21:12:59.0000003,27.10194
2009-03-14 05:27:55.0000001,6.53043
2009-04-20 14:05:51.0000003,5.6059084
2009-04-20 14:05:51.0000002,15.686417
2009-04-20 14:05:51.0000001,26.274086
2009-04-20 14:05:51.0000004,8.410266
2011-02-21 23:46:07.0000001,4.0158405
2010-08-21 20:25:07.0000001,6.1756015
2009-11-16 21:03:31.0000003,9.589367
2009-11-16 21:03:31.0000002,13.633344
2009-11-16 21:03:31.0000004,7.3783584
2009-11-16 21:03:31.0000001,15.646388
2014-11-29 11:16:23.0000002,10.099305
2014-11-29 11:16:23.0000001,10.4544
2010-12-01 21:02:35.0000001,6.9091816
2010-12-01 21:02:35.0000002,7.680411
2009-04-13 18:30:39.0000002,7.2810583
2009-04-13 18:30:39.0000001,7.5407777
2010-06-02 19:45:19.0000002,10.669418
2010-06-02 19:45:19.0000001,9.231781
2010-06-02 19:45:19.0000004,8.936553
2012-04-16 14:29:35.0000001,4.333264
2014-08-06 18:15:43.0000001,7.3033924
2014-08-06 18:15:43.0000002,14.833839
2010-04-20 11:53:23.0000005,8.725639
2010-04-20 11:53:23.0000002,5.537434
2010-04-20 11:53:23.0000006,5.2887807
2010-04-20 11:53:23.0000003,13.321258
2010-04-20 11:53:23.0000004,10.923963
2009-05-21 20:50:31.0000005,8.482908
2009-05-21 20:50:31.0000006,11.61065
2009-05-21 20:50:31.0000002,16.420464
2009-05-21 20:50:31.0000001,14.436025
2014-08-16 21:59:59.0000002,10.566226
2014-08-16 21:59:59.0000001,16.710104
2010-09-13 07:05:39.0000001,5.7112994
2010-09-13 07:05:39.0000002,6.121352
2010-01-28 12:25:11.0000001,6.3756833
2013-10-13 19:39:55.0000005,5.570971
2013-10-13 19:39:55.0000004,6.4207444
2013-10-13 19:39:55.0000007,5.4384737
2013-10-13 19:39:55.0000001,10.059046
2013-10-13 19:39:55.0000003,9.489922
2013-10-13 19:39:55.0000006,5.8421545
2013-10-13 19:39:55.0000002,9.831909
2013-09-20 13:38:55.0000003,7.496899
2013-09-20 13:38:55.0000002,14.582497
2013-09-20 13:38:55.0000006,9.8624
2013-09-20 13:38:55.0000001,11.462896
2014-11-11 12:10:59.0000003,7.350967
2014-11-11 12:10:59.0000002,13.552862
2012-09-09 23:40:03.0000001,18.705633
2013-02-18 11:13:23.0000004,21.15026
2013-02-18 11:13:23.0000001,5.7763767
2013-02-18 11:13:23.0000003,26.04689
2013-02-18 11:13:23.0000002,8.299378
2011-06-05 12:38:43.0000002,5.4904227
2011-06-05 12:38:43.0000003,6.736086
2011-06-05 12:38:43.0000001,48.446964
2014-11-27 07:37:55.0000001,9.967784
2010-05-23 15:28:55.0000001,9.05332
2012-10-15 20:10:31.0000001,6.5895224
2012-10-15 20:10:31.0000004,13.50592
2012-10-15 20:10:31.0000002,17.676111
2012-10-15 20:10:31.0000003,6.6141596
2012-06-27 06:52:39.0000001,6.6823955
2013-06-07 13:52:55.0000001,6.723239
2013-06-07 13:52:55.0000002,9.628983
2013-06-07 13:52:55.0000006,28.3457
2013-06-07 13:52:55.0000003,11.21217
2013-06-07 13:52:55.0000004,8.460876
2009-06-04 19:34:15.0000003,11.884034
2009-06-04 19:34:15.0000001,16.252874
2009-06-04 19:34:15.0000004,9.552854
2009-06-04 19:34:15.0000002,8.604874
2013-09-29 22:12:07.0000002,16.274271
2013-09-29 22:12:07.0000003,7.914624
2013-12-04 08:37:11.0000003,9.193943
2013-12-04 08:37:11.0000002,13.740145
2013-12-04 08:37:11.0000001,13.936258
2010-05-02 12:39:55.0000002,10.889112
2009-07-13 01:18:55.0000002,4.5409603
2009-07-13 01:18:55.0000001,5.1186376
2015-05-20 00:59:15.0000004,4.902677
2015-05-20 00:59:15.0000003,22.073696
2009-12-03 18:02:47.0000001,8.853449
2014-06-24 02:41:11.0000001,29.729837
2012-01-13 02:08:43.0000001,7.5706344
2012-08-06 21:07:55.0000001,11.352865
2012-08-06 21:07:55.0000002,8.617325
2012-08-06 21:07:55.0000004,6.1900754
2012-08-06 21:07:55.0000005,8.524545
2012-08-06 21:07:55.0000003,6.106803
2009-07-13 07:32:31.0000001,6.3199587
2009-07-13 07:32:31.0000003,5.981705
2009-07-13 07:32:31.0000002,8.639041
2014-09-10 17:52:51.0000001,6.289599
2014-09-10 17:52:51.0000003,9.449141
2014-09-10 17:52:51.0000002,17.006025
2014-09-10 17:52:51.0000005,10.670019
2014-09-10 17:52:51.0000004,11.107256
2009-09-28 19:21:59.0000004,3.9665697
2009-09-28 19:21:59.0000005,6.702264
2009-09-28 19:21:59.0000002,6.556071
2009-09-28 19:21:59.0000008,7.514902
2009-09-28 19:21:59.0000001,5.3870554
2015-05-23 12:59:39.0000004,11.822658
2015-05-23 12:59:39.0000002,13.430131
2015-05-23 12:59:39.0000001,7.77659
2010-02-10 12:16:03.0000001,5.807695
2010-02-10 12:16:03.0000002,13.406341
2014-01-11 23:10:59.0000004,12.966027
2014-01-11 23:10:59.0000003,18.243217
2014-01-11 23:10:59.0000005,13.831037
2014-01-11 23:10:59.0000001,12.218461
2014-01-11 23:10:59.0000002,26.134962
2010-04-24 20:15:07.0000002,11.137094
2013-08-07 00:31:07.0000001,51.017876
2012-10-21 19:47:23.0000001,5.7803836
2012-10-21 19:47:23.0000003,8.505769
2012-10-21 19:47:23.0000004,13.039533
2013-05-24 07:22:51.0000002,5.820106
2009-09-13 20:12:31.0000002,5.106792
2009-09-13 20:12:31.0000001,5.5915694
2010-10-31 08:51:59.0000002,5.4603457
2010-10-31 08:51:59.0000001,15.075014
2013-06-04 23:58:11.0000007,6.074769
2013-06-04 23:58:11.0000001,17.255219
2013-06-04 23:58:11.0000003,10.128646
2013-06-04 23:58:11.0000005,6.2318277
2013-06-04 23:58:11.0000002,26.117083
2013-06-04 23:58:11.0000004,9.683449
2013-06-04 23:58:11.0000008,32.895218
2010-03-22 22:11:31.0000001,12.362096
2010-03-22 22:11:31.0000002,6.1984806
2011-01-15 12:49:59.0000002,10.982409
2011-01-15 12:49:59.0000001,10.98897
2009-06-13 18:36:47.0000001,15.17071
2009-06-13 18:36:47.0000002,9.789342
2009-06-13 18:36:47.0000003,10.067556
2009-05-06 16:41:35.0000001,9.5973015
2014-08-08 17:32:47.0000004,5.5640063
2014-08-08 17:32:47.0000001,40.054646
2014-08-08 17:32:47.0000002,16.33693
2014-04-02 11:55:15.0000001,9.265429
2014-04-02 11:55:15.0000002,6.247598
2011-01-04 10:12:51.0000003,6.9629087
2011-01-04 10:12:51.0000004,5.2492805
2011-01-04 10:12:51.0000001,4.7205434
2011-01-04 10:12:51.0000005,4.7302074
2010-09-22 09:42:31.0000002,10.233093
2010-09-22 09:42:31.0000004,11.278703
2010-09-22 09:42:31.0000001,9.077689
2013-08-19 19:39:23.0000003,7.7706966
2013-08-19 19:39:23.0000001,6.028102
2014-07-08 10:21:39.0000002,9.789528
2014-07-08 10:21:39.0000006,12.666181
2014-07-08 10:21:39.0000003,4.329105
2014-07-08 10:21:39.0000005,11.520914
2014-07-08 10:21:39.0000004,10.636429
2014-07-08 10:21:39.0000001,4.2122293
2015-03-11 16:36:39.0000003,11.711497
2015-03-11 16:36:39.0000001,6.633856
2015-03-11 16:36:39.0000002,17.542974
2015-05-29 18:59:35.0000005,41.00072
2015-05-29 18:59:35.0000004,13.75133
2015-05-29 18:59:35.0000002,8.779725
2015-05-29 18:59:35.0000001,8.147573
2011-10-26 17:48:43.0000001,4.6824203
2011-10-26 17:48:43.0000008,6.306834
2011-10-26 17:48:43.0000002,9.5232935
2011-10-26 17:48:43.0000004,6.8125906
2011-10-26 17:48:43.0000003,5.5349402
2011-10-26 17:48:43.0000007,4.6903095
2014-06-24 09:49:55.0000004,12.116232
2014-06-24 09:49:55.0000007,5.422367
2014-06-24 09:49:55.0000001,5.06167
2014-06-24 09:49:55.0000006,6.9841495
2014-06-24 09:49:55.0000002,10.836409
2014-06-24 09:49:55.0000003,8.038518
2014-06-24 09:49:55.0000005,4.6510773
2009-03-14 20:59:19.0000001,12.499084
2009-01-29 18:38:03.0000002,7.294243
2009-01-29 18:38:03.0000001,29.117132
2010-07-23 00:03:59.0000001,12.836933
2013-01-11 12:28:03.0000004,8.937669
2013-01-11 12:28:03.0000003,6.9811554
2013-01-11 12:28:03.0000002,5.8696012
2013-01-11 12:28:03.0000005,10.802267
2013-01-11 12:28:03.0000001,8.506209
2013-02-20 02:00:23.0000001,14.651652
2013-02-20 02:00:23.0000002,6.951354
2013-02-20 02:00:23.0000003,9.046752
2009-11-03 19:53:27.0000004,11.826429
2009-11-03 19:53:27.0000003,6.3800507
2009-12-19 21:56:15.0000002,6.813535
2009-12-19 21:56:15.0000001,7.6589694
2014-03-22 12:24:03.0000001,37.984154
2014-03-22 12:24:03.0000002,7.2230325
2009-12-21 21:20:43.0000003,8.120358
2009-12-21 21:20:43.0000001,9.315777
2009-08-21 15:35:07.0000002,4.987031
2009-08-21 15:35:07.0000004,46.480324
2009-08-21 15:35:07.0000003,5.7049756
2010-04-25 13:28:47.0000002,5.2378173
2010-04-25 13:28:47.0000003,24.941849
2010-11-02 18:49:59.0000001,12.366736
2010-11-02 18:49:59.0000003,5.118311
2010-11-02 18:49:59.0000002,7.0810757
2011-04-02 00:27:03.0000006,8.946791
2011-04-02 00:27:03.0000002,6.366748
2011-04-02 00:27:03.0000004,5.128585
2011-04-02 00:27:03.0000003,6.8883476
2011-04-02 00:27:03.0000005,8.486008
2011-04-02 00:27:03.0000001,6.062129
2013-12-29 12:31:55.0000001,8.419234
2013-12-29 12:31:55.0000002,11.416971
2013-12-29 12:31:55.0000003,8.835929
2012-05-02 12:02:03.0000003,8.5656185
2012-05-02 12:02:03.0000002,11.651315
2012-05-02 12:02:03.0000004,6.6716075
2012-05-02 12:02:03.0000005,8.597579
2012-05-02 12:02:03.0000001,5.515474
2009-07-21 10:36:43.0000001,3.7458608
2009-07-21 10:36:43.0000003,8.034555
2009-07-21 10:36:43.0000002,7.6441116
2012-09-16 18:14:55.0000003,5.0973525
2012-09-16 18:14:55.0000001,12.163079
2012-09-16 18:14:55.0000004,6.1236706
2010-04-21 06:28:47.0000002,6.3272758
2009-03-02 09:30:07.0000001,7.4164023
2009-03-02 09:30:07.0000002,4.6143703
2010-12-18 15:32:19.0000001,6.8016477
2013-02-20 08:23:31.0000001,5.9593673
2015-02-11 20:51:51.0000006,34.980537
2015-02-11 20:51:51.0000002,9.724244
2015-02-11 20:51:51.0000003,5.3934245
2015-02-11 20:51:51.0000005,5.7699823
2015-02-11 20:51:51.0000007,10.584095
2015-02-11 20:51:51.0000004,7.4822917
2013-12-07 01:41:59.0000001,11.191569
2013-12-07 01:41:59.0000003,12.823543
2014-03-04 12:06:35.0000002,8.283949
2014-03-04 12:06:35.0000004,8.71498
2014-03-04 12:06:35.0000003,12.821059
2014-03-04 12:06:35.0000001,7.287792
2013-05-21 06:52:59.0000001,14.859623
2013-05-21 06:52:59.0000004,6.122716
2013-05-21 06:52:59.0000002,5.899951
2009-09-09 08:09:19.0000002,7.447513
2009-09-09 08:09:19.0000001,7.8512063
2012-06-22 20:50:55.0000001,17.685135
2010-04-06 09:14:59.0000001,15.925276
2010-04-06 09:14:59.0000003,4.8661437
2010-04-06 09:14:59.0000002,29.475853
2009-04-03 07:49:39.0000002,7.788618
2009-04-03 07:49:39.0000001,7.189045
2011-08-28 16:06:43.0000001,10.492805
2010-12-19 15:52:31.0000001,13.00962
2010-12-19 15:52:31.0000002,5.2096276
2010-12-19 15:52:31.0000004,5.364672
2010-12-19 15:52:31.0000003,5.352987
2014-07-12 00:15:59.0000004,6.7429376
2014-07-12 00:15:59.0000003,6.0301247
2014-07-12 00:15:59.0000002,8.683926
2009-03-31 10:27:19.0000004,9.7547
2009-03-31 10:27:19.0000002,7.4429293
2009-03-31 10:27:19.0000001,18.090958
2014-07-31 10:39:39.0000002,5.0847654
2012-06-02 07:16:31.0000001,5.1733093
2012-06-02 07:16:31.0000003,48.872097
2012-06-02 07:16:31.0000002,13.626312
2012-09-27 15:03:15.0000001,35.69726
2012-07-05 02:23:47.0000001,4.583952
2013-09-14 18:28:03.0000002,22.12346
2013-09-14 18:28:03.0000003,18.196953
2009-04-22 04:26:35.0000001,15.12404
2015-02-14 09:08:11.0000003,11.5683155
2012-01-19 20:26:35.0000004,4.0192904
2012-01-19 20:26:35.0000005,12.659273
2012-01-19 20:26:35.0000001,6.623348
2015-03-13 13:04:59.0000001,11.644683
2015-03-13 13:04:59.0000002,10.2101555
2015-03-13 13:04:59.0000006,9.862529
2015-03-13 13:04:59.0000004,6.561214
2015-03-13 13:04:59.0000007,14.168518
2015-03-13 13:04:59.0000003,8.458263
2015-03-13 13:04:59.0000005,6.696503
2013-07-25 13:47:39.0000002,10.013311
2013-07-25 13:47:39.0000001,11.137925
2014-03-07 11:45:35.0000001,8.991024
2014-03-07 11:45:35.0000002,25.265125
2013-10-31 06:09:15.0000001,19.622723
2014-09-11 06:41:15.0000001,5.070312
2014-09-11 06:41:15.0000002,4.493291
2014-09-11 06:41:15.0000004,8.989622
2014-09-11 06:41:15.0000003,12.657301
2012-06-04 09:50:39.0000005,32.15775
2012-06-04 09:50:39.0000003,5.8075714
2012-06-04 09:50:39.0000001,11.895254
2012-06-04 09:50:39.0000004,9.465285
2012-06-04 09:50:39.0000002,7.9601026
2010-06-07 07:37:55.0000002,6.107068
2010-06-07 07:37:55.0000003,3.8443308
2010-06-07 07:37:55.0000001,6.9138865
2010-06-07 07:37:55.0000004,4.1203957
2015-02-25 18:00:51.0000009,6.053935
2015-02-25 18:00:51.0000006,5.5745454
2015-02-25 18:00:51.0000002,23.529367
2015-02-25 18:00:51.0000003,6.8518105
2015-02-25 18:00:51.00000010,8.811992
2015-02-25 18:00:51.0000004,8.826282
2015-02-25 18:00:51.0000005,6.2230034
2015-02-08 08:44:03.0000001,13.742378
2010-12-11 15:16:35.0000001,5.783235
2010-12-11 15:16:35.0000002,4.7789917
2014-05-19 18:38:19.0000002,5.7325487
2014-05-19 18:38:19.0000001,8.653381
2009-07-19 08:38:51.0000001,5.898971
2013-08-20 12:05:47.0000001,9.50176
2013-08-20 12:05:47.0000003,8.255663
2013-08-20 12:05:47.0000004,8.862647
2013-08-20 12:05:47.0000002,10.481004
2014-03-11 19:48:15.0000007,10.214162
2014-03-11 19:48:15.0000001,10.151635
2014-03-11 19:48:15.0000005,7.000217
2014-03-11 19:48:15.0000006,11.482891
2014-03-11 19:48:15.0000004,10.843074
2014-03-11 19:48:15.0000002,16.934772
2014-03-11 19:48:15.0000003,11.155573
2013-01-09 02:05:51.0000002,6.153669
2009-08-08 11:41:51.0000001,4.879663
2009-08-08 11:41:51.0000004,10.051305
2009-08-08 11:41:51.0000002,5.761136
2014-06-18 16:08:03.0000001,8.492052
2014-06-18 16:08:03.0000002,18.49811
2013-06-02 16:26:47.0000003,8.427448
2013-06-02 16:26:47.0000002,5.822856
2009-07-29 10:02:47.0000002,7.2136292
2009-07-29 10:02:47.0000001,6.632186
2013-02-16 14:26:51.0000002,7.7530394
2012-05-11 03:48:31.0000001,6.0659494
2010-01-22 05:47:59.0000001,7.315007
2012-11-12 11:57:03.0000002,54.489426
2012-01-04 00:06:39.0000001,6.9195814
2010-12-28 20:17:27.0000002,4.963201
2010-12-28 20:17:27.0000001,5.608411
2010-12-28 20:17:27.0000004,5.13022
2009-03-18 08:03:07.0000002,11.123586
2009-03-18 08:03:07.0000001,4.656529
2011-10-07 12:38:19.0000004,13.843479
2011-10-07 12:38:19.0000003,4.3592014
2011-10-07 12:38:19.0000002,18.076637
2011-10-07 12:38:19.0000005,10.73179
2009-12-12 22:01:31.0000005,10.810863
2009-12-12 22:01:31.0000002,8.535986
2009-12-12 22:01:31.0000004,5.580851
2009-12-12 22:01:31.0000006,5.5322075
2009-12-12 22:01:31.0000003,11.370449
2015-04-19 20:44:15.0000003,15.057459
2015-04-19 20:44:15.0000002,6.7163353
2015-04-19 20:44:15.0000004,10.601774
2012-03-23 01:36:31.0000002,6.037258
2012-03-23 01:36:31.0000001,4.100333
2014-10-08 21:24:47.0000001,11.98798
2014-10-08 21:24:47.0000002,13.394496
2011-02-03 01:27:31.0000001,14.210033
2011-05-20 23:42:59.0000002,6.647889
2014-01-04 10:54:59.0000001,16.776794
2014-01-04 10:54:59.0000003,10.337904
2009-11-23 05:45:11.0000001,28.066214
2013-01-22 16:25:11.0000003,10.30863
2013-01-22 16:25:11.0000002,40.231014
2013-01-22 16:25:11.0000001,10.546914
2015-05-12 08:31:07.0000007,37.039303
2015-05-12 08:31:07.0000008,5.476908
2015-05-12 08:31:07.0000001,11.82494
2015-05-12 08:31:07.0000009,9.357926
2015-05-12 08:31:07.0000005,8.532618
2015-05-12 08:31:07.0000006,7.6192894
2015-05-12 08:31:07.0000002,36.96404
2015-05-12 08:31:07.0000004,13.917036
2013-09-26 06:58:55.0000001,6.0971756
2013-09-26 06:58:55.0000002,11.208561
2014-09-14 23:26:11.0000003,12.379841
2014-09-14 23:26:11.0000002,12.301017
2009-08-26 08:06:15.0000002,12.072906
2009-08-26 08:06:15.0000003,38.4393
2009-08-26 08:06:15.0000001,7.4521947
2014-10-13 06:14:51.0000001,7.0935
2013-02-02 16:07:55.0000002,10.953526
2013-02-02 16:07:55.0000001,6.3655252
2013-02-02 16:07:55.0000003,7.5750165
2014-04-05 01:52:27.0000005,4.935798
2014-04-05 01:52:27.0000001,22.84937
2010-02-23 20:29:51.0000002,6.733105
2010-02-23 20:29:51.0000003,6.7114043
2011-01-25 00:01:03.0000002,7.225071
2011-01-25 00:01:03.0000001,10.1735735
2013-11-01 13:07:47.0000002,9.43805
2013-11-01 13:07:47.0000001,8.083108
2013-11-01 13:07:47.0000005,9.294909
2013-11-01 13:07:47.0000004,10.432995
2015-03-07 15:25:59.0000004,6.245051
2015-03-07 15:25:59.0000002,21.71323
2015-03-07 15:25:59.0000001,11.333081
2013-10-06 21:05:11.0000002,29.026829
2013-10-06 21:05:11.0000001,11.360185
2009-04-16 15:57:31.0000002,7.7697935
2012-02-21 20:45:03.0000002,7.3975515
2012-02-21 20:45:03.0000001,8.566695
2010-01-10 12:55:43.0000002,8.058533
2015-01-31 01:05:19.0000004,18.317623
2015-01-31 01:05:19.0000007,24.412262
2015-01-31 01:05:19.0000006,7.731724
2015-01-31 01:05:19.0000001,10.127708
2015-01-31 01:05:19.0000003,5.6265936
2015-01-31 01:05:19.0000002,15.864834
2011-10-23 17:43:43.0000001,5.513261
2015-03-16 21:12:19.0000003,22.991558
2015-03-16 21:12:19.0000004,8.132759
2015-03-16 21:12:19.0000005,11.749659
2015-03-16 21:12:19.0000008,15.206492
2015-03-16 21:12:19.0000001,13.550064
2012-09-29 20:16:51.0000001,8.062877
2012-09-29 20:16:51.0000002,27.951998
2012-09-29 20:16:51.0000003,7.085518
2012-09-29 20:16:51.0000005,12.05787
2009-08-03 16:28:07.0000001,3.9777112
2009-08-03 16:28:07.0000003,5.612113
2009-08-03 16:28:07.0000004,6.8922763
2009-08-03 16:28:07.0000002,14.474648
2009-07-30 15:49:15.0000003,8.530044
2009-07-30 15:49:15.0000001,8.051278
2009-07-30 15:49:15.0000005,7.291059
2015-01-18 14:06:23.0000005,17.55984
2015-01-18 14:06:23.0000002,21.967329
2015-03-02 14:08:03.0000002,5.0330434
2015-03-02 14:08:03.0000001,9.240959
2009-09-07 19:35:39.0000003,7.7118163
2009-09-07 19:35:39.0000002,8.475704
2014-07-01 15:15:23.0000004,9.007504
2014-07-01 15:15:23.0000002,17.351484
2014-07-01 15:15:23.0000005,16.970232
2014-07-01 15:15:23.0000006,5.4166174
2014-07-01 15:15:23.0000001,31.151491
2013-04-18 02:55:07.0000001,20.191462
2010-02-10 16:57:19.0000001,8.755294
2013-02-15 18:45:39.0000001,11.074139
2011-06-22 01:50:11.0000001,18.673212
2014-05-06 23:54:59.0000002,15.29722
2014-05-06 23:54:59.0000004,4.517785
2014-05-06 23:54:59.0000003,4.950023
2014-05-06 23:54:59.0000001,13.39282
2012-04-23 21:05:31.0000003,23.470186
2012-04-23 21:05:31.0000004,9.725257
2012-04-23 21:05:31.0000002,7.7343497
2012-04-23 21:05:31.0000006,4.583007
2012-04-23 21:05:31.0000001,34.36167
2012-04-23 21:05:31.0000005,6.474495
2009-03-20 07:29:39.0000003,5.3824925
2009-03-20 07:29:39.0000001,13.196584
2009-03-20 07:29:39.0000002,7.368994
2014-06-25 15:08:19.0000001,7.436585
2014-06-25 15:08:19.0000002,7.326972
2011-06-09 14:51:15.0000003,8.061203
2011-06-09 14:51:15.0000004,7.403499
2011-06-09 14:51:15.0000001,7.8443947
2011-06-09 14:51:15.0000002,10.034506
2015-01-27 13:08:24.0000001,6.0608983
2011-07-24 14:52:56.0000001,10.192613
2011-10-08 11:53:44.0000001,14.927159
2012-12-01 21:12:12.0000004,5.4859023
2013-11-22 15:43:12.0000001,4.6808667
2012-07-15 16:45:04.0000005,5.505709
2012-07-15 16:45:04.0000001,6.748207
2014-06-14 13:39:00.00000014,12.145776
2014-06-14 13:39:00.000000113,9.92052
2014-06-14 13:39:00.0000006,7.563674
2014-06-14 13:39:00.000000139,9.704565
2014-06-14 13:39:00.0000004,6.41793
2014-06-14 13:39:00.000000171,10.607972
2014-06-14 13:39:00.00000011,15.137077
2014-06-14 13:39:00.00000064,5.642234
2014-06-14 13:39:00.00000090,8.109757
2014-06-14 13:39:00.00000041,6.2516394
2014-06-14 13:39:00.00000081,4.430305
2014-06-14 13:39:00.000000164,10.66912
2014-06-14 13:39:00.00000080,16.755733
2014-06-14 13:39:00.00000026,31.180355
2014-06-14 13:39:00.00000058,9.636569
2014-06-14 13:39:00.000000150,14.35033
2014-06-14 13:39:00.00000030,6.4255366
2014-06-14 13:39:00.00000091,5.036122
2014-06-14 13:39:00.000000175,7.449279
2014-06-14 13:39:00.000000101,18.803078
2014-06-14 13:39:00.00000085,7.869775
2014-06-14 13:39:00.000000105,7.430533
2014-06-14 13:39:00.00000069,7.423169
2014-06-14 13:39:00.000000149,87.153885
2010-08-22 21:14:08.0000004,5.062692
2011-06-24 20:34:48.0000003,8.550219
2011-06-24 20:34:48.0000004,5.663377
2011-03-28 20:38:36.0000001,9.1528225
2009-10-21 02:11:24.0000001,13.669073
2011-05-21 13:16:20.0000002,9.591063
2015-01-31 20:54:04.0000003,7.8754487
2010-05-10 10:37:04.0000001,8.092012
2010-03-20 21:35:20.0000001,10.981831
2010-03-20 21:35:20.0000002,8.689057
2012-08-22 22:39:20.0000004,5.4986925
2012-08-22 22:39:20.0000002,8.990295
2012-12-23 02:29:16.0000002,19.905684
2011-10-02 23:36:00.00000031,5.759675
2011-10-02 23:36:00.00000070,7.8711076
2011-10-02 23:36:00.00000068,12.313793
2011-10-02 23:36:00.00000034,14.753391
2011-10-02 23:36:00.00000042,8.85794
2011-10-02 23:36:00.00000032,8.612871
2011-10-02 23:36:00.00000028,4.356363
2011-10-02 23:36:00.00000078,4.6608357
2011-10-02 23:36:00.00000027,7.279713
2011-10-02 23:36:00.00000018,4.645599
2011-10-02 23:36:00.00000061,9.016932
2011-10-02 23:36:00.00000045,4.565526
2011-10-02 23:36:00.00000016,4.741378
2011-10-02 23:36:00.00000052,8.125
2011-10-02 23:36:00.00000098,7.681785
2011-10-02 23:36:00.00000048,8.5992985
2013-03-21 12:47:28.0000004,8.2143955
2013-03-21 12:47:28.0000007,5.1031523
2010-09-05 22:31:32.0000001,9.301619
2013-07-12 23:33:24.0000003,16.002396
2015-06-08 20:02:56.0000002,15.285152
2011-10-11 22:13:48.0000001,10.086965
2011-10-11 22:13:48.0000004,4.7705617
2013-09-14 16:53:20.0000004,10.334792
2013-09-14 16:53:20.0000003,21.225084
2014-02-06 09:09:56.0000002,10.761893
2009-06-10 16:55:00.00000028,7.0884066
2009-06-10 16:55:00.00000020,10.933719
2009-06-10 16:55:00.0000001,5.897587
2009-06-10 16:55:00.000000133,8.069089
2009-06-10 16:55:00.00000026,6.7758017
2009-06-10 16:55:00.000000142,18.026197
2009-06-10 16:55:00.00000038,8.2093725
2009-06-10 16:55:00.00000042,10.466578
2009-06-10 16:55:00.000000112,6.4780316
2009-06-10 16:55:00.00000096,6.4805217
2009-06-10 16:55:00.00000050,8.121497
2009-06-10 16:55:00.00000092,10.771012
2009-06-10 16:55:00.000000167,7.1150174
2009-06-10 16:55:00.000000110,5.1687245
2009-06-10 16:55:00.00000015,13.35565
2009-06-10 16:55:00.000000104,26.726627
2009-06-10 16:55:00.00000019,47.07999
2009-06-10 16:55:00.000000168,4.979315
2009-06-10 16:55:00.00000059,9.0031395
2009-06-10 16:55:00.000000136,8.761083
2009-06-10 16:55:00.00000087,31.95323
2009-06-10 16:55:00.000000134,5.3321853
2009-06-10 16:55:00.00000032,7.359412
2013-06-26 11:19:36.0000001,7.564348
2009-05-02 20:11:32.0000002,4.536613
2009-05-02 20:11:32.0000003,11.542153
2011-06-24 12:03:00.00000031,8.449678
2011-06-24 12:03:00.00000064,6.577498
2011-06-24 12:03:00.000000153,14.499032
2011-06-24 12:03:00.00000014,7.0533123
2011-06-24 12:03:00.000000192,31.35256
2011-06-24 12:03:00.000000121,6.659268
2011-06-24 12:03:00.000000140,5.2251115
2011-06-24 12:03:00.000000155,4.7724237
2011-06-24 12:03:00.00000016,4.8250823
2011-06-24 12:03:00.00000084,5.625579
2011-06-24 12:03:00.00000080,4.328922
2011-06-24 12:03:00.000000123,5.2753344
2011-06-24 12:03:00.000000125,6.771582
2011-06-24 12:03:00.00000032,9.853094
2011-06-24 12:03:00.000000178,14.558646
2011-06-24 12:03:00.00000090,11.695941
2011-06-24 12:03:00.000000166,41.64108
2011-06-24 12:03:00.000000108,5.5458183
2011-06-24 12:03:00.00000098,10.341885
2011-06-24 12:03:00.000000104,29.141634
2011-06-24 12:03:00.00000027,12.878641
2011-06-24 12:03:00.000000151,12.955259
2011-06-24 12:03:00.00000099,14.324499
2011-06-24 12:03:00.00000077,24.61267
2011-06-24 12:03:00.00000019,9.172813
2011-06-24 12:03:00.00000091,7.410266
2011-06-24 12:03:00.000000132,11.756021
2011-06-24 12:03:00.000000161,7.6138034
2011-06-24 12:03:00.00000024,5.8457026
2011-06-24 12:03:00.00000034,7.658617
2011-06-24 12:03:00.00000050,17.087267
2011-06-24 12:03:00.00000023,46.064583
2011-06-24 12:03:00.00000049,8.619124
2011-06-24 12:03:00.000000115,12.008722
2011-06-24 12:03:00.0000008,6.483603
2014-06-15 07:06:00.00000021,18.363892
2014-06-15 07:06:00.00000032,8.135308
2014-06-15 07:06:00.00000029,6.008616
2014-06-15 07:06:00.00000043,35.112007
2014-06-15 07:06:00.0000007,5.4458985
2014-06-15 07:06:00.00000038,13.353897
2014-06-15 07:06:00.00000020,6.445189
2014-06-15 07:06:00.00000027,55.878033
2012-08-09 01:30:36.0000001,10.683951
2015-05-30 21:29:04.0000002,10.634698
2015-05-30 21:29:04.0000005,10.623804
2009-10-26 12:01:36.0000004,29.250324
2013-02-02 15:45:08.0000004,8.01125
2010-12-14 23:27:36.0000003,5.398517
2010-12-14 23:27:36.0000004,4.8419013
2010-12-14 23:27:36.0000002,8.6016245
2014-04-14 13:48:32.0000001,35.322758
2014-04-14 13:48:32.0000002,9.22945
2014-08-07 16:57:56.0000001,9.360542
2009-09-14 02:19:00.00000022,7.759683
2009-09-14 02:19:00.00000010,10.11997
2009-09-14 02:19:00.0000004,3.8177319
2009-09-14 02:19:00.00000011,4.238068
2009-09-14 02:19:00.00000023,10.92689
2009-09-14 02:19:00.00000041,4.7324343
2009-09-14 02:19:00.00000013,10.423581
2014-03-17 16:07:56.0000001,8.817106
2011-06-12 11:31:48.0000003,5.482886
2011-06-12 11:31:48.0000001,7.677957
2011-06-12 11:31:48.0000002,13.429904
2015-06-24 14:19:52.0000003,12.525766
2010-08-21 22:21:32.0000003,7.4568624
2012-01-26 11:17:36.0000001,5.609151
2015-02-27 14:15:52.0000001,12.322315
2015-02-27 14:15:52.0000002,11.762868
2014-09-14 17:22:12.0000004,11.033185
2009-01-02 17:45:40.0000004,30.810238
2009-01-02 17:45:40.0000001,6.6316795
2009-01-02 17:45:40.0000002,7.5436153
2009-01-02 17:45:40.0000003,5.6909485
2009-01-01 11:04:24.0000003,11.454886
2009-01-01 11:04:24.0000001,6.8201885
2014-04-28 19:46:36.0000001,5.555707
2011-06-01 07:37:00.000000192,18.894812
2011-06-01 07:37:00.000000115,12.827545
2011-06-01 07:37:00.00000089,7.1693897
2011-06-01 07:37:00.00000087,7.022556
2011-06-01 07:37:00.000000173,4.647281
2011-06-01 07:37:00.000000166,8.474489
2011-06-01 07:37:00.00000081,5.76311
2011-06-01 07:37:00.00000041,5.038543
2011-06-01 07:37:00.000000102,4.3350053
2011-06-01 07:37:00.000000215,15.257873
2011-06-01 07:37:00.0000006,26.050964
2011-06-01 07:37:00.000000161,5.6969476
2011-06-01 07:37:00.000000123,4.803138
2011-06-01 07:37:00.000000117,8.789216
2011-06-01 07:37:00.0000004,18.944534
2011-06-01 07:37:00.000000133,7.926717
2011-06-01 07:37:00.000000160,6.03684
2011-06-01 07:37:00.000000136,15.8020935
2011-06-01 07:37:00.000000214,9.445058
2011-06-01 07:37:00.00000047,10.127516
2011-06-01 07:37:00.0000001,5.67959
2011-06-01 07:37:00.00000096,4.8912334
2011-06-01 07:37:00.000000150,19.65176
2011-06-01 07:37:00.00000072,14.4080305
2011-06-01 07:37:00.00000064,6.6233244
2010-08-27 18:45:00.00000048,16.294868
2010-08-27 18:45:00.000000210,14.085256
2010-08-27 18:45:00.000000159,5.053636
2010-08-27 18:45:00.00000083,10.64131
2010-08-27 18:45:00.000000145,5.657941
2010-08-27 18:45:00.00000096,8.752628
2010-08-27 18:45:00.00000036,5.627533
2010-08-27 18:45:00.00000088,8.794504
2010-08-27 18:45:00.000000116,10.855914
2010-08-27 18:45:00.000000193,7.90323
2010-08-27 18:45:00.000000121,5.1238885
2010-08-27 18:45:00.00000074,15.516999
2010-08-27 18:45:00.00000075,8.792448
2010-08-27 18:45:00.000000130,14.362629
2010-08-27 18:45:00.000000224,7.060939
2010-08-27 18:45:00.00000072,5.3282485
2010-08-27 18:45:00.000000128,9.569594
2010-08-27 18:45:00.000000163,10.428036
2010-08-27 18:45:00.000000171,8.3131895
2010-08-27 18:45:00.000000157,10.762561
2010-08-27 18:45:00.000000147,6.9609976
2010-08-27 18:45:00.000000119,7.0903854
2010-08-27 18:45:00.000000111,7.028562
2010-08-27 18:45:00.00000015,19.000282
2010-08-27 18:45:00.00000062,6.387859
2010-08-27 18:45:00.000000127,6.2012844
2010-08-27 18:45:00.000000223,4.2582326
2010-08-27 18:45:00.000000112,8.386872
2010-08-27 18:45:00.000000201,16.171877
2010-08-27 18:45:00.000000135,13.330693
2010-08-27 18:45:00.00000092,7.8395805
2010-08-27 18:45:00.00000056,4.8268743
2010-08-27 18:45:00.000000105,10.390783
2010-08-27 18:45:00.000000222,5.602897
2010-08-27 18:45:00.00000023,8.228225
2011-02-12 00:43:24.0000002,6.1390133
2014-05-07 06:50:20.0000004,7.22728
2010-08-14 02:13:00.000000131,10.705181
2010-08-14 02:13:00.00000097,7.688115
2010-08-14 02:13:00.00000086,4.867286
2010-08-14 02:13:00.00000051,7.3062625
2010-08-14 02:13:00.000000128,5.6793137
2010-08-14 02:13:00.00000074,7.5551734
2010-08-14 02:13:00.000000169,4.9946194
2010-08-14 02:13:00.000000127,8.979649
2010-08-14 02:13:00.00000036,6.328923
2010-08-14 02:13:00.00000068,26.107714
2010-08-14 02:13:00.00000042,19.340454
2010-08-14 02:13:00.000000115,19.97696
2010-08-14 02:13:00.00000029,6.3111877
2010-08-14 02:13:00.0000003,53.50656
2010-08-14 02:13:00.00000037,17.663515
2010-08-14 02:13:00.000000121,5.0968676
2010-08-14 02:13:00.00000031,5.0444784
2010-08-14 02:13:00.00000094,13.111474
2010-08-14 02:13:00.000000136,15.0499325
2010-08-14 02:13:00.00000018,8.230569
2010-08-14 02:13:00.000000125,8.093566
2010-08-14 02:13:00.00000041,17.834244
2010-08-14 02:13:00.000000163,17.154415
2010-08-14 02:13:00.000000126,8.33625
2010-08-14 02:13:00.0000008,10.882303
2010-08-14 02:13:00.00000057,6.0262074
2010-08-14 02:13:00.00000050,15.004858
2010-08-14 02:13:00.000000152,6.058422
2014-03-25 23:47:00.00000083,5.6855607
2014-03-25 23:47:00.000000139,5.0828047
2014-03-25 23:47:00.000000122,20.32149
2014-03-25 23:47:00.00000093,6.9119406
2014-03-25 23:47:00.00000039,10.234966
2014-03-25 23:47:00.000000119,7.4082427
2014-03-25 23:47:00.00000067,14.507803
2014-03-25 23:47:00.00000034,10.323889
2014-03-25 23:47:00.00000040,13.509739
2014-03-25 23:47:00.000000137,11.768185
2014-03-25 23:47:00.00000076,23.07966
2014-03-25 23:47:00.00000057,9.096914
2014-03-25 23:47:00.000000104,9.128819
2014-03-25 23:47:00.00000069,4.959121
2015-06-05 08:38:56.0000008,22.845436
2010-08-06 20:27:12.0000003,7.65572
2012-08-03 12:33:08.0000001,5.633488
2010-09-29 16:43:00.00000088,10.234062
2010-09-29 16:43:00.00000034,11.9455185
2010-09-29 16:43:00.00000069,12.745847
2010-09-29 16:43:00.000000172,9.780657
2010-09-29 16:43:00.000000152,7.643485
2010-09-29 16:43:00.00000084,8.404021
2010-09-29 16:43:00.000000136,7.8451204
2010-09-29 16:43:00.000000126,11.086445
2010-09-29 16:43:00.000000171,6.4389567
2010-09-29 16:43:00.000000139,7.531247
2010-09-29 16:43:00.0000002,6.8305573
2010-09-29 16:43:00.00000070,8.848556
2010-09-29 16:43:00.00000045,6.174851
2010-09-29 16:43:00.0000009,9.482981
2010-09-29 16:43:00.00000057,15.805893
2010-09-29 16:43:00.000000118,8.348053
2010-09-29 16:43:00.00000042,12.034463
2010-09-29 16:43:00.000000130,8.373422
2010-09-29 16:43:00.00000039,8.746882
2010-09-29 16:43:00.00000032,8.9219475
2014-10-27 14:58:00.000000101,10.306441
2014-10-27 14:58:00.00000023,11.133754
2014-10-27 14:58:00.0000006,11.956728
2014-10-27 14:58:00.000000113,6.4952993
2014-10-27 14:58:00.000000143,5.212823
2014-10-27 14:58:00.00000090,5.776395
2014-10-27 14:58:00.000000104,20.607843
2014-10-27 14:58:00.000000148,40.24062
2014-10-27 14:58:00.00000060,7.0578547
2014-10-27 14:58:00.000000129,23.829508
2014-10-27 14:58:00.00000012,18.405668
2014-10-27 14:58:00.00000035,16.914303
2014-10-27 14:58:00.00000036,9.837483
2014-10-27 14:58:00.000000150,9.303171
2014-10-27 14:58:00.00000050,6.400407
2014-10-27 14:58:00.000000103,8.2895355
2014-10-27 14:58:00.00000067,6.7228303
2014-10-27 14:58:00.00000066,5.491007
2009-10-08 23:44:56.0000003,7.566575
2012-11-03 17:11:00.00000064,15.135932
2012-11-03 17:11:00.00000074,6.666529
2012-11-03 17:11:00.000000132,54.807358
2012-11-03 17:11:00.00000031,7.9993286
2012-11-03 17:11:00.00000028,9.069358
2012-11-03 17:11:00.000000102,8.585833
2012-11-03 17:11:00.00000067,8.743322
2012-11-03 17:11:00.000000162,8.444917
2012-11-03 17:11:00.00000054,14.071247
2012-11-03 17:11:00.00000046,6.160301
2012-11-03 17:11:00.000000113,31.252079
2012-11-03 17:11:00.00000093,7.2309856
2012-11-03 17:11:00.00000032,13.692845
2012-11-03 17:11:00.00000052,18.792078
2012-11-03 17:11:00.000000147,8.832232
2012-11-03 17:11:00.000000125,9.65455
2012-11-03 17:11:00.00000086,6.7186046
2012-11-03 17:11:00.0000009,7.7851315
2012-11-03 17:11:00.000000136,7.6488876
2012-11-03 17:11:00.00000077,8.654185
2012-11-03 17:11:00.00000099,17.76204
2012-11-03 17:11:00.00000096,10.12558
2012-11-03 17:11:00.000000161,8.061495
2012-11-03 17:11:00.000000124,11.102269
2012-11-03 17:11:00.00000016,21.678825
2012-11-03 17:11:00.00000058,4.8439245
2012-11-03 17:11:00.00000083,10.106397
2012-11-03 17:11:00.00000082,7.8991995
2012-11-03 17:11:00.00000075,31.773113
2012-11-03 17:11:00.00000061,13.569968
2012-11-03 17:11:00.00000012,8.461701
2012-11-03 17:11:00.00000057,4.294605
2012-11-03 17:11:00.00000037,6.0042043
2012-11-03 17:11:00.000000106,7.7353296
2009-05-07 13:58:32.0000002,31.280266
2011-05-28 17:29:44.0000001,52.652058
2011-05-28 17:29:44.0000004,33.136658
2011-12-25 21:26:32.0000002,6.184706
2009-05-06 01:49:12.0000002,13.591191
2009-05-06 01:49:12.0000004,5.2271647
2011-03-11 01:44:00.00000030,8.649556
2011-03-11 01:44:00.00000027,36.892864
2011-03-11 01:44:00.0000009,7.0004115
2011-03-11 01:44:00.00000047,30.049995
2011-03-11 01:44:00.00000092,4.638071
2011-03-11 01:44:00.0000006,11.201063
2011-03-11 01:44:00.00000056,20.060936
2011-03-11 01:44:00.00000081,10.587143
2011-03-11 01:44:00.00000039,6.9828143
2011-03-11 01:44:00.00000077,19.714775
2011-03-11 01:44:00.00000059,13.896123
2011-03-11 01:44:00.00000028,6.0800734
2011-03-11 01:44:00.00000036,13.733745
2011-03-11 01:44:00.00000038,21.924368
2011-03-11 01:44:00.00000065,16.965864
2011-03-11 01:44:00.0000003,5.9565396
2013-01-27 00:09:12.0000003,7.8454304
2012-01-07 11:21:56.0000003,3.5582273
2012-01-07 11:21:56.0000001,7.277273
2012-10-31 12:17:24.0000002,12.649377
2012-10-20 02:05:08.0000003,7.081327
2014-10-11 15:11:24.0000003,4.911996
2009-08-17 12:27:08.0000002,9.837088
2014-04-09 09:23:12.0000004,13.060312
2009-11-25 19:32:52.0000004,5.4023604
2014-05-30 00:09:16.0000007,6.124961
2014-05-30 00:09:16.0000006,18.167358
2013-01-07 17:08:32.0000002,10.32641
2013-02-18 17:37:28.0000001,5.932178
2011-10-04 09:37:00.00000038,12.677077
2011-10-04 09:37:00.00000095,10.1504135
2011-10-04 09:37:00.00000015,8.838416
2011-10-04 09:37:00.00000022,29.88975
2011-10-04 09:37:00.00000052,11.9718685
2011-10-04 09:37:00.000000141,11.0281
2011-10-04 09:37:00.000000179,13.796978
2011-10-04 09:37:00.000000148,7.052228
2011-10-04 09:37:00.00000014,7.0379906
2011-10-04 09:37:00.00000085,5.5309234
2011-10-04 09:37:00.000000162,12.984971
2011-10-04 09:37:00.00000034,30.788746
2011-10-04 09:37:00.00000037,15.267152
2011-10-04 09:37:00.000000111,13.221911
2011-10-04 09:37:00.00000061,4.0365543
2011-10-04 09:37:00.000000199,7.8036294
2011-10-04 09:37:00.000000158,22.906034
2011-10-04 09:37:00.000000149,7.5043426
2011-10-04 09:37:00.00000069,19.704315
2011-10-04 09:37:00.00000077,9.676699
2011-10-04 09:37:00.000000165,16.399456
2011-10-04 09:37:00.00000044,11.0878525
2011-10-04 09:37:00.000000191,12.947533
2011-10-04 09:37:00.000000164,5.37833
2011-10-04 09:37:00.000000135,5.105222
2011-10-04 09:37:00.000000190,13.673359
2011-10-04 09:37:00.000000163,16.383581
2011-10-04 09:37:00.00000054,27.289892
2011-10-04 09:37:00.000000177,10.561084
2011-10-04 09:37:00.00000064,6.1028147
2011-10-04 09:37:00.0000003,11.267051
2011-10-04 09:37:00.000000196,28.046137
2011-10-04 09:37:00.000000155,6.366407
2012-10-23 14:15:04.0000002,10.890913
2012-10-18 21:06:20.0000009,8.65947
2012-10-18 21:06:20.0000007,11.443251
2014-12-24 03:00:00.00000016,15.64838
2014-12-24 03:00:00.00000025,8.695813
2014-12-24 03:00:00.00000029,6.5363517
2014-12-24 03:00:00.00000040,11.600996
2014-12-24 03:00:00.0000007,4.6678276
2014-12-24 03:00:00.00000019,7.0124803
2014-12-24 03:00:00.00000039,5.136093
2010-10-07 10:54:20.0000003,48.62577
2011-02-21 20:11:08.0000006,9.820326
2009-10-04 22:54:56.0000002,10.908345
2015-04-11 20:31:32.00000011,7.0697503
2015-04-11 20:31:32.0000005,13.085205
2011-02-20 12:31:04.0000002,6.8058615
2013-01-01 22:04:56.0000002,9.455422
2013-01-01 22:04:56.0000003,8.88199
2013-04-23 17:52:44.0000003,56.743565
2010-01-01 13:19:40.0000004,12.779015
2010-03-06 23:51:08.0000003,12.031938
2014-04-27 02:57:00.000000155,10.916584
2014-04-27 02:57:00.00000072,10.166355
2014-04-27 02:57:00.00000043,8.229085
2014-04-27 02:57:00.00000073,13.937693
2014-04-27 02:57:00.00000013,15.792613
2014-04-27 02:57:00.000000191,6.201781
2014-04-27 02:57:00.000000171,17.720331
2014-04-27 02:57:00.000000162,19.681753
2014-04-27 02:57:00.00000082,13.265432
2014-04-27 02:57:00.00000023,6.798378
2014-04-27 02:57:00.000000137,6.944659
2014-04-27 02:57:00.00000057,17.167433
2014-04-27 02:57:00.000000174,6.9553866
2014-04-27 02:57:00.00000012,5.04639
2014-04-27 02:57:00.000000158,4.8380494
2014-04-27 02:57:00.000000138,35.14256
2014-04-27 02:57:00.000000172,10.252385
2014-04-27 02:57:00.000000195,10.8634405
2014-04-27 02:57:00.000000131,6.797618
2014-04-27 02:57:00.000000140,14.427359
2014-04-27 02:57:00.000000154,5.1313024
2014-04-27 02:57:00.00000036,6.3228946
2014-04-27 02:57:00.000000153,10.900194
2014-04-27 02:57:00.000000164,6.6869345
2014-04-27 02:57:00.00000031,7.3472714
2014-04-27 02:57:00.000000116,27.534382
2014-04-27 02:57:00.000000187,9.244915
2011-01-18 10:26:40.0000001,12.609992
2011-12-13 22:00:00.000000185,11.797367
2011-12-13 22:00:00.000000117,29.721474
2011-12-13 22:00:00.00000037,13.800743
2011-12-13 22:00:00.000000171,7.504444
2011-12-13 22:00:00.000000194,13.611489
2011-12-13 22:00:00.000000237,5.462937
2011-12-13 22:00:00.000000160,7.2580605
2011-12-13 22:00:00.000000145,4.844187
2011-12-13 22:00:00.00000035,9.663035
2011-12-13 22:00:00.00000081,5.274682
2011-12-13 22:00:00.00000015,7.6089473
2011-12-13 22:00:00.000000118,8.836343
2011-12-13 22:00:00.000000140,9.586024
2011-12-13 22:00:00.00000092,21.720654
2011-12-13 22:00:00.00000047,6.7161293
2011-12-13 22:00:00.000000119,7.4215784
2011-12-13 22:00:00.00000077,4.8164434
2011-12-13 22:00:00.00000096,8.857159
2011-12-13 22:00:00.000000152,17.306742
2011-12-13 22:00:00.000000198,10.3083515
2011-12-13 22:00:00.00000043,6.3955455
2011-12-13 22:00:00.000000115,5.0453877
2011-12-13 22:00:00.000000236,3.9497945
2011-12-13 22:00:00.000000200,5.907518
2011-12-13 22:00:00.0000001,19.994576
2011-12-13 22:00:00.000000251,6.1946635
2011-12-13 22:00:00.00000049,6.5291986
2011-12-13 22:00:00.00000034,9.313751
2011-12-13 22:00:00.000000262,5.6140757
2011-12-13 22:00:00.00000018,23.819967
2011-12-13 22:00:00.000000108,4.9930944
2011-12-13 22:00:00.00000084,6.442358
2014-05-13 07:33:52.0000005,6.2214036
2011-06-30 09:37:08.0000001,8.803036
2009-01-28 16:36:28.0000004,10.660056
2010-07-21 22:06:12.0000004,13.792589
2013-05-24 13:37:32.0000003,13.08439
2013-05-24 13:37:32.0000002,6.4156365
2014-03-05 21:07:12.0000002,4.532416
2014-03-05 21:07:12.0000005,5.676318
2009-11-28 15:07:24.0000002,7.219848
2010-07-31 15:47:28.0000002,10.960647
2013-11-22 15:36:36.0000001,12.511338
2011-06-26 18:48:08.0000003,8.746391
2011-10-17 18:49:20.0000001,12.461661
2011-10-17 18:49:20.0000004,7.260779
2014-07-21 18:19:00.00000053,8.406373
2014-07-21 18:19:00.00000085,9.707845
2014-07-21 18:19:00.000000175,6.4668903
2014-07-21 18:19:00.00000076,10.733598
2014-07-21 18:19:00.000000147,12.433202
2014-07-21 18:19:00.0000001,18.332062
2014-07-21 18:19:00.0000007,7.5904217
2014-07-21 18:19:00.000000234,10.228044
2014-07-21 18:19:00.000000188,7.780588
2014-07-21 18:19:00.00000024,10.4617605
2014-07-21 18:19:00.000000158,4.998508
2014-07-21 18:19:00.00000093,12.887821
2014-07-21 18:19:00.00000081,7.514856
2014-07-21 18:19:00.000000206,6.9538283
2014-07-21 18:19:00.00000095,28.408426
2014-07-21 18:19:00.000000164,4.014184
2014-07-21 18:19:00.00000062,6.7670846
2014-07-21 18:19:00.000000140,12.377305
2014-07-21 18:19:00.000000155,14.357385
2014-07-21 18:19:00.000000170,9.575068
2014-07-21 18:19:00.000000238,22.379465
2014-07-21 18:19:00.000000207,9.819035
2014-07-21 18:19:00.00000016,15.22851
2014-07-21 18:19:00.000000237,14.379013
2014-07-21 18:19:00.00000045,6.079263
2014-07-21 18:19:00.000000110,5.2990565
2014-07-21 18:19:00.000000157,6.4534907
2014-07-21 18:19:00.000000236,11.676474
2014-07-21 18:19:00.000000151,7.9534793
2014-07-21 18:19:00.000000192,5.424953
2014-07-21 18:19:00.00000086,5.965447
2014-07-21 18:19:00.00000040,6.524604
2014-07-21 18:19:00.000000209,4.932462
2014-07-21 18:19:00.000000138,12.892514
2014-07-21 18:19:00.000000131,11.437637
2014-07-21 18:19:00.000000243,8.981332
2014-07-21 18:19:00.000000199,15.40608
2014-07-21 18:19:00.00000041,13.111483
2014-07-21 18:19:00.000000180,13.335073
2014-07-21 18:19:00.00000052,8.078371
2014-07-21 18:19:00.00000084,7.172262
2011-06-13 09:55:04.0000006,8.750297
2011-06-13 09:55:04.0000002,28.438465
2014-12-27 22:31:56.0000001,10.858154
2014-12-27 22:31:56.0000003,26.36573
2010-09-20 16:48:00.00000050,9.644992
2010-09-20 16:48:00.00000055,8.105869
2010-09-20 16:48:00.000000154,9.403896
2010-09-20 16:48:00.000000106,14.220027
2010-09-20 16:48:00.000000163,16.667229
2010-09-20 16:48:00.000000121,38.450287
2010-09-20 16:48:00.000000111,43.19468
2010-09-20 16:48:00.000000124,9.501867
2010-09-20 16:48:00.000000143,6.2680926
2010-09-20 16:48:00.000000131,8.641351
2010-09-20 16:48:00.000000137,26.742502
2010-09-20 16:48:00.000000142,9.449728
2010-09-20 16:48:00.00000036,8.084135
2010-09-20 16:48:00.0000007,14.3831
2010-09-20 16:48:00.000000112,10.805367
2010-09-20 16:48:00.000000104,9.572739
2010-09-20 16:48:00.00000056,15.283421
2010-09-20 16:48:00.000000114,9.049131
2010-09-20 16:48:00.000000152,5.5941305
2010-09-20 16:48:00.00000072,25.893824
2010-09-20 16:48:00.0000004,10.680183
2010-09-20 16:48:00.00000058,17.283493
2010-09-20 16:48:00.00000081,8.950933
2010-09-20 16:48:00.000000116,6.8031316
2010-09-20 16:48:00.00000040,12.345397
2010-09-20 16:48:00.00000019,12.516547
2010-09-20 16:48:00.000000134,9.973143
2010-09-20 16:48:00.00000084,44.75351
2010-09-20 16:48:00.00000016,9.660583
2010-09-20 16:48:00.000000103,6.7726636
2012-08-20 14:47:36.0000001,7.456408
2011-12-01 01:36:08.0000001,3.9498494
2014-03-29 14:59:28.0000001,11.069193
2014-08-18 01:19:48.0000001,9.844921
2012-04-30 20:04:20.0000001,4.342352
2013-07-13 18:28:20.0000003,58.402954
2014-10-07 19:04:08.0000003,5.5942607
2014-10-07 19:04:08.0000001,7.3706183
2013-08-21 09:32:24.0000001,6.214452
2015-01-26 07:13:44.0000001,36.2669
2011-03-06 21:01:00.0000003,11.412981
2011-03-06 21:01:00.000000155,4.218943
2011-03-06 21:01:00.000000164,6.8558097
2011-03-06 21:01:00.000000131,8.398195
2011-03-06 21:01:00.00000091,7.97364
2011-03-06 21:01:00.000000144,15.152486
2011-03-06 21:01:00.000000132,5.191013
2011-03-06 21:01:00.000000134,4.9807243
2011-03-06 21:01:00.000000110,3.9337249
2011-03-06 21:01:00.00000058,4.5632386
2011-03-06 21:01:00.00000081,31.600662
2011-03-06 21:01:00.00000048,16.316196
2011-03-06 21:01:00.00000079,7.0910277
2011-03-06 21:01:00.000000142,12.838169
2011-03-06 21:01:00.00000090,9.4736805
2011-03-06 21:01:00.000000125,6.937019
2011-03-06 21:01:00.000000119,3.8253217
2011-03-06 21:01:00.000000117,15.064924
2011-03-06 21:01:00.00000065,7.9345794
2011-03-06 21:01:00.000000163,5.136405
2011-03-06 21:01:00.000000159,7.7158227
2011-03-06 21:01:00.000000112,4.3425603
2011-03-06 21:01:00.00000013,27.101727
2011-03-06 21:01:00.000000121,7.3396444
2011-03-06 21:01:00.000000152,4.639724
2011-03-06 21:01:00.00000059,11.712064
2011-03-06 21:01:00.00000041,5.218138
2011-03-06 21:01:00.000000174,8.323465
2011-03-06 21:01:00.000000171,6.3191924
2011-03-06 21:01:00.00000069,13.666875
2011-03-06 21:01:00.00000050,3.9472864
2011-03-06 21:01:00.00000039,7.8446417
2011-03-06 21:01:00.00000082,7.4109054
2011-03-06 21:01:00.000000165,6.348651
2011-03-06 21:01:00.000000103,4.3239326
2011-03-06 21:01:00.00000063,4.845651
2011-03-06 21:01:00.000000100,16.098537
2011-03-06 21:01:00.000000124,10.034617
2011-03-06 21:01:00.000000126,5.5903263
2011-03-06 21:01:00.00000068,7.5460577
2011-03-06 21:01:00.00000030,5.913708
2009-11-24 08:58:48.0000008,5.9234195
2009-11-24 08:58:48.0000004,9.19186
2011-05-30 09:32:56.0000002,6.0148573
2010-01-02 12:20:32.0000001,7.015465
2010-10-05 02:09:00.00000026,6.3028693
2010-10-05 02:09:00.00000016,4.717226
2010-10-05 02:09:00.00000019,19.350805
2010-10-05 02:09:00.00000014,6.0309525
2010-10-05 02:09:00.0000004,7.515655
2010-10-05 02:09:00.00000025,17.33228
2010-10-05 02:09:00.0000009,9.542512
2012-01-25 22:43:44.0000005,5.2306337
2010-12-01 22:04:52.0000002,7.843499
2013-06-23 02:54:32.0000001,18.235397
2013-11-18 15:07:28.0000003,9.94017
2013-08-06 23:56:32.0000002,7.08033
2013-08-06 23:56:32.0000001,26.018734
2012-03-10 02:36:04.0000004,5.080734
2014-04-13 17:35:52.0000001,12.183802
2013-09-14 16:03:12.0000001,12.471786
2013-09-14 16:03:12.0000002,7.4398494
2013-09-14 16:03:12.0000003,7.1758766
2014-04-05 18:27:08.0000001,9.354015
2014-04-05 18:27:08.0000002,6.475192
2009-12-02 15:59:56.0000003,5.1150184
2010-01-03 02:03:40.0000001,4.2832613
2011-01-30 14:38:24.0000001,9.656835
2011-04-16 21:23:16.0000005,7.1318693
2009-05-31 21:24:56.0000002,8.518188
2009-07-14 17:59:12.0000002,13.148181
2009-12-18 12:37:04.0000003,6.436547
2012-11-21 15:12:48.0000002,6.1695786
2011-10-07 22:08:20.0000002,7.609813
2011-10-07 22:08:20.0000001,10.146352
2011-10-07 22:08:20.0000004,12.176076
2013-09-24 21:16:40.0000008,4.9795775
2013-09-24 21:16:40.0000005,5.4262133
2014-01-25 12:36:52.0000003,9.755303
2012-01-26 07:33:00.000000101,5.3883796
2012-01-26 07:33:00.00000057,14.481499
2012-01-26 07:33:00.000000175,5.537296
2012-01-26 07:33:00.00000024,7.270749
2012-01-26 07:33:00.00000097,5.446183
2012-01-26 07:33:00.000000115,14.87886
2012-01-26 07:33:00.00000039,4.5750694
2012-01-26 07:33:00.000000161,6.6521235
2012-01-26 07:33:00.000000173,8.893755
2012-01-26 07:33:00.000000183,9.901601
2012-01-26 07:33:00.00000020,11.940064
2012-01-26 07:33:00.00000022,9.011998
2012-01-26 07:33:00.000000136,9.314791
2012-01-26 07:33:00.0000008,12.860802
2012-01-26 07:33:00.000000100,9.642314
2012-01-26 07:33:00.00000023,6.904143
2012-01-26 07:33:00.00000056,7.112387
2012-01-26 07:33:00.00000018,8.37148
2012-01-26 07:33:00.00000076,20.106037
2012-01-26 07:33:00.00000080,7.381701
2012-01-26 07:33:00.000000104,7.7621574
2012-01-26 07:33:00.00000082,5.2759223
2012-01-26 07:33:00.00000025,5.0003285
2012-01-26 07:33:00.000000181,36.56435
2012-01-26 07:33:00.000000105,5.7106695
2015-03-20 23:34:40.0000001,9.508177
2015-03-20 23:34:40.0000008,8.568551
2015-03-20 23:34:40.0000003,19.75728
2013-12-14 03:20:48.0000003,10.527983
2010-12-09 07:29:00.000000164,10.798908
2010-12-09 07:29:00.000000141,12.44427
2010-12-09 07:29:00.00000073,10.534872
2010-12-09 07:29:00.00000062,5.488097
2010-12-09 07:29:00.000000139,7.1088467
2010-12-09 07:29:00.00000079,6.150992
2010-12-09 07:29:00.000000145,8.009869
2010-12-09 07:29:00.0000006,5.2003107
2010-12-09 07:29:00.00000066,4.9869027
2010-12-09 07:29:00.000000171,9.127594
2010-12-09 07:29:00.000000136,7.417887
2010-12-09 07:29:00.00000026,20.71289
2010-12-09 07:29:00.00000044,5.2339287
2010-12-09 07:29:00.00000083,10.389872
2010-12-09 07:29:00.00000028,6.7435474
2010-12-09 07:29:00.000000168,9.9370985
2010-12-09 07:29:00.000000180,5.889687
2010-12-09 07:29:00.00000094,6.1025424
2010-12-09 07:29:00.00000080,50.651817
2010-12-09 07:29:00.000000181,11.338625
2010-12-09 07:29:00.00000086,9.068823
2011-09-25 13:01:20.0000002,5.235232
2014-02-20 18:49:04.0000001,11.5702305
2010-08-21 23:02:28.0000004,5.3511515
2010-08-21 23:02:28.0000001,12.608135
2010-08-21 23:02:28.0000002,6.3719068
2012-05-08 03:50:00.00000017,21.153503
2012-05-08 03:50:00.00000010,6.914596
2012-05-08 03:50:00.0000005,6.638167
2009-07-31 07:30:56.0000003,16.102432
2012-03-06 07:33:04.0000001,10.465712
2015-03-12 19:43:24.0000006,36.747658
2014-01-18 17:43:28.0000001,10.432876
2011-09-04 01:36:36.0000001,7.2056546
2010-08-09 08:53:56.0000001,6.733644
2015-02-01 00:48:44.0000002,4.902866
2014-01-26 15:28:52.0000001,10.221791
2014-01-26 15:28:52.0000002,13.890524
2011-12-06 11:07:40.0000004,11.315337
2011-07-12 19:41:48.0000001,7.7846804
2010-09-16 14:27:16.0000002,8.071905
2015-02-14 20:20:56.0000003,4.9874277
2009-01-22 12:27:20.0000002,15.78902
2011-04-23 21:22:20.0000003,9.330759
2011-04-23 21:22:20.0000004,13.377666
2015-02-21 18:39:16.0000003,6.1175776
2015-02-21 18:39:16.0000004,8.311125
2009-04-23 00:05:40.0000002,7.9224563
2013-03-09 21:40:52.0000001,10.087047
2010-07-22 09:37:12.0000002,33.78186
2012-07-31 02:46:40.0000001,7.7864833
2015-02-21 17:23:28.0000004,13.406873
2012-11-19 22:15:32.0000001,8.221921
2009-01-26 18:26:48.0000005,6.8086267
2009-09-22 11:47:24.0000001,9.390524
2012-07-05 18:30:36.0000004,5.1619587
2012-11-20 21:54:00.000000225,7.0055075
2012-11-20 21:54:00.00000025,14.750586
2012-11-20 21:54:00.00000036,22.11509
2012-11-20 21:54:00.000000102,16.013071
2012-11-20 21:54:00.000000105,24.905378
2012-11-20 21:54:00.000000167,20.65305
2012-11-20 21:54:00.000000186,7.766518
2012-11-20 21:54:00.000000172,6.7474647
2012-11-20 21:54:00.000000202,15.512955
2012-11-20 21:54:00.000000179,39.547935
2012-11-20 21:54:00.000000110,8.736904
2012-11-20 21:54:00.00000076,8.190641
2012-11-20 21:54:00.000000195,22.383156
2012-11-20 21:54:00.000000131,34.931194
2012-11-20 21:54:00.0000002,14.426613
2012-11-20 21:54:00.00000068,27.688622
2012-11-20 21:54:00.000000138,9.7254505
2012-11-20 21:54:00.00000090,8.13449
2012-11-20 21:54:00.000000169,8.597972
2012-11-20 21:54:00.00000065,9.119887
2012-11-20 21:54:00.000000121,25.219837
2012-11-20 21:54:00.00000024,5.755026
2012-11-20 21:54:00.000000123,12.5698805
2012-11-20 21:54:00.000000100,10.295945
2012-11-20 21:54:00.0000004,6.90279
2012-11-20 21:54:00.00000098,5.757741
2012-11-20 21:54:00.000000205,5.9416075
2012-11-20 21:54:00.000000103,30.614174
2012-11-20 21:54:00.00000092,16.051943
2012-11-20 21:54:00.00000040,7.437657
2012-11-20 21:54:00.00000069,25.913263
2012-11-20 21:54:00.000000148,17.461554
2012-11-20 21:54:00.000000233,6.13968
2014-06-23 00:16:00.00000054,12.824597
2014-06-23 00:16:00.00000059,35.0251
2014-06-23 00:16:00.00000051,9.196946
2014-06-23 00:16:00.00000012,10.691673
2014-06-23 00:16:00.00000046,43.339275
2014-06-23 00:16:00.00000032,7.0547853
2014-06-23 00:16:00.00000017,13.595405
2014-06-23 00:16:00.0000006,5.495776
2014-06-23 00:16:00.00000084,8.511859
2014-06-23 00:16:00.00000021,45.437294
2014-06-23 00:16:00.0000007,6.121036
2014-06-23 00:16:00.00000045,7.5358877
2014-06-23 00:16:00.00000083,21.472498
2014-06-23 00:16:00.00000048,33.056686
2014-06-23 00:16:00.00000058,8.46214
2014-06-23 00:16:00.00000075,8.255843
2014-06-23 00:16:00.00000027,9.417521
2014-06-23 00:16:00.00000031,9.724839
2009-04-25 10:52:56.0000001,7.233307
2009-04-25 10:52:56.0000003,4.928821
2009-04-20 11:11:40.0000002,8.789598
2009-10-22 21:57:36.0000001,16.773191
2013-11-28 11:00:04.0000001,10.971196
2014-05-25 15:07:04.0000001,6.2589707
2011-08-18 13:00:16.0000001,5.98336
2013-09-25 22:00:00.000000167,8.816204
2013-09-25 22:00:00.00000033,5.866179
2013-09-25 22:00:00.000000122,13.16191
2013-09-25 22:00:00.000000236,10.842904
2013-09-25 22:00:00.000000193,15.246379
2013-09-25 22:00:00.000000239,6.38808
2013-09-25 22:00:00.00000086,14.032237
2013-09-25 22:00:00.000000201,12.218452
2013-09-25 22:00:00.000000170,16.645653
2013-09-25 22:00:00.00000080,5.1790466
2013-09-25 22:00:00.00000021,5.1976657
2013-09-25 22:00:00.000000240,7.87361
2013-09-25 22:00:00.00000046,16.500801
2013-09-25 22:00:00.000000231,34.23293
2013-09-25 22:00:00.00000027,8.024466
2013-09-25 22:00:00.00000045,5.753093
2013-09-25 22:00:00.000000108,7.5956173
2013-09-25 22:00:00.000000125,11.761653
2013-09-25 22:00:00.000000232,7.219064
2013-09-25 22:00:00.000000184,13.429047
2013-09-25 22:00:00.00000096,10.890802
2013-09-25 22:00:00.000000158,10.723561
2013-09-25 22:00:00.000000131,17.639301
2013-09-25 22:00:00.000000207,6.260268
2013-09-25 22:00:00.00000068,8.553038
2013-09-25 22:00:00.000000194,13.852573
2013-09-25 22:00:00.00000011,56.57429
2013-09-25 22:00:00.000000243,20.5665
2013-09-25 22:00:00.000000138,13.818587
2013-09-25 22:00:00.00000069,8.140007
2013-09-25 22:00:00.00000067,6.845369
2013-09-25 22:00:00.000000152,12.74917
2013-07-20 12:06:44.0000002,10.963294
2013-07-20 12:06:44.0000001,10.354268
2014-07-11 12:36:08.0000003,56.23347
2014-01-31 11:11:05.0000002,13.6926
2014-08-31 04:03:29.0000002,9.013162
2014-08-31 04:03:29.0000003,28.549076
2014-08-01 18:38:09.0000004,21.675423
2014-08-01 18:38:09.0000003,23.75363
2009-05-16 14:53:41.0000005,14.073719
2009-05-16 14:53:41.0000001,22.343264
2009-05-16 14:53:41.0000004,25.163694
2013-08-26 11:47:37.0000001,9.319349
2010-10-30 13:31:13.0000001,5.221179
2014-05-09 00:30:41.0000004,10.625515
2012-03-05 13:24:37.0000002,6.085682
2010-07-01 22:11:33.0000005,6.8358192
2010-07-01 22:11:33.0000006,21.238075
2012-01-07 21:39:05.0000001,49.381996
2012-05-26 00:31:25.0000001,5.2386327
2014-10-07 11:52:13.0000006,10.730003
2015-06-13 19:17:09.0000005,6.929911
2009-11-28 13:50:17.0000004,6.0523295
2009-11-28 13:50:17.0000002,5.606841
2015-01-13 12:07:53.0000005,7.642689
2015-01-13 12:07:53.0000003,8.194792
2012-01-31 09:15:49.0000001,7.3474073
2011-03-22 12:59:49.0000002,28.130697
2011-03-22 12:59:49.0000006,7.4069133
2013-07-05 00:58:17.0000001,5.015096
2010-01-30 00:57:21.0000002,18.41258
2009-10-16 16:14:41.0000002,6.8866873
2011-03-13 05:34:57.0000002,11.27469
2015-02-26 23:20:13.00000010,10.082293
2013-10-09 15:11:41.0000004,23.401865
2011-09-01 09:53:49.0000004,5.9923334
2010-09-28 00:16:53.0000003,6.47077
2010-07-25 04:03:17.0000003,17.17314
2010-07-25 04:03:17.0000002,4.5577025
2013-09-19 21:24:21.0000001,11.032621
2011-02-04 09:12:53.0000004,3.990492
2012-03-08 12:33:25.0000003,14.169715
2009-07-31 18:15:57.0000001,9.221144
2009-07-10 20:17:05.0000003,4.129654
2010-08-21 21:56:25.0000002,10.67981
2010-10-09 17:11:17.0000001,7.383878
2009-09-25 15:13:57.0000001,8.996188
2009-09-25 15:13:57.0000003,5.9714007
2009-09-25 15:13:57.0000002,11.77888
2010-05-03 08:36:41.0000004,7.2518296
2011-01-24 20:18:49.0000003,6.028364
2010-01-23 14:32:17.0000003,5.2484674
2012-06-02 01:16:05.0000004,16.7576
2011-10-20 13:46:33.0000003,9.186797
2014-10-28 12:23:09.0000001,17.625528
2011-07-11 20:43:33.0000004,11.572396
2011-07-11 20:43:33.0000005,25.75506
2011-07-11 20:43:33.0000001,6.35623
2013-02-23 14:25:29.0000002,14.483962
2010-01-30 18:58:33.0000008,9.322926
2010-01-30 18:58:33.0000006,8.995408
2010-01-30 18:58:33.0000001,7.366329
2014-06-22 14:49:13.0000001,15.236877
2014-06-22 14:49:13.0000005,15.463632
2015-03-14 02:23:17.0000006,16.688757
2015-03-14 02:23:17.0000002,6.302419
2015-03-14 02:23:17.0000004,16.03823
2012-03-12 01:08:09.0000001,8.206964
2014-09-25 20:52:09.0000002,6.708612
2014-09-25 20:52:09.0000005,22.690607
2012-12-15 06:35:45.0000001,10.205865
2012-01-05 05:51:01.0000001,7.7866087
2013-10-15 08:16:21.0000002,25.598503
2014-08-26 23:35:49.0000002,5.4417157
2009-08-28 23:01:41.0000001,8.212885
2009-08-28 23:01:41.0000006,4.4343953
2014-12-16 13:40:25.0000003,12.298008
2012-12-09 22:30:13.0000006,7.5165734
2012-12-09 22:30:13.0000002,8.8399515
2012-12-09 22:30:13.0000004,16.129927
2011-05-11 19:56:09.0000001,4.8234076
2014-08-08 00:02:41.0000004,12.590412
2014-08-08 00:02:41.0000002,67.19696
2013-09-12 12:50:13.0000007,11.786323
2013-09-12 12:50:13.0000003,9.852798
2013-09-12 12:50:13.0000001,17.536736
2011-06-26 03:33:25.0000002,17.00876
2011-09-18 18:33:13.0000003,6.8381667
2014-03-04 16:24:45.0000001,85.22491
2014-11-10 10:52:41.0000001,38.036274
2009-12-22 15:59:53.0000003,12.010445
2014-05-08 21:23:41.0000001,10.531963
2012-07-15 03:53:37.0000001,13.977918
2012-07-15 03:53:37.0000002,10.6545
2012-07-15 03:53:37.0000003,8.463975
2013-06-10 11:29:13.0000001,11.548297
2015-04-25 01:06:17.0000007,13.954343
2015-04-25 01:06:17.0000003,13.363319
2012-10-28 13:55:57.0000001,8.609296
2011-06-12 01:07:57.0000003,7.0724764
2014-12-11 15:20:49.0000001,6.6955643
2011-06-19 04:08:49.0000002,12.657023
2012-04-14 22:29:37.0000001,6.009985
2015-06-02 09:11:17.0000007,10.340342
2011-10-08 12:54:49.0000002,6.655687
2009-06-02 08:34:33.0000001,9.930074
2011-10-01 15:04:57.0000001,28.5692
2013-06-22 01:59:25.0000002,12.596153
2010-12-15 08:39:33.0000005,5.044108
2012-05-26 11:54:53.0000001,6.79289
2012-05-26 11:54:53.0000002,8.086368
2014-01-11 19:20:17.0000001,5.5912085
2015-01-05 21:43:13.0000001,23.96727
2011-07-19 22:20:41.0000002,13.525985
2011-07-19 22:20:41.0000004,7.5607104
2011-07-19 22:20:41.0000001,15.289389
2012-03-18 02:27:41.0000001,6.194535
2009-01-19 19:48:17.0000001,3.9803634
2009-01-19 19:48:17.0000002,4.2543225
2013-01-13 00:20:53.0000001,10.265616
2013-11-28 13:17:13.0000002,23.456343
2012-06-10 00:46:17.0000006,4.4344683
2012-06-10 00:46:17.0000003,13.077097
2012-06-10 00:46:17.0000005,9.040423
2010-02-20 04:04:13.0000004,20.924715
2014-01-01 16:33:01.0000005,15.495354
2010-10-01 13:11:05.0000001,5.8846626
2012-04-14 14:20:33.0000001,10.589297
2015-05-17 04:17:33.0000005,4.741133
2014-07-26 23:31:41.0000003,16.640545
2014-07-26 23:31:41.0000002,10.125273
2009-11-07 16:37:49.0000004,8.206508
2011-01-07 09:25:57.0000003,7.657316
2012-07-18 16:28:21.0000001,7.85373
2013-03-08 19:03:09.0000003,10.269772
2009-12-10 22:45:01.0000004,12.305982
2012-07-13 11:00:05.0000004,8.691047
2013-04-28 10:36:37.0000001,6.544261
2009-04-23 02:42:05.0000003,8.914839
2013-06-08 16:55:13.0000003,9.297102
2012-10-25 16:20:37.0000004,7.326654
2012-10-25 16:20:37.0000003,30.557722
2012-07-31 20:04:53.0000006,6.778771
2012-07-31 20:04:53.0000002,5.6747227
2009-07-14 22:41:09.0000003,6.828851
2011-09-03 19:22:17.0000001,7.997881
2011-09-03 19:22:17.0000003,9.342084
2011-09-03 19:22:17.0000002,16.671988
2013-11-21 14:19:21.0000001,41.525444
2015-01-02 11:55:57.0000003,19.339203
2013-11-23 22:19:37.0000004,5.277356
2013-11-23 22:19:37.0000003,8.5329485
2013-11-23 22:19:37.0000005,11.647801
2011-04-04 19:54:33.0000001,5.1064224
2014-07-14 16:18:37.0000002,7.204323
2014-03-18 19:55:17.0000001,6.7924147
2010-06-05 23:05:25.0000006,7.1055026
2014-09-09 22:48:37.0000001,8.292755
2014-09-09 22:48:37.0000002,4.5965242
2014-03-28 21:55:17.0000003,5.068192
2014-03-28 21:55:17.0000001,6.5245295
2009-09-24 22:41:17.0000001,9.133813
2012-04-27 18:37:09.0000002,8.640623
2014-04-05 18:11:33.0000002,16.047935
2013-11-07 22:25:25.0000003,7.2310963
2013-11-07 22:25:25.0000001,4.3843274
2012-06-30 03:53:29.0000002,4.6437316
2011-05-19 16:01:41.0000001,7.369111
2010-01-11 12:38:33.0000002,3.99927
2010-10-16 09:26:33.0000001,9.034656
2010-10-16 09:26:33.0000003,5.809537
2014-07-25 18:06:37.0000007,6.85977
2014-05-13 21:07:29.0000004,10.745155
2014-05-13 21:07:29.0000001,29.525917
2013-11-16 18:33:25.0000005,11.932261
2009-08-02 14:01:33.0000004,8.188045
2015-01-12 15:36:37.0000008,11.120304
2013-05-26 15:18:37.0000005,23.511015
2013-05-26 15:18:37.0000001,53.986015
2013-05-26 15:18:37.0000003,14.318165
2009-09-20 23:07:01.0000001,9.103724
2009-09-25 21:43:49.0000004,8.947123
2009-09-25 21:43:49.00000010,11.254106
2009-03-22 20:58:33.0000003,13.800836
2011-12-09 21:19:25.0000001,6.784256
2013-07-05 20:44:49.0000001,10.581895
2013-12-20 15:58:29.0000006,13.762114
2013-12-20 15:58:29.0000001,9.624725
2014-10-06 14:37:25.0000005,57.44818
2015-01-18 23:09:25.0000001,4.8535547
2014-02-06 13:26:49.0000002,4.6655436
2013-02-27 19:25:13.0000001,17.084538
2009-09-15 08:28:53.0000003,11.317599
2012-07-18 22:34:53.0000003,7.424083
2011-05-17 22:09:17.0000002,4.3067994
2010-09-19 17:13:29.0000008,24.557642
2010-09-19 17:13:29.0000006,14.276649
2013-03-19 18:08:29.0000002,11.489326
2013-03-19 18:08:29.0000001,12.476706
2011-04-23 11:01:49.0000001,10.388834
2013-07-04 05:39:13.0000001,13.750732
2010-11-08 10:01:37.0000003,5.432383
2009-04-01 19:28:09.0000001,6.107521
2011-11-26 02:04:29.0000004,4.86851
2011-11-26 02:04:29.0000003,4.0749063
2009-01-11 07:56:01.0000001,4.608801
2012-05-30 09:19:13.0000002,6.3064847
2014-10-28 22:42:33.0000003,11.859494
2014-07-19 21:05:37.0000002,12.626621
2012-10-02 14:17:13.0000001,5.5833426
2012-10-20 00:36:37.0000002,7.381531
2014-06-19 22:37:09.0000006,7.5066867
2014-06-19 22:37:09.0000004,8.852078
2011-05-11 13:24:37.0000002,9.324163
2014-10-13 00:42:05.0000002,10.014678
2013-12-08 10:41:05.0000007,9.589359
2009-07-04 13:00:57.0000002,9.230639
2015-06-30 04:09:45.0000001,32.718742
2013-09-08 03:47:57.0000002,9.347314
2009-05-15 21:19:13.0000004,31.451193
2010-01-29 08:32:53.0000002,6.714133
2015-05-15 01:51:49.0000003,6.113043
2012-11-12 10:06:17.0000003,7.437694
2013-12-01 22:23:57.0000003,43.41438
2014-01-03 15:48:49.0000001,9.574869
2013-01-19 20:19:45.0000002,8.927261
2015-03-17 21:44:26.0000002,5.3207836
2009-01-06 07:36:34.0000005,6.1852827
2013-01-20 20:41:26.0000002,15.332602
2015-06-07 00:38:14.0000001,10.316704
2009-01-03 00:51:02.0000002,17.163322
2009-01-03 00:51:02.0000001,10.367116
2009-08-02 05:08:42.0000001,23.745752
2013-10-18 09:06:14.0000002,6.8858356
2009-04-26 17:29:42.0000001,4.8425727
2015-02-25 22:00:38.0000002,13.772813
2010-10-06 23:31:54.0000001,13.162173
2009-01-21 20:04:30.0000006,9.815032
2013-12-18 14:26:58.0000002,32.451687
2014-04-26 18:02:26.0000003,6.008131
2014-10-05 13:58:18.0000002,7.5899262
2014-10-05 13:58:18.0000001,7.4911757
2013-05-23 23:54:42.0000004,7.9559402
2009-11-23 19:06:14.0000005,11.069568
2010-09-01 08:23:54.0000002,7.2020664
2011-12-10 23:39:06.0000001,13.372299
2009-12-17 15:54:46.0000002,10.401561
2010-06-16 18:41:54.0000003,9.039782
2011-11-02 08:21:50.0000003,7.05998
2011-11-02 08:21:50.0000001,9.143719
2009-03-15 03:31:14.0000003,6.017634
2014-09-08 19:07:46.0000001,7.7029204
2010-04-24 23:31:50.0000004,7.0776844
2010-04-24 23:31:50.0000002,11.994936
2011-03-03 21:31:42.0000004,5.194196
2011-03-03 21:31:42.0000002,12.599689
2011-09-05 10:47:26.0000001,7.421741
2012-09-16 12:48:06.0000002,8.197623
2015-04-10 11:56:54.0000005,11.429666
2013-10-15 23:31:26.0000002,19.420048
2013-06-21 18:06:14.0000002,8.198008
2009-05-19 15:44:30.0000001,8.633096
2014-01-26 08:48:30.0000003,8.755006
2014-12-25 21:32:58.0000002,7.253388
2011-07-30 15:27:58.0000001,7.7403126
2010-09-24 22:40:06.0000007,6.0470862
2010-02-06 17:37:10.0000005,48.817097
2010-02-06 17:37:10.0000001,12.732397
2012-08-13 15:02:26.0000001,8.043515
2013-01-14 18:42:54.0000004,6.502652
2013-01-14 18:42:54.0000005,8.597252
2009-11-11 21:20:18.0000002,6.069438
2009-04-18 02:44:34.0000004,32.43724
2009-04-18 02:44:34.0000001,7.684694
2014-01-10 12:28:38.0000002,5.9255614
2014-10-11 00:26:38.0000004,20.681047
2010-01-30 02:13:06.0000004,4.532079
2009-08-26 23:55:38.0000001,7.981121
2012-09-07 23:20:34.0000002,9.817737
2012-09-07 23:20:34.0000005,8.10543
2015-01-10 14:32:14.0000002,13.335682
2010-05-31 20:43:42.0000001,5.223451
2010-05-31 20:43:42.0000003,6.0773296
2014-05-18 14:43:26.0000004,8.005742
2011-10-08 18:18:26.0000002,5.6810455
2011-10-08 18:18:26.0000003,15.016902
2010-03-23 13:23:34.0000003,12.30516
2010-12-21 08:46:02.0000001,11.340361
2010-12-21 08:46:02.0000002,5.1616464
2010-06-19 22:52:30.0000003,7.8980865
2013-01-03 01:43:10.0000002,10.065626
2013-11-24 03:44:46.0000001,14.632092
2011-04-16 12:57:18.0000002,4.304197
2012-10-11 22:24:18.0000002,9.994508
2011-05-17 23:42:46.0000006,7.34084
2011-05-17 23:42:46.0000003,4.2530203
2014-01-09 17:27:18.0000003,5.5706806
2014-01-09 17:27:18.0000004,9.184348
2010-01-09 13:24:22.0000002,47.306057
2010-01-09 13:24:22.0000001,6.926407
2009-03-11 21:46:54.0000006,6.986588
2012-08-22 20:54:46.0000004,9.795743
2012-08-22 20:54:46.0000005,27.800623
2009-02-21 20:49:34.0000002,11.261817
2012-08-10 14:04:14.0000001,8.683569
2009-10-17 03:52:42.0000005,9.103584
2014-02-27 09:36:26.0000001,12.5384
2014-03-11 20:24:02.0000005,12.174151
2014-03-11 20:24:02.0000001,6.558525
2015-05-07 15:33:26.0000004,5.167248
2012-09-10 21:07:54.0000008,7.581242
2012-04-20 00:06:10.0000003,4.8760023
2012-04-20 00:06:10.0000004,13.925225
2012-06-12 23:10:42.0000004,10.316008
2013-04-21 19:50:54.0000002,6.618815
2013-02-06 18:21:18.0000005,18.61241
2014-05-01 21:05:34.0000001,28.59579
2011-04-22 19:23:54.0000004,5.742485
2011-09-17 15:41:06.0000002,7.391433
2015-03-05 13:21:58.0000001,57.230698
2015-06-21 17:16:10.0000001,7.3086815
2010-06-02 22:04:10.0000002,26.571299
2010-06-02 22:04:10.0000001,8.486151
2015-02-27 19:36:02.0000008,13.684401
2015-02-27 19:36:02.0000005,8.937458
2013-04-06 19:16:10.0000002,7.873826
2014-03-08 16:08:26.0000006,18.187557
2014-03-08 16:08:26.0000005,4.700118
2013-12-06 23:40:42.0000004,6.271635
2013-12-06 23:40:42.0000005,15.065043
2014-09-13 19:05:02.0000001,6.8682866
2015-03-12 13:01:54.0000003,5.0923524
2015-03-12 13:01:54.0000006,5.499306
2014-10-04 21:48:22.0000001,11.56274
2012-01-22 04:13:34.0000001,21.538761
2012-01-22 04:13:34.0000003,9.199437
2010-12-17 10:33:34.0000003,15.161275
2010-12-17 10:33:34.0000001,28.57395
2012-06-04 11:34:58.0000002,8.43939
2012-12-08 20:08:38.0000001,16.248594
2012-12-08 20:08:38.0000002,9.084974
2013-12-29 01:20:50.0000002,19.549776
2014-03-28 22:34:26.0000002,9.624449
2013-09-07 19:43:18.0000002,16.474249
2013-09-07 19:43:18.0000007,7.1530304
2010-03-07 00:47:26.0000002,12.925441
2010-03-07 00:47:26.0000003,7.650738
2010-10-31 18:45:58.0000004,6.191141
2015-02-03 09:00:58.0000003,37.51371
2012-08-08 08:58:50.0000002,6.1839466
2011-04-08 15:01:02.0000002,6.0494514
2015-01-10 09:38:54.0000006,6.9714723
2015-01-10 09:38:54.0000002,15.496656
2015-01-10 09:38:54.0000005,12.614965
2015-01-10 09:38:54.0000001,10.158917
2014-10-03 00:50:06.0000003,8.826157
2010-06-18 19:19:26.0000004,13.430542
2013-06-21 00:00:34.0000004,8.554804
2012-02-29 12:03:34.0000003,6.2855797
2013-09-16 14:16:34.0000002,28.467499
2011-03-10 18:16:14.0000002,6.599408
2011-05-19 02:06:46.0000001,7.456897
2014-08-08 15:26:18.0000001,9.423277
2009-03-11 12:01:30.0000003,5.5380025
2012-07-26 12:40:38.0000004,9.411409
2014-05-26 22:57:10.0000001,9.4721155
2010-09-04 18:31:42.0000004,11.644108
2011-09-22 20:05:22.0000002,6.578012
2011-09-22 20:05:22.0000004,6.676172
2014-08-09 01:27:30.0000001,14.810498
2014-10-31 12:04:26.0000003,11.691782
2013-04-10 21:03:42.0000006,12.419583
2011-12-29 19:29:50.0000002,8.049473
2013-03-14 21:43:46.0000002,4.6023183
2009-02-08 00:04:06.0000003,4.7698846
2012-02-04 22:47:18.0000002,4.775722
2012-05-06 03:01:10.0000001,23.659018
2014-07-08 08:56:58.0000002,5.062469
2014-07-08 08:56:58.0000005,5.4728727
2014-07-08 08:56:58.0000004,15.1656685
2014-07-08 08:56:58.0000003,9.760005
2011-02-19 10:14:58.0000001,7.692069
2010-08-16 17:14:18.0000002,6.956998
2012-12-27 21:01:54.0000002,15.693878
2015-05-31 20:48:54.0000002,14.344063
2013-01-06 12:39:54.0000006,4.7813005
2010-12-24 04:23:06.0000001,29.47735
2010-11-10 23:21:50.0000001,9.075286
2011-10-01 00:42:26.0000002,20.858484
2013-03-31 00:09:58.0000001,25.895487
2011-07-20 08:05:02.0000001,13.372671
2009-05-03 16:02:54.0000004,4.3896785
2012-09-06 17:58:06.0000002,9.56285
2014-04-06 16:47:14.0000001,14.578875
2014-04-06 16:47:14.0000002,32.95908
2014-09-06 03:52:50.0000001,10.312046
2014-01-01 13:06:34.0000002,12.978618
2011-12-25 15:35:54.0000002,5.7403035
2011-12-25 15:35:54.0000005,4.79841
2011-12-25 15:35:54.0000001,5.4944057
2015-05-14 23:11:58.0000004,14.427094
2015-04-22 09:54:06.0000001,6.6982837
2012-09-01 19:04:18.0000001,11.30706
2013-06-06 02:54:50.0000001,36.168404
2011-09-03 00:03:42.0000007,44.510674
2013-07-02 22:27:14.0000002,5.026276
2011-07-18 00:04:54.0000001,14.312056
2011-04-03 03:46:18.0000001,5.5749702
2010-06-25 14:00:14.0000001,8.663737
2014-09-10 16:40:02.0000001,7.6333537
2011-03-01 07:23:14.0000002,5.198632
2011-06-24 13:23:18.0000005,11.787687
2012-01-01 18:02:46.0000001,18.705667
2015-03-28 19:31:26.0000004,10.183034
2010-07-13 11:53:15.0000006,10.576275
2010-07-13 11:53:15.0000005,7.054727
2010-07-13 11:53:15.0000003,5.686281
2013-02-07 13:47:59.0000002,14.910598
2015-05-19 13:58:11.0000006,36.73861
2015-05-19 13:58:11.0000009,15.564432
2012-07-31 22:21:11.0000003,5.930865
2013-01-03 08:50:31.0000003,9.338257
2010-03-18 00:05:43.0000001,20.475344
2009-04-14 17:43:23.0000001,48.940628
2009-04-14 17:43:23.0000002,7.771151
2015-06-15 14:34:03.0000001,12.446758
2014-11-26 06:46:23.0000002,28.467634
2010-12-19 16:25:15.0000002,7.708524
2015-06-18 20:56:55.0000004,5.155956
2015-06-18 20:56:55.0000008,18.274069
2015-04-28 20:15:27.0000003,6.8575597
2013-01-23 13:49:19.0000001,8.497577
2012-01-03 08:49:15.0000005,11.253477
2012-06-09 19:03:11.0000005,7.8168087
2012-06-09 19:03:11.0000007,10.72378
2009-05-27 02:00:51.0000001,16.810669
2014-06-07 12:21:11.0000003,12.510979
2011-09-08 22:37:43.0000001,7.174253
2010-06-18 22:52:11.0000001,22.675472
2011-09-13 13:31:51.0000001,11.746982
2011-09-13 13:31:51.0000005,6.7950892
2014-10-06 09:24:11.0000005,25.923634
2012-03-15 18:23:55.0000002,7.034589
2013-12-22 21:24:47.0000002,5.8055916
2011-11-23 21:07:43.0000001,6.6543202
2010-11-17 19:10:23.0000003,6.364817
2010-11-17 19:10:23.0000005,10.503423
2015-02-14 13:15:19.0000007,8.251267
2013-01-12 22:40:39.0000008,8.2422085
2013-01-12 22:40:39.0000009,19.770592
2013-01-12 22:40:39.0000007,6.6632705
2010-02-15 14:20:31.0000002,26.534302
2010-02-15 14:20:31.0000003,5.255238
2013-03-23 15:41:07.0000003,9.668059
2009-05-08 22:14:51.0000002,5.369839
2010-01-31 00:33:03.0000005,8.322605
2009-01-18 18:22:07.0000002,8.424291
2009-01-28 11:27:19.0000001,6.565731
2015-05-20 19:39:11.0000003,15.243748
2014-01-11 17:47:47.0000001,8.044478
2012-07-12 02:46:07.0000001,8.371043
2014-03-05 23:16:07.0000001,13.880094
2014-12-17 20:56:31.0000003,10.877012
2010-10-09 15:48:51.0000003,31.201658
2013-10-10 11:09:23.0000001,16.23279
2014-10-12 09:23:55.0000001,12.115754
2013-01-08 07:03:07.0000001,6.7874017
2012-10-28 17:21:19.0000001,8.124002
2012-10-28 17:21:19.0000003,11.904037
2014-12-26 20:46:23.0000001,11.927091
2015-05-10 12:37:51.0000003,14.117959
2010-12-11 13:31:11.0000003,6.1411595
2010-03-01 22:21:55.0000003,6.826067
2010-03-01 22:21:55.0000002,16.014328
2015-03-08 14:59:23.0000001,25.66719
2015-03-08 14:59:23.0000003,37.374813
2009-06-08 11:06:23.0000001,65.29456
2014-01-26 13:51:39.0000001,9.140061
2014-11-30 15:46:23.0000003,5.104821
2011-08-20 15:50:39.0000001,9.944878
2010-06-22 14:25:19.0000008,49.941154
2010-06-22 14:25:19.0000001,5.7142606
2014-05-25 19:46:59.0000003,28.86081
2014-04-04 05:47:11.0000002,13.835212
2013-01-11 20:08:07.0000003,9.59435
2013-01-11 20:08:07.0000001,4.7614527
2013-10-09 17:27:39.0000001,56.089848
2015-01-12 17:05:51.0000004,8.314357
2009-01-12 07:47:39.0000001,32.287533
2011-04-28 19:39:43.0000003,12.997606
2014-11-17 00:03:47.0000003,7.852468
2014-11-17 00:03:47.0000001,10.90625
2013-08-18 00:32:15.0000003,6.387428
2013-05-23 12:09:23.0000005,7.081612
2013-05-23 12:09:23.0000004,14.046046
2014-12-11 08:20:39.0000001,25.89905
2014-12-11 08:20:39.0000004,13.535816
2013-12-10 14:00:35.0000002,5.647775
2011-09-10 20:44:59.0000003,7.742478
2011-04-28 09:50:03.0000001,6.4480944
2010-02-26 18:34:51.0000001,9.463568
2013-12-05 23:29:15.0000002,6.108343
2012-12-13 19:05:27.0000004,6.4567027
2012-11-09 18:17:35.0000002,13.986431
2010-07-05 19:21:35.0000001,9.256894
2011-11-29 22:19:51.0000003,7.0726485
2009-01-30 22:47:07.0000002,14.526534
2009-01-30 22:47:07.0000005,5.5395947
2013-09-26 20:54:19.0000001,13.561057
2014-09-16 18:22:23.0000001,8.621347
2011-06-25 23:18:27.0000003,7.05255
2011-06-25 23:18:27.0000002,12.126761
2009-01-17 02:21:55.0000003,5.093565
2014-11-01 15:31:15.0000001,5.7260613
2013-07-12 23:17:31.0000003,6.9402933
2013-07-12 23:17:31.0000002,10.879705
2013-07-12 23:17:31.0000001,9.833368
2009-09-24 04:23:47.0000001,5.0106387
2009-04-20 21:08:35.0000005,7.7701297
2009-04-20 21:08:35.0000004,9.643497
2009-04-06 13:47:15.0000001,4.5081396
2013-11-29 21:36:07.0000002,20.2153
2013-11-29 21:36:07.0000001,8.613231
2012-04-14 11:59:11.0000003,9.91419
2009-03-06 00:13:03.0000002,12.011149
2010-04-23 00:00:03.0000001,23.075489
2010-05-22 23:46:19.0000004,8.752304
2012-06-09 22:57:15.0000004,7.2802696
2010-10-27 02:29:39.0000001,5.7702246
2010-10-22 20:56:51.0000003,11.089798
2013-10-07 08:53:39.0000001,5.524718
2011-10-04 11:48:35.0000001,9.658903
2010-12-31 13:32:39.0000002,6.882218
2010-08-21 20:25:07.0000002,8.349349
2009-11-16 21:03:31.0000005,9.589305
2009-11-16 21:03:31.0000006,7.1251445
2010-12-01 21:02:35.0000003,13.209237
2010-04-20 11:53:23.0000001,6.7074776
2013-09-20 13:38:55.0000005,6.5622234
2013-09-20 13:38:55.0000004,56.64464
2012-09-09 23:40:03.0000002,6.436086
2012-09-09 23:40:03.0000004,11.205595
2010-05-23 15:28:55.0000002,7.902698
2012-10-15 20:10:31.0000005,16.380148
2013-06-07 13:52:55.0000005,9.001436
2009-06-04 19:34:15.0000005,9.151324
2013-09-29 22:12:07.0000001,27.201082
2010-05-02 12:39:55.0000003,6.1903586
2010-05-02 12:39:55.0000001,16.33644
2015-05-20 00:59:15.0000001,7.6317544
2009-12-03 18:02:47.0000003,8.7793455
2009-12-03 18:02:47.0000002,50.618813
2009-09-28 19:21:59.0000007,5.8885536
2009-09-28 19:21:59.0000006,8.042985
2015-05-23 12:59:39.0000003,17.499475
2014-01-11 23:10:59.0000006,9.441481
2010-04-24 20:15:07.0000001,5.398578
2013-05-24 07:22:51.0000001,8.833347
2009-08-06 02:50:03.0000001,15.07652
2014-08-08 17:32:47.0000003,8.238219
2010-09-22 09:42:31.0000003,10.125221
2013-08-19 19:39:23.0000002,15.030454
2015-03-11 16:36:39.0000004,29.552092
2015-05-29 18:59:35.0000006,15.8856125
2011-10-26 17:48:43.0000005,9.430463
2009-11-03 19:53:27.0000002,5.8580713
2009-11-03 19:53:27.0000001,5.8729477
2009-12-19 21:56:15.0000004,5.41862
2009-12-21 21:20:43.0000002,5.934412
2009-08-21 15:35:07.0000001,13.558184
2010-04-25 13:28:47.0000001,8.483772
2010-11-02 18:49:59.0000004,8.519317
2010-04-21 06:28:47.0000001,48.723896
2015-02-11 20:51:51.0000001,5.1124606
2013-12-07 01:41:59.0000002,7.0329204
2013-05-21 06:52:59.0000003,31.82232
2014-07-12 00:15:59.0000001,11.391369
2010-06-13 19:39:51.0000002,9.788693
2009-03-31 10:27:19.0000003,10.453173
2013-09-14 18:28:03.0000001,7.198994
2015-02-14 09:08:11.0000002,9.534748
2012-01-19 20:26:35.0000002,5.4577436
2012-01-19 20:26:35.0000003,5.4704256
2012-01-19 20:26:35.0000006,14.606291
2015-02-25 18:00:51.0000001,7.114965
2015-02-25 18:00:51.0000007,7.109969
2009-08-08 11:41:51.0000003,6.276782
2013-06-02 16:26:47.0000001,7.485686
2011-09-14 00:50:15.0000001,10.277581
2013-02-16 14:26:51.0000003,5.375139
2012-11-12 11:57:03.0000001,7.495598
2012-01-04 00:06:39.0000002,5.8545094
2013-06-21 02:39:47.0000001,13.728589
2010-12-28 20:17:27.0000005,10.53334
2010-12-28 20:17:27.0000003,9.941234
2009-12-12 22:01:31.0000001,4.8163624
2011-05-20 23:42:59.0000001,6.761911
2014-01-04 10:54:59.0000005,8.355623
2014-01-04 10:54:59.0000002,11.062287
2012-02-11 04:52:35.0000001,3.7000117
2014-09-14 23:26:11.0000001,7.8852057
2014-04-05 01:52:27.0000002,27.00312
2010-02-23 20:29:51.0000004,8.062758
2013-11-01 13:07:47.0000003,17.52849
2015-03-07 15:25:59.0000003,4.997723
2009-04-16 15:57:31.0000001,9.146804
2010-01-10 12:55:43.0000003,9.78611
2010-01-10 12:55:43.0000004,20.16792
2010-01-10 12:55:43.0000001,4.920665
2015-03-16 21:12:19.0000002,6.9008503
2015-03-16 21:12:19.0000006,18.205318
2012-09-29 20:16:51.0000004,6.364615
2009-07-30 15:49:15.0000002,13.56811
2009-07-30 15:49:15.0000004,8.638229
2013-11-18 16:18:39.0000001,55.95826
2015-01-18 14:06:23.0000001,9.809865
2015-01-18 14:06:23.0000004,6.150273
2015-01-18 14:06:23.0000003,7.45487
2009-09-07 19:35:39.0000001,6.94853
2014-06-14 13:39:00.000000155,5.0713935
2014-06-14 13:39:00.000000174,9.911489
2014-06-14 13:39:00.000000104,9.974805
2014-06-14 13:39:00.00000083,54.96674
2014-06-14 13:39:00.00000056,6.576386
2014-06-14 13:39:00.000000102,12.03722
2014-06-14 13:39:00.00000065,22.793148
2014-06-14 13:39:00.000000137,12.389909
2014-06-14 13:39:00.0000002,55.371532
2014-06-14 13:39:00.00000028,5.8941307
2014-06-14 13:39:00.000000194,5.75477
2013-06-27 00:20:40.0000002,5.374175
2014-12-30 20:29:24.0000001,5.5854692
2011-03-24 15:57:04.0000002,4.282546
2012-06-09 16:53:44.0000001,8.079433
2011-10-02 23:36:00.0000001,18.2286
2011-10-02 23:36:00.00000050,24.874653
2011-10-02 23:36:00.00000069,7.885658
2011-10-02 23:36:00.00000093,8.958775
2011-10-02 23:36:00.00000010,9.848844
2011-10-02 23:36:00.00000017,10.061618
2011-10-02 23:36:00.00000072,10.803982
2011-10-02 23:36:00.00000025,9.126446
2011-10-02 23:36:00.00000019,5.034514
2013-03-21 12:47:28.0000001,10.820653
2013-06-07 03:02:56.0000003,12.369316
2009-06-10 16:55:00.000000123,5.5590644
2009-06-10 16:55:00.000000150,12.10908
2009-06-10 16:55:00.00000064,7.5648823
2009-06-10 16:55:00.00000062,12.014218
2009-06-10 16:55:00.0000005,5.031698
2009-06-10 16:55:00.0000006,19.411211
2009-06-10 16:55:00.000000130,9.265004
2009-06-10 16:55:00.000000175,6.0066404
2009-06-10 16:55:00.00000041,48.150986
2009-06-10 16:55:00.000000152,4.933508
2009-06-10 16:55:00.000000155,9.41807
2009-06-10 16:55:00.00000061,5.4576106
2011-06-24 12:03:00.000000131,8.765361
2011-06-24 12:03:00.000000184,10.347255
2011-06-24 12:03:00.00000081,9.635236
2011-06-24 12:03:00.0000007,7.2049775
2011-06-24 12:03:00.00000028,6.042481
2011-06-24 12:03:00.000000198,7.1925135
2014-06-15 07:06:00.0000004,13.808467
2014-06-15 07:06:00.00000011,10.576322
2014-06-06 16:22:20.0000001,8.886683
2009-09-14 02:19:00.00000043,5.2095714
2009-09-14 02:19:00.00000027,7.2525992
2009-09-14 02:19:00.00000042,6.728758
2009-09-14 02:19:00.00000034,15.535394
2009-09-14 02:19:00.00000033,8.028445
2010-08-21 22:21:32.0000001,9.814016
2010-08-21 22:21:32.0000002,8.494551
2012-05-06 23:37:24.0000003,11.30226
2013-12-21 17:20:32.0000002,58.73364
2014-04-28 19:46:36.0000002,7.5678377
2011-06-01 07:37:00.00000080,35.374905
2011-06-01 07:37:00.000000164,9.736873
2011-06-01 07:37:00.00000074,22.465721
2011-06-01 07:37:00.00000085,17.126038
2011-06-01 07:37:00.0000003,7.3501844
2011-06-01 07:37:00.000000159,20.717558
2011-06-01 07:37:00.00000052,23.436235
2011-06-01 07:37:00.000000218,16.939667
2011-06-01 07:37:00.00000062,6.4859667
2011-06-01 07:37:00.00000031,6.5314097
2010-08-27 18:45:00.000000170,11.394816
2010-08-27 18:45:00.00000044,17.85122
2010-08-27 18:45:00.000000146,7.024812
2010-08-27 18:45:00.00000035,7.9822125
2010-08-27 18:45:00.000000139,7.6934443
2010-08-27 18:45:00.00000051,6.270613
2010-08-27 18:45:00.000000186,5.5706816
2010-08-27 18:45:00.000000102,8.056566
2010-08-27 18:45:00.000000164,12.088633
2010-08-27 18:45:00.000000199,13.044479
2010-08-27 18:45:00.000000174,7.4231257
2010-08-27 18:45:00.000000187,5.7094197
2010-08-27 18:45:00.000000172,14.472443
2010-08-14 02:13:00.000000105,9.831576
2010-08-14 02:13:00.000000159,4.5441008
2010-08-14 02:13:00.00000040,7.375508
2010-08-14 02:13:00.000000147,9.491533
2010-08-14 02:13:00.000000145,6.841929
2010-08-14 02:13:00.00000061,7.847738
2010-08-14 02:13:00.000000150,15.270754
2010-08-14 02:13:00.00000024,7.0180593
2010-08-14 02:13:00.000000167,7.9321957
2010-08-14 02:13:00.00000099,7.9657187
2010-08-14 02:13:00.000000120,9.896206
2010-08-14 02:13:00.00000027,6.284258
2010-08-14 02:13:00.00000063,10.449644
2010-08-14 02:13:00.000000164,5.828974
2010-08-14 02:13:00.000000143,16.733133
2010-08-14 02:13:00.000000156,23.302423
2010-08-14 02:13:00.000000123,14.55001
2014-03-25 23:47:00.00000013,5.7571387
2014-03-25 23:47:00.000000116,10.170587
2014-03-25 23:47:00.000000141,5.4980936
2014-03-25 23:47:00.000000107,7.7522645
2014-03-25 23:47:00.00000068,5.931213
2014-03-25 23:47:00.00000098,18.885899
2014-03-25 23:47:00.000000138,13.393945
2014-03-25 23:47:00.000000120,11.2626705
2015-06-05 08:38:56.0000003,10.325176
2010-09-29 16:43:00.000000154,32.159386
2010-09-29 16:43:00.000000157,6.3627796
2010-09-29 16:43:00.00000099,9.025749
2010-09-29 16:43:00.00000023,7.2355294
2010-09-29 16:43:00.000000148,15.718965
2014-10-27 14:58:00.00000028,8.183371
2014-10-27 14:58:00.00000069,9.673924
2014-10-27 14:58:00.000000106,7.770915
2014-10-27 14:58:00.00000070,5.616574
2014-10-27 14:58:00.000000121,13.484649
2014-10-27 14:58:00.00000022,13.797312
2014-10-27 14:58:00.00000057,21.07332
2009-10-08 23:44:56.0000002,5.848395
2012-11-03 17:11:00.00000080,12.123646
2012-11-03 17:11:00.00000030,6.4359365
2012-11-03 17:11:00.000000149,4.8788433
2012-11-03 17:11:00.00000078,10.287246
2012-11-03 17:11:00.00000063,10.36889
2012-11-03 17:11:00.000000142,6.202231
2012-11-03 17:11:00.000000101,8.728398
2011-05-28 17:29:44.0000003,6.9795933
2011-03-11 01:44:00.00000023,21.46947
2011-03-11 01:44:00.00000014,5.1917934
2011-03-11 01:44:00.00000067,7.6455607
2011-03-11 01:44:00.00000019,6.9375324
2011-03-11 01:44:00.00000082,15.461327
2011-03-11 01:44:00.00000084,4.6207814
2011-03-11 01:44:00.00000033,9.298145
2011-03-11 01:44:00.00000051,13.175029
2011-03-11 01:44:00.00000011,19.19549
2013-12-16 19:06:44.0000001,7.636807
2009-05-08 18:00:36.0000001,4.613563
2013-01-27 00:09:12.0000008,11.707751
2013-09-15 02:37:52.0000002,11.834619
2009-04-05 09:48:20.0000001,4.4202724
2009-11-25 19:32:52.0000001,13.780597
2011-10-04 09:37:00.00000099,6.3498883
2011-10-04 09:37:00.00000019,9.593319
2011-10-04 09:37:00.000000132,16.776915
2011-10-04 09:37:00.00000043,37.817394
2011-10-04 09:37:00.000000122,31.102116
2011-10-04 09:37:00.0000002,10.999553
2011-10-04 09:37:00.000000109,5.618091
2014-04-29 08:15:56.0000003,7.2797804
2014-12-24 03:00:00.00000035,4.891073
2009-10-04 22:54:56.0000001,21.454706
2015-04-11 20:31:32.0000008,10.113498
2015-04-11 20:31:32.00000013,14.24944
2011-02-06 17:08:24.0000003,7.2546477
2014-04-27 02:57:00.00000010,15.976536
2014-04-27 02:57:00.00000053,8.508131
2014-04-27 02:57:00.000000128,5.5985165
2014-04-27 02:57:00.0000008,9.568742
2014-04-27 02:57:00.00000067,10.507462
2014-04-27 02:57:00.0000009,4.6847515
2014-04-27 02:57:00.000000159,14.802573
2014-04-27 02:57:00.000000127,11.028274
2014-04-27 02:57:00.000000112,9.290291
2011-12-13 22:00:00.000000147,14.885682
2011-12-13 22:00:00.000000164,5.5279155
2011-12-13 22:00:00.00000078,6.211758
2011-12-13 22:00:00.000000103,9.102607
2011-12-13 22:00:00.000000226,6.2923713
2011-12-13 22:00:00.000000215,9.611124
2011-12-13 22:00:00.00000013,10.115148
2011-12-13 22:00:00.000000258,6.830643
2011-12-13 22:00:00.00000087,41.23132
2011-12-13 22:00:00.000000270,4.969638
2011-12-13 22:00:00.00000073,9.114454
2011-12-13 22:00:00.000000203,4.6321807
2011-12-13 22:00:00.000000184,4.468013
2011-12-13 22:00:00.00000019,6.2629814
2011-12-13 22:00:00.000000101,24.008171
2011-12-13 22:00:00.000000122,18.89406
2011-12-13 22:00:00.000000190,7.96321
2011-12-13 22:00:00.00000021,4.611422
2011-12-13 22:00:00.00000051,1.5606403
2011-12-13 22:00:00.00000036,8.772989
2011-12-13 22:00:00.00000022,6.944393
2009-04-12 16:00:56.0000002,11.226791
2014-03-05 21:07:12.0000001,5.2187896
2015-04-11 14:16:12.0000009,6.7265425
2014-07-21 18:19:00.000000203,9.075315
2014-07-21 18:19:00.000000229,12.2365885
2014-07-21 18:19:00.000000146,5.4958205
2014-07-21 18:19:00.000000108,9.547421
2014-07-21 18:19:00.000000171,6.156353
2014-07-21 18:19:00.00000090,15.014497
2014-07-21 18:19:00.00000020,6.93457
2014-07-21 18:19:00.00000059,24.049809
2014-07-21 18:19:00.000000185,7.960772
2014-07-21 18:19:00.000000186,12.102623
2014-07-21 18:19:00.000000201,12.045862
2014-07-21 18:19:00.000000217,4.168384
2014-07-21 18:19:00.00000017,7.704068
2014-07-21 18:19:00.00000079,9.671153
2014-07-21 18:19:00.00000087,7.971463
2011-06-13 09:55:04.0000003,13.904906
2010-09-20 16:48:00.00000025,11.562421
2010-09-20 16:48:00.00000085,41.843445
2010-09-20 16:48:00.00000069,29.004711
2010-09-20 16:48:00.00000086,7.437154
2010-09-20 16:48:00.00000021,9.96511
2010-09-20 16:48:00.00000024,7.466441
2010-09-20 16:48:00.000000100,9.676934
2010-09-20 16:48:00.0000008,17.428238
2010-09-20 16:48:00.00000074,13.116882
2012-08-20 14:47:36.0000002,9.434532
2014-12-01 00:12:44.0000002,30.792545
2009-03-16 09:55:24.0000001,6.6427636
2011-03-06 21:01:00.00000017,7.327678
2011-03-06 21:01:00.000000161,6.4140563
2011-03-06 21:01:00.000000170,7.4233146
2011-03-06 21:01:00.00000078,8.823201
2011-03-06 21:01:00.000000160,8.54306
2013-02-26 01:38:20.0000001,6.7721586
2014-09-22 07:14:16.0000001,6.0247087
2010-10-05 02:09:00.00000017,6.2136517
2010-10-05 02:09:00.00000024,13.358162
2010-10-05 02:09:00.00000020,4.940964
2011-04-16 21:23:16.0000001,6.446775
2013-10-05 19:51:04.0000001,7.7969594
2011-10-07 22:08:20.0000005,8.585944
2012-03-14 19:10:48.0000003,4.2338796
2009-06-21 04:28:48.0000001,15.118008
2011-06-25 11:42:36.0000001,9.587079
2012-01-26 07:33:00.000000145,6.7567134
2012-01-26 07:33:00.00000030,4.2024117
2012-01-26 07:33:00.000000121,5.183038
2012-01-26 07:33:00.000000151,10.008879
2012-01-26 07:33:00.00000044,6.755146
2015-03-20 23:34:40.0000009,17.57353
2015-03-20 23:34:40.0000005,6.89291
2015-05-21 07:08:08.0000001,9.523266
2010-12-09 07:29:00.000000156,4.6468797
2010-12-09 07:29:00.0000002,7.475255
2010-12-09 07:29:00.00000081,13.860409
2010-08-21 23:02:28.0000003,11.861046
2009-10-29 10:48:40.0000003,9.214887
2015-02-01 00:48:44.0000003,7.7922745
2015-02-01 00:48:44.0000005,5.33978
2011-12-06 11:07:40.0000002,6.8978167
2011-12-06 11:07:40.0000003,15.042854
2013-05-18 15:28:40.0000001,9.771786
2013-09-01 17:57:04.0000001,7.6260643
2015-02-21 18:39:16.0000001,10.694653
2013-07-22 15:05:16.0000005,10.41218
2010-12-25 13:54:12.0000002,7.2682276
2013-11-29 20:09:12.0000001,17.561352
2011-10-25 20:34:20.0000002,10.0786495
2012-11-20 21:54:00.000000152,5.705216
2012-11-20 21:54:00.00000071,27.054646
2012-11-20 21:54:00.00000078,10.650192
2012-11-20 21:54:00.00000073,9.017287
2012-11-20 21:54:00.00000066,11.212276
2012-11-20 21:54:00.000000189,7.557861
2012-11-20 21:54:00.00000016,13.214984
2012-11-20 21:54:00.0000007,10.393642
2012-11-20 21:54:00.000000161,15.238782
2012-11-20 21:54:00.000000174,10.026802
2012-11-20 21:54:00.00000084,9.92063
2012-11-20 21:54:00.000000173,7.940916
2014-06-23 00:16:00.00000086,8.194276
2014-06-23 00:16:00.00000042,44.907616
2014-06-23 00:16:00.00000010,6.7677026
2011-09-30 03:23:32.0000001,13.828993
2011-01-03 21:51:28.0000003,6.374954
2013-09-25 22:00:00.00000018,8.716304
2013-09-25 22:00:00.00000071,11.1979265
2013-09-25 22:00:00.000000114,11.1447315
2013-09-25 22:00:00.000000191,8.325839
2013-09-25 22:00:00.0000006,8.011655
2013-09-25 22:00:00.000000113,4.5503516
2013-09-25 22:00:00.000000212,5.027045
2013-09-25 22:00:00.00000066,5.6019454
2011-07-06 18:07:44.0000004,5.405027
2014-07-11 12:36:08.0000001,15.384717
2015-02-20 11:08:29.0000007,10.58202
2009-05-16 14:53:41.0000003,6.097411
2010-07-01 22:11:33.0000003,5.1006236
2014-10-07 11:52:13.0000008,7.201574
2015-02-26 23:20:13.0000008,15.694818
2011-11-28 14:13:37.0000002,7.636767
2013-08-30 11:20:21.0000003,35.880566
2014-10-25 23:23:05.0000001,10.381249
2014-10-25 23:23:05.0000002,13.498785
2011-07-02 00:38:01.0000001,8.449341
2014-02-08 17:24:57.0000002,8.524333
2013-02-16 16:03:17.0000001,14.35818
2011-01-24 20:18:49.0000005,8.562734
2012-04-07 12:14:05.0000001,14.575678
2011-10-20 13:46:33.0000002,10.217073
2013-11-29 15:09:45.0000003,8.766596
2014-06-22 14:49:13.0000002,37.31496
2009-08-28 23:01:41.0000002,7.529337
2010-06-11 13:37:21.0000003,9.787232
2013-06-17 06:37:49.0000002,4.5403757
2015-06-02 09:11:17.0000002,43.62261
2014-12-07 19:56:45.0000001,14.385655
2013-04-23 13:19:17.0000001,8.392054
2013-11-28 13:17:13.0000003,7.0433536
2012-06-10 00:46:17.0000001,9.362198
2010-02-27 22:55:09.0000001,5.7887278
2012-04-14 14:20:33.0000002,6.758029
2013-03-08 19:03:09.0000002,5.680082
2012-07-13 11:00:05.0000005,4.108855
2014-07-01 11:05:21.0000003,8.006692
2012-10-25 16:20:37.0000005,11.281203
2011-03-24 17:44:01.0000002,10.749038
2014-07-25 18:06:37.0000006,13.902602
2009-08-02 14:01:33.0000005,9.030059
2009-09-25 21:43:49.0000009,11.737981
2011-12-09 21:19:25.0000003,6.5292263
2011-12-09 21:19:25.0000004,10.103866
2012-02-08 11:14:49.0000003,17.298244
2012-07-18 22:34:53.0000002,4.995705
2012-07-18 22:34:53.0000004,7.014852
2009-09-04 18:43:33.0000002,5.081633
2011-04-23 11:01:49.0000002,30.71853
2014-10-28 22:42:33.0000004,4.5117116
2010-06-20 12:42:37.0000002,5.990165
2015-02-19 11:39:21.0000004,42.45159
2013-12-08 10:41:05.0000002,5.687884
2009-05-15 21:19:13.0000003,5.300033
2011-08-18 08:36:13.0000005,5.724933
2012-12-20 23:43:09.0000004,19.007133
2009-06-13 18:40:13.0000001,14.130098
2009-01-06 07:36:34.0000001,8.693813
2015-04-12 21:56:22.0000003,8.719106
2010-03-21 16:52:58.0000003,8.003121
2013-07-09 21:59:42.0000001,23.392391
2012-06-23 09:43:42.0000002,4.2034674
2012-06-23 09:43:42.0000004,4.7998824
2013-10-26 10:46:46.0000003,38.3958
2013-09-14 18:51:46.0000001,7.2540736
2009-11-23 19:06:14.0000001,7.1390843
2010-01-24 14:09:58.0000002,7.453519
2011-12-10 23:39:06.0000003,6.2128263
2011-01-15 04:13:38.0000001,6.025797
2011-03-03 21:31:42.0000003,5.12341
2012-08-04 23:34:58.0000003,12.723277
2015-04-10 11:56:54.0000006,7.932668
2015-05-05 12:32:14.0000008,17.253965
2013-10-13 19:52:54.0000002,45.85741
2015-06-25 01:01:46.0000004,13.230921
2009-05-19 15:44:30.0000002,31.03769
2010-02-06 17:37:10.0000002,6.000478
2013-01-14 18:42:54.0000003,7.674819
2014-01-05 17:47:02.0000001,13.034552
2009-07-28 11:13:10.0000002,7.1417933
2012-01-12 18:05:10.0000002,24.34369
2010-12-21 08:46:02.0000006,5.488894
2013-11-24 03:44:46.0000003,19.701576
2013-06-30 03:37:26.0000003,14.110235
2011-05-26 21:36:54.0000004,6.506605
2009-03-11 21:46:54.0000002,10.541302
2012-12-26 17:12:30.0000002,12.041284
2013-04-21 19:50:54.0000001,10.767463
2013-02-06 18:21:18.0000001,10.372438
2013-07-21 11:41:26.0000003,10.637449
2011-09-17 15:41:06.0000004,13.108302
2015-06-21 17:16:10.0000005,11.908279
2015-02-27 19:36:02.00000013,7.946391
2015-06-15 01:00:06.0000001,4.588791
2014-03-08 16:08:26.0000001,4.0788593
2014-03-08 16:08:26.0000003,8.481603
2014-09-13 19:05:02.0000002,7.9690423
2010-12-04 21:08:38.0000004,17.84908
2010-03-07 00:47:26.0000001,5.6678915
2009-12-30 16:54:50.0000001,21.396965
2009-03-11 16:02:14.0000007,12.544525
2010-03-13 01:23:10.0000001,5.6277747
2012-05-30 02:28:50.0000002,7.666717
2010-09-04 18:31:42.0000003,6.0698085
2009-11-20 23:19:58.0000003,8.843869
2011-09-22 20:05:22.0000003,11.205978
2009-02-08 00:04:06.0000001,24.371595
2014-05-17 10:51:46.0000003,13.583707
2010-05-06 11:35:26.0000002,10.823608
2011-10-01 00:42:26.0000001,6.8975215
2014-12-26 20:19:38.0000001,8.36946
2015-04-22 09:54:06.0000004,12.445374
2009-01-25 21:17:18.0000001,10.804133
2011-08-01 17:44:30.0000003,21.673857
2012-03-25 04:50:39.0000001,28.411314
2012-12-26 18:28:55.0000004,8.633892
2011-07-06 19:56:23.0000005,12.671489
2012-08-19 12:06:39.0000002,12.335397
2015-04-28 20:15:27.0000004,6.581897
2015-04-28 20:15:27.0000007,7.3357244
2014-06-07 12:21:11.0000002,38.942318
2013-12-22 21:24:47.0000001,9.695316
2011-11-23 21:07:43.0000004,8.210096
2011-08-08 11:18:15.0000001,6.96095
2015-05-20 19:39:11.0000004,9.605225
2015-03-20 16:33:07.0000003,41.97809
2015-04-26 21:44:23.0000002,5.040143
2010-10-09 15:48:51.0000004,6.1031604
2012-04-27 22:32:19.0000002,7.1726904
2012-10-12 15:21:55.0000002,12.182348
2009-12-26 09:23:19.0000001,6.0973225
2014-11-30 15:46:23.0000002,5.542687
2010-06-22 14:25:19.0000007,9.255469
2013-01-03 11:41:47.0000002,28.681156
2015-01-12 17:05:51.0000005,36.677856
2013-04-07 00:24:27.0000002,6.714748
2010-01-13 08:28:59.0000002,4.619304
2012-06-16 14:33:19.0000001,7.08774
2009-03-25 01:20:55.0000002,9.786694
2010-07-13 07:38:03.0000003,15.015188
2012-11-09 18:17:35.0000004,6.2444353
2009-06-21 00:54:23.0000002,7.9541206
2009-12-23 20:14:19.0000004,7.59182
2013-11-29 21:36:07.0000003,5.458762
2012-06-09 22:57:15.0000003,6.120905
2010-10-22 20:56:51.0000002,7.158374
2011-02-21 23:46:07.0000002,15.725485
2012-07-30 18:18:19.0000001,30.66504
2010-06-02 19:45:19.0000003,7.1817307
2009-05-21 20:50:31.0000003,6.2244744
2014-11-11 12:10:59.0000001,14.48857
2012-09-09 23:40:03.0000003,10.75037
2011-04-28 01:29:51.0000001,6.06738
2009-09-28 19:21:59.0000003,15.259386
2012-10-21 19:47:23.0000002,16.87436
2013-06-04 23:58:11.0000006,9.933055
2014-08-08 17:32:47.0000005,57.46684
2011-01-04 10:12:51.0000002,9.7336645
2011-10-26 17:48:43.0000006,13.488423
2009-12-19 21:56:15.0000003,5.0903463
2010-06-13 19:39:51.0000001,5.8997602
2015-02-14 09:08:11.0000001,56.815372
2015-02-14 09:08:11.0000004,9.859738
2013-01-09 02:05:51.0000001,13.067574
2013-06-21 02:39:47.0000002,5.622123
2011-10-07 12:38:19.0000001,7.021703
2013-02-02 16:07:55.0000004,14.032248
2014-04-05 01:52:27.0000004,10.140441
2014-04-05 01:52:27.0000003,15.510243
2010-02-23 20:29:51.0000001,5.1377363
2014-07-01 15:15:23.0000003,6.5127606
2012-12-01 21:12:12.0000001,24.753727
2014-06-14 13:39:00.00000071,6.9992332
2013-11-09 18:52:40.0000001,11.023467
2013-11-09 18:52:40.0000003,12.774164
2014-12-30 20:29:24.0000002,8.827567
2010-05-10 10:37:04.0000004,12.503544
2013-07-12 23:33:24.0000002,19.577942
2009-06-10 16:55:00.000000132,7.5678153
2009-06-10 16:55:00.000000163,11.5689535
2009-06-10 16:55:00.00000084,15.420514
2009-03-22 04:31:40.0000001,14.855325
2011-06-24 12:03:00.0000009,9.779509
2011-06-24 12:03:00.000000174,33.908073
2011-06-24 12:03:00.000000158,10.608909
2014-06-15 07:06:00.00000044,54.211384
2015-05-30 21:29:04.0000006,9.438926
2009-09-14 02:19:00.00000037,14.128871
2011-10-02 22:31:44.0000001,19.675161
2011-07-20 16:34:48.0000002,9.306027
2011-06-01 07:37:00.00000012,14.1462555
2011-06-01 07:37:00.000000111,9.925897
2011-06-01 07:37:00.00000014,8.633028
2010-08-27 18:45:00.0000002,14.664325
2010-08-27 18:45:00.000000118,7.5073714
2010-08-27 18:45:00.000000143,7.0977316
2010-08-27 18:45:00.000000233,19.910402
2010-08-27 18:45:00.000000156,8.5719
2010-08-27 18:45:00.000000167,6.0528584
2010-08-27 18:45:00.000000168,7.1814704
2010-08-27 18:45:00.000000149,7.290695
2010-08-27 18:45:00.00000091,7.076025
2010-08-27 18:45:00.000000126,7.7266536
2010-08-27 18:45:00.00000020,9.574777
2010-08-14 02:13:00.000000154,6.5763135
2010-08-14 02:13:00.00000098,6.714201
2015-04-16 22:32:48.0000003,20.648123
2014-03-25 23:47:00.00000021,32.033226
2014-03-25 23:47:00.00000084,14.786034
2010-09-29 16:43:00.000000161,9.773324
2010-09-29 16:43:00.00000093,27.604582
2014-10-27 14:58:00.00000088,10.086339
2014-10-27 14:58:00.00000092,57.38173
2014-10-27 14:58:00.00000094,7.6090307
2012-11-03 17:11:00.00000013,7.847922
2012-11-03 17:11:00.0000001,5.426174
2012-11-03 17:11:00.000000150,8.401539
2011-05-28 17:29:44.0000002,5.580696
2013-09-28 00:06:20.0000005,8.556252
2013-09-28 00:06:20.0000003,19.798487
2011-03-11 01:44:00.00000095,4.665456
2011-03-11 01:44:00.00000029,6.273201
2011-10-04 09:37:00.00000080,33.507717
2011-10-04 09:37:00.000000113,14.4470005
2011-10-04 09:37:00.000000160,8.373377
2011-10-04 09:37:00.0000006,6.915261
2014-12-24 03:00:00.00000020,87.16522
2009-05-16 23:36:24.0000003,4.1677194
2014-04-27 02:57:00.00000064,26.70207
2014-04-27 02:57:00.00000083,13.89154
2014-04-27 02:57:00.00000069,17.748705
2014-04-27 02:57:00.0000007,10.265923
2011-12-13 22:00:00.000000102,15.009204
2011-12-13 22:00:00.000000214,43.807056
2011-12-13 22:00:00.000000128,8.931371
2011-12-13 22:00:00.000000249,8.548416
2011-12-13 22:00:00.00000052,15.781439
2011-12-13 22:00:00.000000168,5.3557544
2011-12-13 22:00:00.00000079,9.228893
2011-12-13 22:00:00.00000050,7.610241
2015-04-11 14:16:12.0000005,6.6534204
2014-07-21 18:19:00.000000205,8.085489
2014-07-21 18:19:00.00000023,22.282568
2014-07-21 18:19:00.00000046,13.755783
2014-07-21 18:19:00.00000096,17.123692
2014-07-21 18:19:00.000000156,36.053402
2010-09-20 16:48:00.0000002,9.27245
2010-09-20 16:48:00.000000156,6.893615
2010-09-20 16:48:00.00000041,9.575004
2010-09-20 16:48:00.00000083,6.950802
2010-09-20 16:48:00.000000122,13.166887
2011-03-06 21:01:00.00000036,7.058372
2011-03-06 21:01:00.00000019,5.991946
2011-03-06 21:01:00.000000123,9.75441
2011-03-06 21:01:00.000000166,8.152721
2011-03-06 21:01:00.000000140,14.532437
2011-03-06 21:01:00.00000060,7.090302
2012-05-23 16:25:16.0000001,50.529537
2011-04-16 21:23:16.0000003,4.1845593
2013-10-05 19:51:04.0000004,7.293898
2012-03-14 19:10:48.0000007,7.5399103
2012-01-26 07:33:00.00000064,15.72274
2012-01-26 07:33:00.000000131,4.6488004
2012-01-26 07:33:00.00000071,5.423131
2012-01-26 07:33:00.00000028,14.453563
2012-01-26 07:33:00.00000072,7.451189
2010-12-09 07:29:00.00000093,10.542626
2010-12-09 07:29:00.000000123,8.657066
2010-12-09 07:29:00.00000056,7.3066454
2014-05-17 02:47:12.0000001,6.6537013
2009-01-22 12:27:20.0000001,13.735973
2011-04-23 21:22:20.0000002,4.941233
2012-11-20 21:54:00.00000062,8.084132
2012-11-20 21:54:00.000000207,10.04189
2012-11-20 21:54:00.00000014,6.228019
2012-11-20 21:54:00.000000246,19.58595
2012-11-20 21:54:00.000000164,54.5223
2014-06-23 00:16:00.00000011,21.918367
2014-06-23 00:16:00.00000091,9.810456
2013-09-25 22:00:00.000000144,12.049974
2013-09-25 22:00:00.000000100,55.942654
2013-09-25 22:00:00.000000166,11.562163
2013-09-25 22:00:00.000000105,16.166533
2013-09-25 22:00:00.00000015,10.63167
2011-07-06 18:07:44.0000002,47.38912
2009-05-16 14:53:41.0000002,10.214224
2013-10-17 22:21:57.0000003,11.769198
2015-03-04 21:42:57.00000011,8.151015
2011-03-22 12:59:49.0000001,12.192452
2013-07-05 00:58:17.0000004,16.925928
2010-01-30 00:57:21.0000001,5.8440394
2012-04-02 08:39:21.0000002,14.104979
2010-07-25 04:03:17.0000001,43.48478
2012-07-01 22:30:29.0000002,19.565401
2014-02-08 17:24:57.0000003,21.22361
2012-06-02 01:16:05.0000003,4.6757617
2012-06-02 01:16:05.0000001,5.297788
2014-01-11 06:18:37.0000001,5.336523
2012-12-09 22:30:13.0000005,7.3414845
2011-10-01 15:04:57.0000002,6.7970467
2012-01-01 00:37:29.0000004,8.2449875
2012-04-14 14:20:33.0000003,11.7751
2010-02-01 20:28:45.0000004,8.557315
2013-08-19 16:21:05.0000001,17.855816
2014-06-05 22:56:05.0000004,7.7178545
2013-11-07 22:25:25.0000004,20.484987
2010-06-19 03:06:33.0000001,15.776989
2012-07-18 09:44:53.0000003,6.86374
2009-09-25 21:43:49.0000002,6.842275
2009-09-04 18:43:33.0000001,7.944296
2012-10-20 00:36:37.0000001,8.752404
2014-06-19 22:37:09.0000002,28.880787
2012-12-20 23:43:09.0000001,20.264454
2015-05-23 01:00:22.0000002,10.105811
2012-11-18 14:55:42.0000001,8.37804
2010-01-24 14:09:58.0000003,5.579924
2014-07-27 11:25:18.0000003,20.069893
2009-03-15 03:31:14.0000004,4.3059673
2010-09-24 22:40:06.0000004,6.2933965
2009-04-18 23:09:34.0000001,26.887941
2014-08-26 16:39:54.0000001,16.654623
2009-05-31 20:56:38.0000004,5.6733747
2015-05-29 10:02:42.0000002,7.2002134
2011-04-17 14:55:58.0000002,6.746672
2011-05-26 21:36:54.0000003,7.458402
2011-05-26 21:36:54.0000002,9.602877
2013-11-23 16:33:30.0000002,10.15013
2009-06-03 09:11:30.0000001,8.829807
2010-12-04 21:08:38.0000005,8.391994
2013-09-07 19:43:18.0000003,11.216451
2011-03-10 18:16:14.0000005,5.8021545
2011-05-19 02:06:46.0000002,5.696676
2009-08-03 17:06:06.0000002,15.626046
2015-04-14 19:20:46.0000008,7.908317
2011-09-08 13:39:06.0000002,8.14202
2012-03-03 02:30:54.0000003,13.888473
2012-12-27 21:01:54.0000004,4.8475413
2012-12-27 21:01:54.0000005,11.023377
2014-06-20 02:16:34.0000002,6.7408366
2014-01-14 18:48:06.0000008,10.20999
2011-09-03 00:03:42.0000008,7.8104067
2013-07-02 22:27:14.0000004,17.423874
2013-07-02 22:27:14.0000001,4.1372137
2015-05-09 11:33:58.0000002,9.646522
2015-03-28 19:31:26.0000003,14.796914
2013-08-08 14:38:43.0000002,9.862083
2009-11-19 22:48:27.0000001,40.220108
2011-07-06 19:56:23.0000001,14.563973
2015-06-18 20:56:55.0000002,5.525654
2015-02-14 13:15:19.0000002,8.163202
2013-01-12 22:40:39.0000002,8.543859
2013-03-23 15:41:07.0000002,38.11669
2010-01-31 00:33:03.0000006,7.096053
2014-06-09 14:51:39.0000001,9.311077
2015-03-20 16:33:07.0000004,16.197144
2015-01-04 00:28:11.0000004,7.026627
2010-10-04 16:17:03.0000001,10.477275
2011-05-17 07:53:55.0000003,5.861393
2012-12-26 20:55:27.0000001,5.8255205
2012-12-26 20:55:27.0000003,4.3969445
2011-12-17 16:19:47.0000002,11.656216
2010-02-15 10:14:23.0000001,30.263424
2010-12-11 16:12:35.0000003,6.1577067
2011-12-11 11:05:51.0000002,10.820018
2014-06-14 12:32:11.0000001,10.841853
2012-06-09 22:57:15.0000001,8.015719
2009-05-21 20:50:31.0000004,4.875633
2010-09-22 09:42:31.0000005,8.92146
2014-07-08 10:21:39.0000007,22.063198
2012-09-16 18:14:55.0000002,16.467804
2013-10-05 13:45:39.0000001,7.2035275
2014-07-31 10:39:39.0000001,13.75459
2013-02-16 14:26:51.0000001,12.334553
2014-01-04 10:54:59.0000004,53.794067
2015-03-07 15:25:59.0000005,8.894103
2009-04-16 15:57:31.0000003,6.774966
2011-10-23 17:43:43.0000002,7.711461
2014-06-14 13:39:00.000000189,11.112554
2014-06-14 13:39:00.000000153,10.143506
2014-06-14 13:39:00.00000088,5.1210275
2014-06-14 13:39:00.000000157,15.053991
2014-06-14 13:39:00.00000046,7.653773
2014-06-14 13:39:00.000000110,7.0471582
2014-06-14 13:39:00.000000106,35.244106
2014-06-14 13:39:00.00000019,14.5894785
2014-06-14 13:39:00.000000186,7.1186166
2014-06-14 13:39:00.00000037,8.796058
2014-06-14 13:39:00.00000057,12.026633
2014-06-14 13:39:00.000000127,12.386153
2014-06-14 13:39:00.0000009,40.778713
2014-06-14 13:39:00.000000173,8.814582
2014-06-14 13:39:00.00000027,6.008001
2014-06-14 13:39:00.000000100,7.8495007
2011-10-02 23:36:00.00000060,12.507676
2011-10-02 23:36:00.00000057,16.632172
2011-10-02 23:36:00.00000044,4.8090987
2011-10-02 23:36:00.00000087,22.931622
2011-10-02 23:36:00.00000084,8.96347
2011-10-02 23:36:00.00000046,10.477026
2011-10-02 23:36:00.0000006,5.3129168
2011-10-02 23:36:00.00000033,35.981853
2011-10-02 23:36:00.00000064,18.18217
2011-10-02 23:36:00.00000094,7.618466
2011-10-02 23:36:00.00000049,4.361286
2011-10-02 23:36:00.00000066,8.684771
2011-10-02 23:36:00.00000080,8.994802
2011-10-02 23:36:00.00000029,22.300009
2011-10-02 23:36:00.00000055,4.475227
2011-10-02 23:36:00.00000079,14.739607
2011-10-02 23:36:00.00000053,9.589281
2009-06-10 16:55:00.00000014,7.252693
2009-06-10 16:55:00.00000052,7.867302
2009-06-10 16:55:00.00000065,8.48808
2009-06-10 16:55:00.000000169,13.089747
2009-06-10 16:55:00.000000172,7.351929
2009-06-10 16:55:00.000000105,5.801171
2009-06-10 16:55:00.00000073,3.9200284
2009-06-10 16:55:00.000000157,10.6070385
2009-06-10 16:55:00.000000156,5.3526382
2009-06-10 16:55:00.000000116,7.2565255
2009-06-10 16:55:00.00000022,5.5516305
2009-06-10 16:55:00.00000013,7.2013454
2009-06-10 16:55:00.000000126,4.398203
2009-06-10 16:55:00.00000023,6.9577136
2009-06-10 16:55:00.00000086,6.233958
2009-06-10 16:55:00.00000040,12.396674
2009-06-10 16:55:00.00000058,7.8665047
2009-06-10 16:55:00.000000170,5.0522995
2009-06-10 16:55:00.00000027,10.920515
2009-06-10 16:55:00.00000011,12.29811
2009-06-10 16:55:00.000000129,6.697062
2009-06-10 16:55:00.000000121,5.223864
2009-06-10 16:55:00.00000080,7.8127804
2009-06-10 16:55:00.00000089,7.2953954
2009-06-10 16:55:00.000000103,6.7951303
2009-06-10 16:55:00.00000051,8.543866
2009-06-10 16:55:00.00000063,29.655739
2009-06-10 16:55:00.000000106,4.889777
2009-06-10 16:55:00.00000091,6.784341
2009-06-10 16:55:00.00000095,14.110947
2009-06-10 16:55:00.000000137,3.3704903
2009-06-10 16:55:00.000000113,4.6491227
2009-06-10 16:55:00.000000173,6.5554585
2009-06-10 16:55:00.00000077,5.3389277
2009-06-10 16:55:00.00000036,6.9113307
2011-06-24 12:03:00.000000148,5.398489
2011-06-24 12:03:00.00000070,5.5557823
2011-06-24 12:03:00.000000129,9.727281
2011-06-24 12:03:00.000000130,5.129107
2011-06-24 12:03:00.000000160,9.449466
2011-06-24 12:03:00.000000167,29.400967
2011-06-24 12:03:00.00000059,7.9646645
2011-06-24 12:03:00.000000128,8.669039
2011-06-24 12:03:00.000000112,4.5173693
2011-06-24 12:03:00.000000134,6.9551854
2011-06-24 12:03:00.00000021,13.953599
2011-06-24 12:03:00.00000039,11.361211
2011-06-24 12:03:00.00000083,15.295624
2011-06-24 12:03:00.00000029,6.076194
2011-06-24 12:03:00.00000037,8.369269
2011-06-24 12:03:00.0000004,13.224582
2011-06-24 12:03:00.000000117,32.09889
2011-06-24 12:03:00.000000147,4.3346095
2011-06-24 12:03:00.00000043,7.4303713
2011-06-24 12:03:00.000000172,10.797302
2011-06-24 12:03:00.00000011,7.542824
2011-06-24 12:03:00.00000036,3.9601438
2011-06-24 12:03:00.00000015,5.3848414
2011-06-24 12:03:00.00000065,7.751762
2011-06-24 12:03:00.000000169,33.023766
2011-06-24 12:03:00.000000164,13.606268
2011-06-24 12:03:00.000000163,5.602766
2011-06-24 12:03:00.00000096,7.9323883
2011-06-24 12:03:00.00000030,12.92909
2014-06-15 07:06:00.00000018,7.6569586
2014-06-15 07:06:00.00000034,21.021894
2014-06-15 07:06:00.00000022,55.76577
2014-06-15 07:06:00.00000012,5.2176223
2014-06-15 07:06:00.0000005,9.2927065
2014-06-15 07:06:00.00000023,4.912161
2014-06-15 07:06:00.0000001,10.127113
2009-09-14 02:19:00.0000005,4.9596977
2009-09-14 02:19:00.00000032,4.3461323
2009-09-14 02:19:00.00000015,4.7587194
2009-09-14 02:19:00.00000029,5.8660336
2009-09-14 02:19:00.00000012,5.982506
2009-09-14 02:19:00.00000019,13.025542
2011-06-01 07:37:00.000000193,4.4872437
2011-06-01 07:37:00.000000135,4.412254
2011-06-01 07:37:00.000000124,8.405147
2011-06-01 07:37:00.00000071,6.892687
2011-06-01 07:37:00.000000191,16.21688
2011-06-01 07:37:00.00000073,4.9477415
2011-06-01 07:37:00.000000134,10.855333
2011-06-01 07:37:00.000000195,10.091798
2011-06-01 07:37:00.000000130,8.679804
2011-06-01 07:37:00.00000039,7.9695063
2011-06-01 07:37:00.000000188,13.7039585
2011-06-01 07:37:00.00000030,8.503546
2011-06-01 07:37:00.00000040,11.8505335
2011-06-01 07:37:00.00000011,9.422602
2011-06-01 07:37:00.00000093,6.850821
2011-06-01 07:37:00.000000121,47.586384
2011-06-01 07:37:00.000000224,6.6409087
2011-06-01 07:37:00.000000153,6.17379
2011-06-01 07:37:00.00000033,4.438705
2011-06-01 07:37:00.000000213,8.312599
2011-06-01 07:37:00.00000076,5.2625504
2011-06-01 07:37:00.00000018,5.8967447
2011-06-01 07:37:00.00000021,10.369493
2011-06-01 07:37:00.000000126,11.769866
2011-06-01 07:37:00.000000202,6.2972693
2011-06-01 07:37:00.00000035,7.6963406
2011-06-01 07:37:00.000000216,10.189135
2011-06-01 07:37:00.00000067,7.9079943
2011-06-01 07:37:00.00000013,8.602092
2011-06-01 07:37:00.00000024,8.31666
2011-06-01 07:37:00.000000148,3.6732402
2011-06-01 07:37:00.000000200,4.9033256
2011-06-01 07:37:00.00000042,9.184295
2011-06-01 07:37:00.00000066,11.427769
2011-06-01 07:37:00.00000056,11.132162
2011-06-01 07:37:00.00000063,14.757333
2011-06-01 07:37:00.0000009,7.523198
2011-06-01 07:37:00.000000187,6.3801937
2011-06-01 07:37:00.000000225,6.022405
2010-08-27 18:45:00.0000009,39.59379
2010-08-27 18:45:00.000000120,7.976498
2010-08-27 18:45:00.00000019,8.593407
2010-08-27 18:45:00.0000001,8.235538
2010-08-27 18:45:00.00000080,5.493811
2010-08-27 18:45:00.00000082,6.0310936
2010-08-27 18:45:00.000000180,10.117607
2010-08-27 18:45:00.00000058,15.1980295
2010-08-27 18:45:00.000000178,27.270761
2010-08-27 18:45:00.000000117,8.141974
2010-08-27 18:45:00.00000079,11.88715
2010-08-27 18:45:00.000000200,5.851744
2010-08-27 18:45:00.000000108,6.4056015
2010-08-27 18:45:00.00000098,7.4494863
2010-08-27 18:45:00.00000059,48.21034
2010-08-27 18:45:00.000000138,16.69012
2010-08-27 18:45:00.000000232,8.479518
2010-08-27 18:45:00.00000032,24.744188
2010-08-27 18:45:00.00000047,7.751006
2010-08-27 18:45:00.000000100,9.98811
2010-08-27 18:45:00.000000154,7.5762424
2010-08-27 18:45:00.000000211,7.4750533
2010-08-27 18:45:00.000000114,6.868678
2010-08-27 18:45:00.00000042,5.571228
2010-08-27 18:45:00.000000104,19.47055
2010-08-27 18:45:00.000000162,8.639997
2010-08-27 18:45:00.00000095,5.458968
2010-08-27 18:45:00.000000150,8.91955
2010-08-27 18:45:00.00000052,15.751158
2010-08-27 18:45:00.000000225,6.3863506
2010-08-27 18:45:00.00000064,7.916762
2010-08-27 18:45:00.000000215,7.176086
2010-08-27 18:45:00.000000206,5.8725967
2010-08-27 18:45:00.000000122,6.819604
2010-08-27 18:45:00.000000221,10.011256
2010-08-27 18:45:00.00000027,6.360134
2010-08-27 18:45:00.000000115,6.3145256
2010-08-27 18:45:00.000000218,8.656653
2010-08-27 18:45:00.000000212,12.440112
2010-08-27 18:45:00.000000229,7.8679266
2010-08-27 18:45:00.000000213,11.483382
2010-08-27 18:45:00.00000099,38.426113
2010-08-27 18:45:00.000000176,14.941299
2010-08-27 18:45:00.000000132,17.768433
2010-08-27 18:45:00.0000007,8.311852
2010-08-27 18:45:00.000000151,31.187971
2010-08-27 18:45:00.000000137,12.139515
2010-08-27 18:45:00.00000021,36.809532
2010-08-27 18:45:00.000000185,5.6443934
2010-08-27 18:45:00.00000041,8.097893
2010-08-14 02:13:00.000000129,8.450165
2010-08-14 02:13:00.0000006,12.045004
2010-08-14 02:13:00.00000045,8.203707
2010-08-14 02:13:00.000000117,14.650519
2010-08-14 02:13:00.00000079,14.095142
2010-08-14 02:13:00.000000112,7.0676403
2010-08-14 02:13:00.00000088,20.690878
2010-08-14 02:13:00.0000005,7.752967
2010-08-14 02:13:00.00000016,10.412791
2010-08-14 02:13:00.0000002,7.070683
2010-08-14 02:13:00.00000071,23.799246
2010-08-14 02:13:00.00000019,7.393094
2010-08-14 02:13:00.000000113,5.3324175
2010-08-14 02:13:00.000000151,6.7157393
2010-08-14 02:13:00.000000104,10.7886
2010-08-14 02:13:00.00000095,17.781097
2010-08-14 02:13:00.00000053,6.704636
2010-08-14 02:13:00.00000046,7.976351
2010-08-14 02:13:00.00000011,15.421038
2010-08-14 02:13:00.000000124,18.969954
2010-08-14 02:13:00.000000153,19.494127
2010-08-14 02:13:00.00000081,33.570892
2010-08-14 02:13:00.00000062,9.507366
2010-08-14 02:13:00.000000103,14.551907
2010-08-14 02:13:00.000000144,7.0371404
2010-08-14 02:13:00.00000082,7.911088
2010-08-14 02:13:00.00000093,5.7727485
2010-08-14 02:13:00.00000058,7.0366335
2010-08-14 02:13:00.000000107,6.551054
2010-08-14 02:13:00.000000157,7.5072308
2010-08-14 02:13:00.00000013,5.159081
2010-08-14 02:13:00.000000138,5.673712
2010-08-14 02:13:00.000000119,13.001133
2010-08-14 02:13:00.00000065,4.896621
2010-08-14 02:13:00.00000039,5.548474
2010-08-14 02:13:00.000000118,6.2097974
2010-08-14 02:13:00.00000048,13.258856
2010-08-14 02:13:00.00000067,13.672177
2010-08-14 02:13:00.00000096,18.822853
2010-08-14 02:13:00.00000091,13.539068
2010-08-14 02:13:00.000000114,5.8176565
2010-08-14 02:13:00.00000023,37.357056
2010-08-14 02:13:00.000000106,6.3814607
2014-03-25 23:47:00.000000102,6.715185
2014-03-25 23:47:00.00000026,20.911802
2014-03-25 23:47:00.00000042,14.356042
2014-03-25 23:47:00.00000051,4.526621
2014-03-25 23:47:00.00000052,6.6237683
2014-03-25 23:47:00.00000031,12.647594
2014-03-25 23:47:00.00000096,10.479956
2014-03-25 23:47:00.000000134,5.4088264
2014-03-25 23:47:00.00000019,17.306864
2014-03-25 23:47:00.00000020,8.7352
2014-03-25 23:47:00.000000115,26.761892
2014-03-25 23:47:00.00000035,4.1641574
2014-03-25 23:47:00.000000132,20.449518
2014-03-25 23:47:00.00000085,35.938583
2014-03-25 23:47:00.00000064,55.796734
2014-03-25 23:47:00.00000011,6.9253087
2014-03-25 23:47:00.000000124,9.276346
2014-03-25 23:47:00.000000112,7.838365
2014-03-25 23:47:00.000000127,20.804619
2014-03-25 23:47:00.00000028,16.10735
2014-03-25 23:47:00.00000055,7.903737
2014-03-25 23:47:00.00000036,6.6017323
2014-03-25 23:47:00.000000135,34.43662
2014-03-25 23:47:00.000000108,10.391538
2014-03-25 23:47:00.00000012,19.918282
2010-09-29 16:43:00.000000162,9.005954
2010-09-29 16:43:00.00000078,10.276964
2010-09-29 16:43:00.00000015,9.259867
2010-09-29 16:43:00.0000001,15.038318
2010-09-29 16:43:00.000000119,8.966909
2010-09-29 16:43:00.000000140,10.327521
2010-09-29 16:43:00.00000041,8.640949
2010-09-29 16:43:00.000000135,12.751713
2010-09-29 16:43:00.000000117,7.9745607
2010-09-29 16:43:00.00000059,13.911359
2010-09-29 16:43:00.00000014,7.6923723
2010-09-29 16:43:00.00000012,12.133124
2010-09-29 16:43:00.000000170,6.8762836
2010-09-29 16:43:00.00000013,10.288057
2010-09-29 16:43:00.000000145,9.098884
2010-09-29 16:43:00.000000174,14.654128
2010-09-29 16:43:00.000000164,8.225599
2010-09-29 16:43:00.00000037,14.215023
2010-09-29 16:43:00.000000159,6.0596023
2010-09-29 16:43:00.000000113,11.784797
2010-09-29 16:43:00.00000094,5.7629724
2010-09-29 16:43:00.00000011,6.98392
2010-09-29 16:43:00.000000168,5.9109297
2010-09-29 16:43:00.000000114,44.47866
2010-09-29 16:43:00.00000019,7.2837834
2010-09-29 16:43:00.00000022,8.622086
2010-09-29 16:43:00.00000040,7.4066586
2010-09-29 16:43:00.00000016,8.686641
2010-09-29 16:43:00.000000144,8.078219
2010-09-29 16:43:00.00000044,9.069576
2010-09-29 16:43:00.00000062,10.207858
2010-09-29 16:43:00.00000074,28.171839
2010-09-29 16:43:00.00000064,15.54097
2010-09-29 16:43:00.000000110,12.970604
2010-09-29 16:43:00.000000122,7.0744863
2010-09-29 16:43:00.000000142,5.471193
2010-09-29 16:43:00.00000080,6.1989293
2014-10-27 14:58:00.000000149,58.13784
2014-10-27 14:58:00.000000125,13.578037
2014-10-27 14:58:00.000000130,9.225228
2014-10-27 14:58:00.000000146,6.5174847
2014-10-27 14:58:00.00000040,7.8771863
2014-10-27 14:58:00.000000136,6.5492134
2014-10-27 14:58:00.000000123,12.477494
2014-10-27 14:58:00.000000115,7.916182
2014-10-27 14:58:00.00000046,5.81505
2014-10-27 14:58:00.0000009,56.81963
2014-10-27 14:58:00.00000059,54.64833
2014-10-27 14:58:00.000000111,7.3426094
2014-10-27 14:58:00.00000054,56.781975
2014-10-27 14:58:00.00000024,8.295036
2014-10-27 14:58:00.00000065,11.962058
2014-10-27 14:58:00.00000087,13.110752
2014-10-27 14:58:00.00000099,7.214571
2014-10-27 14:58:00.000000144,5.623357
2014-10-27 14:58:00.00000081,5.6364365
2014-10-27 14:58:00.00000056,9.956991
2012-11-03 17:11:00.000000115,7.3737845
2012-11-03 17:11:00.00000079,12.257233
2012-11-03 17:11:00.00000081,8.754248
2012-11-03 17:11:00.00000085,16.315695
2012-11-03 17:11:00.000000128,4.163587
2012-11-03 17:11:00.000000160,8.138338
2012-11-03 17:11:00.000000118,6.9668903
2012-11-03 17:11:00.00000076,9.526565
2012-11-03 17:11:00.000000114,7.935245
2012-11-03 17:11:00.00000091,6.668116
2012-11-03 17:11:00.00000060,10.32693
2012-11-03 17:11:00.000000155,10.463816
2012-11-03 17:11:00.000000117,12.15921
2012-11-03 17:11:00.000000105,4.7682176
2012-11-03 17:11:00.0000007,23.71575
2012-11-03 17:11:00.00000055,7.112775
2012-11-03 17:11:00.000000103,6.739853
2012-11-03 17:11:00.00000053,8.882963
2011-03-11 01:44:00.00000064,10.839432
2011-03-11 01:44:00.00000016,4.679363
2011-03-11 01:44:00.00000072,12.712551
2011-03-11 01:44:00.00000057,4.7635093
2011-03-11 01:44:00.00000040,6.290007
2011-03-11 01:44:00.00000021,19.59189
2011-03-11 01:44:00.00000046,9.334168
2011-03-11 01:44:00.00000034,7.434753
2011-03-11 01:44:00.00000083,56.404057
2011-03-11 01:44:00.00000032,8.037722
2011-03-11 01:44:00.00000075,7.377722
2011-03-11 01:44:00.00000085,7.250737
2011-03-11 01:44:00.00000044,5.766382
2011-03-11 01:44:00.0000005,8.632598
2011-03-11 01:44:00.00000074,13.261118
2011-03-11 01:44:00.00000041,9.19026
2011-03-11 01:44:00.00000042,8.672049
2011-03-11 01:44:00.00000035,11.041646
2011-03-11 01:44:00.00000052,3.939486
2011-10-04 09:37:00.000000194,6.829313
2011-10-04 09:37:00.000000183,7.7541995
2011-10-04 09:37:00.000000157,32.16678
2011-10-04 09:37:00.000000176,6.8621006
2011-10-04 09:37:00.000000170,9.9286995
2011-10-04 09:37:00.00000036,8.385589
2011-10-04 09:37:00.00000017,4.712431
2011-10-04 09:37:00.000000114,15.725362
2011-10-04 09:37:00.000000184,12.430663
2011-10-04 09:37:00.00000047,6.4538913
2011-10-04 09:37:00.00000055,7.564397
2011-10-04 09:37:00.00000031,7.5667048
2011-10-04 09:37:00.00000049,48.73495
2011-10-04 09:37:00.0000005,4.7563605
2011-10-04 09:37:00.00000067,4.5828123
2011-10-04 09:37:00.000000134,11.837138
2011-10-04 09:37:00.00000025,5.609147
2011-10-04 09:37:00.000000185,7.297067
2011-10-04 09:37:00.000000180,7.641691
2011-10-04 09:37:00.00000088,10.99293
2011-10-04 09:37:00.000000108,9.500183
2011-10-04 09:37:00.000000107,10.8950615
2011-10-04 09:37:00.00000062,19.277168
2011-10-04 09:37:00.00000045,5.136309
2011-10-04 09:37:00.00000028,11.330309
2011-10-04 09:37:00.00000057,5.8226523
2011-10-04 09:37:00.00000013,9.318481
2011-10-04 09:37:00.00000056,12.046392
2011-10-04 09:37:00.000000106,6.995647
2011-10-04 09:37:00.000000136,7.553116
2014-12-24 03:00:00.0000005,21.967102
2014-12-24 03:00:00.00000017,20.463766
2014-12-24 03:00:00.00000036,17.539522
2014-12-24 03:00:00.00000033,4.36827
2014-12-24 03:00:00.00000026,17.48412
2014-12-24 03:00:00.00000031,19.899294
2014-12-24 03:00:00.00000015,10.696917
2015-02-12 05:37:56.0000001,4.750148
2014-04-27 02:57:00.000000124,15.08826
2014-04-27 02:57:00.00000017,17.551508
2014-04-27 02:57:00.000000151,5.7434306
2014-04-27 02:57:00.000000168,3.9780202
2014-04-27 02:57:00.00000039,4.879765
2014-04-27 02:57:00.00000097,14.17056
2014-04-27 02:57:00.00000033,5.289729
2014-04-27 02:57:00.000000129,10.125722
2014-04-27 02:57:00.000000141,7.751287
2014-04-27 02:57:00.00000074,13.247027
2014-04-27 02:57:00.00000047,19.341522
2014-04-27 02:57:00.00000076,10.226109
2014-04-27 02:57:00.000000142,6.6658435
2014-04-27 02:57:00.000000143,17.277693
2014-04-27 02:57:00.00000090,22.932486
2014-04-27 02:57:00.000000106,18.89382
2014-04-27 02:57:00.000000167,16.088367
2014-04-27 02:57:00.000000145,12.266662
2011-12-13 22:00:00.00000085,11.017551
2011-12-13 22:00:00.000000264,7.369102
2011-12-13 22:00:00.000000138,10.677934
2011-12-13 22:00:00.000000135,6.8477144
2011-12-13 22:00:00.000000197,4.8751163
2011-12-13 22:00:00.000000143,10.699516
2011-12-13 22:00:00.000000134,4.732476
2011-12-13 22:00:00.00000033,11.303462
2011-12-13 22:00:00.00000058,7.480685
2011-12-13 22:00:00.000000205,8.840649
2011-12-13 22:00:00.000000173,8.443606
2011-12-13 22:00:00.000000248,6.23296
2011-12-13 22:00:00.00000074,6.5306563
2011-12-13 22:00:00.00000098,4.0690517
2011-12-13 22:00:00.00000095,10.264696
2011-12-13 22:00:00.000000229,18.960382
2011-12-13 22:00:00.000000186,11.258787
2011-12-13 22:00:00.0000005,27.91522
2011-12-13 22:00:00.000000246,17.42519
2011-12-13 22:00:00.000000180,7.6448617
2011-12-13 22:00:00.00000044,8.47425
2011-12-13 22:00:00.000000110,7.4017506
2011-12-13 22:00:00.000000231,6.54811
2011-12-13 22:00:00.000000144,9.995399
2011-12-13 22:00:00.00000070,28.079819
2011-12-13 22:00:00.000000116,7.0049925
2011-12-13 22:00:00.000000156,5.38883
2011-12-13 22:00:00.000000148,8.46384
2011-12-13 22:00:00.00000072,8.695791
2011-12-13 22:00:00.00000028,11.077907
2011-12-13 22:00:00.00000066,10.019507
2011-12-13 22:00:00.000000121,11.5727
2011-12-13 22:00:00.00000094,41.355167
2011-12-13 22:00:00.000000266,8.704441
2015-04-11 14:16:12.0000004,11.207763
2015-05-10 19:54:00.0000002,12.7405
2014-07-21 18:19:00.00000054,9.6706705
2014-07-21 18:19:00.000000230,7.58443
2014-07-21 18:19:00.000000187,16.511148
2014-07-21 18:19:00.000000100,10.680545
2014-07-21 18:19:00.00000071,12.552625
2014-07-21 18:19:00.000000172,10.009297
2014-07-21 18:19:00.00000025,10.993108
2014-07-21 18:19:00.000000191,11.743688
2014-07-21 18:19:00.00000034,10.6586895
2014-07-21 18:19:00.000000176,5.2847543
2014-07-21 18:19:00.00000037,7.1341596
2014-07-21 18:19:00.000000160,6.4980154
2014-07-21 18:19:00.00000077,9.499757
2014-07-21 18:19:00.00000013,11.672757
2014-07-21 18:19:00.000000184,6.8628507
2014-07-21 18:19:00.000000232,7.491286
2014-07-21 18:19:00.000000116,8.428785
2014-07-21 18:19:00.00000048,7.9203568
2014-07-21 18:19:00.00000067,10.446916
2014-07-21 18:19:00.00000099,5.5487156
2014-07-21 18:19:00.000000223,7.3401117
2014-07-21 18:19:00.000000162,15.217057
2014-07-21 18:19:00.00000068,10.973122
2014-07-21 18:19:00.000000144,9.389531
2014-07-21 18:19:00.00000035,28.396086
2014-07-21 18:19:00.00000029,7.274419
2014-07-21 18:19:00.00000032,6.1016645
2014-07-21 18:19:00.00000082,5.9452605
2014-07-21 18:19:00.000000132,5.366845
2014-07-21 18:19:00.000000152,6.693233
2014-07-21 18:19:00.00000039,5.801074
2014-07-21 18:19:00.000000241,4.843191
2014-07-21 18:19:00.00000088,7.503158
2010-09-20 16:48:00.000000159,28.287676
2010-09-20 16:48:00.0000006,10.556402
2010-09-20 16:48:00.000000166,8.117798
2010-09-20 16:48:00.000000110,8.080565
2010-09-20 16:48:00.000000139,26.542444
2010-09-20 16:48:00.00000015,12.263733
2010-09-20 16:48:00.00000068,13.718802
2010-09-20 16:48:00.000000158,43.62871
2010-09-20 16:48:00.00000035,17.048023
2010-09-20 16:48:00.000000148,6.4392524
2010-09-20 16:48:00.00000023,14.633155
2010-09-20 16:48:00.00000027,9.330023
2010-09-20 16:48:00.00000092,18.896898
2010-09-20 16:48:00.000000151,26.711193
2010-09-20 16:48:00.00000071,9.634912
2010-09-20 16:48:00.000000132,8.089798
2010-09-20 16:48:00.00000099,16.208237
2010-09-20 16:48:00.0000001,5.9873195
2010-09-20 16:48:00.0000005,19.055004
2011-03-06 21:01:00.00000037,4.41286
2011-03-06 21:01:00.00000028,13.955406
2011-03-06 21:01:00.00000025,7.474211
2011-03-06 21:01:00.000000139,5.6878824
2011-03-06 21:01:00.00000083,7.859633
2011-03-06 21:01:00.000000173,22.709934
2011-03-06 21:01:00.00000051,19.019087
2011-03-06 21:01:00.000000116,12.723052
2011-03-06 21:01:00.00000057,5.658865
2011-03-06 21:01:00.000000168,7.752738
2011-03-06 21:01:00.000000138,15.086649
2011-03-06 21:01:00.00000043,8.129547
2011-03-06 21:01:00.000000127,3.7401946
2011-03-06 21:01:00.00000096,13.530647
2011-03-06 21:01:00.00000074,5.1264772
2011-03-06 21:01:00.000000113,6.6754985
2011-03-06 21:01:00.000000120,24.034985
2011-03-06 21:01:00.00000018,7.9948964
2011-03-06 21:01:00.00000071,6.9493484
2011-03-06 21:01:00.000000137,5.078728
2011-03-06 21:01:00.00000011,15.8861265
2011-03-06 21:01:00.000000146,5.6793633
2011-03-06 21:01:00.000000149,4.061608
2011-03-06 21:01:00.00000056,4.299461
2011-03-06 21:01:00.00000052,11.839938
2011-03-06 21:01:00.000000109,4.172184
2012-01-26 07:33:00.000000167,6.8710165
2012-01-26 07:33:00.000000114,14.683374
2012-01-26 07:33:00.00000031,8.4452095
2012-01-26 07:33:00.000000133,19.72305
2012-01-26 07:33:00.000000180,5.600697
2012-01-26 07:33:00.000000120,9.2183
2012-01-26 07:33:00.000000168,8.024349
2012-01-26 07:33:00.000000122,5.9670086
2012-01-26 07:33:00.000000166,11.595865
2012-01-26 07:33:00.000000186,6.259717
2012-01-26 07:33:00.00000068,7.969176
2012-01-26 07:33:00.00000085,22.545486
2012-01-26 07:33:00.000000103,3.9007409
2012-01-26 07:33:00.00000081,22.576101
2012-01-26 07:33:00.00000099,11.136572
2012-01-26 07:33:00.00000051,9.248265
2012-01-26 07:33:00.000000160,4.3817325
2012-01-26 07:33:00.00000091,5.803181
2012-01-26 07:33:00.00000089,9.525843
2012-01-26 07:33:00.000000189,7.3446655
2010-12-09 07:29:00.0000003,8.309533
2010-12-09 07:29:00.00000078,9.828466
2010-12-09 07:29:00.000000127,6.906967
2010-12-09 07:29:00.00000050,6.7082253
2010-12-09 07:29:00.000000135,5.1598525
2010-12-09 07:29:00.000000196,11.447662
2010-12-09 07:29:00.000000183,7.849256
2010-12-09 07:29:00.000000152,8.911119
2010-12-09 07:29:00.00000098,32.70388
2010-12-09 07:29:00.00000090,8.579084
2010-12-09 07:29:00.00000025,12.020872
2010-12-09 07:29:00.000000150,7.845092
2010-12-09 07:29:00.00000041,5.372572
2010-12-09 07:29:00.000000143,8.386669
2010-12-09 07:29:00.000000148,5.548628
2010-12-09 07:29:00.000000151,6.2968946
2010-12-09 07:29:00.0000007,4.638098
2010-12-09 07:29:00.00000069,10.408892
2010-12-09 07:29:00.00000036,5.5351996
2010-12-09 07:29:00.00000046,15.647901
2010-12-09 07:29:00.000000195,5.8742766
2010-12-09 07:29:00.000000115,17.576447
2010-12-09 07:29:00.000000134,6.142242
2010-12-09 07:29:00.00000067,9.258278
2010-12-09 07:29:00.000000112,6.45646
2010-12-09 07:29:00.00000015,8.332899
2010-12-09 07:29:00.00000031,9.315173
2010-12-09 07:29:00.000000193,7.7920737
2010-12-09 07:29:00.00000012,9.330335
2010-12-09 07:29:00.0000005,49.652985
2010-12-09 07:29:00.00000038,8.754477
2010-12-09 07:29:00.00000097,4.926097
2010-12-09 07:29:00.000000102,4.308451
2010-12-09 07:29:00.00000089,7.1487284
2010-12-09 07:29:00.00000068,7.61819
2010-12-09 07:29:00.00000071,9.570259
2010-12-09 07:29:00.000000186,7.8232045
2012-05-08 03:50:00.0000009,18.97814
2012-05-08 03:50:00.0000001,5.2742863
2012-05-08 03:50:00.00000012,14.77792
2012-05-08 03:50:00.0000006,17.623323
2015-03-12 19:43:24.0000005,5.512516
2015-02-01 00:48:44.0000001,32.119343
2015-02-21 18:39:16.0000005,6.887477
2011-01-24 20:47:04.0000001,9.184954
2010-12-25 13:54:12.0000001,14.192246
2015-04-07 14:31:12.0000001,8.236353
2012-11-20 21:54:00.00000086,16.773565
2012-11-20 21:54:00.000000150,6.6263676
2012-11-20 21:54:00.000000184,6.3468027
2012-11-20 21:54:00.00000080,31.783302
2012-11-20 21:54:00.00000021,6.2923427
2012-11-20 21:54:00.00000019,8.270724
2012-11-20 21:54:00.00000087,4.833589
2012-11-20 21:54:00.00000077,12.656306
2012-11-20 21:54:00.000000216,9.335986
2012-11-20 21:54:00.00000010,6.748968
2012-11-20 21:54:00.000000104,7.4215155
2012-11-20 21:54:00.00000048,7.0155034
2012-11-20 21:54:00.000000221,19.701979
2012-11-20 21:54:00.00000030,10.073606
2012-11-20 21:54:00.00000085,5.3746834
2012-11-20 21:54:00.000000133,6.629176
2012-11-20 21:54:00.000000144,9.221734
2012-11-20 21:54:00.00000047,6.0599575
2012-11-20 21:54:00.000000229,6.275755
2012-11-20 21:54:00.00000015,7.2334037
2012-11-20 21:54:00.000000101,7.819916
2012-11-20 21:54:00.000000238,7.783249
2012-11-20 21:54:00.00000097,21.209793
2012-11-20 21:54:00.00000049,6.3569136
2012-11-20 21:54:00.000000209,16.53263
2012-11-20 21:54:00.00000012,8.940682
2012-11-20 21:54:00.000000132,9.578873
2012-11-20 21:54:00.000000197,6.430421
2012-11-20 21:54:00.000000211,13.85494
2012-11-20 21:54:00.00000083,7.9560866
2012-11-20 21:54:00.000000127,8.527825
2012-11-20 21:54:00.000000223,39.074757
2012-11-20 21:54:00.000000130,13.747706
2012-11-20 21:54:00.000000149,11.389985
2012-11-20 21:54:00.000000196,11.513718
2012-11-20 21:54:00.00000056,6.3135357
2012-11-20 21:54:00.00000026,12.252967
2012-11-20 21:54:00.00000055,8.649905
2012-11-20 21:54:00.000000135,32.489803
2014-06-23 00:16:00.00000023,12.080609
2014-06-23 00:16:00.00000014,8.949234
2014-06-23 00:16:00.00000080,8.021171
2014-06-23 00:16:00.0000003,11.821957
2014-06-23 00:16:00.00000029,14.600328
2014-06-23 00:16:00.00000055,27.378546
2014-06-23 00:16:00.00000050,12.571143
2014-06-23 00:16:00.0000002,16.041964
2014-06-23 00:16:00.00000072,7.1138163
2014-06-23 00:16:00.00000020,10.810177
2013-09-25 22:00:00.00000052,10.438236
2013-09-25 22:00:00.000000129,6.9233947
2013-09-25 22:00:00.000000226,51.643944
2013-09-25 22:00:00.00000029,13.946398
2013-09-25 22:00:00.000000141,7.248988
2013-09-25 22:00:00.000000206,14.563827
2013-09-25 22:00:00.00000051,7.2861066
2013-09-25 22:00:00.000000238,10.008959
2013-09-25 22:00:00.000000251,12.867718
2013-09-25 22:00:00.00000031,6.219424
2013-09-25 22:00:00.000000124,9.974998
2013-09-25 22:00:00.000000102,7.85193
2013-09-25 22:00:00.000000198,22.365147
2013-09-25 22:00:00.000000208,4.738915
2013-09-25 22:00:00.00000087,14.109262
2013-09-25 22:00:00.000000116,5.5193934
2013-09-25 22:00:00.00000034,14.121007
2013-09-25 22:00:00.000000104,11.830174
2013-09-25 22:00:00.00000088,7.886743
2013-09-25 22:00:00.000000218,31.778202
2013-09-25 22:00:00.00000065,16.862865
2013-09-25 22:00:00.000000115,12.00431
2013-09-25 22:00:00.00000042,10.711738
2013-09-25 22:00:00.000000234,6.8477163
2013-09-25 22:00:00.000000247,4.9640326
2013-09-25 22:00:00.000000147,13.502923
2013-09-25 22:00:00.000000248,8.001966
2013-09-25 22:00:00.000000162,15.1772
2013-09-25 22:00:00.000000130,11.885479
2013-09-25 22:00:00.000000174,5.2021794
2015-03-04 21:42:57.0000006,5.589123
2015-04-25 01:06:17.0000005,14.995125
2015-02-19 11:39:21.0000001,24.453426
2015-01-29 13:15:50.0000001,5.9320703
2015-05-07 15:33:26.0000005,5.5565295
2015-02-09 07:16:26.0000005,17.93686
2015-04-16 18:45:22.0000004,17.469133
2015-05-31 20:48:54.0000006,40.11729
2015-05-31 20:48:54.0000003,5.6538706
2015-06-18 20:56:55.0000001,21.82894
2015-02-14 13:15:19.0000005,5.158137
2015-05-10 12:37:51.0000007,7.753325
2015-05-10 12:37:51.0000005,12.404981
2015-05-20 00:59:15.0000002,12.724844
2015-05-29 18:59:35.0000003,11.391125
2015-02-25 18:00:51.0000008,8.775645
2015-02-08 08:44:03.0000002,6.375236
2015-05-12 08:31:07.0000003,8.993082
2015-03-16 21:12:19.0000007,9.943722
2014-06-14 13:39:00.000000117,6.0672617
2014-06-14 13:39:00.000000187,7.7778425
2014-06-14 13:39:00.00000099,7.565946
2014-06-14 13:39:00.000000112,23.454138
2014-06-14 13:39:00.00000039,12.937017
2014-06-14 13:39:00.00000078,57.745815
2014-06-14 13:39:00.00000084,7.4957767
2014-06-14 13:39:00.000000166,7.3815107
2014-06-14 13:39:00.00000089,5.0844665
2014-06-14 13:39:00.00000047,9.777409
2014-06-14 13:39:00.0000001,19.114489
2015-01-31 20:54:04.0000002,10.795462
2011-10-02 23:36:00.0000002,6.2724867
2011-10-02 23:36:00.00000051,10.436111
2011-06-24 12:03:00.000000182,7.4875035
2011-06-24 12:03:00.000000103,8.570824
2011-06-24 12:03:00.0000003,6.3754764
2011-06-01 07:37:00.00000050,6.443983
2010-08-27 18:45:00.000000216,5.58806
2010-08-14 02:13:00.000000135,7.9039793
2014-03-25 23:47:00.00000022,6.1628957
2014-03-25 23:47:00.000000128,17.744932
2014-03-25 23:47:00.000000105,7.2138963
2014-03-25 23:47:00.00000091,5.021962
2014-03-25 23:47:00.00000054,8.153246
2014-03-25 23:47:00.000000129,6.140278
2014-03-25 23:47:00.00000063,34.995567
2014-03-25 23:47:00.00000060,5.488297
2014-03-25 23:47:00.00000075,19.481356
2010-09-29 16:43:00.00000083,7.272814
2014-10-27 14:58:00.000000145,41.544075
2014-10-27 14:58:00.0000007,13.27758
2014-10-27 14:58:00.00000031,12.271202
2014-10-27 14:58:00.000000128,23.435287
2014-10-27 14:58:00.00000097,4.245364
2014-10-27 14:58:00.00000078,35.34385
2014-10-27 14:58:00.000000135,8.319653
2012-11-03 17:11:00.00000044,6.3322697
2012-11-03 17:11:00.00000050,11.890195
2012-11-03 17:11:00.00000024,8.096796
2012-11-03 17:11:00.00000072,11.648721
2012-11-03 17:11:00.000000159,9.206519
2012-11-03 17:11:00.000000126,5.7069445
2012-11-03 17:11:00.00000090,9.487228
2011-03-11 01:44:00.00000062,28.69922
2015-02-22 09:48:32.0000004,21.837624
2011-10-04 09:37:00.000000102,8.979682
2011-10-04 09:37:00.00000023,9.061324
2014-12-24 03:00:00.0000003,5.19103
2014-12-24 03:00:00.00000014,5.353293
2014-12-24 03:00:00.0000002,11.636025
2014-12-24 03:00:00.00000027,16.19643
2015-04-11 20:31:32.0000004,7.60173
2014-04-27 02:57:00.000000123,7.125345
2014-04-27 02:57:00.00000078,4.219984
2014-04-27 02:57:00.00000075,10.75645
2014-04-27 02:57:00.000000178,5.41488
2014-04-27 02:57:00.0000004,10.024808
2014-04-27 02:57:00.000000166,11.496773
2014-04-27 02:57:00.00000091,12.632482
2014-04-27 02:57:00.000000173,8.456328
2014-04-27 02:57:00.00000066,22.908182
2014-04-27 02:57:00.000000183,5.4795475
2014-04-27 02:57:00.000000179,12.84765
2014-04-27 02:57:00.000000144,7.6447315
2014-04-27 02:57:00.00000025,19.499186
2014-04-27 02:57:00.00000052,6.9879694
2014-04-27 02:57:00.00000094,5.6111813
2014-04-27 02:57:00.000000189,20.112076
2011-12-13 22:00:00.00000040,11.537972
2011-12-13 22:00:00.000000228,5.987713
2011-12-13 22:00:00.000000130,29.16028
2011-12-13 22:00:00.000000141,6.1892953
2011-12-13 22:00:00.000000149,5.9693494
2011-12-13 22:00:00.000000224,6.2351813
2011-12-13 22:00:00.000000154,5.5267444
2011-12-13 22:00:00.000000131,8.751176
2011-12-13 22:00:00.0000002,6.3390245
2011-12-13 22:00:00.000000221,8.473708
2011-12-13 22:00:00.00000056,5.583664
2011-12-13 22:00:00.000000195,7.0359564
2011-12-13 22:00:00.000000191,6.1373243
2011-12-13 22:00:00.00000059,5.408142
2015-02-26 15:55:48.0000001,23.245705
2014-07-21 18:19:00.000000197,5.9622293
2014-07-21 18:19:00.000000153,5.1028137
2014-07-21 18:19:00.000000159,6.730178
2014-07-21 18:19:00.000000212,36.8879
2014-07-21 18:19:00.00000091,5.931169
2014-07-21 18:19:00.0000002,5.684844
2014-07-21 18:19:00.000000142,5.6074367
2014-07-21 18:19:00.000000141,13.381238
2014-07-21 18:19:00.000000149,7.610929
2014-07-21 18:19:00.00000065,7.2735133
2014-07-21 18:19:00.00000033,6.3004007
2010-09-20 16:48:00.000000146,8.569769
2010-09-20 16:48:00.00000047,13.295046
2010-09-20 16:48:00.000000129,11.146297
2015-01-26 07:13:44.0000005,55.548454
2011-03-06 21:01:00.00000033,5.406578
2012-01-26 07:33:00.00000090,5.0292735
2012-01-26 07:33:00.00000087,9.800689
2012-01-26 07:33:00.00000012,10.573243
2012-01-26 07:33:00.000000171,6.7997866
2012-01-26 07:33:00.00000065,49.489594
2012-01-26 07:33:00.00000088,8.086862
2012-01-26 07:33:00.000000119,19.740015
2015-03-20 23:34:40.0000004,30.12414
2010-12-09 07:29:00.0000001,9.120428
2012-05-08 03:50:00.00000013,5.9948263
2015-03-12 19:43:24.0000003,18.921745
2012-11-20 21:54:00.00000034,10.218894
2012-11-20 21:54:00.000000170,8.666889
2012-11-20 21:54:00.000000108,13.254826
2012-11-20 21:54:00.00000031,10.413247
2012-11-20 21:54:00.000000171,12.580735
2012-11-20 21:54:00.00000023,8.685183
2012-11-20 21:54:00.00000074,6.434614
2012-11-20 21:54:00.000000122,11.564998
2012-11-20 21:54:00.0000006,7.296461
2012-11-20 21:54:00.000000160,10.620675
2012-11-20 21:54:00.00000042,27.10489
2012-11-20 21:54:00.00000039,11.34548
2012-11-20 21:54:00.00000043,10.648447
2012-11-20 21:54:00.000000219,5.4251204
2012-11-20 21:54:00.00000020,6.396923
2012-11-20 21:54:00.000000222,6.6890874
2012-11-20 21:54:00.0000005,7.213031
2012-11-20 21:54:00.000000154,10.421307
2014-06-23 00:16:00.00000060,17.0471
2014-06-23 00:16:00.0000008,9.2115965
2014-06-23 00:16:00.00000035,23.500917
2014-06-23 00:16:00.00000052,12.003302
2014-06-23 00:16:00.00000053,7.7143683
2013-09-25 22:00:00.00000056,23.847105
2013-09-25 22:00:00.00000083,5.599205
2013-09-25 22:00:00.000000128,5.815596
2013-09-25 22:00:00.00000037,16.06993
2013-09-25 22:00:00.00000013,5.479413
2013-09-25 22:00:00.000000168,6.9320498
2013-09-25 22:00:00.000000181,6.2410855
2013-09-25 22:00:00.00000016,13.665459
2013-09-25 22:00:00.00000063,17.919596
2013-09-25 22:00:00.00000047,7.5636625
2013-09-25 22:00:00.000000220,16.572023
2013-09-25 22:00:00.000000163,9.982923
2013-09-25 22:00:00.00000077,13.870782
2013-09-25 22:00:00.00000060,48.37386
2013-09-25 22:00:00.000000213,16.200668
2013-09-25 22:00:00.000000150,19.182125
2013-09-25 22:00:00.00000010,7.0480585
2013-09-25 22:00:00.000000146,5.4721465
2013-09-25 22:00:00.00000041,9.7176
2013-09-25 22:00:00.000000109,10.162594
2013-09-25 22:00:00.000000210,16.857647
2013-09-25 22:00:00.000000151,9.262076
2013-09-25 22:00:00.000000190,14.213527
2013-09-25 22:00:00.000000153,11.138516
2013-09-25 22:00:00.000000241,26.464579
2013-09-25 22:00:00.000000127,10.161906
2015-02-20 11:08:29.0000001,17.187225
2015-01-12 15:36:37.0000002,4.0943446
2015-06-07 00:38:14.0000002,18.466038
2015-04-12 21:56:22.0000005,8.297468
2015-04-10 11:56:54.0000004,8.09712
2015-06-25 01:01:46.0000002,11.932615
2015-05-29 10:02:42.0000001,12.478231
2015-06-30 20:03:50.0000002,42.02151
2015-02-27 19:36:02.0000006,25.43732
2015-06-15 01:00:06.0000002,4.833391
2015-02-03 09:00:58.0000001,42.126766
2015-05-19 13:58:11.0000001,8.624622
2015-05-10 12:37:51.0000002,8.888858
2015-01-12 17:05:51.0000001,11.331666
2015-04-19 20:44:15.0000001,54.301624
2015-01-31 01:05:19.0000005,20.008091
2015-01-18 14:06:23.0000006,6.487754
