key,fare_amount
2015-01-27 13:08:24.0000002,10.279066
2015-01-27 13:08:24.0000003,10.898809
2011-10-08 11:53:44.0000002,4.316767
2012-12-01 21:12:12.0000002,8.854661
2012-12-01 21:12:12.0000003,16.468216
2012-12-01 21:12:12.0000005,10.61927
2011-10-06 12:10:20.0000001,5.179787
2011-10-06 12:10:20.0000003,50.125435
2011-10-06 12:10:20.0000002,11.984259
2014-02-18 15:22:20.0000002,6.6540475
2014-02-18 15:22:20.0000003,10.1158695
2014-02-18 15:22:20.0000001,17.974882
2010-03-29 20:20:32.0000002,4.224999
2010-03-29 20:20:32.0000001,6.1915865
2011-10-06 03:59:12.0000002,7.1012964
2011-10-06 03:59:12.0000001,10.556892
2012-07-15 16:45:04.0000006,5.914038
2012-07-15 16:45:04.0000002,8.36123
2012-07-15 16:45:04.0000003,4.8280754
2012-07-15 16:45:04.0000004,4.4406924
2014-10-29 02:09:56.0000001,6.1552877
2014-06-14 13:39:00.00000010,8.402157
2014-06-14 13:39:00.00000060,7.8830066
2014-06-14 13:39:00.00000087,9.223056
2014-06-14 13:39:00.00000050,18.178888
2014-06-14 13:39:00.0000003,6.837771
2014-06-14 13:39:00.000000158,33.020252
2014-06-14 13:39:00.00000015,26.008238
2014-06-14 13:39:00.00000073,6.076954
2014-06-14 13:39:00.00000077,16.468344
2014-06-14 13:39:00.000000145,9.489172
2014-06-14 13:39:00.00000079,6.5774555
2014-06-14 13:39:00.000000121,5.3123035
2014-06-14 13:39:00.00000021,11.342485
2014-06-14 13:39:00.0000005,8.812858
2014-06-14 13:39:00.000000165,7.5212593
2014-06-14 13:39:00.000000184,6.302198
2014-06-14 13:39:00.00000059,6.385634
2014-06-14 13:39:00.00000070,8.579583
2014-06-14 13:39:00.00000068,4.793153
2014-06-14 13:39:00.000000133,19.536205
2014-06-14 13:39:00.000000128,10.489355
2014-06-14 13:39:00.000000136,19.762358
2014-06-14 13:39:00.00000017,11.520809
2014-06-14 13:39:00.000000111,5.8093104
2014-06-14 13:39:00.000000115,11.968857
2014-06-14 13:39:00.000000168,5.7649913
2014-06-14 13:39:00.00000031,6.82912
2014-06-14 13:39:00.000000116,6.682122
2014-06-14 13:39:00.00000051,5.262695
2014-06-14 13:39:00.000000193,12.851204
2014-06-14 13:39:00.000000132,14.097263
2014-06-14 13:39:00.000000167,22.65714
2014-06-14 13:39:00.00000044,6.123835
2014-06-14 13:39:00.000000138,8.040587
2014-06-14 13:39:00.00000066,15.899463
2014-06-14 13:39:00.00000063,10.84922
2014-06-14 13:39:00.000000154,11.942941
2014-06-14 13:39:00.00000097,14.591593
2014-06-14 13:39:00.00000067,14.131072
2014-06-14 13:39:00.000000179,7.475149
2014-06-14 13:39:00.00000092,10.991779
2014-06-14 13:39:00.00000029,5.78722
2014-06-14 13:39:00.000000177,5.9376106
2014-06-14 13:39:00.000000192,7.513746
2014-06-14 13:39:00.000000181,6.6121507
2014-06-14 13:39:00.000000120,11.587568
2014-06-14 13:39:00.0000008,5.4778485
2014-06-14 13:39:00.000000103,5.095248
2014-06-14 13:39:00.00000049,18.3819
2014-06-14 13:39:00.000000108,8.180898
2014-06-14 13:39:00.00000072,5.5936418
2014-06-14 13:39:00.000000182,13.006331
2014-06-14 13:39:00.00000061,7.1363883
2014-06-14 13:39:00.00000093,9.287919
2014-06-14 13:39:00.000000170,12.4321575
2014-06-14 13:39:00.000000147,54.13053
2014-06-14 13:39:00.000000140,5.1044326
2014-06-14 13:39:00.000000159,4.8676534
2014-06-14 13:39:00.00000012,4.9631734
2014-06-14 13:39:00.00000025,7.1408663
2014-06-14 13:39:00.000000156,5.585752
2014-06-14 13:39:00.000000152,8.608921
2014-06-14 13:39:00.000000129,10.472747
2014-06-14 13:39:00.000000119,19.577023
2014-06-14 13:39:00.000000118,5.6791277
2014-06-14 13:39:00.00000076,5.262939
2014-06-14 13:39:00.000000135,7.507091
2014-06-14 13:39:00.00000023,22.165274
2014-06-14 13:39:00.00000082,10.029354
2014-06-14 13:39:00.000000125,12.2342005
2014-06-14 13:39:00.00000075,10.759044
2014-06-14 13:39:00.000000124,7.3102355
2014-06-14 13:39:00.000000172,6.986567
2014-06-14 13:39:00.00000024,16.011126
2014-06-14 13:39:00.000000169,14.683658
2014-06-14 13:39:00.00000052,12.741188
2014-06-14 13:39:00.000000161,14.767698
2014-06-14 13:39:00.00000038,8.923573
2014-06-14 13:39:00.00000035,11.397932
2014-06-14 13:39:00.00000053,12.868179
2014-06-14 13:39:00.000000183,7.4515514
2014-06-14 13:39:00.000000131,57.675106
2014-06-14 13:39:00.000000180,8.112021
2014-06-14 13:39:00.000000130,12.480378
2014-06-14 13:39:00.00000032,4.668632
2014-06-14 13:39:00.000000148,11.865288
2014-06-14 13:39:00.0000007,10.534268
2014-06-14 13:39:00.00000095,12.232861
2014-06-14 13:39:00.000000144,38.381588
2014-06-14 13:39:00.000000141,34.44749
2014-06-14 13:39:00.000000162,21.399998
2014-06-14 13:39:00.00000018,12.50886
2014-06-14 13:39:00.00000054,10.251513
2014-06-14 13:39:00.00000040,6.7751155
2014-06-14 13:39:00.00000096,6.9205747
2014-06-14 13:39:00.00000055,27.106348
2014-06-14 13:39:00.000000109,8.882123
2014-06-14 13:39:00.000000151,7.6932616
2014-06-14 13:39:00.00000016,11.004808
2014-06-14 13:39:00.00000062,11.084092
2014-06-14 13:39:00.000000191,7.644291
2014-06-14 13:39:00.00000034,8.887397
2014-06-14 13:39:00.000000160,7.2366915
2014-06-14 13:39:00.00000013,6.6044016
2014-06-14 13:39:00.000000188,5.5432606
2014-06-14 13:39:00.00000086,9.010078
2014-06-14 13:39:00.000000185,12.381055
2014-06-14 13:39:00.00000074,9.625242
2014-06-14 13:39:00.00000022,20.149342
2014-06-14 13:39:00.00000036,5.305439
2014-06-14 13:39:00.000000126,4.973558
2014-06-14 13:39:00.000000190,6.557995
2014-06-14 13:39:00.00000042,6.955439
2014-06-14 13:39:00.000000178,7.915301
2014-06-14 13:39:00.000000163,5.0618577
2014-06-14 13:39:00.00000020,13.843363
2014-06-14 13:39:00.00000098,6.491004
2014-06-14 13:39:00.000000114,22.625399
2014-06-14 13:39:00.00000045,9.832552
2014-06-14 13:39:00.00000094,5.1074915
2014-06-14 13:39:00.000000146,11.330161
2014-06-14 13:39:00.00000033,8.778497
2014-06-14 13:39:00.000000143,5.7836986
2014-06-14 13:39:00.000000107,7.0610857
2014-06-14 13:39:00.00000048,9.5473175
2014-06-14 13:39:00.00000043,12.345784
2014-06-14 13:39:00.000000123,9.939606
2014-06-14 13:39:00.000000134,8.587104
2014-06-14 13:39:00.000000142,7.1907163
2014-06-14 13:39:00.000000122,11.329789
2014-06-14 13:39:00.000000176,10.312612
2011-12-12 09:42:12.0000004,6.5058184
2011-12-12 09:42:12.0000002,4.136329
2011-12-12 09:42:12.0000001,10.696302
2011-12-12 09:42:12.0000003,6.827134
2011-12-12 09:42:12.0000005,8.075001
2013-06-27 00:20:40.0000001,17.971582
2013-06-27 00:20:40.0000003,10.966925
2009-02-20 13:34:16.0000001,7.7837334
2009-02-20 13:34:16.0000002,11.776296
2009-02-20 13:34:16.0000003,7.1299877
2010-08-22 21:14:08.0000001,29.805632
2010-08-22 21:14:08.0000005,14.663232
2010-08-22 21:14:08.0000003,4.579742
2010-08-22 21:14:08.0000002,6.817876
2012-08-06 08:58:08.0000002,5.3681464
2012-08-06 08:58:08.0000001,17.479187
2013-11-04 08:34:12.0000003,5.6705537
2013-11-04 08:34:12.0000001,10.222214
2013-11-04 08:34:12.0000002,11.461807
2011-06-24 20:34:48.0000002,7.364808
2011-06-24 20:34:48.0000001,17.472155
2011-03-28 20:38:36.0000003,5.2657776
2011-03-28 20:38:36.0000004,5.9555106
2011-03-28 20:38:36.0000002,7.8301415
2011-08-14 20:36:28.0000004,6.2184815
2011-08-14 20:36:28.0000001,6.568666
2011-08-14 20:36:28.0000003,19.422844
2011-08-14 20:36:28.0000002,6.3867245
2015-02-21 15:52:44.0000004,20.394897
2015-02-21 15:52:44.0000003,9.7986965
2015-02-21 15:52:44.0000002,18.298286
2015-02-21 15:52:44.0000001,10.074824
2013-01-29 11:29:52.0000001,9.8729725
2014-09-12 19:03:48.0000001,10.787553
2013-11-09 18:52:40.0000004,9.684543
2013-11-09 18:52:40.0000002,13.628235
2013-04-25 16:10:04.0000001,55.523533
2013-04-25 16:10:04.0000002,8.815468
2013-09-07 14:37:52.0000001,8.07477
2013-09-07 14:37:52.0000002,11.309735
2013-09-07 14:37:52.0000003,5.7984004
2011-05-21 13:16:20.0000004,5.062502
2011-05-21 13:16:20.0000001,6.047649
2011-05-21 13:16:20.0000003,9.2828
2011-11-25 16:36:24.0000002,6.3341637
2011-11-25 16:36:24.0000001,11.314816
2015-01-31 20:54:04.0000001,6.055548
2010-11-01 23:31:28.0000002,6.45431
2010-11-01 23:31:28.0000001,7.3199673
2010-11-01 23:31:28.0000003,8.674725
2011-03-24 15:57:04.0000003,4.1805835
2011-03-24 15:57:04.0000001,7.6715226
2010-05-10 10:37:04.0000005,6.234543
2010-05-10 10:37:04.0000002,5.656976
2010-05-10 10:37:04.0000003,10.340135
2010-05-10 10:37:04.0000006,7.962707
2012-06-09 16:53:44.0000002,8.411112
2012-08-22 22:39:20.0000003,17.489906
2012-08-22 22:39:20.0000001,4.610481
2012-12-23 02:29:16.0000001,13.640874
2012-06-30 15:55:12.0000004,13.725479
2012-06-30 15:55:12.0000002,6.689031
2012-06-30 15:55:12.0000003,11.412252
2012-06-30 15:55:12.0000001,6.237778
2011-10-02 23:36:00.00000056,9.904987
2011-10-02 23:36:00.00000086,14.532918
2011-10-02 23:36:00.00000081,15.077809
2011-10-02 23:36:00.0000009,3.9984522
2011-10-02 23:36:00.00000041,11.816828
2011-10-02 23:36:00.00000091,3.911986
2011-10-02 23:36:00.0000008,10.627715
2011-10-02 23:36:00.00000015,25.205513
2011-10-02 23:36:00.00000014,8.319006
2011-10-02 23:36:00.00000047,6.853299
2011-10-02 23:36:00.00000076,6.9472446
2011-10-02 23:36:00.00000011,6.3930354
2011-10-02 23:36:00.00000075,5.034416
2011-10-02 23:36:00.00000035,6.674014
2011-10-02 23:36:00.00000099,5.4492455
2011-10-02 23:36:00.00000062,7.773149
2011-10-02 23:36:00.00000085,8.764758
2011-10-02 23:36:00.00000043,16.301682
2011-10-02 23:36:00.00000071,10.646456
2011-10-02 23:36:00.00000023,5.729369
2011-10-02 23:36:00.00000092,6.8601923
2011-10-02 23:36:00.00000037,8.735363
2011-10-02 23:36:00.00000083,10.535961
2011-10-02 23:36:00.00000054,11.892428
2011-10-02 23:36:00.00000073,8.324309
2011-10-02 23:36:00.0000005,7.1301117
2011-10-02 23:36:00.00000095,4.715227
2011-10-02 23:36:00.00000088,7.023971
2011-10-02 23:36:00.00000030,7.396867
2011-10-02 23:36:00.0000007,10.998411
2011-10-02 23:36:00.00000013,8.806977
2011-10-02 23:36:00.00000065,23.832233
2011-10-02 23:36:00.00000089,48.312714
2011-10-02 23:36:00.00000096,6.7698717
2011-10-02 23:36:00.00000039,8.812386
2011-10-02 23:36:00.00000038,23.204548
2011-10-02 23:36:00.00000067,17.590927
2011-10-02 23:36:00.00000077,10.467685
2011-10-02 23:36:00.00000020,16.910887
2011-10-02 23:36:00.00000063,15.382918
2011-10-02 23:36:00.00000012,8.087757
2011-10-02 23:36:00.00000058,15.24354
2011-10-02 23:36:00.00000026,10.848768
2011-10-02 23:36:00.00000074,19.151987
2011-10-02 23:36:00.00000059,35.26862
2011-10-02 23:36:00.00000090,13.674493
2011-10-02 23:36:00.0000004,33.29623
2011-10-02 23:36:00.0000003,15.365112
2011-10-02 23:36:00.00000021,15.66791
2011-10-02 23:36:00.00000097,7.164073
2011-10-02 23:36:00.00000036,15.969997
2011-10-02 23:36:00.00000024,19.099913
2011-10-02 23:36:00.00000082,48.26204
2011-10-02 23:36:00.000000100,7.0893903
2011-10-02 23:36:00.00000040,6.9022884
2011-10-02 23:36:00.00000022,3.9868836
2013-03-21 12:47:28.0000006,11.391379
2013-03-21 12:47:28.0000008,11.276286
2013-03-21 12:47:28.0000003,12.894604
2013-03-21 12:47:28.0000005,6.7403455
2013-03-21 12:47:28.0000002,8.77681
2013-06-07 03:02:56.0000002,17.600002
2013-06-07 03:02:56.0000001,7.2644463
2010-09-05 22:31:32.0000002,25.343601
2013-07-12 23:33:24.0000001,10.103365
2009-12-03 02:32:08.0000001,17.620808
2009-10-15 03:50:36.0000001,4.8884554
2011-09-25 22:36:32.0000002,20.513882
2011-09-25 22:36:32.0000001,11.510398
2015-06-08 20:02:56.0000001,10.876694
2014-07-16 08:03:32.0000002,11.379016
2014-07-16 08:03:32.0000001,12.20414
2011-12-15 13:14:32.0000002,8.641547
2011-12-15 13:14:32.0000001,5.2794237
2011-10-11 22:13:48.0000002,12.937539
2011-10-11 22:13:48.0000005,8.658108
2011-10-11 22:13:48.0000003,7.1917286
2013-09-14 16:53:20.0000001,8.526826
2013-09-14 16:53:20.0000002,11.124486
2014-02-06 09:09:56.0000004,5.5233965
2014-02-06 09:09:56.0000003,6.0402756
2014-02-06 09:09:56.0000001,5.2955704
2009-06-10 16:55:00.00000081,28.171097
2009-06-10 16:55:00.00000029,5.471604
2009-06-10 16:55:00.000000109,8.182505
2009-06-10 16:55:00.00000098,49.579456
2009-06-10 16:55:00.00000054,9.350234
2009-06-10 16:55:00.00000021,30.819359
2009-06-10 16:55:00.00000012,10.441113
2009-06-10 16:55:00.00000033,5.9553504
2009-06-10 16:55:00.00000024,8.850821
2009-06-10 16:55:00.00000099,10.891683
2009-06-10 16:55:00.0000009,7.6722527
2009-06-10 16:55:00.000000158,6.160405
2009-06-10 16:55:00.000000141,4.604879
2009-06-10 16:55:00.00000093,7.569674
2009-06-10 16:55:00.000000161,9.983581
2009-06-10 16:55:00.00000088,5.4443407
2009-06-10 16:55:00.0000003,8.3116255
2009-06-10 16:55:00.00000018,5.3135967
2009-06-10 16:55:00.00000047,7.1592875
2009-06-10 16:55:00.000000154,10.673057
2009-06-10 16:55:00.000000131,5.191057
2009-06-10 16:55:00.00000046,13.07876
2009-06-10 16:55:00.0000004,5.4726157
2009-06-10 16:55:00.000000107,5.526739
2009-06-10 16:55:00.000000114,6.233076
2009-06-10 16:55:00.000000117,8.134529
2009-06-10 16:55:00.000000162,10.079004
2009-06-10 16:55:00.00000049,10.372293
2009-06-10 16:55:00.00000069,6.8074017
2009-06-10 16:55:00.000000111,8.471597
2009-06-10 16:55:00.00000083,4.6513157
2009-06-10 16:55:00.000000166,58.053226
2009-06-10 16:55:00.000000135,9.526712
2009-06-10 16:55:00.00000044,32.56519
2009-06-10 16:55:00.00000085,7.941276
2009-06-10 16:55:00.000000115,6.428475
2009-06-10 16:55:00.000000108,6.127337
2009-06-10 16:55:00.00000034,5.774441
2009-06-10 16:55:00.00000060,15.557716
2009-06-10 16:55:00.000000120,5.1306043
2009-06-10 16:55:00.000000174,32.398582
2009-06-10 16:55:00.0000007,6.6768312
2009-06-10 16:55:00.000000159,7.353885
2009-06-10 16:55:00.000000171,24.92467
2009-06-10 16:55:00.000000145,11.737927
2009-06-10 16:55:00.00000074,8.079638
2009-06-10 16:55:00.000000138,11.380274
2009-06-10 16:55:00.00000048,5.245459
2009-06-10 16:55:00.000000101,5.471885
2009-06-10 16:55:00.000000153,5.517542
2009-06-10 16:55:00.0000002,9.545221
2009-06-10 16:55:00.00000037,9.855991
2009-06-10 16:55:00.000000151,10.284483
2009-06-10 16:55:00.000000127,30.37849
2009-06-10 16:55:00.000000144,39.024456
2009-06-10 16:55:00.000000165,12.586384
2009-06-10 16:55:00.0000008,5.1576743
2009-06-10 16:55:00.000000122,7.4070244
2009-06-10 16:55:00.00000055,28.838745
2009-06-10 16:55:00.00000079,4.714401
2009-06-10 16:55:00.00000016,16.593231
2009-06-10 16:55:00.000000160,17.690702
2009-06-10 16:55:00.000000139,6.681855
2009-06-10 16:55:00.00000075,5.1513643
2009-06-10 16:55:00.00000017,6.244932
2009-06-10 16:55:00.00000070,5.476885
2009-06-10 16:55:00.000000118,10.89862
2009-06-10 16:55:00.00000066,12.232871
2009-06-10 16:55:00.000000164,5.646294
2009-06-10 16:55:00.000000100,10.206028
2009-06-10 16:55:00.00000082,8.568024
2009-06-10 16:55:00.00000090,12.787147
2009-06-10 16:55:00.000000125,12.627948
2009-06-10 16:55:00.000000149,6.625075
2009-06-10 16:55:00.00000068,11.430466
2009-06-10 16:55:00.00000039,6.3263216
2009-06-10 16:55:00.000000124,4.5553203
2009-06-10 16:55:00.00000053,5.9224906
2009-06-10 16:55:00.00000045,11.179856
2009-06-10 16:55:00.000000102,5.7193036
2009-06-10 16:55:00.000000140,6.3442826
2009-06-10 16:55:00.000000148,7.631783
2009-06-10 16:55:00.000000147,6.736171
2009-06-10 16:55:00.00000097,9.061129
2009-06-10 16:55:00.00000094,6.606825
2009-06-10 16:55:00.00000078,8.318014
2009-06-10 16:55:00.00000035,6.3077974
2009-06-10 16:55:00.00000072,8.066791
2009-06-10 16:55:00.00000031,5.450434
2009-06-10 16:55:00.00000056,7.954599
2009-06-10 16:55:00.000000128,16.704178
2009-06-10 16:55:00.00000057,6.8715825
2009-06-10 16:55:00.00000030,7.213213
2009-06-10 16:55:00.00000043,10.662356
2009-06-10 16:55:00.000000146,7.6946177
2009-06-10 16:55:00.00000010,7.783291
2009-06-10 16:55:00.00000067,10.756531
2009-06-10 16:55:00.000000119,5.4467425
2009-06-10 16:55:00.00000076,17.425755
2009-06-10 16:55:00.00000025,6.373044
2009-06-10 16:55:00.00000071,16.355131
2009-06-10 16:55:00.000000143,9.543772
2013-06-26 11:19:36.0000002,4.676989
2014-09-05 10:02:48.0000004,5.3889503
2014-09-05 10:02:48.0000002,9.316899
2014-09-05 10:02:48.0000001,39.19339
2014-09-05 10:02:48.0000003,9.515903
2012-09-19 12:31:40.0000001,10.270128
2012-09-19 12:31:40.0000002,6.626067
2009-03-22 04:31:40.0000002,20.180632
2009-08-27 02:31:44.0000001,17.788288
2009-05-02 20:11:32.0000001,9.654226
2009-05-02 20:11:32.0000004,9.05443
2011-02-20 02:31:16.0000002,9.540581
2011-02-20 02:31:16.0000001,18.512611
2011-06-24 12:03:00.00000010,6.181246
2011-06-24 12:03:00.00000067,11.187994
2011-06-24 12:03:00.00000071,11.422431
2011-06-24 12:03:00.000000100,6.8832235
2011-06-24 12:03:00.000000145,7.2871017
2011-06-24 12:03:00.000000152,10.54031
2011-06-24 12:03:00.00000026,13.389895
2011-06-24 12:03:00.000000199,6.0508366
2011-06-24 12:03:00.000000195,5.436563
2011-06-24 12:03:00.000000119,6.1842303
2011-06-24 12:03:00.00000086,7.2704053
2011-06-24 12:03:00.00000012,7.168067
2011-06-24 12:03:00.00000097,16.886543
2011-06-24 12:03:00.00000058,4.934965
2011-06-24 12:03:00.000000176,4.4319854
2011-06-24 12:03:00.000000139,3.9348242
2011-06-24 12:03:00.00000048,7.06613
2011-06-24 12:03:00.000000159,6.690038
2011-06-24 12:03:00.00000079,5.9140215
2011-06-24 12:03:00.000000138,6.791067
2011-06-24 12:03:00.000000135,11.676089
2011-06-24 12:03:00.000000173,5.9554214
2011-06-24 12:03:00.000000162,12.734646
2011-06-24 12:03:00.00000018,10.297288
2011-06-24 12:03:00.000000136,6.6692653
2011-06-24 12:03:00.000000185,8.374467
2011-06-24 12:03:00.00000069,6.2148266
2011-06-24 12:03:00.000000105,7.055976
2011-06-24 12:03:00.000000180,7.0974364
2011-06-24 12:03:00.00000053,10.0360565
2011-06-24 12:03:00.000000142,7.2657833
2011-06-24 12:03:00.000000188,9.378573
2011-06-24 12:03:00.00000089,3.8773806
2011-06-24 12:03:00.000000109,7.764585
2011-06-24 12:03:00.00000074,6.876399
2011-06-24 12:03:00.000000113,9.894733
2011-06-24 12:03:00.00000044,5.818844
2011-06-24 12:03:00.000000183,5.90045
2011-06-24 12:03:00.00000047,6.65107
2011-06-24 12:03:00.0000006,10.457124
2011-06-24 12:03:00.0000005,8.691854
2011-06-24 12:03:00.000000200,10.716692
2011-06-24 12:03:00.000000127,8.66658
2011-06-24 12:03:00.000000120,11.848534
2011-06-24 12:03:00.000000133,5.7505336
2011-06-24 12:03:00.00000073,6.231975
2011-06-24 12:03:00.000000101,4.5135956
2011-06-24 12:03:00.000000187,10.539736
2011-06-24 12:03:00.000000122,8.819843
2011-06-24 12:03:00.000000175,6.0436683
2011-06-24 12:03:00.000000154,10.156853
2011-06-24 12:03:00.000000197,7.387834
2011-06-24 12:03:00.00000017,8.338202
2011-06-24 12:03:00.000000186,10.622743
2011-06-24 12:03:00.00000020,9.523781
2011-06-24 12:03:00.00000035,9.780824
2011-06-24 12:03:00.000000193,7.537056
2011-06-24 12:03:00.000000201,8.622849
2011-06-24 12:03:00.00000054,26.61404
2011-06-24 12:03:00.00000075,8.035775
2011-06-24 12:03:00.000000114,7.385703
2011-06-24 12:03:00.00000062,28.383545
2011-06-24 12:03:00.00000055,27.454937
2011-06-24 12:03:00.00000025,5.8929596
2011-06-24 12:03:00.00000022,5.3376937
2011-06-24 12:03:00.000000144,12.964436
2011-06-24 12:03:00.000000177,6.2921104
2011-06-24 12:03:00.000000124,5.610704
2011-06-24 12:03:00.00000094,4.3818517
2011-06-24 12:03:00.00000041,6.732843
2011-06-24 12:03:00.000000141,7.2773232
2011-06-24 12:03:00.00000092,8.783736
2011-06-24 12:03:00.000000189,17.907063
2011-06-24 12:03:00.000000171,11.12927
2011-06-24 12:03:00.000000157,7.0010858
2011-06-24 12:03:00.000000179,7.9367704
2011-06-24 12:03:00.000000107,12.473461
2011-06-24 12:03:00.00000095,16.127935
2011-06-24 12:03:00.00000076,5.922232
2011-06-24 12:03:00.000000156,7.29109
2011-06-24 12:03:00.000000111,31.488188
2011-06-24 12:03:00.000000116,8.498585
2011-06-24 12:03:00.00000033,14.777242
2011-06-24 12:03:00.00000082,4.5124483
2011-06-24 12:03:00.00000078,5.125986
2011-06-24 12:03:00.00000051,7.5099516
2011-06-24 12:03:00.000000143,11.754486
2011-06-24 12:03:00.000000126,14.447864
2011-06-24 12:03:00.00000088,9.65609
2011-06-24 12:03:00.000000191,18.575344
2011-06-24 12:03:00.00000063,12.058612
2011-06-24 12:03:00.00000045,14.821205
2011-06-24 12:03:00.00000060,7.5413127
2011-06-24 12:03:00.00000040,32.3126
2011-06-24 12:03:00.00000057,9.440073
2011-06-24 12:03:00.00000013,6.3589635
2011-06-24 12:03:00.00000068,30.796564
2011-06-24 12:03:00.000000165,4.3165216
2011-06-24 12:03:00.00000056,6.2039084
2011-06-24 12:03:00.000000150,7.9039755
2011-06-24 12:03:00.00000052,5.6928473
2011-06-24 12:03:00.00000085,49.64113
2011-06-24 12:03:00.000000190,8.425202
2011-06-24 12:03:00.00000072,6.6780524
2011-06-24 12:03:00.000000137,5.5354443
2011-06-24 12:03:00.000000102,6.0101304
2011-06-24 12:03:00.000000106,8.958277
2011-06-24 12:03:00.000000118,5.9537487
2011-06-24 12:03:00.00000046,14.392848
2011-06-24 12:03:00.000000110,11.655504
2011-06-24 12:03:00.000000181,6.392791
2011-06-24 12:03:00.000000194,5.322859
2011-06-24 12:03:00.00000061,6.106866
2011-06-24 12:03:00.0000001,11.604505
2011-06-24 12:03:00.00000087,8.659662
2011-06-24 12:03:00.00000066,5.542722
2011-06-24 12:03:00.000000146,6.739763
2011-06-24 12:03:00.000000149,49.39752
2011-06-24 12:03:00.00000038,11.715512
2011-06-24 12:03:00.000000196,9.085287
2011-06-24 12:03:00.00000093,9.049026
2011-06-24 12:03:00.000000170,5.6472836
2011-06-24 12:03:00.000000168,9.290419
2011-06-24 12:03:00.0000002,12.95091
2011-06-24 12:03:00.00000042,13.073498
2014-06-15 07:06:00.0000006,3.9028838
2014-06-15 07:06:00.00000037,8.920593
2014-06-15 07:06:00.00000025,6.2226872
2014-06-15 07:06:00.0000008,9.943183
2014-06-15 07:06:00.00000036,49.11342
2014-06-15 07:06:00.00000042,24.759167
2014-06-15 07:06:00.00000033,4.306027
2014-06-15 07:06:00.00000013,11.615921
2014-06-15 07:06:00.00000035,56.031578
2014-06-15 07:06:00.00000030,8.444756
2014-06-15 07:06:00.00000024,6.7557855
2014-06-15 07:06:00.00000031,9.364964
2014-06-15 07:06:00.0000009,14.593045
2014-06-15 07:06:00.00000039,54.488583
2014-06-15 07:06:00.00000010,6.4753094
2014-06-15 07:06:00.00000019,13.679764
2014-06-15 07:06:00.00000041,7.260962
2014-06-15 07:06:00.00000028,16.983538
2014-06-15 07:06:00.00000014,53.837055
2014-06-15 07:06:00.0000003,12.720266
2014-06-15 07:06:00.00000017,55.764084
2014-06-15 07:06:00.00000015,16.174627
2014-06-15 07:06:00.00000026,5.9733334
2014-06-15 07:06:00.0000002,13.186428
2014-06-15 07:06:00.00000040,4.807324
2014-06-15 07:06:00.00000016,5.1737866
2014-06-06 16:22:20.0000003,5.4522314
2014-06-06 16:22:20.0000002,9.121693
2015-05-30 21:29:04.0000004,14.678819
2015-05-30 21:29:04.0000007,18.135345
2015-05-30 21:29:04.0000003,11.651619
2015-05-30 21:29:04.0000001,7.8080354
2009-10-26 12:01:36.0000001,9.751348
2009-10-26 12:01:36.0000002,8.51663
2009-10-26 12:01:36.0000005,6.569428
2009-10-26 12:01:36.0000003,7.8182797
2013-02-02 15:45:08.0000003,8.595205
2013-02-02 15:45:08.0000001,8.541077
2013-02-02 15:45:08.0000002,12.727631
2015-04-15 06:47:04.0000001,7.321077
2015-04-15 06:47:04.0000002,10.529248
2010-12-14 23:27:36.0000001,5.0259995
2009-03-05 11:03:04.0000002,4.5277395
2009-03-05 11:03:04.0000001,12.363536
2013-07-18 12:23:40.0000003,5.1451216
2013-07-18 12:23:40.0000002,6.1210318
2013-07-18 12:23:40.0000001,7.9074244
2014-04-14 13:48:32.0000004,9.228689
2014-04-14 13:48:32.0000003,6.1993036
2014-08-18 05:33:08.0000001,8.990948
2012-01-28 03:14:28.0000001,28.79781
2009-09-14 02:19:00.00000014,9.896304
2009-09-14 02:19:00.00000035,10.023331
2009-09-14 02:19:00.00000040,6.4201703
2009-09-14 02:19:00.00000031,5.098562
2009-09-14 02:19:00.0000003,5.2590437
2009-09-14 02:19:00.00000025,7.874388
2009-09-14 02:19:00.0000008,7.6147676
2009-09-14 02:19:00.00000024,10.167898
2009-09-14 02:19:00.00000021,7.4782
2009-09-14 02:19:00.00000036,9.438661
2009-09-14 02:19:00.0000009,40.50929
2009-09-14 02:19:00.0000001,9.006174
2009-09-14 02:19:00.00000018,5.055674
2009-09-14 02:19:00.00000039,10.745198
2009-09-14 02:19:00.0000002,15.045951
2009-09-14 02:19:00.00000038,7.7263117
2009-09-14 02:19:00.00000020,17.321455
2009-09-14 02:19:00.00000028,7.243744
2009-09-14 02:19:00.00000026,18.874054
2009-09-14 02:19:00.00000017,7.8964148
2009-09-14 02:19:00.00000030,7.2208996
2009-09-14 02:19:00.00000016,6.086882
2009-09-14 02:19:00.0000006,7.0494914
2009-09-14 02:19:00.0000007,8.874742
2011-08-14 14:17:28.0000003,7.6361413
2011-08-14 14:17:28.0000001,5.3130355
2011-08-14 14:17:28.0000004,6.4216323
2011-08-14 14:17:28.0000002,5.5449514
2011-08-14 14:17:28.0000005,13.443582
2014-03-17 16:07:56.0000002,56.175167
2010-11-03 21:09:56.0000002,5.2231345
2010-11-03 21:09:56.0000001,11.060489
2012-12-11 23:37:08.0000002,9.5640745
2012-12-11 23:37:08.0000005,9.627828
2012-12-11 23:37:08.0000004,7.0771484
2012-12-11 23:37:08.0000006,9.963893
2012-12-11 23:37:08.0000003,5.3814516
2012-12-11 23:37:08.0000001,16.603476
2015-06-24 14:19:52.0000001,13.653231
2015-06-24 14:19:52.0000002,57.38164
2015-06-24 14:19:52.0000004,9.278544
2010-08-21 22:21:32.0000004,13.875127
2011-02-19 10:20:28.0000003,4.1315417
2011-02-19 10:20:28.0000002,9.99789
2011-02-19 10:20:28.0000001,5.7612066
2011-02-19 10:20:28.0000004,7.459895
2011-10-02 22:31:44.0000004,10.209164
2011-10-02 22:31:44.0000002,21.587791
2011-10-02 22:31:44.0000003,17.008162
2012-01-26 11:17:36.0000002,5.1736083
2012-05-06 23:37:24.0000002,20.231153
2012-05-06 23:37:24.0000001,21.932116
2013-06-12 20:03:36.0000001,8.059579
2013-06-12 20:03:36.0000002,54.23267
2015-02-27 14:15:52.0000003,84.22297
2013-12-21 17:20:32.0000001,10.560497
2009-06-29 08:09:40.0000002,10.227201
2009-06-29 08:09:40.0000001,12.3032675
2014-09-14 17:22:12.0000002,7.439719
2014-09-14 17:22:12.0000001,11.063931
2014-09-14 17:22:12.0000003,16.36245
2014-09-14 17:22:12.0000005,7.112088
2014-08-20 14:37:56.0000001,15.926704
2011-07-20 16:34:48.0000001,4.710161
2011-07-20 16:34:48.0000003,6.3116536
2009-10-05 10:11:32.0000001,7.731317
2009-10-05 10:11:32.0000002,13.675272
2011-02-16 08:44:04.0000001,13.795819
2011-02-16 08:44:04.0000007,8.871844
2011-02-16 08:44:04.0000004,9.678001
2011-02-16 08:44:04.0000003,5.3506875
2011-02-16 08:44:04.0000002,4.909314
2011-02-16 08:44:04.0000006,18.620224
2011-02-16 08:44:04.0000005,6.450022
2009-01-01 11:04:24.0000002,4.936403
2014-04-28 19:46:36.0000003,8.366435
2012-11-11 20:35:40.0000001,43.343678
2012-11-11 20:35:40.0000002,13.986321
2011-06-01 07:37:00.000000171,8.716634
2011-06-01 07:37:00.000000199,6.794759
2011-06-01 07:37:00.00000032,5.5338273
2011-06-01 07:37:00.000000175,9.028694
2011-06-01 07:37:00.00000095,4.8880124
2011-06-01 07:37:00.000000106,5.280187
2011-06-01 07:37:00.00000090,10.009015
2011-06-01 07:37:00.000000169,15.399236
2011-06-01 07:37:00.0000007,5.140408
2011-06-01 07:37:00.000000151,13.058661
2011-06-01 07:37:00.000000101,4.639737
2011-06-01 07:37:00.00000099,22.623692
2011-06-01 07:37:00.00000084,4.4720387
2011-06-01 07:37:00.00000083,4.7417583
2011-06-01 07:37:00.00000043,6.2366953
2011-06-01 07:37:00.00000029,5.4110103
2011-06-01 07:37:00.000000132,16.980783
2011-06-01 07:37:00.000000208,6.4500957
2011-06-01 07:37:00.000000221,5.4348707
2011-06-01 07:37:00.000000131,4.9803004
2011-06-01 07:37:00.000000220,6.8777766
2011-06-01 07:37:00.000000207,8.147125
2011-06-01 07:37:00.000000205,4.1947613
2011-06-01 07:37:00.000000180,6.4323997
2011-06-01 07:37:00.000000103,9.613268
2011-06-01 07:37:00.00000098,25.7498
2011-06-01 07:37:00.000000189,6.9400325
2011-06-01 07:37:00.000000165,4.770779
2011-06-01 07:37:00.000000184,33.84754
2011-06-01 07:37:00.00000092,5.743596
2011-06-01 07:37:00.00000020,9.6424
2011-06-01 07:37:00.000000105,6.9096174
2011-06-01 07:37:00.00000088,9.039883
2011-06-01 07:37:00.000000122,7.038345
2011-06-01 07:37:00.000000219,12.356641
2011-06-01 07:37:00.000000222,7.421896
2011-06-01 07:37:00.00000049,7.395333
2011-06-01 07:37:00.000000114,4.905537
2011-06-01 07:37:00.000000181,5.7324166
2011-06-01 07:37:00.000000144,49.139305
2011-06-01 07:37:00.000000155,7.37659
2011-06-01 07:37:00.000000118,5.9659786
2011-06-01 07:37:00.000000142,5.3284183
2011-06-01 07:37:00.000000223,7.061337
2011-06-01 07:37:00.00000057,6.226854
2011-06-01 07:37:00.000000168,4.232165
2011-06-01 07:37:00.000000226,6.3634295
2011-06-01 07:37:00.000000177,10.710449
2011-06-01 07:37:00.000000185,27.220207
2011-06-01 07:37:00.000000178,12.01158
2011-06-01 07:37:00.000000140,8.418183
2011-06-01 07:37:00.000000141,9.759594
2011-06-01 07:37:00.00000045,8.382187
2011-06-01 07:37:00.00000086,7.0853934
2011-06-01 07:37:00.000000145,6.9313073
2011-06-01 07:37:00.00000037,7.5651965
2011-06-01 07:37:00.00000094,6.9692173
2011-06-01 07:37:00.00000082,5.025784
2011-06-01 07:37:00.000000179,8.404338
2011-06-01 07:37:00.000000197,5.809213
2011-06-01 07:37:00.000000154,11.5069895
2011-06-01 07:37:00.00000019,9.097647
2011-06-01 07:37:00.00000075,5.847003
2011-06-01 07:37:00.000000110,12.860267
2011-06-01 07:37:00.00000078,5.642196
2011-06-01 07:37:00.000000146,7.4537654
2011-06-01 07:37:00.000000143,9.125478
2011-06-01 07:37:00.000000227,11.486418
2011-06-01 07:37:00.00000070,4.5899167
2011-06-01 07:37:00.000000176,7.4255238
2011-06-01 07:37:00.000000217,8.234662
2011-06-01 07:37:00.00000026,6.0107117
2011-06-01 07:37:00.000000209,8.062434
2011-06-01 07:37:00.000000183,7.9327116
2011-06-01 07:37:00.000000210,5.3694324
2011-06-01 07:37:00.00000060,9.082848
2011-06-01 07:37:00.000000174,6.63178
2011-06-01 07:37:00.000000203,9.1571665
2011-06-01 07:37:00.000000139,6.08808
2011-06-01 07:37:00.000000162,8.2589245
2011-06-01 07:37:00.000000125,7.075023
2011-06-01 07:37:00.000000198,10.010177
2011-06-01 07:37:00.00000055,11.055886
2011-06-01 07:37:00.00000016,6.8485465
2011-06-01 07:37:00.00000027,6.9668427
2011-06-01 07:37:00.00000053,17.2838
2011-06-01 07:37:00.000000201,31.931654
2011-06-01 07:37:00.000000138,5.0511584
2011-06-01 07:37:00.00000077,4.28342
2011-06-01 07:37:00.00000022,8.216591
2011-06-01 07:37:00.000000182,10.235287
2011-06-01 07:37:00.000000163,7.460159
2011-06-01 07:37:00.000000204,9.072973
2011-06-01 07:37:00.000000137,8.220483
2011-06-01 07:37:00.000000152,7.054813
2011-06-01 07:37:00.00000048,6.8041177
2011-06-01 07:37:00.00000025,8.636355
2011-06-01 07:37:00.000000100,13.869351
2011-06-01 07:37:00.00000015,4.318444
2011-06-01 07:37:00.00000097,16.577938
2011-06-01 07:37:00.000000127,8.359672
2011-06-01 07:37:00.000000170,5.307654
2011-06-01 07:37:00.00000091,13.202402
2011-06-01 07:37:00.000000109,8.666449
2011-06-01 07:37:00.00000028,9.01618
2011-06-01 07:37:00.000000129,19.46588
2011-06-01 07:37:00.000000158,4.3103123
2011-06-01 07:37:00.0000005,5.247065
2011-06-01 07:37:00.00000034,8.116156
2011-06-01 07:37:00.000000107,7.146619
2011-06-01 07:37:00.00000036,5.3889647
2011-06-01 07:37:00.00000046,7.2789254
2011-06-01 07:37:00.000000108,4.1345863
2011-06-01 07:37:00.0000008,8.199761
2011-06-01 07:37:00.000000212,8.970358
2011-06-01 07:37:00.00000068,7.137216
2011-06-01 07:37:00.00000065,5.0086527
2011-06-01 07:37:00.000000116,4.0501814
2011-06-01 07:37:00.000000196,7.048147
2011-06-01 07:37:00.000000172,8.415732
2011-06-01 07:37:00.00000059,12.543449
2011-06-01 07:37:00.000000167,4.1664677
2011-06-01 07:37:00.00000058,6.6725764
2011-06-01 07:37:00.00000061,4.0591455
2011-06-01 07:37:00.000000156,15.106458
2011-06-01 07:37:00.000000128,7.929431
2011-06-01 07:37:00.00000079,5.245854
2011-06-01 07:37:00.000000206,9.054037
2011-06-01 07:37:00.00000069,6.532406
2011-06-01 07:37:00.000000190,5.765851
2011-06-01 07:37:00.000000112,5.2167916
2011-06-01 07:37:00.000000104,4.8151503
2011-06-01 07:37:00.000000194,5.6209908
2011-06-01 07:37:00.0000002,4.816128
2011-06-01 07:37:00.00000044,5.2915797
2011-06-01 07:37:00.00000010,7.895819
2011-06-01 07:37:00.000000157,17.732307
2011-06-01 07:37:00.000000147,6.5646014
2011-06-01 07:37:00.000000120,4.588071
2011-06-01 07:37:00.000000149,10.071414
2011-06-01 07:37:00.000000119,8.187188
2011-06-01 07:37:00.00000023,5.1353865
2011-06-01 07:37:00.00000017,9.519904
2011-06-01 07:37:00.00000038,17.563726
2011-06-01 07:37:00.000000113,9.225928
2011-06-01 07:37:00.000000211,7.8340354
2011-06-01 07:37:00.00000051,7.611165
2011-06-01 07:37:00.00000054,7.530042
2011-06-01 07:37:00.000000186,9.457477
2009-02-16 03:13:40.0000001,7.0318937
2010-08-27 18:45:00.000000234,7.397441
2010-08-27 18:45:00.00000057,6.9659333
2010-08-27 18:45:00.00000039,10.390383
2010-08-27 18:45:00.000000161,6.8688493
2010-08-27 18:45:00.000000220,11.1601305
2010-08-27 18:45:00.00000028,8.234348
2010-08-27 18:45:00.00000014,14.879355
2010-08-27 18:45:00.000000226,14.081273
2010-08-27 18:45:00.000000175,5.6477804
2010-08-27 18:45:00.00000040,20.170248
2010-08-27 18:45:00.000000144,14.252536
2010-08-27 18:45:00.00000085,10.599507
2010-08-27 18:45:00.000000194,22.950928
2010-08-27 18:45:00.00000094,8.428431
2010-08-27 18:45:00.000000141,15.763803
2010-08-27 18:45:00.00000067,4.5643706
2010-08-27 18:45:00.000000231,5.5187964
2010-08-27 18:45:00.000000214,19.215395
2010-08-27 18:45:00.00000037,16.059196
2010-08-27 18:45:00.000000165,5.608214
2010-08-27 18:45:00.000000158,11.49153
2010-08-27 18:45:00.000000217,7.512303
2010-08-27 18:45:00.00000090,13.6109915
2010-08-27 18:45:00.000000142,9.653748
2010-08-27 18:45:00.0000004,8.071777
2010-08-27 18:45:00.00000070,4.8976355
2010-08-27 18:45:00.000000202,7.9406195
2010-08-27 18:45:00.000000177,7.2298093
2010-08-27 18:45:00.00000084,11.361833
2010-08-27 18:45:00.000000209,10.363881
2010-08-27 18:45:00.000000184,32.21666
2010-08-27 18:45:00.000000173,8.989234
2010-08-27 18:45:00.00000029,5.645167
2010-08-27 18:45:00.00000025,6.5513487
2010-08-27 18:45:00.00000012,5.2041187
2010-08-27 18:45:00.00000010,4.700016
2010-08-27 18:45:00.000000136,7.9507236
2010-08-27 18:45:00.00000073,10.042831
2010-08-27 18:45:00.000000124,6.4544168
2010-08-27 18:45:00.000000125,6.006912
2010-08-27 18:45:00.000000169,5.59304
2010-08-27 18:45:00.000000208,4.748512
2010-08-27 18:45:00.000000152,5.4021645
2010-08-27 18:45:00.000000196,9.308131
2010-08-27 18:45:00.0000005,11.933135
2010-08-27 18:45:00.00000077,6.797857
2010-08-27 18:45:00.000000123,8.206402
2010-08-27 18:45:00.00000046,10.090261
2010-08-27 18:45:00.00000033,7.01817
2010-08-27 18:45:00.000000166,13.405372
2010-08-27 18:45:00.000000190,5.771054
2010-08-27 18:45:00.00000043,7.3924055
2010-08-27 18:45:00.00000081,5.5080867
2010-08-27 18:45:00.00000034,9.2664795
2010-08-27 18:45:00.00000089,17.724575
2010-08-27 18:45:00.000000189,5.554198
2010-08-27 18:45:00.00000078,7.958755
2010-08-27 18:45:00.00000053,11.64514
2010-08-27 18:45:00.000000188,8.057714
2010-08-27 18:45:00.00000071,6.986302
2010-08-27 18:45:00.00000097,18.85726
2010-08-27 18:45:00.00000031,6.3235016
2010-08-27 18:45:00.000000101,12.600826
2010-08-27 18:45:00.000000140,6.1486974
2010-08-27 18:45:00.00000054,25.486933
2010-08-27 18:45:00.0000006,8.941739
2010-08-27 18:45:00.00000011,8.24504
2010-08-27 18:45:00.00000055,6.9592743
2010-08-27 18:45:00.000000160,10.15951
2010-08-27 18:45:00.00000024,11.305738
2010-08-27 18:45:00.000000106,6.464831
2010-08-27 18:45:00.000000131,5.4124374
2010-08-27 18:45:00.00000087,12.207064
2010-08-27 18:45:00.000000110,11.114166
2010-08-27 18:45:00.000000197,13.997051
2010-08-27 18:45:00.00000066,8.66067
2010-08-27 18:45:00.000000205,10.6391325
2010-08-27 18:45:00.00000086,4.8738313
2010-08-27 18:45:00.000000207,8.163075
2010-08-27 18:45:00.00000068,14.142221
2010-08-27 18:45:00.00000050,6.2139153
2010-08-27 18:45:00.00000045,8.076404
2010-08-27 18:45:00.00000093,4.1325297
2010-08-27 18:45:00.00000061,12.380335
2010-08-27 18:45:00.00000022,6.476506
2010-08-27 18:45:00.00000018,6.7130938
2010-08-27 18:45:00.000000192,8.607462
2010-08-27 18:45:00.000000148,5.1564426
2010-08-27 18:45:00.000000195,4.8075004
2010-08-27 18:45:00.000000155,4.0595894
2010-08-27 18:45:00.000000129,8.371188
2010-08-27 18:45:00.000000133,5.9412947
2010-08-27 18:45:00.00000063,11.000334
2010-08-27 18:45:00.00000076,6.8664007
2010-08-27 18:45:00.000000204,11.475081
2010-08-27 18:45:00.000000179,4.490314
2010-08-27 18:45:00.000000219,18.69351
2010-08-27 18:45:00.000000107,6.866146
2010-08-27 18:45:00.000000153,9.019428
2010-08-27 18:45:00.00000026,12.257328
2010-08-27 18:45:00.000000198,7.1644588
2010-08-27 18:45:00.00000016,9.814721
2010-08-27 18:45:00.00000060,8.224086
2010-08-27 18:45:00.00000017,25.081993
2010-08-27 18:45:00.000000109,13.790513
2010-08-27 18:45:00.000000227,11.523786
2010-08-27 18:45:00.000000181,5.280452
2010-08-27 18:45:00.000000191,7.175165
2010-08-27 18:45:00.000000228,5.439454
2010-08-27 18:45:00.00000069,12.031008
2010-08-27 18:45:00.000000113,10.538455
2010-08-27 18:45:00.00000049,7.4649315
2010-08-27 18:45:00.000000103,6.617272
2010-08-27 18:45:00.0000003,5.4603915
2010-08-27 18:45:00.0000008,8.83436
2010-08-27 18:45:00.000000134,4.748326
2010-08-27 18:45:00.000000183,22.409962
2010-08-27 18:45:00.00000013,15.033642
2010-08-27 18:45:00.000000235,6.3482847
2010-08-27 18:45:00.00000038,9.377722
2010-08-27 18:45:00.00000030,17.176908
2010-08-27 18:45:00.000000203,7.415987
2010-08-27 18:45:00.000000182,10.343025
2010-08-27 18:45:00.000000230,7.894956
2010-08-27 18:45:00.00000065,7.138027
2011-02-12 00:43:24.0000003,11.055138
2011-02-12 00:43:24.0000001,12.53467
2014-05-07 06:50:20.0000002,5.3617897
2014-05-07 06:50:20.0000001,7.1144285
2014-05-07 06:50:20.0000003,9.577454
2011-04-27 20:59:24.0000002,9.212943
2011-04-27 20:59:24.0000003,12.661666
2011-04-27 20:59:24.0000004,5.0460634
2011-04-27 20:59:24.0000001,6.2127013
2011-04-27 20:59:24.0000005,5.983582
2010-08-14 02:13:00.00000069,7.6595345
2010-08-14 02:13:00.00000049,7.694937
2010-08-14 02:13:00.00000059,5.915734
2010-08-14 02:13:00.00000075,16.592436
2010-08-14 02:13:00.00000020,8.111338
2010-08-14 02:13:00.000000102,14.315502
2010-08-14 02:13:00.00000060,5.429239
2010-08-14 02:13:00.00000033,16.182184
2010-08-14 02:13:00.000000166,11.695563
2010-08-14 02:13:00.000000111,8.968413
2010-08-14 02:13:00.00000056,9.384864
2010-08-14 02:13:00.00000044,7.6835055
2010-08-14 02:13:00.000000132,5.105436
2010-08-14 02:13:00.00000073,5.568848
2010-08-14 02:13:00.00000043,8.544868
2010-08-14 02:13:00.00000085,9.574681
2010-08-14 02:13:00.000000108,14.533837
2010-08-14 02:13:00.00000028,12.575075
2010-08-14 02:13:00.00000076,5.426856
2010-08-14 02:13:00.00000066,28.167747
2010-08-14 02:13:00.00000080,19.834946
2010-08-14 02:13:00.000000149,8.771961
2010-08-14 02:13:00.00000054,7.5951843
2010-08-14 02:13:00.000000130,9.954811
2010-08-14 02:13:00.00000032,7.350628
2010-08-14 02:13:00.000000158,7.1550856
2010-08-14 02:13:00.000000171,11.74423
2010-08-14 02:13:00.00000092,6.3210473
2010-08-14 02:13:00.000000155,6.510023
2010-08-14 02:13:00.000000116,10.383417
2010-08-14 02:13:00.000000109,13.861493
2010-08-14 02:13:00.00000030,9.259654
2010-08-14 02:13:00.00000015,12.379657
2010-08-14 02:13:00.000000133,5.7810836
2010-08-14 02:13:00.00000072,7.9281464
2010-08-14 02:13:00.00000052,11.069453
2010-08-14 02:13:00.000000170,14.712205
2010-08-14 02:13:00.0000007,5.857174
2010-08-14 02:13:00.000000165,8.783271
2010-08-14 02:13:00.00000026,11.937168
2010-08-14 02:13:00.000000148,5.807685
2010-08-14 02:13:00.00000034,12.231402
2010-08-14 02:13:00.00000022,18.524965
2010-08-14 02:13:00.000000100,4.7617464
2010-08-14 02:13:00.000000160,6.5940685
2010-08-14 02:13:00.0000009,16.939579
2010-08-14 02:13:00.00000038,9.985898
2010-08-14 02:13:00.0000001,8.97612
2010-08-14 02:13:00.00000078,6.239715
2010-08-14 02:13:00.000000134,8.822524
2010-08-14 02:13:00.00000077,20.028027
2010-08-14 02:13:00.000000168,7.312908
2010-08-14 02:13:00.000000161,7.2001524
2010-08-14 02:13:00.000000122,7.0515714
2010-08-14 02:13:00.00000035,6.875574
2010-08-14 02:13:00.000000110,7.009525
2010-08-14 02:13:00.000000146,11.091513
2010-08-14 02:13:00.00000010,10.973414
2010-08-14 02:13:00.000000141,4.5751286
2010-08-14 02:13:00.00000087,17.719223
2010-08-14 02:13:00.000000137,7.140902
2010-08-14 02:13:00.00000064,6.748859
2010-08-14 02:13:00.00000084,7.1708302
2010-08-14 02:13:00.000000139,10.405989
2010-08-14 02:13:00.00000089,31.870565
2010-08-14 02:13:00.000000140,41.732384
2010-08-14 02:13:00.00000012,8.313564
2010-08-14 02:13:00.00000025,5.758836
2010-08-14 02:13:00.00000070,4.719115
2010-08-14 02:13:00.0000004,11.933842
2010-08-14 02:13:00.00000090,14.767
2010-08-14 02:13:00.000000101,15.076006
2010-08-14 02:13:00.00000017,6.066924
2010-08-14 02:13:00.00000055,6.5517673
2010-08-14 02:13:00.00000014,10.805493
2010-08-14 02:13:00.000000142,12.84168
2010-08-14 02:13:00.00000021,11.09807
2010-08-14 02:13:00.00000047,14.504146
2010-08-14 02:13:00.00000083,5.8451376
2010-08-14 02:13:00.000000162,6.9384046
2015-04-16 22:32:48.0000006,11.233993
2015-04-16 22:32:48.0000001,4.145474
2015-04-16 22:32:48.0000004,6.408529
2015-04-16 22:32:48.0000002,15.427531
2015-04-16 22:32:48.0000005,8.4294405
2013-03-15 11:57:04.0000002,7.6328874
2013-03-15 11:57:04.0000001,8.04393
2014-11-16 08:47:12.0000002,14.229147
2014-11-16 08:47:12.0000001,6.232855
2013-02-20 16:10:28.0000001,7.2535167
2011-07-03 00:36:04.0000001,5.331285
2014-03-25 23:47:00.00000074,6.9212074
2014-03-25 23:47:00.00000088,8.908254
2014-03-25 23:47:00.000000100,6.337602
2014-03-25 23:47:00.00000094,4.319775
2014-03-25 23:47:00.00000059,10.121956
2014-03-25 23:47:00.00000066,8.8481245
2014-03-25 23:47:00.00000016,4.237875
2014-03-25 23:47:00.0000003,14.216538
2014-03-25 23:47:00.00000080,4.5154
2014-03-25 23:47:00.00000048,49.953518
2014-03-25 23:47:00.00000058,10.000744
2014-03-25 23:47:00.00000070,33.675358
2014-03-25 23:47:00.00000046,12.05001
2014-03-25 23:47:00.00000053,5.465633
2014-03-25 23:47:00.00000029,5.6200094
2014-03-25 23:47:00.00000087,10.469422
2014-03-25 23:47:00.000000126,8.583689
2014-03-25 23:47:00.00000024,9.8181305
2014-03-25 23:47:00.0000007,13.901357
2014-03-25 23:47:00.00000071,17.082432
2014-03-25 23:47:00.0000008,7.2002807
2014-03-25 23:47:00.00000049,60.01762
2014-03-25 23:47:00.00000090,24.142012
2014-03-25 23:47:00.00000089,22.791447
2014-03-25 23:47:00.000000117,4.55212
2014-03-25 23:47:00.00000043,8.395802
2014-03-25 23:47:00.00000032,7.355605
2014-03-25 23:47:00.00000081,6.8831687
2014-03-25 23:47:00.00000023,6.0143304
2014-03-25 23:47:00.00000099,36.27987
2014-03-25 23:47:00.00000077,6.1926074
2014-03-25 23:47:00.00000065,5.7885613
2014-03-25 23:47:00.000000111,20.644106
2014-03-25 23:47:00.000000118,24.988722
2014-03-25 23:47:00.00000038,10.327825
2014-03-25 23:47:00.000000110,5.668865
2014-03-25 23:47:00.00000014,12.511836
2014-03-25 23:47:00.00000086,28.988283
2014-03-25 23:47:00.00000097,7.0779123
2014-03-25 23:47:00.00000092,18.099573
2014-03-25 23:47:00.000000140,11.673626
2014-03-25 23:47:00.000000123,21.194202
2014-03-25 23:47:00.000000131,5.0412335
2014-03-25 23:47:00.00000033,14.198032
2014-03-25 23:47:00.00000015,6.263531
2014-03-25 23:47:00.000000125,23.244453
2014-03-25 23:47:00.00000061,20.996334
2014-03-25 23:47:00.00000027,12.617882
2014-03-25 23:47:00.000000101,30.03549
2014-03-25 23:47:00.000000136,8.902551
2014-03-25 23:47:00.000000133,4.6673727
2014-03-25 23:47:00.0000006,25.459223
2014-03-25 23:47:00.00000047,10.477123
2014-03-25 23:47:00.00000056,9.972816
2014-03-25 23:47:00.0000001,4.2020817
2014-03-25 23:47:00.00000045,4.5370073
2014-03-25 23:47:00.00000073,7.272834
2014-03-25 23:47:00.00000030,15.796623
2014-03-25 23:47:00.00000010,25.876852
2014-03-25 23:47:00.00000072,11.282772
2014-03-25 23:47:00.0000009,17.880835
2014-03-25 23:47:00.00000082,10.270463
2014-03-25 23:47:00.00000017,6.643029
2014-03-25 23:47:00.00000050,10.069547
2014-03-25 23:47:00.000000121,8.024817
2014-03-25 23:47:00.000000109,19.198133
2014-03-25 23:47:00.00000018,4.8611927
2014-03-25 23:47:00.00000078,6.5146904
2014-03-25 23:47:00.00000025,4.4590855
2014-03-25 23:47:00.00000044,4.373934
2014-03-25 23:47:00.0000005,4.6422668
2014-03-25 23:47:00.00000062,6.1485696
2014-03-25 23:47:00.000000130,41.627472
2014-03-25 23:47:00.00000037,10.377127
2014-03-25 23:47:00.000000114,17.336452
2014-03-25 23:47:00.0000002,27.739552
2014-03-25 23:47:00.000000103,32.315464
2014-03-25 23:47:00.000000106,13.663597
2014-03-25 23:47:00.00000095,10.52461
2014-03-25 23:47:00.000000113,24.547405
2014-03-25 23:47:00.0000004,18.336369
2014-03-25 23:47:00.00000041,15.096186
2014-03-25 23:47:00.00000079,16.717482
2011-06-21 13:19:20.0000001,9.096885
2011-06-21 13:19:20.0000003,7.058534
2011-06-21 13:19:20.0000002,11.640293
2013-01-02 20:53:44.0000001,5.4944005
2013-01-02 20:53:44.0000002,5.3852177
2009-10-07 08:16:24.0000001,11.818291
2012-08-25 22:18:36.0000003,11.7631235
2012-08-25 22:18:36.0000004,9.716877
2012-08-25 22:18:36.0000001,7.7189455
2012-08-25 22:18:36.0000002,8.364573
2015-06-05 08:38:56.0000005,8.505063
2015-06-05 08:38:56.0000007,10.616164
2015-06-05 08:38:56.0000006,6.077125
2015-06-05 08:38:56.0000004,27.121685
2015-06-05 08:38:56.0000001,39.76289
2015-06-05 08:38:56.0000002,18.829866
2013-02-26 11:10:24.0000002,8.770213
2013-02-26 11:10:24.0000001,39.050762
2014-04-29 00:02:40.0000001,9.500611
2014-04-29 00:02:40.0000002,14.659955
2014-04-29 00:02:40.0000003,13.323362
2010-08-06 20:27:12.0000002,11.816833
2010-08-06 20:27:12.0000005,8.825174
2010-08-06 20:27:12.0000004,4.931335
2010-08-06 20:27:12.0000001,11.466012
2012-06-07 00:25:40.0000001,7.8406663
2012-06-07 00:25:40.0000002,18.460192
2011-09-24 07:42:32.0000001,5.69174
2011-09-28 10:58:48.0000002,7.7353654
2011-09-28 10:58:48.0000001,5.8868504
2011-09-28 10:58:48.0000005,6.705292
2011-09-28 10:58:48.0000004,13.179601
2011-09-28 10:58:48.0000003,27.319061
2011-09-28 10:58:48.0000006,13.532694
2009-11-01 05:04:12.0000001,7.631898
2009-11-01 05:04:12.0000002,13.637643
2014-04-23 22:54:12.0000002,5.749816
2014-04-23 22:54:12.0000001,23.693794
2014-04-23 22:54:12.0000004,31.623371
2014-04-23 22:54:12.0000003,12.8893795
2014-04-23 22:54:12.0000005,5.4382668
2014-04-23 22:54:12.0000006,9.337621
2012-02-28 19:18:44.0000001,5.39864
2012-02-28 19:18:44.0000002,9.134804
2010-09-29 16:43:00.0000003,43.67915
2010-09-29 16:43:00.000000143,6.204431
2010-09-29 16:43:00.000000150,5.3492985
2010-09-29 16:43:00.00000077,7.2352843
2010-09-29 16:43:00.000000153,17.693863
2010-09-29 16:43:00.00000048,5.44917
2010-09-29 16:43:00.00000086,6.7564464
2010-09-29 16:43:00.000000108,11.761939
2010-09-29 16:43:00.000000101,7.0793114
2010-09-29 16:43:00.000000132,8.268643
2010-09-29 16:43:00.00000033,7.334911
2010-09-29 16:43:00.00000055,6.1561027
2010-09-29 16:43:00.000000107,13.13242
2010-09-29 16:43:00.000000147,5.354087
2010-09-29 16:43:00.00000098,7.7419295
2010-09-29 16:43:00.00000053,7.4082475
2010-09-29 16:43:00.00000052,10.987616
2010-09-29 16:43:00.00000085,7.514184
2010-09-29 16:43:00.000000115,6.541145
2010-09-29 16:43:00.000000133,6.794844
2010-09-29 16:43:00.000000131,11.714349
2010-09-29 16:43:00.00000031,14.31963
2010-09-29 16:43:00.00000096,5.2396445
2010-09-29 16:43:00.000000120,7.7303376
2010-09-29 16:43:00.000000175,10.705321
2010-09-29 16:43:00.00000072,10.288639
2010-09-29 16:43:00.00000038,10.017197
2010-09-29 16:43:00.00000043,9.942421
2010-09-29 16:43:00.0000007,45.830685
2010-09-29 16:43:00.000000111,10.009851
2010-09-29 16:43:00.00000067,8.325571
2010-09-29 16:43:00.00000065,8.954975
2010-09-29 16:43:00.00000046,5.28177
2010-09-29 16:43:00.00000075,11.419973
2010-09-29 16:43:00.000000155,7.0114384
2010-09-29 16:43:00.00000087,45.466324
2010-09-29 16:43:00.000000160,11.106611
2010-09-29 16:43:00.00000060,8.070025
2010-09-29 16:43:00.00000020,8.648236
2010-09-29 16:43:00.00000091,9.206665
2010-09-29 16:43:00.00000068,15.021049
2010-09-29 16:43:00.000000165,9.277317
2010-09-29 16:43:00.000000146,8.27527
2010-09-29 16:43:00.000000169,8.707874
2010-09-29 16:43:00.000000141,7.6958556
2010-09-29 16:43:00.00000018,8.137635
2010-09-29 16:43:00.000000100,9.923377
2010-09-29 16:43:00.000000163,17.523851
2010-09-29 16:43:00.00000076,11.233467
2010-09-29 16:43:00.00000027,31.18425
2010-09-29 16:43:00.000000137,10.250499
2010-09-29 16:43:00.00000021,8.294995
2010-09-29 16:43:00.00000063,8.086538
2010-09-29 16:43:00.00000058,9.259023
2010-09-29 16:43:00.00000090,15.080844
2010-09-29 16:43:00.00000066,10.866392
2010-09-29 16:43:00.000000156,6.721914
2010-09-29 16:43:00.000000104,6.5544386
2010-09-29 16:43:00.00000089,30.726868
2010-09-29 16:43:00.00000029,11.200002
2010-09-29 16:43:00.0000004,7.8134665
2010-09-29 16:43:00.00000051,10.611533
2010-09-29 16:43:00.00000036,9.156802
2010-09-29 16:43:00.000000158,8.54246
2010-09-29 16:43:00.000000106,9.09622
2010-09-29 16:43:00.00000047,7.2311983
2010-09-29 16:43:00.00000073,9.695248
2010-09-29 16:43:00.00000024,9.11855
2010-09-29 16:43:00.000000151,7.221055
2010-09-29 16:43:00.000000134,4.9308963
2010-09-29 16:43:00.000000138,6.9451795
2010-09-29 16:43:00.000000125,9.104829
2010-09-29 16:43:00.000000112,9.141477
2010-09-29 16:43:00.0000006,6.978449
2010-09-29 16:43:00.00000025,15.491443
2010-09-29 16:43:00.0000008,8.613735
2010-09-29 16:43:00.00000049,29.55274
2010-09-29 16:43:00.000000173,8.196618
2010-09-29 16:43:00.00000050,7.8368125
2010-09-29 16:43:00.00000035,6.4090705
2010-09-29 16:43:00.00000097,26.446997
2010-09-29 16:43:00.00000054,8.416818
2010-09-29 16:43:00.000000166,5.864768
2010-09-29 16:43:00.0000005,7.755127
2010-09-29 16:43:00.00000030,28.322355
2010-09-29 16:43:00.000000102,12.237296
2010-09-29 16:43:00.00000056,9.391415
2010-09-29 16:43:00.000000103,7.923317
2010-09-29 16:43:00.00000092,30.03328
2010-09-29 16:43:00.00000079,7.447071
2010-09-29 16:43:00.000000149,6.1564174
2010-09-29 16:43:00.000000123,4.769086
2010-09-29 16:43:00.000000128,5.956773
2010-09-29 16:43:00.000000121,7.67635
2010-09-29 16:43:00.000000105,33.495754
2010-09-29 16:43:00.00000026,8.924748
2010-09-29 16:43:00.000000109,12.072867
2010-09-29 16:43:00.000000124,5.3814807
2010-09-29 16:43:00.00000071,5.703225
2010-09-29 16:43:00.00000061,17.351377
2010-09-29 16:43:00.000000129,10.31734
2010-09-29 16:43:00.00000095,6.7016177
2010-09-29 16:43:00.00000010,11.834561
2010-09-29 16:43:00.00000081,9.297798
2010-09-29 16:43:00.00000017,11.17716
2010-09-29 16:43:00.00000028,10.788597
2010-09-29 16:43:00.000000167,4.905408
2010-09-29 16:43:00.00000082,13.99101
2010-09-29 16:43:00.000000116,9.517958
2010-09-29 16:43:00.000000127,35.58095
2014-10-27 14:58:00.00000095,8.235703
2014-10-27 14:58:00.000000118,13.427422
2014-10-27 14:58:00.00000098,10.255371
2014-10-27 14:58:00.000000108,13.656847
2014-10-27 14:58:00.00000074,5.259687
2014-10-27 14:58:00.00000079,16.173784
2014-10-27 14:58:00.000000137,8.317541
2014-10-27 14:58:00.0000001,13.62151
2014-10-27 14:58:00.00000018,6.787823
2014-10-27 14:58:00.000000142,6.6838074
2014-10-27 14:58:00.00000082,8.219714
2014-10-27 14:58:00.0000008,21.372452
2014-10-27 14:58:00.00000016,6.706215
2014-10-27 14:58:00.000000117,9.228971
2014-10-27 14:58:00.00000048,8.573692
2014-10-27 14:58:00.00000075,6.28074
2014-10-27 14:58:00.000000112,22.880947
2014-10-27 14:58:00.00000029,5.2542186
2014-10-27 14:58:00.00000058,8.970715
2014-10-27 14:58:00.00000053,13.994504
2014-10-27 14:58:00.00000052,5.251797
2014-10-27 14:58:00.00000071,12.867977
2014-10-27 14:58:00.00000044,11.053272
2014-10-27 14:58:00.000000120,7.7729983
2014-10-27 14:58:00.00000034,12.053275
2014-10-27 14:58:00.000000105,6.9514437
2014-10-27 14:58:00.000000147,8.790389
2014-10-27 14:58:00.00000030,7.157113
2014-10-27 14:58:00.000000100,7.4874673
2014-10-27 14:58:00.00000086,7.8127103
2014-10-27 14:58:00.00000047,40.620667
2014-10-27 14:58:00.000000107,33.95789
2014-10-27 14:58:00.000000127,30.206545
2014-10-27 14:58:00.000000119,4.8777723
2014-10-27 14:58:00.00000013,34.997635
2014-10-27 14:58:00.00000076,37.88537
2014-10-27 14:58:00.00000085,7.2774806
2014-10-27 14:58:00.00000038,11.106381
2014-10-27 14:58:00.0000004,7.9296026
2014-10-27 14:58:00.00000037,32.912437
2014-10-27 14:58:00.00000041,5.6030498
2014-10-27 14:58:00.000000141,5.222214
2014-10-27 14:58:00.000000140,9.762704
2014-10-27 14:58:00.00000042,8.329149
2014-10-27 14:58:00.000000109,7.9119015
2014-10-27 14:58:00.00000077,15.228297
2014-10-27 14:58:00.00000026,19.3233
2014-10-27 14:58:00.000000151,4.956739
2014-10-27 14:58:00.00000061,10.041764
2014-10-27 14:58:00.000000114,16.86326
2014-10-27 14:58:00.00000021,17.400331
2014-10-27 14:58:00.00000063,6.127185
2014-10-27 14:58:00.00000072,57.356777
2014-10-27 14:58:00.000000131,8.914979
2014-10-27 14:58:00.0000005,40.45548
2014-10-27 14:58:00.000000110,6.178545
2014-10-27 14:58:00.00000011,7.877933
2014-10-27 14:58:00.00000064,6.769236
2014-10-27 14:58:00.00000033,6.10361
2014-10-27 14:58:00.00000091,6.8290267
2014-10-27 14:58:00.0000003,15.822532
2014-10-27 14:58:00.00000096,4.5750356
2014-10-27 14:58:00.00000051,9.611024
2014-10-27 14:58:00.00000020,8.143072
2014-10-27 14:58:00.000000138,56.719353
2014-10-27 14:58:00.0000002,20.65883
2014-10-27 14:58:00.00000039,11.344539
2014-10-27 14:58:00.00000073,10.020151
2014-10-27 14:58:00.000000116,8.271702
2014-10-27 14:58:00.00000049,8.903477
2014-10-27 14:58:00.00000025,16.902245
2014-10-27 14:58:00.000000133,4.705768
2014-10-27 14:58:00.00000043,9.000094
2014-10-27 14:58:00.00000055,6.710901
2014-10-27 14:58:00.000000124,37.1308
2014-10-27 14:58:00.00000083,11.041419
2014-10-27 14:58:00.00000010,8.007432
2014-10-27 14:58:00.000000126,6.0900426
2014-10-27 14:58:00.00000017,11.443525
2014-10-27 14:58:00.000000139,12.034944
2014-10-27 14:58:00.00000014,6.1377697
2014-10-27 14:58:00.00000045,7.3552985
2014-10-27 14:58:00.000000132,6.453845
2014-10-27 14:58:00.00000080,40.227764
2014-10-27 14:58:00.00000019,7.21639
2014-10-27 14:58:00.000000102,14.899108
2014-10-27 14:58:00.00000062,13.557827
2014-10-27 14:58:00.000000122,40.747875
2014-10-27 14:58:00.00000032,15.962851
2014-10-27 14:58:00.00000015,9.664111
2014-10-27 14:58:00.00000084,57.867474
2014-10-27 14:58:00.000000134,6.9742293
2014-10-27 14:58:00.00000093,11.240529
2014-10-27 14:58:00.00000068,7.03173
2014-10-27 14:58:00.00000089,52.429546
2014-10-27 14:58:00.00000027,57.33705
2009-10-08 23:44:56.0000004,15.5065365
2009-10-08 23:44:56.0000001,11.070591
2012-11-03 17:11:00.00000035,5.4367156
2012-11-03 17:11:00.000000107,9.112812
2012-11-03 17:11:00.00000069,11.320502
2012-11-03 17:11:00.000000116,13.463086
2012-11-03 17:11:00.000000145,6.369076
2012-11-03 17:11:00.00000097,5.5066185
2012-11-03 17:11:00.000000119,5.2963133
2012-11-03 17:11:00.000000134,4.9239745
2012-11-03 17:11:00.000000137,8.515472
2012-11-03 17:11:00.00000010,17.794369
2012-11-03 17:11:00.000000157,4.878656
2012-11-03 17:11:00.000000121,20.14948
2012-11-03 17:11:00.00000073,55.461452
2012-11-03 17:11:00.00000062,9.252374
2012-11-03 17:11:00.000000130,7.166975
2012-11-03 17:11:00.000000141,9.668627
2012-11-03 17:11:00.00000098,10.9320755
2012-11-03 17:11:00.00000066,8.347433
2012-11-03 17:11:00.00000036,10.179545
2012-11-03 17:11:00.00000026,5.592344
2012-11-03 17:11:00.000000110,7.016517
2012-11-03 17:11:00.00000021,6.738341
2012-11-03 17:11:00.00000040,6.090938
2012-11-03 17:11:00.00000087,12.574623
2012-11-03 17:11:00.00000039,9.997744
2012-11-03 17:11:00.00000033,11.369793
2012-11-03 17:11:00.0000006,6.3769355
2012-11-03 17:11:00.00000025,16.586563
2012-11-03 17:11:00.000000129,11.218609
2012-11-03 17:11:00.000000153,12.664212
2012-11-03 17:11:00.000000138,14.716002
2012-11-03 17:11:00.000000143,6.210182
2012-11-03 17:11:00.000000109,9.117247
2012-11-03 17:11:00.00000042,13.847532
2012-11-03 17:11:00.000000104,24.916023
2012-11-03 17:11:00.0000005,7.8307056
2012-11-03 17:11:00.00000056,54.9308
2012-11-03 17:11:00.00000045,4.76456
2012-11-03 17:11:00.00000034,12.357289
2012-11-03 17:11:00.000000120,10.290187
2012-11-03 17:11:00.000000127,10.809529
2012-11-03 17:11:00.00000022,4.5284595
2012-11-03 17:11:00.0000003,16.270266
2012-11-03 17:11:00.00000084,8.909173
2012-11-03 17:11:00.00000089,11.7853155
2012-11-03 17:11:00.00000041,13.572405
2012-11-03 17:11:00.000000108,12.717517
2012-11-03 17:11:00.000000158,7.515998
2012-11-03 17:11:00.000000122,4.309666
2012-11-03 17:11:00.000000111,22.352243
2012-11-03 17:11:00.00000027,6.6344113
2012-11-03 17:11:00.0000008,6.912991
2012-11-03 17:11:00.000000148,21.382635
2012-11-03 17:11:00.000000144,33.994648
2012-11-03 17:11:00.00000029,9.531479
2012-11-03 17:11:00.00000049,6.89007
2012-11-03 17:11:00.00000011,5.273687
2012-11-03 17:11:00.00000094,18.224087
2012-11-03 17:11:00.000000152,18.539307
2012-11-03 17:11:00.00000051,9.399788
2012-11-03 17:11:00.00000048,7.3519387
2012-11-03 17:11:00.00000043,9.429966
2012-11-03 17:11:00.00000059,8.818797
2012-11-03 17:11:00.00000019,7.2738376
2012-11-03 17:11:00.000000135,9.045667
2012-11-03 17:11:00.00000017,11.907514
2012-11-03 17:11:00.000000146,7.2191057
2012-11-03 17:11:00.00000068,11.758694
2012-11-03 17:11:00.00000092,14.139049
2012-11-03 17:11:00.0000002,21.232122
2012-11-03 17:11:00.000000133,5.775476
2012-11-03 17:11:00.00000038,13.851614
2012-11-03 17:11:00.000000123,7.743471
2012-11-03 17:11:00.00000015,5.105207
2012-11-03 17:11:00.000000131,6.109295
2012-11-03 17:11:00.000000112,5.076509
2012-11-03 17:11:00.000000100,7.0216055
2012-11-03 17:11:00.00000095,16.712587
2012-11-03 17:11:00.0000004,7.0565586
2012-11-03 17:11:00.00000047,17.075314
2012-11-03 17:11:00.00000020,37.89682
2012-11-03 17:11:00.000000156,18.159388
2012-11-03 17:11:00.00000014,5.213674
2012-11-03 17:11:00.000000139,9.771074
2012-11-03 17:11:00.000000154,7.3302684
2012-11-03 17:11:00.000000151,6.9251122
2012-11-03 17:11:00.00000070,9.333656
2012-11-03 17:11:00.00000023,11.134038
2012-11-03 17:11:00.00000065,9.582421
2012-11-03 17:11:00.00000018,8.255749
2012-11-03 17:11:00.00000088,5.739927
2012-11-03 17:11:00.000000140,14.558705
2012-11-03 17:11:00.00000071,8.491011
2009-05-07 13:58:32.0000003,7.902469
2009-05-07 13:58:32.0000001,7.6940217
2011-12-25 21:26:32.0000001,4.1245284
2015-01-12 19:01:00.0000001,13.515099
2015-01-12 19:01:00.0000003,4.2771955
2015-01-12 19:01:00.0000004,9.249136
2015-01-12 19:01:00.0000002,6.4200144
2009-10-06 16:09:24.0000001,8.080606
2009-10-06 16:09:24.0000003,7.191218
2009-10-06 16:09:24.0000002,6.8879943
2009-05-06 01:49:12.0000003,25.708267
2009-05-06 01:49:12.0000005,6.110399
2009-05-06 01:49:12.0000001,11.648223
2009-05-06 01:49:12.0000006,6.507216
2014-10-07 11:20:56.0000002,37.75346
2014-10-07 11:20:56.0000001,13.277106
2014-10-07 11:20:56.0000003,7.8264456
2009-02-10 15:30:04.0000002,9.014951
2009-02-10 15:30:04.0000001,10.554772
2013-09-28 00:06:20.0000004,16.66357
2013-09-28 00:06:20.0000001,18.120178
2013-09-28 00:06:20.0000009,16.457888
2013-09-28 00:06:20.0000008,11.91621
2013-09-28 00:06:20.0000007,6.4493413
2013-09-28 00:06:20.0000006,11.903572
2013-09-28 00:06:20.0000002,11.9880085
2013-07-18 08:25:04.0000001,8.793242
2013-07-18 08:25:04.0000002,5.7377877
2013-07-18 08:25:04.0000003,8.9929695
2011-03-11 01:44:00.00000010,7.5264034
2011-03-11 01:44:00.00000070,6.887305
2011-03-11 01:44:00.00000088,27.16692
2011-03-11 01:44:00.00000063,12.54783
2011-03-11 01:44:00.00000058,14.94981
2011-03-11 01:44:00.00000086,17.44462
2011-03-11 01:44:00.00000053,5.738962
2011-03-11 01:44:00.00000094,10.43699
2011-03-11 01:44:00.00000069,4.6670213
2011-03-11 01:44:00.00000061,12.982873
2011-03-11 01:44:00.0000008,4.5498533
2011-03-11 01:44:00.0000002,13.849457
2011-03-11 01:44:00.00000050,4.358412
2011-03-11 01:44:00.00000068,9.21517
2011-03-11 01:44:00.00000018,8.219928
2011-03-11 01:44:00.00000079,13.070593
2011-03-11 01:44:00.00000037,4.8368216
2011-03-11 01:44:00.00000015,7.201541
2011-03-11 01:44:00.00000071,4.538503
2011-03-11 01:44:00.00000054,14.871612
2011-03-11 01:44:00.00000080,4.072648
2011-03-11 01:44:00.00000078,8.04497
2011-03-11 01:44:00.00000055,6.4294534
2011-03-11 01:44:00.00000026,17.670458
2011-03-11 01:44:00.00000045,11.286204
2011-03-11 01:44:00.00000013,6.0565147
2011-03-11 01:44:00.0000007,26.42551
2011-03-11 01:44:00.00000024,4.4175467
2011-03-11 01:44:00.00000093,4.4500413
2011-03-11 01:44:00.00000089,7.7976246
2011-03-11 01:44:00.00000022,9.430556
2011-03-11 01:44:00.00000020,4.1897087
2011-03-11 01:44:00.00000025,3.8675137
2011-03-11 01:44:00.00000090,23.734533
2011-03-11 01:44:00.00000087,14.98202
2011-03-11 01:44:00.00000017,12.629568
2011-03-11 01:44:00.00000031,24.610476
2011-03-11 01:44:00.00000048,12.013361
2011-03-11 01:44:00.00000076,19.22996
2011-03-11 01:44:00.00000012,12.35365
2011-03-11 01:44:00.00000066,9.57978
2011-03-11 01:44:00.0000001,6.1944203
2011-03-11 01:44:00.00000091,14.070592
2011-03-11 01:44:00.00000043,8.762586
2011-03-11 01:44:00.00000060,6.3030252
2011-03-11 01:44:00.00000049,10.442334
2011-03-11 01:44:00.00000073,6.488905
2011-03-11 01:44:00.0000004,12.076561
2013-12-16 19:06:44.0000002,6.8816347
2013-12-18 03:49:24.0000001,8.641919
2013-08-05 19:04:36.0000002,9.395015
2013-08-05 19:04:36.0000001,7.75753
2009-05-08 18:00:36.0000002,5.253558
2013-01-27 00:09:12.0000002,12.965859
2013-01-27 00:09:12.0000006,7.2554727
2013-01-27 00:09:12.0000009,10.04757
2013-01-27 00:09:12.0000001,5.7170296
2013-01-27 00:09:12.0000004,8.629304
2013-01-27 00:09:12.0000007,13.2469635
2013-01-27 00:09:12.0000005,7.482927
2012-06-18 22:51:56.0000002,5.462307
2012-06-18 22:51:56.0000001,4.251733
2011-06-20 09:55:24.0000004,8.658125
2011-06-20 09:55:24.0000003,5.657404
2011-06-20 09:55:24.0000001,7.503915
2011-06-20 09:55:24.0000002,4.754076
2011-06-20 09:55:24.0000005,8.042598
2015-02-22 09:48:32.0000002,7.858514
2015-02-22 09:48:32.0000001,16.130041
2015-02-22 09:48:32.0000003,19.22976
2010-08-25 23:40:32.0000001,11.8699255
2012-01-07 11:21:56.0000002,12.822898
2012-10-31 12:17:24.0000003,10.397672
2012-10-31 12:17:24.0000001,6.379839
2012-10-20 02:05:08.0000001,14.026433
2012-10-20 02:05:08.0000002,5.870188
2012-05-06 08:52:08.0000001,10.556596
2014-10-11 15:11:24.0000002,6.449261
2014-10-11 15:11:24.0000004,44.52988
2014-10-11 15:11:24.0000005,14.753183
2014-10-11 15:11:24.0000006,35.06878
2014-10-11 15:11:24.0000001,7.415192
2009-08-17 12:27:08.0000004,6.3081956
2009-08-17 12:27:08.0000001,19.271196
2009-08-17 12:27:08.0000003,6.673168
2011-10-28 07:45:04.0000001,15.470005
2011-10-28 07:45:04.0000003,6.893544
2011-10-28 07:45:04.0000002,6.7290015
2014-04-09 09:23:12.0000003,8.634944
2014-04-09 09:23:12.0000005,8.387543
2014-04-09 09:23:12.0000002,7.7684546
2014-04-09 09:23:12.0000001,11.320196
2013-09-15 02:37:52.0000001,11.045624
2013-09-15 02:37:52.0000003,10.193831
2009-11-25 19:32:52.0000005,12.572915
2009-11-25 19:32:52.0000002,10.664688
2009-11-25 19:32:52.0000003,15.977287
2014-05-30 00:09:16.0000002,12.657629
2014-05-30 00:09:16.0000005,10.80332
2014-05-30 00:09:16.0000003,5.3867817
2014-05-30 00:09:16.0000004,5.8855104
2014-05-30 00:09:16.0000001,10.811609
2013-10-24 14:18:20.0000001,5.4637566
2013-10-24 14:18:20.0000002,7.714251
2013-10-24 14:18:20.0000003,13.682921
2014-06-07 22:07:12.0000002,16.239372
2014-06-07 22:07:12.0000001,13.309078
2013-01-07 17:08:32.0000003,7.6286197
2013-01-07 17:08:32.0000001,6.3261995
2010-08-11 00:12:08.0000001,6.044591
2011-10-04 09:37:00.0000007,7.8876047
2011-10-04 09:37:00.00000092,7.26108
2011-10-04 09:37:00.000000150,6.6757584
2011-10-04 09:37:00.00000010,5.232595
2011-10-04 09:37:00.00000065,31.771906
2011-10-04 09:37:00.000000151,6.445832
2011-10-04 09:37:00.00000089,5.4093137
2011-10-04 09:37:00.000000120,8.095287
2011-10-04 09:37:00.0000009,5.688647
2011-10-04 09:37:00.000000110,5.7630796
2011-10-04 09:37:00.00000098,15.529289
2011-10-04 09:37:00.00000011,4.5079155
2011-10-04 09:37:00.00000042,6.696703
2011-10-04 09:37:00.00000024,7.860809
2011-10-04 09:37:00.000000188,16.27925
2011-10-04 09:37:00.00000071,10.917372
2011-10-04 09:37:00.000000168,11.034919
2011-10-04 09:37:00.000000159,9.452572
2011-10-04 09:37:00.000000171,10.641802
2011-10-04 09:37:00.000000129,7.4346633
2011-10-04 09:37:00.000000186,5.3874793
2011-10-04 09:37:00.000000123,13.584297
2011-10-04 09:37:00.00000020,4.6769586
2011-10-04 09:37:00.00000033,3.9858809
2011-10-04 09:37:00.00000058,12.220345
2011-10-04 09:37:00.00000068,9.411726
2011-10-04 09:37:00.000000131,5.438588
2011-10-04 09:37:00.000000178,36.75954
2011-10-04 09:37:00.000000103,32.30342
2011-10-04 09:37:00.00000026,9.4686
2011-10-04 09:37:00.000000115,8.056064
2011-10-04 09:37:00.00000059,35.06665
2011-10-04 09:37:00.00000090,14.118375
2011-10-04 09:37:00.00000063,6.7239757
2011-10-04 09:37:00.000000169,4.3036666
2011-10-04 09:37:00.00000066,9.338123
2011-10-04 09:37:00.000000181,4.538161
2011-10-04 09:37:00.00000018,4.7940903
2011-10-04 09:37:00.000000112,5.746614
2011-10-04 09:37:00.00000094,9.924518
2011-10-04 09:37:00.0000001,5.932231
2011-10-04 09:37:00.000000139,11.70418
2011-10-04 09:37:00.000000152,10.783401
2011-10-04 09:37:00.000000187,5.2514358
2011-10-04 09:37:00.00000070,6.4810357
2011-10-04 09:37:00.00000050,5.474662
2011-10-04 09:37:00.0000004,8.992524
2011-10-04 09:37:00.000000153,13.105405
2011-10-04 09:37:00.00000076,28.982769
2011-10-04 09:37:00.00000079,32.375374
2011-10-04 09:37:00.000000146,6.636342
2011-10-04 09:37:00.000000192,9.267726
2011-10-04 09:37:00.000000172,10.307916
2011-10-04 09:37:00.000000154,7.6506257
2011-10-04 09:37:00.000000124,8.944516
2011-10-04 09:37:00.000000142,6.062503
2011-10-04 09:37:00.000000167,9.2027645
2011-10-04 09:37:00.00000048,10.42161
2011-10-04 09:37:00.00000074,13.308414
2011-10-04 09:37:00.000000193,7.888259
2011-10-04 09:37:00.000000166,6.4774375
2011-10-04 09:37:00.000000147,5.760417
2011-10-04 09:37:00.000000189,6.8952794
2011-10-04 09:37:00.0000008,6.509853
2011-10-04 09:37:00.000000125,7.1351385
2011-10-04 09:37:00.00000051,5.1030393
2011-10-04 09:37:00.000000173,8.400828
2011-10-04 09:37:00.00000096,12.062171
2011-10-04 09:37:00.000000174,6.1161957
2011-10-04 09:37:00.000000130,8.094688
2011-10-04 09:37:00.00000016,6.0924883
2011-10-04 09:37:00.000000145,6.6797676
2011-10-04 09:37:00.000000140,8.094711
2011-10-04 09:37:00.00000040,31.48933
2011-10-04 09:37:00.000000118,10.671723
2011-10-04 09:37:00.00000081,7.251127
2011-10-04 09:37:00.000000175,10.94937
2011-10-04 09:37:00.00000072,10.577511
2011-10-04 09:37:00.000000143,5.7384024
2011-10-04 09:37:00.000000104,5.7470384
2011-10-04 09:37:00.00000053,7.326271
2011-10-04 09:37:00.00000084,4.751817
2011-10-04 09:37:00.00000030,9.468602
2011-10-04 09:37:00.000000100,6.071899
2011-10-04 09:37:00.000000105,8.696771
2011-10-04 09:37:00.00000041,5.159374
2011-10-04 09:37:00.00000091,12.60646
2011-10-04 09:37:00.00000078,6.971428
2011-10-04 09:37:00.000000197,6.6987042
2011-10-04 09:37:00.000000119,8.375832
2011-10-04 09:37:00.000000161,8.588909
2011-10-04 09:37:00.00000039,6.2909927
2011-10-04 09:37:00.00000086,6.7187796
2011-10-04 09:37:00.000000195,9.919118
2011-10-04 09:37:00.000000182,6.667287
2011-10-04 09:37:00.000000133,6.7832475
2011-10-04 09:37:00.00000029,8.683394
2011-10-04 09:37:00.000000144,6.1547623
2011-10-04 09:37:00.000000128,6.2512116
2011-10-04 09:37:00.00000027,8.915284
2011-10-04 09:37:00.00000032,6.429756
2011-10-04 09:37:00.00000073,9.760745
2011-10-04 09:37:00.00000083,10.08878
2011-10-04 09:37:00.00000021,6.2311425
2011-10-04 09:37:00.000000137,5.2152343
2011-10-04 09:37:00.00000087,49.825703
2011-10-04 09:37:00.00000060,32.19606
2011-10-04 09:37:00.000000138,8.196419
2011-10-04 09:37:00.00000046,10.058101
2011-10-04 09:37:00.00000075,16.523705
2011-10-04 09:37:00.000000198,5.904786
2011-10-04 09:37:00.000000121,9.969303
2011-10-04 09:37:00.000000116,4.9206467
2011-10-04 09:37:00.000000117,7.0827827
2011-10-04 09:37:00.00000097,14.114349
2011-10-04 09:37:00.00000012,4.5969777
2011-10-04 09:37:00.00000093,32.404217
2011-10-04 09:37:00.000000101,6.2908144
2011-10-04 09:37:00.00000082,18.517609
2011-10-04 09:37:00.000000126,4.932684
2011-10-04 09:37:00.00000035,10.204495
2011-10-04 09:37:00.000000127,14.12018
2011-10-04 09:37:00.000000156,5.01641
2014-04-29 08:15:56.0000002,6.6491084
2014-04-29 08:15:56.0000001,7.769992
2012-10-23 14:15:04.0000003,15.300744
2012-10-23 14:15:04.0000004,16.533943
2012-10-23 14:15:04.0000001,7.336981
2012-08-31 08:01:16.0000001,7.046708
2012-10-18 21:06:20.0000003,11.67578
2012-10-18 21:06:20.0000006,61.535587
2012-10-18 21:06:20.0000002,8.123533
2012-10-18 21:06:20.0000005,9.12909
2012-10-18 21:06:20.0000004,9.779017
2012-10-18 21:06:20.0000008,10.33147
2012-10-18 21:06:20.00000010,7.9130316
2012-10-18 21:06:20.0000001,33.47902
2014-02-26 04:36:28.0000001,17.24875
2010-02-20 00:43:28.0000002,8.224809
2010-02-20 00:43:28.0000004,20.375492
2010-02-20 00:43:28.0000003,8.549539
2010-02-20 00:43:28.0000001,11.717778
2009-08-21 08:00:48.0000002,7.4524493
2009-08-21 08:00:48.0000001,7.219508
2009-08-21 08:00:48.0000003,7.9382763
2014-12-24 03:00:00.00000034,6.5301614
2014-12-24 03:00:00.00000013,26.878878
2014-12-24 03:00:00.0000001,14.745523
2014-12-24 03:00:00.00000032,7.2284107
2014-12-24 03:00:00.0000006,5.037679
2014-12-24 03:00:00.00000037,6.2804775
2014-12-24 03:00:00.00000012,10.7151785
2014-12-24 03:00:00.00000023,22.37892
2014-12-24 03:00:00.00000041,4.6999516
2014-12-24 03:00:00.0000008,7.641798
2014-12-24 03:00:00.00000024,12.823379
2014-12-24 03:00:00.00000038,6.6675987
2014-12-24 03:00:00.0000009,6.3572264
2014-12-24 03:00:00.00000018,14.334966
2014-12-24 03:00:00.00000011,24.040844
2014-12-24 03:00:00.00000021,11.116345
2014-12-24 03:00:00.00000030,7.4369698
2014-12-24 03:00:00.00000010,6.1715045
2014-12-24 03:00:00.0000004,8.559596
2014-12-24 03:00:00.00000022,11.92022
2014-12-24 03:00:00.00000028,6.4312663
2012-08-19 12:46:40.0000003,12.725185
2012-08-19 12:46:40.0000002,4.7056246
2012-08-19 12:46:40.0000001,7.654915
2013-12-02 17:53:24.0000003,13.031423
2013-12-02 17:53:24.0000001,10.869359
2013-12-02 17:53:24.0000002,11.725009
2011-11-07 18:53:08.0000002,9.881596
2011-11-07 18:53:08.0000001,13.576644
2009-05-16 23:36:24.0000001,8.820681
2009-05-16 23:36:24.0000002,5.582535
2011-01-10 10:56:56.0000003,7.0387616
2011-01-10 10:56:56.0000002,31.134584
2011-01-10 10:56:56.0000001,5.3890896
2010-10-07 10:54:20.0000002,7.0488477
2010-10-07 10:54:20.0000005,14.857697
2010-10-07 10:54:20.0000001,5.976825
2010-10-07 10:54:20.0000004,7.7425156
2011-02-21 20:11:08.0000001,7.7767673
2011-02-21 20:11:08.0000005,6.5819235
2011-02-21 20:11:08.0000002,9.44962
2011-02-21 20:11:08.0000003,7.033432
2011-02-21 20:11:08.0000004,35.4801
2009-10-04 22:54:56.0000003,7.975451
2015-04-11 20:31:32.0000007,5.838569
2015-04-11 20:31:32.00000012,6.1614714
2015-04-11 20:31:32.0000003,34.758583
2015-04-11 20:31:32.0000006,12.067497
2015-04-11 20:31:32.0000002,21.779812
2015-04-11 20:31:32.0000009,11.755362
2015-04-11 20:31:32.00000010,5.2663145
2015-04-11 20:31:32.0000001,7.9061723
2012-04-02 02:53:24.0000001,12.247016
2014-04-21 16:00:36.0000001,5.612702
2014-04-21 16:00:36.0000003,10.50806
2014-04-21 16:00:36.0000002,5.217277
2012-03-22 21:11:36.0000006,4.217846
2012-03-22 21:11:36.0000008,7.315663
2012-03-22 21:11:36.0000005,11.075127
2012-03-22 21:11:36.0000001,9.989433
2012-03-22 21:11:36.0000004,4.7467003
2012-03-22 21:11:36.0000007,4.9561872
2012-03-22 21:11:36.0000002,7.903158
2012-03-22 21:11:36.0000003,21.589878
2011-04-08 00:57:44.0000001,4.714128
2011-02-20 12:31:04.0000001,9.847195
2011-02-20 12:31:04.0000003,3.6746032
2011-02-06 17:08:24.0000004,15.779819
2011-02-06 17:08:24.0000002,7.053521
2011-02-06 17:08:24.0000001,9.059186
2013-01-01 22:04:56.0000001,8.041181
2013-04-23 17:52:44.0000001,16.837244
2013-04-23 17:52:44.0000002,6.1210456
2013-07-02 21:47:24.0000003,4.754411
2013-07-02 21:47:24.0000002,16.202312
2013-07-02 21:47:24.0000001,18.956392
2010-01-01 13:19:40.0000002,17.45725
2010-01-01 13:19:40.0000005,8.925104
2010-01-01 13:19:40.0000001,9.069262
2010-01-01 13:19:40.0000003,61.54196
2013-04-26 20:41:16.0000001,7.636021
2010-03-06 23:51:08.0000002,12.718584
2010-03-06 23:51:08.0000001,8.209733
2014-04-17 16:58:28.0000001,9.553928
2014-04-17 16:58:28.0000002,12.50179
2014-01-06 16:39:16.0000001,29.660984
2015-02-12 05:37:56.0000002,6.438074
2011-12-22 01:00:08.0000001,14.60259
2011-12-22 01:00:08.0000002,7.309972
2011-08-20 17:04:24.0000001,4.989423
2011-06-30 13:07:36.0000001,6.1508827
2011-06-30 13:07:36.0000005,10.124449
2011-06-30 13:07:36.0000002,7.2414417
2011-06-30 13:07:36.0000004,7.449303
2011-06-30 13:07:36.0000003,9.07067
2014-04-27 02:57:00.000000100,4.295861
2014-04-27 02:57:00.000000130,5.780964
2014-04-27 02:57:00.000000109,32.919724
2014-04-27 02:57:00.00000096,18.524452
2014-04-27 02:57:00.00000063,13.426645
2014-04-27 02:57:00.000000177,4.698491
2014-04-27 02:57:00.000000132,19.66083
2014-04-27 02:57:00.000000170,17.664433
2014-04-27 02:57:00.00000021,14.384735
2014-04-27 02:57:00.000000136,11.565793
2014-04-27 02:57:00.00000032,11.575524
2014-04-27 02:57:00.000000107,6.06416
2014-04-27 02:57:00.00000028,41.791744
2014-04-27 02:57:00.00000026,17.467499
2014-04-27 02:57:00.000000139,7.75684
2014-04-27 02:57:00.00000015,20.851082
2014-04-27 02:57:00.00000095,4.424131
2014-04-27 02:57:00.000000105,24.419676
2014-04-27 02:57:00.000000196,10.21377
2014-04-27 02:57:00.0000001,5.07779
2014-04-27 02:57:00.000000175,12.404603
2014-04-27 02:57:00.000000188,17.167835
2014-04-27 02:57:00.00000051,14.509284
2014-04-27 02:57:00.00000055,7.3406887
2014-04-27 02:57:00.00000016,15.244984
2014-04-27 02:57:00.000000169,7.556322
2014-04-27 02:57:00.00000086,13.773815
2014-04-27 02:57:00.000000148,16.762213
2014-04-27 02:57:00.00000087,18.07082
2014-04-27 02:57:00.00000027,15.905242
2014-04-27 02:57:00.000000120,21.3508
2014-04-27 02:57:00.00000068,4.6784277
2014-04-27 02:57:00.00000099,7.6624866
2014-04-27 02:57:00.000000193,8.9198475
2014-04-27 02:57:00.00000081,21.909525
2014-04-27 02:57:00.000000135,22.214397
2014-04-27 02:57:00.000000181,5.8432746
2014-04-27 02:57:00.00000020,5.6500816
2014-04-27 02:57:00.000000157,23.355593
2014-04-27 02:57:00.00000079,20.029795
2014-04-27 02:57:00.00000019,7.195966
2014-04-27 02:57:00.000000126,13.765152
2014-04-27 02:57:00.0000002,4.9144683
2014-04-27 02:57:00.00000062,9.850134
2014-04-27 02:57:00.00000085,13.196501
2014-04-27 02:57:00.00000014,15.353881
2014-04-27 02:57:00.000000161,11.003634
2014-04-27 02:57:00.00000084,15.2434225
2014-04-27 02:57:00.000000122,18.54994
2014-04-27 02:57:00.000000111,9.26494
2014-04-27 02:57:00.000000113,9.562469
2014-04-27 02:57:00.00000071,9.2062025
2014-04-27 02:57:00.00000077,12.330684
2014-04-27 02:57:00.000000134,49.39619
2014-04-27 02:57:00.000000103,12.16613
2014-04-27 02:57:00.000000102,13.481437
2014-04-27 02:57:00.000000160,23.136215
2014-04-27 02:57:00.00000042,4.9667788
2014-04-27 02:57:00.00000054,6.266331
2014-04-27 02:57:00.00000049,14.472273
2014-04-27 02:57:00.000000147,10.842302
2014-04-27 02:57:00.00000045,9.282112
2014-04-27 02:57:00.0000003,22.360897
2014-04-27 02:57:00.000000182,8.823899
2014-04-27 02:57:00.000000180,9.23351
2014-04-27 02:57:00.00000038,23.569145
2014-04-27 02:57:00.0000005,9.085517
2014-04-27 02:57:00.000000108,4.662174
2014-04-27 02:57:00.00000092,6.9742484
2014-04-27 02:57:00.000000192,6.511494
2014-04-27 02:57:00.000000165,6.598536
2014-04-27 02:57:00.000000115,10.386729
2014-04-27 02:57:00.00000029,9.055336
2014-04-27 02:57:00.00000050,5.759415
2014-04-27 02:57:00.000000119,8.028598
2014-04-27 02:57:00.00000011,15.39241
2014-04-27 02:57:00.000000114,7.5629735
2014-04-27 02:57:00.000000190,14.500781
2014-04-27 02:57:00.00000061,8.35346
2014-04-27 02:57:00.00000098,11.790537
2014-04-27 02:57:00.00000040,7.129968
2014-04-27 02:57:00.000000117,18.581984
2014-04-27 02:57:00.000000150,7.4277573
2014-04-27 02:57:00.00000035,7.67404
2014-04-27 02:57:00.00000022,19.245079
2014-04-27 02:57:00.000000146,7.4017134
2014-04-27 02:57:00.00000018,9.787711
2014-04-27 02:57:00.00000041,12.173653
2014-04-27 02:57:00.00000089,18.533052
2014-04-27 02:57:00.00000088,8.127562
2014-04-27 02:57:00.000000101,10.519654
2014-04-27 02:57:00.00000058,25.797497
2014-04-27 02:57:00.00000030,8.055504
2014-04-27 02:57:00.000000156,13.201837
2014-04-27 02:57:00.00000024,8.076062
2014-04-27 02:57:00.000000163,7.5982804
2014-04-27 02:57:00.000000152,13.023001
2014-04-27 02:57:00.00000037,6.3167953
2014-04-27 02:57:00.00000065,5.374215
2014-04-27 02:57:00.0000006,25.490574
2014-04-27 02:57:00.00000060,9.047132
2014-04-27 02:57:00.000000110,7.3508396
2014-04-27 02:57:00.00000034,5.633798
2014-04-27 02:57:00.000000149,27.239279
2014-04-27 02:57:00.000000176,5.0889297
2014-04-27 02:57:00.000000184,6.6652145
2014-04-27 02:57:00.000000118,7.3582788
2014-04-27 02:57:00.000000186,14.103605
2014-04-27 02:57:00.000000104,10.723088
2014-04-27 02:57:00.00000080,24.288313
2014-04-27 02:57:00.000000121,7.8616157
2014-04-27 02:57:00.00000093,6.695019
2014-04-27 02:57:00.00000056,12.562337
2014-04-27 02:57:00.00000044,14.163154
2014-04-27 02:57:00.00000048,7.908355
2014-04-27 02:57:00.00000059,14.272601
2014-04-27 02:57:00.000000194,19.847599
2014-04-27 02:57:00.000000185,22.397202
2014-04-27 02:57:00.000000125,18.022009
2014-04-27 02:57:00.00000046,11.850457
2014-04-27 02:57:00.00000070,17.606462
2014-04-27 02:57:00.000000133,13.467166
2011-01-18 10:26:40.0000003,5.053715
2011-01-18 10:26:40.0000002,8.277237
2012-04-20 07:57:20.0000001,9.725164
2012-04-20 07:57:20.0000004,5.2649364
2012-04-20 07:57:20.0000003,6.249017
2012-04-20 07:57:20.0000002,4.835582
2011-12-13 22:00:00.00000071,12.900243
2011-12-13 22:00:00.000000178,4.783417
2011-12-13 22:00:00.00000016,7.02938
2011-12-13 22:00:00.000000127,6.3950496
2011-12-13 22:00:00.00000065,4.070704
2011-12-13 22:00:00.000000227,4.22952
2011-12-13 22:00:00.000000257,5.922439
2011-12-13 22:00:00.000000238,7.5540524
2011-12-13 22:00:00.0000008,8.049151
2011-12-13 22:00:00.000000252,5.086125
2011-12-13 22:00:00.000000204,13.35637
2011-12-13 22:00:00.000000120,9.242122
2011-12-13 22:00:00.000000175,4.1409626
2011-12-13 22:00:00.00000010,12.390686
2011-12-13 22:00:00.00000048,6.073179
2011-12-13 22:00:00.000000189,4.5217767
2011-12-13 22:00:00.00000011,5.218158
2011-12-13 22:00:00.000000247,7.3540487
2011-12-13 22:00:00.000000261,4.0822625
2011-12-13 22:00:00.0000004,12.315673
2011-12-13 22:00:00.00000014,11.2216625
2011-12-13 22:00:00.000000151,35.344746
2011-12-13 22:00:00.00000025,6.312764
2011-12-13 22:00:00.00000039,9.884604
2011-12-13 22:00:00.000000179,6.9692473
2011-12-13 22:00:00.000000137,11.883734
2011-12-13 22:00:00.00000091,16.354643
2011-12-13 22:00:00.000000109,5.4588885
2011-12-13 22:00:00.000000174,7.9955945
2011-12-13 22:00:00.000000225,16.698545
2011-12-13 22:00:00.000000207,6.452779
2011-12-13 22:00:00.000000269,23.985344
2011-12-13 22:00:00.000000234,6.9496617
2011-12-13 22:00:00.00000017,6.363947
2011-12-13 22:00:00.00000046,6.228279
2011-12-13 22:00:00.00000057,12.581957
2011-12-13 22:00:00.000000105,7.9726048
2011-12-13 22:00:00.000000114,14.149931
2011-12-13 22:00:00.00000030,5.100259
2011-12-13 22:00:00.000000100,6.096003
2011-12-13 22:00:00.00000088,15.2414665
2011-12-13 22:00:00.000000242,7.9368315
2011-12-13 22:00:00.000000113,6.6624517
2011-12-13 22:00:00.000000157,10.8146515
2011-12-13 22:00:00.000000177,12.64696
2011-12-13 22:00:00.000000169,8.079375
2011-12-13 22:00:00.000000123,3.9104135
2011-12-13 22:00:00.000000182,31.381496
2011-12-13 22:00:00.000000129,6.4046006
2011-12-13 22:00:00.000000136,22.683641
2011-12-13 22:00:00.000000187,5.617167
2011-12-13 22:00:00.000000218,8.091915
2011-12-13 22:00:00.000000167,28.851759
2011-12-13 22:00:00.000000192,9.72271
2011-12-13 22:00:00.00000024,5.741261
2011-12-13 22:00:00.00000093,10.317919
2011-12-13 22:00:00.000000260,4.228569
2011-12-13 22:00:00.00000038,4.153166
2011-12-13 22:00:00.000000208,6.6541286
2011-12-13 22:00:00.000000210,5.683826
2011-12-13 22:00:00.000000181,6.1303716
2011-12-13 22:00:00.000000111,10.438613
2011-12-13 22:00:00.000000161,15.836203
2011-12-13 22:00:00.000000209,4.427932
2011-12-13 22:00:00.00000029,7.062158
2011-12-13 22:00:00.00000067,4.984132
2011-12-13 22:00:00.000000202,4.747505
2011-12-13 22:00:00.000000245,9.533792
2011-12-13 22:00:00.000000206,8.785039
2011-12-13 22:00:00.0000003,6.418268
2011-12-13 22:00:00.00000060,14.478685
2011-12-13 22:00:00.00000053,5.008109
2011-12-13 22:00:00.000000201,10.997951
2011-12-13 22:00:00.000000212,9.296507
2011-12-13 22:00:00.000000235,15.418516
2011-12-13 22:00:00.000000170,25.271463
2011-12-13 22:00:00.000000253,4.186249
2011-12-13 22:00:00.000000172,17.187199
2011-12-13 22:00:00.00000086,4.2030582
2011-12-13 22:00:00.000000223,37.401127
2011-12-13 22:00:00.0000009,10.603958
2011-12-13 22:00:00.00000031,11.369702
2011-12-13 22:00:00.000000243,10.238403
2011-12-13 22:00:00.000000133,9.607537
2011-12-13 22:00:00.000000199,8.092826
2011-12-13 22:00:00.000000104,25.695335
2011-12-13 22:00:00.00000023,50.236893
2011-12-13 22:00:00.00000075,34.686882
2011-12-13 22:00:00.000000217,4.8943205
2011-12-13 22:00:00.000000220,7.677814
2011-12-13 22:00:00.000000211,4.445002
2011-12-13 22:00:00.000000150,8.2893
2011-12-13 22:00:00.00000020,6.0156097
2011-12-13 22:00:00.000000254,6.917407
2011-12-13 22:00:00.000000183,7.18365
2011-12-13 22:00:00.000000166,12.525506
2011-12-13 22:00:00.00000063,6.3714485
2011-12-13 22:00:00.000000124,4.875983
2011-12-13 22:00:00.000000219,8.500602
2011-12-13 22:00:00.00000099,13.908802
2011-12-13 22:00:00.00000041,6.55828
2011-12-13 22:00:00.00000080,9.7197075
2011-12-13 22:00:00.000000216,23.089767
2011-12-13 22:00:00.000000240,4.720919
2011-12-13 22:00:00.000000153,6.6182585
2011-12-13 22:00:00.00000068,4.0182242
2011-12-13 22:00:00.000000263,10.064905
2011-12-13 22:00:00.00000061,12.434832
2011-12-13 22:00:00.000000162,6.160933
2011-12-13 22:00:00.00000045,5.6424527
2011-12-13 22:00:00.000000193,9.387635
2011-12-13 22:00:00.000000112,28.957699
2011-12-13 22:00:00.000000165,5.484619
2011-12-13 22:00:00.000000255,11.978976
2011-12-13 22:00:00.000000106,30.83353
2011-12-13 22:00:00.000000125,13.064237
2011-12-13 22:00:00.000000250,8.253438
2011-12-13 22:00:00.0000006,5.9188995
2011-12-13 22:00:00.00000090,4.842842
2011-12-13 22:00:00.00000055,5.404034
2011-12-13 22:00:00.000000188,9.83435
2011-12-13 22:00:00.000000259,13.5077715
2011-12-13 22:00:00.000000142,14.090537
2011-12-13 22:00:00.000000155,6.717377
2011-12-13 22:00:00.00000082,4.9052014
2011-12-13 22:00:00.00000069,5.937416
2011-12-13 22:00:00.00000097,11.854334
2011-12-13 22:00:00.000000107,28.336617
2011-12-13 22:00:00.000000126,5.841201
2011-12-13 22:00:00.00000012,9.915437
2011-12-13 22:00:00.000000158,6.719956
2011-12-13 22:00:00.000000196,7.1839967
2011-12-13 22:00:00.000000132,25.33145
2011-12-13 22:00:00.000000244,5.5606747
2011-12-13 22:00:00.000000268,8.296267
2011-12-13 22:00:00.00000064,5.8088007
2011-12-13 22:00:00.000000159,11.82382
2011-12-13 22:00:00.000000163,23.567295
2011-12-13 22:00:00.000000232,16.274536
2011-12-13 22:00:00.0000007,11.051028
2011-12-13 22:00:00.00000054,4.391908
2011-12-13 22:00:00.000000230,13.93592
2011-12-13 22:00:00.000000256,6.6236777
2011-12-13 22:00:00.000000146,6.8459177
2011-12-13 22:00:00.000000265,8.486811
2011-12-13 22:00:00.00000076,5.7545314
2011-12-13 22:00:00.00000062,18.643929
2011-12-13 22:00:00.00000032,5.9659534
2011-12-13 22:00:00.000000213,4.795485
2011-12-13 22:00:00.00000083,14.998973
2011-12-13 22:00:00.00000026,15.510562
2011-12-13 22:00:00.000000239,12.7785015
2011-12-13 22:00:00.000000233,10.40741
2011-12-13 22:00:00.00000089,6.408996
2011-12-13 22:00:00.000000267,6.1976748
2011-12-13 22:00:00.000000176,7.821262
2011-12-13 22:00:00.000000139,5.3063283
2011-12-13 22:00:00.00000027,4.580737
2011-12-13 22:00:00.00000042,9.013771
2011-12-13 22:00:00.000000241,12.412491
2011-12-13 22:00:00.000000222,7.694827
2012-03-12 09:50:24.0000001,8.355661
2012-03-12 09:50:24.0000003,5.882521
2012-03-12 09:50:24.0000002,5.952057
2014-05-13 07:33:52.0000006,5.3246737
2014-05-13 07:33:52.0000004,6.1966043
2014-05-13 07:33:52.0000001,9.643774
2014-05-13 07:33:52.0000002,5.272738
2014-05-13 07:33:52.0000003,13.980225
2011-06-30 09:37:08.0000002,9.95788
2011-06-30 09:37:08.0000003,5.6425295
2012-09-18 17:13:40.0000002,7.291326
2012-09-18 17:13:40.0000001,6.853853
2011-06-07 12:11:56.0000004,18.549122
2011-06-07 12:11:56.0000001,13.308908
2011-06-07 12:11:56.0000003,29.313402
2011-06-07 12:11:56.0000002,5.2892275
2011-06-07 12:11:56.0000005,6.593489
2010-05-21 23:04:44.0000002,19.753677
2010-05-21 23:04:44.0000001,15.044528
2009-01-28 16:36:28.0000002,6.685559
2009-01-28 16:36:28.0000003,44.865864
2009-01-28 16:36:28.0000005,6.3137302
2009-01-28 16:36:28.0000006,9.812218
2009-01-28 16:36:28.0000001,5.4672728
2012-03-12 02:58:56.0000001,15.529412
2010-07-21 22:06:12.0000005,7.7691116
2010-07-21 22:06:12.0000003,6.0866933
2010-07-21 22:06:12.0000001,24.494022
2010-07-21 22:06:12.0000002,10.780077
2009-04-12 16:00:56.0000001,11.024122
2013-05-24 13:37:32.0000001,7.573617
2011-07-29 20:50:36.0000001,12.546406
2011-07-29 20:50:36.0000003,25.436954
2011-07-29 20:50:36.0000002,4.802616
2014-03-05 21:07:12.0000003,12.8628645
2014-03-05 21:07:12.0000004,7.775614
2009-11-28 15:07:24.0000004,46.81431
2009-11-28 15:07:24.0000001,15.098261
2009-11-28 15:07:24.0000003,5.4732127
2015-04-11 14:16:12.0000003,6.9181266
2015-04-11 14:16:12.00000010,5.0582147
2015-04-11 14:16:12.00000011,6.0914145
2015-04-11 14:16:12.0000001,7.785336
2015-04-11 14:16:12.0000002,6.8024426
2015-04-11 14:16:12.0000006,55.945194
2015-04-11 14:16:12.0000007,6.106826
2015-04-11 14:16:12.0000008,9.538349
2014-11-15 10:57:20.0000002,4.400068
2014-11-15 10:57:20.0000001,7.9829164
2010-07-31 15:47:28.0000001,4.464666
2014-05-12 20:56:48.0000005,5.1140704
2014-05-12 20:56:48.0000001,7.6999736
2014-05-12 20:56:48.0000004,6.053391
2014-05-12 20:56:48.0000003,8.124547
2014-05-12 20:56:48.0000002,11.0083
2014-01-16 06:00:48.0000001,11.158242
2014-04-23 11:18:40.0000003,11.087979
2014-04-23 11:18:40.0000002,7.6738925
2014-04-23 11:18:40.0000001,10.126165
2011-09-22 04:49:56.0000001,35.935787
2011-10-28 07:35:52.0000003,5.7887497
2011-10-28 07:35:52.0000002,11.020957
2011-10-28 07:35:52.0000001,6.1919727
2015-05-10 19:54:00.0000001,8.15244
2015-05-10 19:54:00.0000003,6.708681
2015-05-10 19:54:00.0000005,9.708834
2015-05-10 19:54:00.0000004,10.540742
2011-03-28 23:18:48.0000001,9.59898
2014-08-26 01:31:04.0000001,27.309319
2015-02-26 15:55:48.0000004,13.855344
2015-02-26 15:55:48.0000003,8.552268
2015-02-26 15:55:48.0000002,6.722411
2013-11-22 15:36:36.0000002,4.7938247
2010-02-13 11:03:04.0000002,4.9133077
2010-02-13 11:03:04.0000001,4.4175935
2010-02-13 11:03:04.0000004,5.090416
2010-02-13 11:03:04.0000003,5.6606936
2011-06-26 18:48:08.0000004,7.9755096
2011-06-26 18:48:08.0000005,15.614786
2011-06-26 18:48:08.0000002,5.227753
2011-06-26 18:48:08.0000001,7.5969725
2010-10-14 23:48:56.0000001,5.3995605
2010-10-14 23:48:56.0000002,45.666866
2010-10-14 23:48:56.0000003,12.108764
2010-10-14 23:48:56.0000004,6.3407183
2011-01-22 07:48:28.0000001,8.064636
2011-10-17 18:49:20.0000003,14.874843
2011-10-17 18:49:20.0000002,7.3752894
2011-10-17 18:49:20.0000005,9.045447
2009-03-24 16:39:12.0000002,8.593732
2009-03-24 16:39:12.0000004,7.348888
2009-03-24 16:39:12.0000003,9.9896755
2009-03-24 16:39:12.0000001,5.9348764
2014-07-21 18:19:00.000000102,8.568275
2014-07-21 18:19:00.000000106,10.4056015
2014-07-21 18:19:00.000000107,5.6872272
2014-07-21 18:19:00.00000094,36.065468
2014-07-21 18:19:00.000000161,7.703995
2014-07-21 18:19:00.000000129,16.603996
2014-07-21 18:19:00.00000083,5.1522107
2014-07-21 18:19:00.000000163,15.745962
2014-07-21 18:19:00.000000117,11.290954
2014-07-21 18:19:00.00000028,4.732523
2014-07-21 18:19:00.00000089,13.284165
2014-07-21 18:19:00.000000130,6.4999013
2014-07-21 18:19:00.000000105,7.7307267
2014-07-21 18:19:00.000000123,16.749874
2014-07-21 18:19:00.000000103,52.900764
2014-07-21 18:19:00.000000227,5.6066427
2014-07-21 18:19:00.000000189,9.68784
2014-07-21 18:19:00.000000168,8.816804
2014-07-21 18:19:00.000000173,11.547901
2014-07-21 18:19:00.000000128,14.62685
2014-07-21 18:19:00.000000143,27.36333
2014-07-21 18:19:00.00000018,21.194483
2014-07-21 18:19:00.00000049,11.069425
2014-07-21 18:19:00.00000022,7.2589173
2014-07-21 18:19:00.000000200,6.0192537
2014-07-21 18:19:00.000000193,9.915296
2014-07-21 18:19:00.000000231,11.784195
2014-07-21 18:19:00.000000202,11.552181
2014-07-21 18:19:00.00000092,33.077812
2014-07-21 18:19:00.000000148,6.188854
2014-07-21 18:19:00.00000057,4.747801
2014-07-21 18:19:00.00000074,7.2866187
2014-07-21 18:19:00.000000183,14.24474
2014-07-21 18:19:00.000000221,-0.8175825
2014-07-21 18:19:00.00000078,8.261531
2014-07-21 18:19:00.00000058,6.2415266
2014-07-21 18:19:00.000000214,6.8125677
2014-07-21 18:19:00.000000122,9.803538
2014-07-21 18:19:00.000000137,4.095261
2014-07-21 18:19:00.00000027,8.138714
2014-07-21 18:19:00.00000047,20.514927
2014-07-21 18:19:00.00000061,9.88404
2014-07-21 18:19:00.000000196,9.8949795
2014-07-21 18:19:00.000000125,16.111156
2014-07-21 18:19:00.000000126,18.69812
2014-07-21 18:19:00.000000145,4.448083
2014-07-21 18:19:00.00000080,13.919943
2014-07-21 18:19:00.00000055,9.297018
2014-07-21 18:19:00.00000066,11.062721
2014-07-21 18:19:00.000000111,5.4945908
2014-07-21 18:19:00.00000042,7.3330035
2014-07-21 18:19:00.000000215,5.1860075
2014-07-21 18:19:00.00000043,28.535183
2014-07-21 18:19:00.000000119,18.78254
2014-07-21 18:19:00.000000115,13.129884
2014-07-21 18:19:00.0000009,10.615733
2014-07-21 18:19:00.00000075,10.638671
2014-07-21 18:19:00.000000118,4.471909
2014-07-21 18:19:00.00000038,18.85462
2014-07-21 18:19:00.000000124,10.335935
2014-07-21 18:19:00.000000242,8.268041
2014-07-21 18:19:00.00000019,7.4622316
2014-07-21 18:19:00.00000056,11.963402
2014-07-21 18:19:00.000000239,7.261951
2014-07-21 18:19:00.000000101,10.03818
2014-07-21 18:19:00.000000216,43.12544
2014-07-21 18:19:00.000000198,5.839696
2014-07-21 18:19:00.000000174,38.44584
2014-07-21 18:19:00.00000070,7.1716824
2014-07-21 18:19:00.0000004,12.186749
2014-07-21 18:19:00.000000135,7.42333
2014-07-21 18:19:00.000000165,8.236797
2014-07-21 18:19:00.00000010,12.684968
2014-07-21 18:19:00.000000211,7.571558
2014-07-21 18:19:00.000000190,8.814666
2014-07-21 18:19:00.00000021,6.4566526
2014-07-21 18:19:00.000000204,5.76661
2014-07-21 18:19:00.000000112,7.2263207
2014-07-21 18:19:00.000000169,20.789717
2014-07-21 18:19:00.000000226,8.507532
2014-07-21 18:19:00.000000109,5.8830514
2014-07-21 18:19:00.000000113,20.272337
2014-07-21 18:19:00.000000127,17.75552
2014-07-21 18:19:00.000000182,12.387331
2014-07-21 18:19:00.00000036,8.881416
2014-07-21 18:19:00.000000220,4.2746162
2014-07-21 18:19:00.000000121,7.1882186
2014-07-21 18:19:00.00000050,10.704099
2014-07-21 18:19:00.000000178,5.555056
2014-07-21 18:19:00.000000166,7.9678154
2014-07-21 18:19:00.000000224,6.8503094
2014-07-21 18:19:00.000000134,6.584978
2014-07-21 18:19:00.000000195,13.344112
2014-07-21 18:19:00.00000015,40.75703
2014-07-21 18:19:00.0000005,52.245884
2014-07-21 18:19:00.000000120,15.037494
2014-07-21 18:19:00.000000133,6.4511814
2014-07-21 18:19:00.00000044,8.23509
2014-07-21 18:19:00.000000233,7.5084968
2014-07-21 18:19:00.00000063,12.127312
2014-07-21 18:19:00.000000167,9.679277
2014-07-21 18:19:00.000000208,8.2030115
2014-07-21 18:19:00.00000030,10.626746
2014-07-21 18:19:00.00000098,6.2529583
2014-07-21 18:19:00.000000179,8.0884075
2014-07-21 18:19:00.000000219,4.6600213
2014-07-21 18:19:00.0000006,4.7425766
2014-07-21 18:19:00.0000008,14.019676
2014-07-21 18:19:00.00000031,23.613413
2014-07-21 18:19:00.000000225,5.6225233
2014-07-21 18:19:00.000000235,9.214502
2014-07-21 18:19:00.000000104,10.45371
2014-07-21 18:19:00.00000011,5.9799623
2014-07-21 18:19:00.00000026,4.877759
2014-07-21 18:19:00.000000228,7.109085
2014-07-21 18:19:00.000000154,8.294614
2014-07-21 18:19:00.000000240,5.428564
2014-07-21 18:19:00.00000069,10.15385
2014-07-21 18:19:00.000000210,9.530869
2014-07-21 18:19:00.00000097,27.058134
2014-07-21 18:19:00.000000136,7.7073703
2014-07-21 18:19:00.000000150,10.014359
2014-07-21 18:19:00.00000060,4.184916
2014-07-21 18:19:00.00000073,5.0615544
2014-07-21 18:19:00.000000177,22.759195
2014-07-21 18:19:00.000000222,8.961451
2014-07-21 18:19:00.0000003,19.468796
2014-07-21 18:19:00.00000012,4.979902
2014-07-21 18:19:00.000000139,6.3716917
2014-07-21 18:19:00.000000194,10.552223
2014-07-21 18:19:00.00000014,10.085294
2014-07-21 18:19:00.00000051,6.2033195
2014-07-21 18:19:00.000000218,6.204067
2014-07-21 18:19:00.000000181,6.5870137
2014-07-21 18:19:00.000000114,15.40785
2014-07-21 18:19:00.00000072,7.822648
2014-07-21 18:19:00.000000213,6.420684
2014-07-21 18:19:00.00000064,4.949149
2012-12-07 16:13:08.0000001,16.119938
2011-06-13 09:55:04.0000005,9.690029
2011-06-13 09:55:04.0000004,5.837357
2011-06-13 09:55:04.0000001,9.416127
2014-12-27 22:31:56.0000002,12.558441
2014-11-24 09:50:20.0000001,5.3406186
2014-11-24 09:50:20.0000002,20.76387
2015-02-17 12:29:52.0000003,7.512865
2015-02-17 12:29:52.0000002,9.663073
2015-02-17 12:29:52.0000004,16.904022
2015-02-17 12:29:52.0000001,5.2277484
2010-02-21 21:57:20.0000001,15.536556
2010-02-21 21:57:20.0000002,4.538713
2010-09-20 16:48:00.000000101,11.966594
2010-09-20 16:48:00.000000140,6.4539895
2010-09-20 16:48:00.00000052,7.570978
2010-09-20 16:48:00.00000038,11.875547
2010-09-20 16:48:00.000000135,8.086761
2010-09-20 16:48:00.000000145,8.993845
2010-09-20 16:48:00.00000090,10.328851
2010-09-20 16:48:00.00000088,27.754282
2010-09-20 16:48:00.000000161,16.498507
2010-09-20 16:48:00.000000160,9.293095
2010-09-20 16:48:00.00000012,6.978867
2010-09-20 16:48:00.00000028,44.2635
2010-09-20 16:48:00.000000117,20.797993
2010-09-20 16:48:00.00000018,6.2520194
2010-09-20 16:48:00.00000059,6.6785307
2010-09-20 16:48:00.00000061,5.532768
2010-09-20 16:48:00.00000037,7.1322002
2010-09-20 16:48:00.000000133,12.750881
2010-09-20 16:48:00.000000141,12.332634
2010-09-20 16:48:00.000000113,26.207462
2010-09-20 16:48:00.00000067,17.795527
2010-09-20 16:48:00.00000066,22.267065
2010-09-20 16:48:00.000000128,11.321232
2010-09-20 16:48:00.000000109,10.55843
2010-09-20 16:48:00.000000167,26.957392
2010-09-20 16:48:00.00000065,5.72065
2010-09-20 16:48:00.000000157,37.86113
2010-09-20 16:48:00.00000045,12.588428
2010-09-20 16:48:00.00000054,9.164749
2010-09-20 16:48:00.00000076,7.006191
2010-09-20 16:48:00.000000125,15.029062
2010-09-20 16:48:00.00000031,15.513575
2010-09-20 16:48:00.000000105,9.046448
2010-09-20 16:48:00.00000017,8.614752
2010-09-20 16:48:00.000000127,6.148112
2010-09-20 16:48:00.000000149,44.92293
2010-09-20 16:48:00.00000039,26.7915
2010-09-20 16:48:00.00000095,37.219646
2010-09-20 16:48:00.00000062,8.866803
2010-09-20 16:48:00.00000029,9.385434
2010-09-20 16:48:00.000000155,27.759102
2010-09-20 16:48:00.000000123,7.772358
2010-09-20 16:48:00.00000020,10.117745
2010-09-20 16:48:00.0000003,10.110549
2010-09-20 16:48:00.000000102,6.3060555
2010-09-20 16:48:00.00000096,8.988391
2010-09-20 16:48:00.00000087,9.085923
2010-09-20 16:48:00.00000063,27.06322
2010-09-20 16:48:00.00000078,10.665106
2010-09-20 16:48:00.00000049,5.0587077
2010-09-20 16:48:00.000000115,12.60362
2010-09-20 16:48:00.00000080,10.226228
2010-09-20 16:48:00.00000046,14.690783
2010-09-20 16:48:00.00000048,8.997938
2010-09-20 16:48:00.00000033,24.94282
2010-09-20 16:48:00.000000136,6.988261
2010-09-20 16:48:00.00000032,16.260939
2010-09-20 16:48:00.00000082,15.8369255
2010-09-20 16:48:00.00000091,12.286902
2010-09-20 16:48:00.00000051,33.524063
2010-09-20 16:48:00.000000107,9.321622
2010-09-20 16:48:00.000000150,7.002373
2010-09-20 16:48:00.00000070,7.363632
2010-09-20 16:48:00.000000165,29.148699
2010-09-20 16:48:00.00000097,25.842949
2010-09-20 16:48:00.00000075,7.742326
2010-09-20 16:48:00.000000164,12.933004
2010-09-20 16:48:00.000000162,5.257875
2010-09-20 16:48:00.00000026,6.923827
2010-09-20 16:48:00.000000126,9.998835
2010-09-20 16:48:00.00000077,13.195725
2010-09-20 16:48:00.000000138,6.3518763
2010-09-20 16:48:00.000000118,16.871683
2010-09-20 16:48:00.00000011,12.080117
2010-09-20 16:48:00.00000073,17.462694
2010-09-20 16:48:00.000000120,9.674566
2010-09-20 16:48:00.00000034,23.575998
2010-09-20 16:48:00.00000057,9.632233
2010-09-20 16:48:00.00000044,14.411003
2010-09-20 16:48:00.00000079,10.011157
2010-09-20 16:48:00.00000013,13.107148
2010-09-20 16:48:00.00000060,7.4912357
2010-09-20 16:48:00.00000098,16.127918
2010-09-20 16:48:00.00000022,6.2424283
2010-09-20 16:48:00.00000043,13.278351
2010-09-20 16:48:00.000000130,6.1086416
2010-09-20 16:48:00.00000094,12.952556
2010-09-20 16:48:00.000000153,11.3079405
2010-09-20 16:48:00.0000009,15.826559
2010-09-20 16:48:00.000000119,7.9028726
2010-09-20 16:48:00.00000089,11.711012
2010-09-20 16:48:00.00000053,12.67406
2010-09-20 16:48:00.00000014,11.640896
2010-09-20 16:48:00.00000093,14.495682
2010-09-20 16:48:00.000000144,7.9168806
2010-09-20 16:48:00.00000030,15.694307
2010-09-20 16:48:00.000000147,26.536612
2010-09-20 16:48:00.000000108,18.209373
2010-09-20 16:48:00.00000064,8.526645
2010-09-20 16:48:00.00000010,11.391092
2010-09-20 16:48:00.00000042,11.476797
2012-04-01 22:22:28.0000001,8.009036
2012-03-05 09:19:32.0000001,6.8614326
2012-03-05 09:19:32.0000002,5.6537247
2012-03-05 09:19:32.0000005,13.947267
2012-03-05 09:19:32.0000003,10.850389
2012-03-05 09:19:32.0000004,5.317807
2012-08-20 14:47:36.0000003,6.4608936
2012-08-20 14:47:36.0000004,42.069523
2011-12-01 01:36:08.0000002,4.871128
2013-06-21 11:33:28.0000002,7.08478
2013-06-21 11:33:28.0000004,8.697569
2013-06-21 11:33:28.0000001,5.697117
2013-06-21 11:33:28.0000003,15.778092
2013-04-10 11:33:28.0000001,16.65363
2013-04-10 11:33:28.0000002,11.722786
2014-03-29 14:59:28.0000003,4.7152185
2014-03-29 14:59:28.0000002,8.080749
2010-04-05 06:01:24.0000001,5.738042
2014-12-01 00:12:44.0000001,28.224516
2012-08-01 18:54:24.0000001,9.3743725
2012-08-01 18:54:24.0000002,6.6321034
2012-08-01 18:54:24.0000003,6.2193813
2013-07-13 18:28:20.0000005,7.8760858
2013-07-13 18:28:20.0000001,5.337167
2013-07-13 18:28:20.0000002,9.327346
2013-07-13 18:28:20.0000004,8.090629
2014-03-06 04:23:32.0000001,9.41008
2014-10-07 19:04:08.0000002,13.270661
2014-10-07 19:04:08.0000005,10.204111
2014-10-07 19:04:08.0000006,15.99272
2014-10-07 19:04:08.0000004,5.7365956
2013-08-21 09:32:24.0000002,13.12857
2013-08-21 09:32:24.0000004,12.791044
2013-08-21 09:32:24.0000003,7.8325987
2015-01-26 07:13:44.0000006,8.030372
2015-01-26 07:13:44.0000002,8.728997
2015-01-26 07:13:44.0000004,8.169978
2015-01-26 07:13:44.0000003,11.908649
2009-03-16 09:55:24.0000003,7.0172415
2009-03-16 09:55:24.0000005,5.127466
2009-03-16 09:55:24.0000004,9.455664
2009-03-16 09:55:24.0000006,6.411545
2009-03-16 09:55:24.0000002,4.456324
2011-03-06 21:01:00.000000150,5.286875
2011-03-06 21:01:00.00000026,4.117892
2011-03-06 21:01:00.000000148,5.6566176
2011-03-06 21:01:00.00000088,5.1577296
2011-03-06 21:01:00.00000098,4.957534
2011-03-06 21:01:00.00000054,11.45513
2011-03-06 21:01:00.000000101,10.241051
2011-03-06 21:01:00.000000175,7.3283625
2011-03-06 21:01:00.00000029,8.70249
2011-03-06 21:01:00.000000106,3.8563502
2011-03-06 21:01:00.00000099,5.5891957
2011-03-06 21:01:00.000000158,9.304808
2011-03-06 21:01:00.000000130,6.454391
2011-03-06 21:01:00.00000027,4.956304
2011-03-06 21:01:00.00000032,18.341797
2011-03-06 21:01:00.000000111,13.750969
2011-03-06 21:01:00.00000024,11.990271
2011-03-06 21:01:00.000000118,9.285727
2011-03-06 21:01:00.00000016,7.626117
2011-03-06 21:01:00.00000066,10.183276
2011-03-06 21:01:00.000000133,12.471687
2011-03-06 21:01:00.00000070,4.9713063
2011-03-06 21:01:00.000000104,5.067661
2011-03-06 21:01:00.00000076,7.325789
2011-03-06 21:01:00.000000141,6.646003
2011-03-06 21:01:00.000000145,5.2852645
2011-03-06 21:01:00.000000143,6.44608
2011-03-06 21:01:00.00000092,5.6766515
2011-03-06 21:01:00.00000080,5.2753944
2011-03-06 21:01:00.00000015,25.060211
2011-03-06 21:01:00.000000153,15.893276
2011-03-06 21:01:00.00000093,11.441125
2011-03-06 21:01:00.000000162,26.331808
2011-03-06 21:01:00.00000062,7.3922815
2011-03-06 21:01:00.000000129,13.8315935
2011-03-06 21:01:00.000000107,17.96324
2011-03-06 21:01:00.00000045,4.818814
2011-03-06 21:01:00.000000115,11.108139
2011-03-06 21:01:00.0000002,4.085268
2011-03-06 21:01:00.00000044,8.271031
2011-03-06 21:01:00.000000167,6.4147897
2011-03-06 21:01:00.000000169,4.442278
2011-03-06 21:01:00.00000067,43.700127
2011-03-06 21:01:00.0000007,6.450741
2011-03-06 21:01:00.000000135,46.05715
2011-03-06 21:01:00.000000128,11.459348
2011-03-06 21:01:00.0000004,6.913971
2011-03-06 21:01:00.00000010,7.570084
2011-03-06 21:01:00.000000151,11.369482
2011-03-06 21:01:00.00000055,9.483444
2011-03-06 21:01:00.00000095,7.4518723
2011-03-06 21:01:00.000000102,8.631963
2011-03-06 21:01:00.00000034,7.889001
2011-03-06 21:01:00.000000108,4.029867
2011-03-06 21:01:00.00000012,4.4375596
2011-03-06 21:01:00.00000085,4.1157255
2011-03-06 21:01:00.0000001,11.114136
2011-03-06 21:01:00.00000035,4.8031206
2011-03-06 21:01:00.00000097,12.097218
2011-03-06 21:01:00.000000105,6.26664
2011-03-06 21:01:00.00000020,10.47509
2011-03-06 21:01:00.000000114,4.268183
2011-03-06 21:01:00.00000038,4.0004196
2011-03-06 21:01:00.0000006,8.629591
2011-03-06 21:01:00.00000086,7.0456586
2011-03-06 21:01:00.00000049,6.110021
2011-03-06 21:01:00.000000147,6.2655325
2011-03-06 21:01:00.00000040,3.7329574
2011-03-06 21:01:00.00000064,6.1629105
2011-03-06 21:01:00.00000061,10.905284
2011-03-06 21:01:00.0000005,5.056224
2011-03-06 21:01:00.0000009,5.5924773
2011-03-06 21:01:00.00000042,4.2717595
2011-03-06 21:01:00.00000022,26.079517
2011-03-06 21:01:00.00000021,15.874536
2011-03-06 21:01:00.00000094,5.2301664
2011-03-06 21:01:00.000000156,8.325479
2011-03-06 21:01:00.00000072,5.581189
2011-03-06 21:01:00.00000031,12.146046
2011-03-06 21:01:00.00000089,5.8095164
2011-03-06 21:01:00.00000023,9.75476
2011-03-06 21:01:00.00000046,4.4294596
2011-03-06 21:01:00.00000087,5.984492
2011-03-06 21:01:00.00000053,12.4585085
2011-03-06 21:01:00.0000008,4.2339478
2011-03-06 21:01:00.000000157,4.845906
2011-03-06 21:01:00.00000077,12.44361
2011-03-06 21:01:00.00000073,10.399565
2011-03-06 21:01:00.00000047,3.9422476
2011-03-06 21:01:00.000000172,6.107222
2011-03-06 21:01:00.00000084,8.971004
2011-03-06 21:01:00.000000122,17.411442
2011-03-06 21:01:00.000000154,15.406679
2011-03-06 21:01:00.000000136,10.171367
2011-03-06 21:01:00.00000075,3.9079962
2011-03-06 21:01:00.00000014,5.115345
2009-09-04 20:52:28.0000002,5.6409516
2009-09-04 20:52:28.0000003,5.259871
2009-09-04 20:52:28.0000004,5.815343
2009-09-04 20:52:28.0000001,4.202105
2013-09-25 05:52:12.0000002,10.666559
2013-09-25 05:52:12.0000001,33.24145
2010-04-16 10:32:24.0000002,7.2073183
2010-04-16 10:32:24.0000001,32.2202
2011-10-12 07:24:40.0000001,8.870424
2011-10-12 07:24:40.0000003,7.3229184
2011-10-12 07:24:40.0000002,26.444914
2010-06-13 13:34:56.0000001,7.501607
2011-11-20 02:39:04.0000002,19.878632
2011-11-20 02:39:04.0000001,4.8762455
2010-12-13 06:42:16.0000002,4.1997437
2010-12-13 06:42:16.0000001,10.072706
2009-11-24 08:58:48.0000003,7.7068396
2009-11-24 08:58:48.0000001,3.884226
2009-11-24 08:58:48.0000006,5.0277896
2009-11-24 08:58:48.0000002,9.357273
2009-11-24 08:58:48.0000005,8.058257
2009-11-24 08:58:48.0000007,9.181502
2014-09-22 07:14:16.0000002,14.555759
2011-05-30 09:32:56.0000001,7.4958615
2012-09-21 05:41:36.0000001,14.908245
2010-11-22 19:30:04.0000002,8.728911
2010-11-22 19:30:04.0000001,10.223
2010-10-05 02:09:00.0000005,5.86107
2010-10-05 02:09:00.0000006,21.05948
2010-10-05 02:09:00.0000007,10.184287
2010-10-05 02:09:00.00000018,21.002453
2010-10-05 02:09:00.00000011,20.375427
2010-10-05 02:09:00.00000023,9.885214
2010-10-05 02:09:00.00000012,9.306804
2010-10-05 02:09:00.00000022,4.3809185
2010-10-05 02:09:00.00000013,18.42043
2010-10-05 02:09:00.0000003,21.518982
2010-10-05 02:09:00.00000010,4.4199786
2010-10-05 02:09:00.0000001,7.869758
2010-10-05 02:09:00.00000021,5.2770715
2010-10-05 02:09:00.0000008,12.261598
2010-10-05 02:09:00.00000027,6.2271934
2010-10-05 02:09:00.0000002,17.826315
2010-10-05 02:09:00.00000015,5.4814353
2014-08-23 16:30:24.0000002,8.623332
2014-08-23 16:30:24.0000001,6.2912617
2012-03-15 08:17:36.0000001,9.004537
2012-03-15 08:17:36.0000002,5.2269254
2012-03-15 08:17:36.0000005,18.15978
2012-03-15 08:17:36.0000004,19.086859
2012-03-15 08:17:36.0000003,5.2270656
2013-10-04 02:53:20.0000001,6.387361
2013-10-04 02:53:20.0000002,12.098389
2009-03-28 15:09:20.0000001,9.12487
2009-03-28 15:09:20.0000003,16.904652
2009-03-28 15:09:20.0000002,15.548196
2012-01-25 22:43:44.0000003,10.806858
2012-01-25 22:43:44.0000004,8.049977
2012-01-25 22:43:44.0000002,4.7244306
2012-01-25 22:43:44.0000001,14.829642
2011-07-21 07:51:32.0000002,5.6956306
2011-07-21 07:51:32.0000003,10.339647
2011-07-21 07:51:32.0000001,5.661056
2010-12-01 22:04:52.0000001,7.6804647
2013-06-23 02:54:32.0000003,7.581379
2013-06-23 02:54:32.0000002,6.210292
2014-03-24 22:36:24.0000004,8.9409
2014-03-24 22:36:24.0000002,8.913261
2014-03-24 22:36:24.0000001,5.4577584
2014-03-24 22:36:24.0000003,7.173466
2013-09-13 01:54:20.0000001,7.1460137
2013-10-14 18:30:36.0000003,15.506723
2013-10-14 18:30:36.0000002,7.9238887
2013-10-14 18:30:36.0000004,14.263476
2013-10-14 18:30:36.0000001,4.495741
2013-11-18 15:07:28.0000006,9.914958
2013-11-18 15:07:28.0000004,55.513794
2013-11-18 15:07:28.0000001,5.8310223
2013-11-18 15:07:28.0000005,5.726656
2013-11-18 15:07:28.0000002,7.0602446
2011-02-20 23:35:12.0000001,6.493601
2011-02-20 23:35:12.0000004,9.56243
2011-02-20 23:35:12.0000005,20.37062
2011-02-20 23:35:12.0000003,11.999285
2011-02-20 23:35:12.0000002,13.663751
2010-02-06 19:59:16.0000001,10.6512375
2012-03-10 02:36:04.0000003,8.531597
2012-03-10 02:36:04.0000002,11.380927
2012-03-10 02:36:04.0000001,6.611184
2014-04-13 17:35:52.0000002,6.843457
2010-04-04 21:59:56.0000002,6.792839
2010-04-04 21:59:56.0000001,12.520718
2010-04-04 21:59:56.0000003,9.535683
2010-04-04 21:59:56.0000004,5.5629315
2013-03-23 04:51:12.0000001,15.166378
2010-06-29 00:22:24.0000002,44.682064
2010-06-29 00:22:24.0000001,4.4714384
2011-10-17 12:37:56.0000002,5.6450343
2011-10-17 12:37:56.0000001,6.606364
2012-01-30 19:07:52.0000003,10.409566
2012-01-30 19:07:52.0000002,7.295664
2012-01-30 19:07:52.0000004,10.250481
2012-01-30 19:07:52.0000001,5.456431
2012-01-30 19:07:52.0000005,9.406315
2011-05-30 01:44:40.0000001,9.031634
2011-05-30 01:44:40.0000002,6.3812485
2011-02-08 01:04:08.0000001,7.809899
2012-05-23 16:25:16.0000002,7.040818
2011-09-20 18:02:28.0000001,7.2255154
2009-10-08 10:04:36.0000001,32.2992
2009-10-08 10:04:36.0000003,10.253763
2009-10-08 10:04:36.0000002,27.884684
2010-07-02 22:03:04.0000002,13.190794
2010-07-02 22:03:04.0000001,6.274355
2012-05-03 14:11:36.0000002,6.536267
2012-05-03 14:11:36.0000005,10.479111
2012-05-03 14:11:36.0000004,30.709208
2012-05-03 14:11:36.0000003,15.168328
2012-05-03 14:11:36.0000001,6.1108503
2013-04-04 16:31:56.0000001,16.136892
2013-04-04 16:31:56.0000002,7.991009
2009-12-02 15:59:56.0000001,33.111454
2009-12-02 15:59:56.0000002,6.428707
2010-01-03 02:03:40.0000002,7.150813
2010-01-03 02:03:40.0000003,5.513541
2011-08-21 10:54:24.0000003,7.0972223
2011-08-21 10:54:24.0000002,64.42847
2011-08-21 10:54:24.0000001,13.37362
2011-01-30 14:38:24.0000003,6.348595
2011-01-30 14:38:24.0000002,14.970486
2011-04-16 21:23:16.0000004,17.37446
2011-04-16 21:23:16.0000002,10.734534
2011-04-16 21:23:16.0000006,5.028861
2013-10-05 19:51:04.0000006,7.759465
2013-10-05 19:51:04.0000005,14.432523
2013-10-05 19:51:04.0000003,17.352892
2013-10-05 19:51:04.0000002,15.020287
2014-10-31 08:17:44.0000002,8.787004
2014-10-31 08:17:44.0000004,9.508022
2014-10-31 08:17:44.0000005,8.967122
2014-10-31 08:17:44.0000001,9.062508
2014-10-31 08:17:44.0000003,21.348854
2009-05-31 21:24:56.0000001,12.81851
2014-06-04 01:50:40.0000001,16.527191
2009-07-14 17:59:12.0000001,6.002881
2009-07-14 17:59:12.0000003,5.00945
2012-12-05 16:33:52.0000002,17.844692
2012-12-05 16:33:52.0000001,43.85714
2009-12-18 12:37:04.0000005,7.5328064
2009-12-18 12:37:04.0000001,9.652391
2009-12-18 12:37:04.0000006,11.90802
2009-12-18 12:37:04.0000004,9.382601
2009-12-18 12:37:04.0000007,10.809767
2009-12-18 12:37:04.0000002,10.388343
2012-11-21 15:12:48.0000001,6.510739
2011-05-03 07:01:40.0000001,12.416441
2011-05-03 07:01:40.0000002,5.1041927
2011-05-03 07:01:40.0000003,5.428908
2010-09-21 06:27:32.0000002,17.526329
2010-09-21 06:27:32.0000001,8.846181
2011-10-07 22:08:20.0000003,4.562034
2011-10-07 22:08:20.0000006,9.450633
2009-02-08 08:48:20.0000001,4.3611927
2013-09-24 21:16:40.0000006,9.018334
2013-09-24 21:16:40.0000003,9.584486
2013-09-24 21:16:40.0000001,11.169973
2013-09-24 21:16:40.0000007,13.34108
2013-09-24 21:16:40.0000002,13.00038
2013-09-24 21:16:40.0000004,11.156852
2012-03-14 19:10:48.0000005,12.811413
2012-03-14 19:10:48.0000008,5.0307426
2012-03-14 19:10:48.0000002,10.236911
2012-03-14 19:10:48.0000004,6.2035594
2012-03-14 19:10:48.0000001,6.1950827
2012-03-14 19:10:48.0000009,7.734771
2012-03-14 19:10:48.0000006,12.609028
2009-11-12 11:01:20.0000001,7.020895
2009-11-12 11:01:20.0000002,4.5223475
2009-06-21 04:28:48.0000002,12.977567
2009-06-21 04:28:48.0000003,12.789218
2014-01-25 12:36:52.0000002,9.3454
2014-01-25 12:36:52.0000001,8.606069
2012-12-27 13:23:48.0000001,11.636873
2011-06-28 16:09:44.0000001,6.0279703
2010-12-01 08:35:20.0000001,10.209818
2012-11-19 12:40:40.0000005,6.145569
2012-11-19 12:40:40.0000001,5.8320446
2012-11-19 12:40:40.0000002,8.413784
2012-11-19 12:40:40.0000003,12.370446
2012-11-19 12:40:40.0000004,46.11734
2009-07-13 17:58:04.0000001,10.216971
2009-07-13 17:58:04.0000003,6.110421
2009-07-13 17:58:04.0000002,7.803159
2011-06-25 11:42:36.0000003,4.3386917
2011-06-25 11:42:36.0000002,24.799658
2012-01-26 07:33:00.000000128,11.589406
2012-01-26 07:33:00.00000032,8.277205
2012-01-26 07:33:00.000000163,6.282924
2012-01-26 07:33:00.000000155,7.1681952
2012-01-26 07:33:00.000000153,8.455603
2012-01-26 07:33:00.00000049,5.6108904
2012-01-26 07:33:00.00000095,4.6527915
2012-01-26 07:33:00.000000158,15.847715
2012-01-26 07:33:00.00000050,7.2506723
2012-01-26 07:33:00.00000015,6.638427
2012-01-26 07:33:00.00000062,9.004015
2012-01-26 07:33:00.00000037,16.036268
2012-01-26 07:33:00.00000069,12.228913
2012-01-26 07:33:00.000000142,4.7682824
2012-01-26 07:33:00.000000150,5.3547025
2012-01-26 07:33:00.000000147,8.112442
2012-01-26 07:33:00.000000125,7.3194933
2012-01-26 07:33:00.000000124,28.654495
2012-01-26 07:33:00.000000129,6.0339212
2012-01-26 07:33:00.00000033,10.902902
2012-01-26 07:33:00.0000004,32.40525
2012-01-26 07:33:00.00000029,9.046066
2012-01-26 07:33:00.000000113,5.67914
2012-01-26 07:33:00.00000017,12.52676
2012-01-26 07:33:00.00000067,9.10726
2012-01-26 07:33:00.000000141,28.950552
2012-01-26 07:33:00.00000036,11.801122
2012-01-26 07:33:00.000000162,20.130203
2012-01-26 07:33:00.000000118,10.184609
2012-01-26 07:33:00.000000154,25.318037
2012-01-26 07:33:00.000000143,9.181007
2012-01-26 07:33:00.00000083,8.08666
2012-01-26 07:33:00.000000191,7.6607842
2012-01-26 07:33:00.000000140,10.311107
2012-01-26 07:33:00.00000086,4.606684
2012-01-26 07:33:00.0000002,9.115872
2012-01-26 07:33:00.000000170,5.9602294
2012-01-26 07:33:00.00000010,6.5231795
2012-01-26 07:33:00.00000053,7.244721
2012-01-26 07:33:00.000000102,11.091173
2012-01-26 07:33:00.00000055,5.7386494
2012-01-26 07:33:00.0000007,9.468282
2012-01-26 07:33:00.00000013,6.2211056
2012-01-26 07:33:00.000000165,30.16628
2012-01-26 07:33:00.00000026,4.1415925
2012-01-26 07:33:00.000000137,5.3688025
2012-01-26 07:33:00.00000048,10.103239
2012-01-26 07:33:00.00000059,9.996421
2012-01-26 07:33:00.000000132,8.274443
2012-01-26 07:33:00.00000096,11.829397
2012-01-26 07:33:00.000000190,4.48152
2012-01-26 07:33:00.000000156,8.192493
2012-01-26 07:33:00.00000075,8.470172
2012-01-26 07:33:00.00000084,6.2052712
2012-01-26 07:33:00.0000006,5.3258286
2012-01-26 07:33:00.00000021,7.2481875
2012-01-26 07:33:00.0000001,11.864955
2012-01-26 07:33:00.0000005,5.164929
2012-01-26 07:33:00.00000034,5.255359
2012-01-26 07:33:00.000000117,4.37778
2012-01-26 07:33:00.000000106,10.246915
2012-01-26 07:33:00.00000077,8.233221
2012-01-26 07:33:00.00000045,5.4324436
2012-01-26 07:33:00.000000116,11.0871725
2012-01-26 07:33:00.0000009,21.908752
2012-01-26 07:33:00.000000146,4.948057
2012-01-26 07:33:00.00000027,22.13936
2012-01-26 07:33:00.000000127,7.1658173
2012-01-26 07:33:00.000000172,5.227162
2012-01-26 07:33:00.00000074,4.466309
2012-01-26 07:33:00.00000014,19.007507
2012-01-26 07:33:00.000000108,8.089274
2012-01-26 07:33:00.000000109,14.422388
2012-01-26 07:33:00.000000152,6.0388565
2012-01-26 07:33:00.00000047,5.8485656
2012-01-26 07:33:00.000000192,9.525927
2012-01-26 07:33:00.00000054,5.6607165
2012-01-26 07:33:00.000000185,5.29975
2012-01-26 07:33:00.000000187,8.647204
2012-01-26 07:33:00.00000060,9.662737
2012-01-26 07:33:00.000000130,7.1954327
2012-01-26 07:33:00.00000046,10.391006
2012-01-26 07:33:00.000000182,6.968347
2012-01-26 07:33:00.000000177,12.436401
2012-01-26 07:33:00.000000135,26.944733
2012-01-26 07:33:00.00000063,4.7200828
2012-01-26 07:33:00.00000079,6.8811226
2012-01-26 07:33:00.000000169,9.202628
2012-01-26 07:33:00.00000094,9.419866
2012-01-26 07:33:00.000000176,11.266897
2012-01-26 07:33:00.00000061,4.263816
2012-01-26 07:33:00.000000188,4.778386
2012-01-26 07:33:00.000000174,12.256309
2012-01-26 07:33:00.000000126,6.9833655
2012-01-26 07:33:00.000000139,29.34612
2012-01-26 07:33:00.000000184,5.064499
2012-01-26 07:33:00.000000107,4.496057
2012-01-26 07:33:00.00000038,5.0744815
2012-01-26 07:33:00.000000134,4.6284404
2012-01-26 07:33:00.00000058,19.82989
2012-01-26 07:33:00.00000078,5.5837216
2012-01-26 07:33:00.00000019,4.8334513
2012-01-26 07:33:00.000000111,8.448899
2012-01-26 07:33:00.000000178,20.080244
2012-01-26 07:33:00.0000003,8.895769
2012-01-26 07:33:00.00000052,13.555357
2012-01-26 07:33:00.00000040,11.3527355
2012-01-26 07:33:00.000000148,10.892476
2012-01-26 07:33:00.00000066,12.206905
2012-01-26 07:33:00.00000041,5.269435
2012-01-26 07:33:00.00000070,8.836766
2012-01-26 07:33:00.000000157,28.467484
2012-01-26 07:33:00.000000179,8.37663
2012-01-26 07:33:00.000000112,16.841078
2012-01-26 07:33:00.00000073,6.623408
2012-01-26 07:33:00.000000138,17.57886
2012-01-26 07:33:00.00000092,10.864577
2012-01-26 07:33:00.000000164,17.877747
2012-01-26 07:33:00.000000123,6.6704497
2012-01-26 07:33:00.00000043,5.1881094
2012-01-26 07:33:00.00000093,5.4211903
2012-01-26 07:33:00.00000016,25.070545
2012-01-26 07:33:00.000000144,7.7946906
2012-01-26 07:33:00.00000042,6.4735
2012-01-26 07:33:00.00000011,9.494368
2012-01-26 07:33:00.00000035,10.446966
2012-01-26 07:33:00.00000098,9.440303
2012-01-26 07:33:00.000000149,20.847252
2012-01-26 07:33:00.000000110,4.980465
2012-01-26 07:33:00.000000159,10.7369375
2015-03-20 23:34:40.0000007,7.063964
2015-03-20 23:34:40.0000002,26.773083
2015-03-20 23:34:40.0000006,4.967232
2013-12-14 03:20:48.0000001,30.83907
2013-12-14 03:20:48.0000002,3.7716198
2014-04-14 07:03:52.0000001,8.449082
2014-04-14 07:03:52.0000002,11.789212
2015-05-21 07:08:08.0000002,7.7116404
2011-08-30 16:48:24.0000003,7.516824
2011-08-30 16:48:24.0000002,11.023311
2011-08-30 16:48:24.0000001,6.959957
2010-12-09 07:29:00.000000189,4.718668
2010-12-09 07:29:00.00000027,17.066084
2010-12-09 07:29:00.000000184,10.69173
2010-12-09 07:29:00.00000030,4.4665017
2010-12-09 07:29:00.00000011,4.5160885
2010-12-09 07:29:00.00000065,7.57795
2010-12-09 07:29:00.00000063,7.192214
2010-12-09 07:29:00.000000133,15.306901
2010-12-09 07:29:00.00000054,6.807139
2010-12-09 07:29:00.00000021,11.794546
2010-12-09 07:29:00.000000162,5.323349
2010-12-09 07:29:00.000000144,8.92267
2010-12-09 07:29:00.000000116,9.509437
2010-12-09 07:29:00.000000142,4.422729
2010-12-09 07:29:00.000000113,10.711871
2010-12-09 07:29:00.000000105,8.195644
2010-12-09 07:29:00.00000047,4.9016156
2010-12-09 07:29:00.0000008,6.4684954
2010-12-09 07:29:00.00000099,4.0092955
2010-12-09 07:29:00.00000048,5.5473747
2010-12-09 07:29:00.00000076,12.059216
2010-12-09 07:29:00.000000174,16.217636
2010-12-09 07:29:00.000000130,20.278217
2010-12-09 07:29:00.000000177,8.182495
2010-12-09 07:29:00.00000088,7.0469594
2010-12-09 07:29:00.00000091,6.4087615
2010-12-09 07:29:00.00000072,4.335621
2010-12-09 07:29:00.00000014,8.381631
2010-12-09 07:29:00.000000157,6.631546
2010-12-09 07:29:00.000000109,10.904829
2010-12-09 07:29:00.00000016,7.1996527
2010-12-09 07:29:00.00000023,5.861913
2010-12-09 07:29:00.000000118,7.244303
2010-12-09 07:29:00.00000017,6.174148
2010-12-09 07:29:00.00000032,9.787173
2010-12-09 07:29:00.000000188,9.232735
2010-12-09 07:29:00.00000040,5.949085
2010-12-09 07:29:00.00000037,9.055492
2010-12-09 07:29:00.000000128,7.6183085
2010-12-09 07:29:00.00000057,6.2986007
2010-12-09 07:29:00.000000125,8.795402
2010-12-09 07:29:00.000000159,6.6406045
2010-12-09 07:29:00.00000018,5.529961
2010-12-09 07:29:00.000000107,5.5688
2010-12-09 07:29:00.00000051,16.736935
2010-12-09 07:29:00.00000042,7.9304304
2010-12-09 07:29:00.00000059,6.6378937
2010-12-09 07:29:00.00000075,5.2050033
2010-12-09 07:29:00.00000035,7.3710303
2010-12-09 07:29:00.00000029,6.437188
2010-12-09 07:29:00.00000045,7.920134
2010-12-09 07:29:00.00000055,5.5948176
2010-12-09 07:29:00.000000140,8.943935
2010-12-09 07:29:00.00000060,9.357043
2010-12-09 07:29:00.000000185,12.361399
2010-12-09 07:29:00.000000120,4.785381
2010-12-09 07:29:00.000000104,5.952952
2010-12-09 07:29:00.000000191,5.1746793
2010-12-09 07:29:00.000000106,4.96448
2010-12-09 07:29:00.00000039,5.5542645
2010-12-09 07:29:00.000000132,4.215396
2010-12-09 07:29:00.00000019,6.98148
2010-12-09 07:29:00.000000166,4.3497996
2010-12-09 07:29:00.000000111,6.7367206
2010-12-09 07:29:00.00000013,5.4492884
2010-12-09 07:29:00.000000138,5.632253
2010-12-09 07:29:00.00000085,33.552505
2010-12-09 07:29:00.000000169,5.7579665
2010-12-09 07:29:00.000000153,11.837781
2010-12-09 07:29:00.00000033,46.850113
2010-12-09 07:29:00.000000173,9.689198
2010-12-09 07:29:00.00000077,5.4959383
2010-12-09 07:29:00.000000190,4.3561444
2010-12-09 07:29:00.000000137,4.4471107
2010-12-09 07:29:00.0000009,7.7521024
2010-12-09 07:29:00.000000155,8.203925
2010-12-09 07:29:00.0000004,15.868752
2010-12-09 07:29:00.000000119,5.31576
2010-12-09 07:29:00.000000100,7.327937
2010-12-09 07:29:00.00000024,5.266906
2010-12-09 07:29:00.00000096,12.545305
2010-12-09 07:29:00.000000170,7.602052
2010-12-09 07:29:00.000000131,6.377728
2010-12-09 07:29:00.00000022,12.035668
2010-12-09 07:29:00.00000053,6.6407266
2010-12-09 07:29:00.000000165,61.958782
2010-12-09 07:29:00.000000114,8.413188
2010-12-09 07:29:00.00000074,9.00236
2010-12-09 07:29:00.00000070,6.658714
2010-12-09 07:29:00.000000167,4.073465
2010-12-09 07:29:00.000000110,5.807382
2010-12-09 07:29:00.00000020,11.809835
2010-12-09 07:29:00.000000147,7.461065
2010-12-09 07:29:00.000000178,29.353872
2010-12-09 07:29:00.000000146,7.1751785
2010-12-09 07:29:00.000000103,7.6735473
2010-12-09 07:29:00.000000149,10.113029
2010-12-09 07:29:00.000000182,10.615115
2010-12-09 07:29:00.000000124,8.05695
2010-12-09 07:29:00.000000154,10.339453
2010-12-09 07:29:00.000000117,6.8163958
2010-12-09 07:29:00.00000034,9.679017
2010-12-09 07:29:00.00000084,10.0416155
2010-12-09 07:29:00.00000064,6.2986717
2010-12-09 07:29:00.000000126,15.613051
2010-12-09 07:29:00.00000082,7.447179
2010-12-09 07:29:00.00000092,10.531066
2010-12-09 07:29:00.00000087,5.4144425
2010-12-09 07:29:00.00000095,19.927546
2010-12-09 07:29:00.000000101,8.689967
2010-12-09 07:29:00.000000122,6.8562245
2010-12-09 07:29:00.000000160,6.516671
2010-12-09 07:29:00.000000175,8.008134
2010-12-09 07:29:00.00000043,7.8192263
2010-12-09 07:29:00.00000061,11.598368
2010-12-09 07:29:00.000000179,4.6518497
2010-12-09 07:29:00.00000049,7.9632144
2010-12-09 07:29:00.000000172,48.060875
2010-12-09 07:29:00.000000192,8.137423
2010-12-09 07:29:00.000000194,5.4747124
2010-12-09 07:29:00.00000052,8.76704
2010-12-09 07:29:00.00000058,5.88084
2010-12-09 07:29:00.00000010,6.7181044
2010-12-09 07:29:00.000000108,5.5526953
2010-12-09 07:29:00.000000129,9.564409
2010-12-09 07:29:00.000000163,7.9608126
2010-12-09 07:29:00.000000161,8.844402
2010-12-09 07:29:00.000000187,5.9173436
2010-12-09 07:29:00.000000158,6.4135227
2010-12-09 07:29:00.000000121,10.140574
2010-12-09 07:29:00.000000176,5.047847
2011-09-25 13:01:20.0000005,8.119388
2011-09-25 13:01:20.0000001,7.491664
2011-09-25 13:01:20.0000004,8.881372
2011-09-25 13:01:20.0000006,13.379233
2011-09-25 13:01:20.0000003,5.5051556
2012-09-08 04:35:16.0000001,25.941153
2012-05-08 03:50:00.00000011,21.847784
2012-05-08 03:50:00.0000002,4.7462516
2012-05-08 03:50:00.0000008,16.605936
2012-05-08 03:50:00.0000007,7.5354733
2012-05-08 03:50:00.00000015,15.806936
2012-05-08 03:50:00.00000016,7.1198483
2012-05-08 03:50:00.0000003,6.379145
2012-05-08 03:50:00.00000014,4.5881166
2012-05-08 03:50:00.0000004,14.843516
2010-10-06 21:23:24.0000003,5.714636
2010-10-06 21:23:24.0000001,6.802582
2010-10-06 21:23:24.0000005,11.85902
2010-10-06 21:23:24.0000002,5.0524364
2010-10-06 21:23:24.0000004,6.512848
2014-05-17 02:47:12.0000002,12.24256
2009-07-31 07:30:56.0000002,4.48159
2009-07-31 07:30:56.0000001,8.604853
2012-03-06 07:33:04.0000002,8.308232
2009-01-29 22:15:48.0000001,10.258975
2013-03-17 12:44:04.0000001,6.5437493
2014-06-18 09:23:32.0000001,18.52744
2011-09-21 13:15:36.0000004,7.7893205
2011-09-21 13:15:36.0000003,7.4470663
2011-09-21 13:15:36.0000001,8.43124
2011-09-21 13:15:36.0000002,51.133007
2015-03-12 19:43:24.0000001,22.102247
2015-03-12 19:43:24.0000002,39.42946
2015-03-12 19:43:24.0000007,9.097559
2015-03-12 19:43:24.0000004,15.298365
2014-01-18 17:43:28.0000005,7.449633
2014-01-18 17:43:28.0000003,5.7075686
2014-01-18 17:43:28.0000002,15.45142
2014-01-18 17:43:28.0000004,13.111678
2011-04-05 01:15:44.0000001,9.710765
2011-04-05 01:15:44.0000002,10.482897
2011-09-04 01:36:36.0000002,15.492447
2010-08-09 08:53:56.0000004,9.550104
2010-08-09 08:53:56.0000006,8.355661
2010-08-09 08:53:56.0000002,11.251669
2010-08-09 08:53:56.0000003,16.546534
2010-08-09 08:53:56.0000005,9.1456585
2010-03-27 07:05:08.0000001,4.4681234
2011-11-16 12:52:52.0000002,7.483527
2011-11-16 12:52:52.0000003,5.8311877
2011-11-16 12:52:52.0000001,48.067123
2009-10-29 10:48:40.0000002,8.352133
2009-10-29 10:48:40.0000001,11.189969
2015-02-01 00:48:44.0000009,21.02953
2015-02-01 00:48:44.0000004,10.981874
2015-02-01 00:48:44.0000008,8.766697
2015-02-01 00:48:44.0000006,8.88384
2015-02-01 00:48:44.0000007,13.779306
2014-04-03 02:31:08.0000001,6.9598074
2010-07-04 03:28:44.0000001,17.431086
2009-03-31 23:01:36.0000002,7.613291
2009-03-31 23:01:36.0000001,23.517294
2009-03-31 23:01:36.0000003,12.30852
2012-02-02 00:49:56.0000002,5.605353
2012-02-02 00:49:56.0000001,21.445835
2012-02-02 00:49:56.0000003,16.399544
2012-02-02 00:49:56.0000004,13.527105
2014-01-26 15:28:52.0000003,8.079944
2012-02-14 15:32:40.0000002,5.417104
2012-02-14 15:32:40.0000004,6.302248
2012-02-14 15:32:40.0000001,8.305768
2012-02-14 15:32:40.0000003,8.574458
2011-12-06 11:07:40.0000001,18.438925
2011-12-06 11:07:40.0000005,6.3066783
2011-07-12 19:41:48.0000002,13.894779
2011-07-12 19:41:48.0000003,10.892821
2011-07-12 19:41:48.0000004,7.6115212
2010-09-16 14:27:16.0000001,8.80997
2010-09-16 14:27:16.0000003,10.77223
2010-09-16 14:27:16.0000004,10.7492
2010-09-16 14:27:16.0000005,11.653905
2014-06-11 01:13:40.0000001,12.553926
2013-05-18 15:28:40.0000003,8.776914
2013-05-18 15:28:40.0000002,9.142318
2015-02-14 20:20:56.0000001,8.820464
2015-02-14 20:20:56.0000002,7.6980114
2015-02-14 20:20:56.0000004,5.6910405
2009-01-22 12:27:20.0000003,6.7267156
2011-04-23 21:22:20.0000001,4.941957
2013-09-01 17:57:04.0000002,4.7301025
2013-09-01 17:57:04.0000003,7.1682262
2013-04-22 13:19:16.0000001,20.034554
2013-04-22 13:19:16.0000002,11.400593
2013-04-22 13:19:16.0000003,6.891051
2015-02-21 18:39:16.0000002,5.392711
2009-04-23 00:05:40.0000001,25.83881
2009-04-23 00:05:40.0000003,7.4043117
2012-05-28 05:48:40.0000001,30.111336
2010-01-03 20:04:52.0000001,16.891874
2013-03-09 21:40:52.0000003,13.209645
2013-03-09 21:40:52.0000002,7.6395326
2011-04-21 08:22:32.0000001,4.417321
2011-02-20 09:22:16.0000002,28.60061
2011-02-20 09:22:16.0000001,6.35933
2010-07-22 09:37:12.0000003,8.255801
2010-07-22 09:37:12.0000004,6.5819674
2010-07-22 09:37:12.0000001,10.4021845
2011-01-24 20:47:04.0000002,9.053629
2013-07-22 15:05:16.0000004,11.873252
2013-07-22 15:05:16.0000001,4.4720063
2013-07-22 15:05:16.0000002,22.326283
2013-07-22 15:05:16.0000003,5.3181124
2013-01-23 16:22:04.0000003,12.638506
2013-01-23 16:22:04.0000002,9.809886
2013-01-23 16:22:04.0000001,8.740854
2013-01-06 12:46:36.0000001,3.605863
2013-01-06 12:46:36.0000002,6.1862345
2012-02-13 04:52:32.0000001,48.885704
2013-02-07 08:34:24.0000001,10.59795
2013-02-07 08:34:24.0000003,10.654639
2013-02-07 08:34:24.0000004,8.2495165
2013-02-07 08:34:24.0000002,14.671441
2015-02-21 17:23:28.0000005,14.91822
2015-02-21 17:23:28.0000003,8.775712
2015-02-21 17:23:28.0000002,8.687074
2015-02-21 17:23:28.0000001,8.147344
2015-02-21 17:23:28.0000006,4.762287
2013-06-19 13:36:52.0000004,8.293265
2013-06-19 13:36:52.0000001,9.387317
2013-06-19 13:36:52.0000002,10.591475
2013-06-19 13:36:52.0000005,41.142475
2013-06-19 13:36:52.0000003,21.32194
2015-06-26 16:04:04.0000002,5.7005763
2015-06-26 16:04:04.0000001,4.1630473
2010-06-05 07:08:36.0000001,6.936914
2011-10-28 13:48:16.0000002,10.537782
2011-10-28 13:48:16.0000001,7.054164
2011-10-28 13:48:16.0000003,6.0264
2012-09-29 02:53:20.0000001,10.339508
2011-08-06 12:59:12.0000001,14.105531
2012-11-19 22:15:32.0000002,27.241278
2013-11-29 20:09:12.0000002,9.301338
2012-05-31 17:54:48.0000003,11.387019
2012-05-31 17:54:48.0000002,11.1672735
2012-05-31 17:54:48.0000001,4.9033527
2012-05-31 17:54:48.0000004,6.939531
2012-04-20 08:03:52.0000001,12.032361
2012-04-20 08:03:52.0000002,8.697152
2012-04-20 08:03:52.0000003,8.350624
2009-01-26 18:26:48.0000001,7.779589
2009-01-26 18:26:48.0000003,5.841677
2009-01-26 18:26:48.0000004,10.812007
2009-01-26 18:26:48.0000002,8.442344
2011-10-20 00:50:48.0000003,14.859563
2011-10-20 00:50:48.0000002,4.8497486
2011-10-20 00:50:48.0000001,4.692749
2011-06-03 11:45:16.0000002,10.684571
2011-06-03 11:45:16.0000004,9.141705
2011-06-03 11:45:16.0000005,5.50832
2011-06-03 11:45:16.0000001,4.535114
2011-06-03 11:45:16.0000003,5.688546
2011-10-25 20:34:20.0000001,7.6311097
2012-07-05 18:30:36.0000005,10.396305
2012-07-05 18:30:36.0000006,7.6051106
2012-07-05 18:30:36.0000003,4.937555
2012-07-05 18:30:36.0000001,10.021897
2012-07-05 18:30:36.0000007,7.900723
2012-07-05 18:30:36.0000002,6.5064416
2015-04-07 14:31:12.0000002,9.152179
2015-04-07 14:31:12.0000003,6.846246
2013-08-28 00:27:36.0000002,10.907692
2013-08-28 00:27:36.0000001,6.4352884
2012-11-20 21:54:00.00000037,6.966916
2012-11-20 21:54:00.00000081,12.310953
2012-11-20 21:54:00.000000210,9.126238
2012-11-20 21:54:00.00000050,4.9315944
2012-11-20 21:54:00.000000175,53.81604
2012-11-20 21:54:00.000000208,6.288707
2012-11-20 21:54:00.000000198,6.3357215
2012-11-20 21:54:00.000000185,7.7357535
2012-11-20 21:54:00.00000028,11.390622
2012-11-20 21:54:00.000000134,7.357129
2012-11-20 21:54:00.00000091,5.147714
2012-11-20 21:54:00.00000033,4.4999976
2012-11-20 21:54:00.00000082,6.9312167
2012-11-20 21:54:00.000000142,27.179094
2012-11-20 21:54:00.000000180,26.971416
2012-11-20 21:54:00.00000093,15.708339
2012-11-20 21:54:00.000000159,5.0834517
2012-11-20 21:54:00.000000165,7.5579133
2012-11-20 21:54:00.000000235,6.935811
2012-11-20 21:54:00.00000089,4.8883934
2012-11-20 21:54:00.000000168,17.62014
2012-11-20 21:54:00.000000224,6.084844
2012-11-20 21:54:00.000000158,6.8950763
2012-11-20 21:54:00.000000212,56.55009
2012-11-20 21:54:00.000000147,36.327812
2012-11-20 21:54:00.000000140,13.339939
2012-11-20 21:54:00.00000018,17.339254
2012-11-20 21:54:00.000000124,5.745865
2012-11-20 21:54:00.000000181,6.6803403
2012-11-20 21:54:00.000000187,12.174449
2012-11-20 21:54:00.00000058,20.401651
2012-11-20 21:54:00.000000151,19.423544
2012-11-20 21:54:00.000000126,7.4162793
2012-11-20 21:54:00.00000099,12.605094
2012-11-20 21:54:00.000000120,8.729698
2012-11-20 21:54:00.0000009,4.9503675
2012-11-20 21:54:00.000000206,7.322387
2012-11-20 21:54:00.00000079,6.029322
2012-11-20 21:54:00.000000237,14.132995
2012-11-20 21:54:00.000000143,14.067153
2012-11-20 21:54:00.000000111,7.095531
2012-11-20 21:54:00.000000106,10.450092
2012-11-20 21:54:00.000000245,5.4956884
2012-11-20 21:54:00.00000032,12.243604
2012-11-20 21:54:00.00000075,7.8553596
2012-11-20 21:54:00.000000244,25.12912
2012-11-20 21:54:00.00000094,4.053051
2012-11-20 21:54:00.000000118,34.24437
2012-11-20 21:54:00.000000188,9.436639
2012-11-20 21:54:00.00000051,19.103878
2012-11-20 21:54:00.000000109,12.117714
2012-11-20 21:54:00.0000003,7.087545
2012-11-20 21:54:00.000000114,26.443766
2012-11-20 21:54:00.00000013,5.3135166
2012-11-20 21:54:00.000000192,6.516954
2012-11-20 21:54:00.000000228,4.6216125
2012-11-20 21:54:00.000000236,10.347213
2012-11-20 21:54:00.000000178,13.698729
2012-11-20 21:54:00.00000027,11.782069
2012-11-20 21:54:00.000000176,5.184076
2012-11-20 21:54:00.0000008,7.20361
2012-11-20 21:54:00.00000061,18.439194
2012-11-20 21:54:00.00000011,14.168757
2012-11-20 21:54:00.00000096,7.571577
2012-11-20 21:54:00.000000231,7.1256175
2012-11-20 21:54:00.000000190,13.073233
2012-11-20 21:54:00.000000166,38.683014
2012-11-20 21:54:00.00000022,5.4903574
2012-11-20 21:54:00.000000234,15.143548
2012-11-20 21:54:00.00000035,7.8514805
2012-11-20 21:54:00.00000041,14.522238
2012-11-20 21:54:00.000000113,7.841768
2012-11-20 21:54:00.00000045,12.615511
2012-11-20 21:54:00.000000157,12.903834
2012-11-20 21:54:00.000000163,16.798424
2012-11-20 21:54:00.000000193,13.059625
2012-11-20 21:54:00.00000063,6.8388844
2012-11-20 21:54:00.000000183,6.289868
2012-11-20 21:54:00.000000182,16.104826
2012-11-20 21:54:00.000000117,9.981939
2012-11-20 21:54:00.000000156,16.986792
2012-11-20 21:54:00.000000220,8.090637
2012-11-20 21:54:00.000000227,7.3191776
2012-11-20 21:54:00.000000194,13.623022
2012-11-20 21:54:00.000000201,8.944078
2012-11-20 21:54:00.000000115,43.7542
2012-11-20 21:54:00.000000217,9.866845
2012-11-20 21:54:00.00000017,13.719072
2012-11-20 21:54:00.000000139,5.665709
2012-11-20 21:54:00.00000038,11.192385
2012-11-20 21:54:00.000000107,5.2707496
2012-11-20 21:54:00.000000218,17.587545
2012-11-20 21:54:00.000000214,21.234488
2012-11-20 21:54:00.000000213,12.64363
2012-11-20 21:54:00.000000215,32.527325
2012-11-20 21:54:00.000000112,9.032617
2012-11-20 21:54:00.00000067,17.796223
2012-11-20 21:54:00.00000044,14.352815
2012-11-20 21:54:00.00000029,8.666042
2012-11-20 21:54:00.000000119,14.235932
2012-11-20 21:54:00.000000203,6.806797
2012-11-20 21:54:00.000000239,5.873049
2012-11-20 21:54:00.000000125,14.496235
2012-11-20 21:54:00.00000064,8.670229
2012-11-20 21:54:00.000000153,7.594803
2012-11-20 21:54:00.00000054,8.237948
2012-11-20 21:54:00.000000177,12.10123
2012-11-20 21:54:00.000000243,12.062946
2012-11-20 21:54:00.000000128,5.426464
2012-11-20 21:54:00.00000095,8.698237
2012-11-20 21:54:00.00000088,10.192358
2012-11-20 21:54:00.000000200,6.1900926
2012-11-20 21:54:00.00000053,5.263055
2012-11-20 21:54:00.000000199,5.397916
2012-11-20 21:54:00.000000191,13.373385
2012-11-20 21:54:00.00000057,7.48984
2012-11-20 21:54:00.000000145,9.569452
2012-11-20 21:54:00.00000072,9.255003
2012-11-20 21:54:00.0000001,6.7052183
2012-11-20 21:54:00.000000241,6.1803765
2012-11-20 21:54:00.000000230,9.578839
2012-11-20 21:54:00.000000146,29.78147
2012-11-20 21:54:00.000000155,9.371718
2012-11-20 21:54:00.00000046,8.315209
2012-11-20 21:54:00.000000242,26.495546
2012-11-20 21:54:00.00000060,8.886306
2012-11-20 21:54:00.000000116,7.926495
2012-11-20 21:54:00.00000059,12.081557
2012-11-20 21:54:00.000000232,6.5231833
2012-11-20 21:54:00.000000162,9.278246
2012-11-20 21:54:00.00000070,9.913319
2012-11-20 21:54:00.00000052,27.038128
2012-11-20 21:54:00.000000129,26.207312
2012-11-20 21:54:00.000000136,14.374281
2012-11-20 21:54:00.000000226,10.760808
2012-11-20 21:54:00.000000240,13.251045
2012-11-20 21:54:00.000000141,8.275516
2012-11-20 21:54:00.000000204,14.772789
2012-11-20 21:54:00.000000137,4.5584426
2011-02-22 14:18:40.0000001,9.362923
2014-06-23 00:16:00.00000066,31.101068
2014-06-23 00:16:00.00000039,7.73118
2014-06-23 00:16:00.00000076,8.205518
2014-06-23 00:16:00.00000030,38.31145
2014-06-23 00:16:00.00000070,14.413598
2014-06-23 00:16:00.00000065,8.550793
2014-06-23 00:16:00.00000056,25.260088
2014-06-23 00:16:00.00000038,6.588301
2014-06-23 00:16:00.00000071,23.11699
2014-06-23 00:16:00.00000013,9.882706
2014-06-23 00:16:00.00000073,10.107915
2014-06-23 00:16:00.0000001,14.286925
2014-06-23 00:16:00.00000026,12.849613
2014-06-23 00:16:00.00000090,10.738909
2014-06-23 00:16:00.00000092,22.965046
2014-06-23 00:16:00.00000044,9.836546
2014-06-23 00:16:00.00000064,9.8588085
2014-06-23 00:16:00.00000068,27.508766
2014-06-23 00:16:00.00000033,8.70994
2014-06-23 00:16:00.00000089,35.34857
2014-06-23 00:16:00.0000004,7.292484
2014-06-23 00:16:00.00000062,17.765263
2014-06-23 00:16:00.00000019,8.874741
2014-06-23 00:16:00.00000041,9.765862
2014-06-23 00:16:00.00000024,17.318474
2014-06-23 00:16:00.00000074,19.27444
2014-06-23 00:16:00.00000018,14.336917
2014-06-23 00:16:00.00000043,4.76871
2014-06-23 00:16:00.00000022,6.4151745
2014-06-23 00:16:00.00000088,10.232884
2014-06-23 00:16:00.00000057,4.5922003
2014-06-23 00:16:00.00000087,7.780228
2014-06-23 00:16:00.00000016,24.542885
2014-06-23 00:16:00.00000078,11.180772
2014-06-23 00:16:00.00000040,9.050551
2014-06-23 00:16:00.00000077,6.4667106
2014-06-23 00:16:00.00000015,12.451456
2014-06-23 00:16:00.00000047,7.476963
2014-06-23 00:16:00.0000005,4.547897
2014-06-23 00:16:00.00000034,56.54246
2014-06-23 00:16:00.00000028,7.9976163
2014-06-23 00:16:00.00000081,19.274216
2014-06-23 00:16:00.00000067,13.072147
2014-06-23 00:16:00.00000085,6.662096
2014-06-23 00:16:00.00000082,7.5955396
2014-06-23 00:16:00.00000063,19.994022
2014-06-23 00:16:00.00000079,7.6573343
2014-06-23 00:16:00.00000061,6.983748
2014-06-23 00:16:00.00000037,17.80496
2014-06-23 00:16:00.00000036,5.181007
2014-06-23 00:16:00.00000049,17.708431
2014-06-23 00:16:00.00000025,41.697514
2014-06-23 00:16:00.0000009,8.394742
2014-06-23 00:16:00.00000069,15.154147
2011-11-24 02:36:48.0000003,11.018583
2011-11-24 02:36:48.0000002,4.656269
2011-11-24 02:36:48.0000001,12.23242
2013-06-05 01:34:56.0000001,10.855173
2013-03-18 12:51:12.0000001,11.520553
2013-03-18 12:51:12.0000003,4.682724
2013-03-18 12:51:12.0000002,16.458607
2014-12-14 09:04:36.0000001,8.731245
2014-12-14 09:04:36.0000003,6.7390776
2014-12-14 09:04:36.0000002,7.4776163
2012-05-31 13:14:12.0000004,9.041366
2012-05-31 13:14:12.0000001,14.5354395
2012-05-31 13:14:12.0000002,8.999885
2012-05-31 13:14:12.0000003,5.4987597
2011-01-16 18:57:12.0000001,6.2550116
2011-01-16 18:57:12.0000002,4.854887
2009-04-25 10:52:56.0000004,9.100407
2009-04-25 10:52:56.0000002,11.676163
2009-04-25 10:52:56.0000005,7.643396
2009-04-20 11:11:40.0000001,5.556525
2012-07-20 06:53:32.0000001,3.5713255
2009-10-22 21:57:36.0000005,13.489477
2009-10-22 21:57:36.0000002,17.163649
2009-10-22 21:57:36.0000004,6.021571
2009-10-22 21:57:36.0000003,4.8382196
2009-03-16 10:30:12.0000001,13.086472
2009-07-14 12:12:36.0000004,6.9760604
2009-07-14 12:12:36.0000001,8.405881
2009-07-14 12:12:36.0000003,10.402272
2009-07-14 12:12:36.0000007,10.621545
2009-07-14 12:12:36.0000002,13.9904785
2009-07-14 12:12:36.0000005,9.934212
2009-07-14 12:12:36.0000008,8.653505
2009-07-14 12:12:36.0000006,6.5772266
2014-11-12 09:06:32.0000004,7.3740706
2014-11-12 09:06:32.0000001,6.992183
2014-11-12 09:06:32.0000003,6.5282693
2014-11-12 09:06:32.0000005,22.75489
2014-11-12 09:06:32.0000002,7.8356323
2011-04-10 11:57:12.0000002,8.215813
2011-04-10 11:57:12.0000003,9.125846
2011-04-10 11:57:12.0000004,5.06281
2011-04-10 11:57:12.0000001,6.7060604
2011-09-20 11:58:52.0000003,5.465329
2011-09-20 11:58:52.0000001,12.999123
2011-09-20 11:58:52.0000002,15.495568
2010-09-24 17:16:16.0000001,9.132546
2010-02-12 13:51:28.0000004,6.0106783
2010-02-12 13:51:28.0000005,8.399104
2010-02-12 13:51:28.0000001,6.8621426
2010-02-12 13:51:28.0000003,6.353965
2010-02-12 13:51:28.0000002,11.687341
2011-01-03 21:51:28.0000002,7.650727
2011-01-03 21:51:28.0000001,3.7301326
2011-07-26 13:10:56.0000003,4.7331038
2011-07-26 13:10:56.0000002,8.030957
2011-07-26 13:10:56.0000001,7.2990317
2011-08-18 13:00:16.0000003,10.758413
2011-08-18 13:00:16.0000002,7.29344
2013-06-20 19:49:52.0000004,7.651205
2013-06-20 19:49:52.0000001,7.2127943
2013-06-20 19:49:52.0000005,5.1326957
2013-06-20 19:49:52.0000002,25.863548
2013-06-20 19:49:52.0000003,10.503772
2013-09-25 22:00:00.00000079,11.59038
2013-09-25 22:00:00.00000025,11.893757
2013-09-25 22:00:00.000000225,8.696013
2013-09-25 22:00:00.000000204,11.693611
2013-09-25 22:00:00.00000053,29.460491
2013-09-25 22:00:00.000000111,13.232612
2013-09-25 22:00:00.00000014,7.8175244
2013-09-25 22:00:00.000000172,54.37272
2013-09-25 22:00:00.000000154,4.92202
2013-09-25 22:00:00.000000133,4.4225507
2013-09-25 22:00:00.000000160,9.835007
2013-09-25 22:00:00.000000119,6.142134
2013-09-25 22:00:00.000000223,5.1344504
2013-09-25 22:00:00.0000008,7.7037187
2013-09-25 22:00:00.000000103,9.25897
2013-09-25 22:00:00.000000178,6.3595924
2013-09-25 22:00:00.00000023,5.8537073
2013-09-25 22:00:00.00000022,6.524725
2013-09-25 22:00:00.00000076,5.7142897
2013-09-25 22:00:00.00000020,7.682045
2013-09-25 22:00:00.000000142,12.680211
2013-09-25 22:00:00.00000059,7.4324555
2013-09-25 22:00:00.000000110,7.1160755
2013-09-25 22:00:00.000000205,10.471448
2013-09-25 22:00:00.000000182,10.222464
2013-09-25 22:00:00.00000081,8.937597
2013-09-25 22:00:00.000000230,22.18303
2013-09-25 22:00:00.000000164,11.897984
2013-09-25 22:00:00.00000090,10.9703
2013-09-25 22:00:00.000000106,9.020152
2013-09-25 22:00:00.00000078,7.5828996
2013-09-25 22:00:00.0000001,49.09175
2013-09-25 22:00:00.000000126,11.640635
2013-09-25 22:00:00.000000156,7.928638
2013-09-25 22:00:00.000000137,11.22761
2013-09-25 22:00:00.00000039,7.6907887
2013-09-25 22:00:00.00000017,18.849222
2013-09-25 22:00:00.00000054,11.065633
2013-09-25 22:00:00.000000135,18.448217
2013-09-25 22:00:00.000000112,21.039402
2013-09-25 22:00:00.000000148,7.253576
2013-09-25 22:00:00.000000143,33.295094
2013-09-25 22:00:00.00000043,6.4959717
2013-09-25 22:00:00.000000203,6.1572237
2013-09-25 22:00:00.00000040,7.464222
2013-09-25 22:00:00.00000035,10.267628
2013-09-25 22:00:00.000000117,16.081469
2013-09-25 22:00:00.000000244,7.2559857
2013-09-25 22:00:00.0000002,17.567564
2013-09-25 22:00:00.000000246,57.573704
2013-09-25 22:00:00.00000091,19.462189
2013-09-25 22:00:00.000000235,6.4029675
2013-09-25 22:00:00.000000237,31.858616
2013-09-25 22:00:00.000000185,6.4578404
2013-09-25 22:00:00.000000233,8.076766
2013-09-25 22:00:00.00000075,8.072609
2013-09-25 22:00:00.00000026,11.758108
2013-09-25 22:00:00.00000061,8.781981
2013-09-25 22:00:00.000000179,14.54264
2013-09-25 22:00:00.000000120,8.559434
2013-09-25 22:00:00.000000165,20.508183
2013-09-25 22:00:00.000000224,15.697951
2013-09-25 22:00:00.000000192,23.425388
2013-09-25 22:00:00.00000084,12.16529
2013-09-25 22:00:00.000000169,6.244353
2013-09-25 22:00:00.000000175,27.11825
2013-09-25 22:00:00.000000132,6.7380548
2013-09-25 22:00:00.00000048,19.172699
2013-09-25 22:00:00.000000229,7.448409
2013-09-25 22:00:00.00000036,17.830753
2013-09-25 22:00:00.000000177,8.383927
2013-09-25 22:00:00.000000217,7.699088
2013-09-25 22:00:00.000000183,11.883606
2013-09-25 22:00:00.000000107,13.343536
2013-09-25 22:00:00.00000058,13.099781
2013-09-25 22:00:00.00000073,6.7923627
2013-09-25 22:00:00.000000245,6.423427
2013-09-25 22:00:00.000000157,14.628222
2013-09-25 22:00:00.000000227,26.526419
2013-09-25 22:00:00.00000064,15.174328
2013-09-25 22:00:00.00000024,50.863525
2013-09-25 22:00:00.000000221,8.108632
2013-09-25 22:00:00.000000139,31.35172
2013-09-25 22:00:00.00000028,6.8614545
2013-09-25 22:00:00.00000057,7.0589976
2013-09-25 22:00:00.000000222,11.003891
2013-09-25 22:00:00.000000215,23.049988
2013-09-25 22:00:00.00000094,18.721125
2013-09-25 22:00:00.000000214,9.518083
2013-09-25 22:00:00.000000101,7.1043
2013-09-25 22:00:00.00000055,7.3778343
2013-09-25 22:00:00.00000049,22.923544
2013-09-25 22:00:00.000000216,15.626758
2013-09-25 22:00:00.000000123,9.010365
2013-09-25 22:00:00.000000136,6.270814
2013-09-25 22:00:00.000000211,16.568039
2013-09-25 22:00:00.000000145,6.579458
2013-09-25 22:00:00.000000250,38.603497
2013-09-25 22:00:00.000000188,9.691072
2013-09-25 22:00:00.000000202,5.3897915
2013-09-25 22:00:00.000000242,11.565726
2013-09-25 22:00:00.000000140,8.942615
2013-09-25 22:00:00.000000171,9.039878
2013-09-25 22:00:00.00000099,5.151882
2013-09-25 22:00:00.000000187,8.625865
2013-09-25 22:00:00.000000161,9.212147
2013-09-25 22:00:00.000000189,9.052012
2013-09-25 22:00:00.0000003,10.440473
2013-09-25 22:00:00.000000249,7.136849
2013-09-25 22:00:00.000000195,5.797939
2013-09-25 22:00:00.00000072,10.71845
2013-09-25 22:00:00.00000012,9.710251
2013-09-25 22:00:00.000000149,8.746202
2013-09-25 22:00:00.000000197,10.551359
2013-09-25 22:00:00.00000038,57.22307
2013-09-25 22:00:00.0000009,18.667849
2013-09-25 22:00:00.00000089,15.166805
2013-09-25 22:00:00.000000199,27.482752
2013-09-25 22:00:00.000000219,5.949148
2013-09-25 22:00:00.000000159,11.897679
2013-09-25 22:00:00.000000173,11.005875
2013-09-25 22:00:00.000000209,17.986109
2013-09-25 22:00:00.000000196,9.2409935
2013-09-25 22:00:00.00000093,6.328989
2013-09-25 22:00:00.000000155,17.541235
2013-09-25 22:00:00.000000121,8.466774
2013-09-25 22:00:00.000000134,11.964773
2013-09-25 22:00:00.000000228,7.6534977
2013-09-25 22:00:00.00000092,12.788209
2013-09-25 22:00:00.00000030,5.328695
2013-09-25 22:00:00.00000062,11.545052
2013-09-25 22:00:00.0000005,9.167773
2013-09-25 22:00:00.00000097,34.447517
2013-09-25 22:00:00.00000019,15.198041
2013-09-25 22:00:00.000000180,8.345392
2013-09-25 22:00:00.000000200,15.438314
2013-09-25 22:00:00.000000186,6.7741885
2013-09-25 22:00:00.000000176,6.9080715
2013-09-25 22:00:00.00000082,8.112606
2013-09-25 22:00:00.00000098,8.104722
2013-09-25 22:00:00.00000085,9.021931
2013-09-25 22:00:00.0000004,5.996305
2013-09-25 22:00:00.00000032,18.448542
2013-09-25 22:00:00.00000070,8.090487
2013-09-25 22:00:00.00000074,10.961859
2013-09-25 22:00:00.000000118,10.491369
2013-09-25 22:00:00.0000007,7.356265
2013-09-25 22:00:00.00000050,13.435255
2013-09-25 22:00:00.00000044,5.552848
2013-09-25 22:00:00.00000095,6.65817
2009-01-15 02:42:48.0000001,4.769573
2011-07-06 18:07:44.0000001,8.952819
2011-07-06 18:07:44.0000003,5.31068
2011-07-06 18:07:44.0000005,6.3262796
2011-09-08 01:28:24.0000001,30.76538
2014-07-11 12:36:08.0000002,6.8035626
2010-11-04 05:01:44.0000001,3.872594
2009-10-04 10:04:12.0000001,6.5147896
2009-10-04 10:04:12.0000003,5.029515
2009-10-04 10:04:12.0000002,4.040953
2009-10-04 10:04:12.0000004,3.6014183
2013-02-28 12:52:44.0000001,7.907745
2013-02-28 12:52:44.0000003,8.870713
2013-02-28 12:52:44.0000004,10.165234
2013-02-28 12:52:44.0000002,4.701917
2013-08-03 07:11:53.0000001,33.717636
2015-01-26 23:13:33.0000001,11.578357
2012-10-31 11:09:53.0000001,13.535977
2012-10-31 11:09:53.0000002,20.870287
2011-12-23 23:30:09.0000001,15.035206
2015-01-29 11:01:21.0000001,5.6848083
2015-01-29 11:01:21.0000002,8.645113
2014-01-31 11:11:05.0000001,20.786238
2014-01-31 11:11:05.0000003,9.804352
2014-01-31 11:11:05.0000004,10.558952
2014-01-31 11:11:05.0000006,8.933844
2014-01-31 11:11:05.0000005,7.7675962
2015-02-20 11:08:29.0000006,5.7247934
2015-02-20 11:08:29.0000002,16.047186
2015-02-20 11:08:29.0000004,11.22533
2015-02-20 11:08:29.0000003,10.162711
2015-02-20 11:08:29.0000005,5.763816
2014-08-31 04:03:29.0000001,6.987639
2014-08-01 18:38:09.0000001,9.007774
2014-08-01 18:38:09.0000002,7.9800677
2009-05-16 14:53:41.0000007,5.880988
2009-05-16 14:53:41.0000006,6.143069
2009-12-17 06:28:05.0000001,7.826297
2009-12-17 06:28:05.0000002,4.0230436
2009-12-17 06:28:05.0000003,7.3142705
2010-02-23 17:25:09.0000001,5.7769966
2010-02-23 17:25:09.0000002,4.275405
2012-07-30 16:54:49.0000003,6.501257
2012-07-30 16:54:49.0000001,12.056925
2012-07-30 16:54:49.0000005,7.238616
2012-07-30 16:54:49.0000004,5.719108
2012-07-30 16:54:49.0000002,10.112485
2013-08-26 11:47:37.0000003,19.919636
2013-08-26 11:47:37.0000002,6.5927577
2013-08-26 11:47:37.0000004,38.082253
2013-03-06 23:49:53.0000006,6.860116
2013-03-06 23:49:53.0000005,7.4136815
2013-03-06 23:49:53.0000003,6.8249984
2013-03-06 23:49:53.0000002,5.195139
2013-03-06 23:49:53.0000001,13.898593
2013-03-06 23:49:53.0000004,9.725182
2010-10-30 13:31:13.0000005,7.0728993
2010-10-30 13:31:13.0000003,4.6004877
2010-10-30 13:31:13.0000004,3.5706704
2010-10-30 13:31:13.0000002,6.185422
2012-03-25 16:56:01.0000001,5.2250547
2012-03-25 16:56:01.0000002,7.575197
2013-10-17 22:21:57.0000002,12.139903
2013-10-17 22:21:57.0000004,12.66539
2013-10-17 22:21:57.0000005,15.863339
2013-10-17 22:21:57.0000001,7.2054334
2010-09-15 16:44:25.0000001,12.732305
2010-09-15 16:44:25.0000002,13.505956
2010-09-15 16:44:25.0000003,7.835291
2014-05-09 00:30:41.0000003,11.750271
2014-05-09 00:30:41.0000001,47.884827
2014-05-09 00:30:41.0000002,16.716421
2010-12-11 17:32:33.0000001,5.6500854
2010-06-14 05:10:09.0000001,8.671091
2012-03-05 13:24:37.0000003,8.606926
2012-03-05 13:24:37.0000001,6.0045843
2011-03-03 07:09:09.0000002,8.545071
2011-03-03 07:09:09.0000001,8.585648
2010-07-01 22:11:33.0000001,8.120087
2010-07-01 22:11:33.0000002,7.7383323
2010-07-01 22:11:33.0000004,5.6242685
2012-01-07 21:39:05.0000002,8.729127
2010-08-22 12:30:21.0000002,6.233604
2010-08-22 12:30:21.0000001,4.777182
2012-05-26 00:31:25.0000002,25.21981
2011-12-16 09:20:01.0000001,13.589151
2012-01-26 20:09:45.0000003,15.628902
2012-01-26 20:09:45.0000004,10.389737
2012-01-26 20:09:45.0000002,7.1753078
2012-01-26 20:09:45.0000001,8.063804
2010-02-03 11:33:29.0000002,4.8976254
2010-02-03 11:33:29.0000001,7.766935
2014-10-07 11:52:13.0000005,37.10952
2014-10-07 11:52:13.0000001,6.1938515
2014-10-07 11:52:13.0000004,16.897688
2014-10-07 11:52:13.0000002,7.14912
2014-10-07 11:52:13.0000007,7.9646344
2014-10-07 11:52:13.0000003,9.491362
2013-05-06 23:46:25.0000001,9.414261
2015-06-13 19:17:09.0000006,8.688239
2015-06-13 19:17:09.0000004,10.73233
2015-06-13 19:17:09.0000002,18.855202
2015-06-13 19:17:09.0000003,15.072307
2015-06-13 19:17:09.0000001,5.810565
2011-06-29 00:15:21.0000001,5.5807853
2011-06-29 00:15:21.0000002,4.8053656
2011-06-29 00:15:21.0000003,9.703648
2009-11-28 13:50:17.0000003,7.7533617
2009-11-28 13:50:17.0000001,4.4284487
2010-05-02 12:05:45.0000001,7.947441
2009-10-12 14:18:01.0000001,5.969267
2015-01-13 12:07:53.0000002,6.3024697
2015-01-13 12:07:53.0000007,11.976297
2015-01-13 12:07:53.0000001,15.064843
2015-01-13 12:07:53.0000004,4.894579
2015-01-13 12:07:53.0000006,8.844177
2015-03-04 21:42:57.0000002,7.210719
2015-03-04 21:42:57.0000009,5.409251
2015-03-04 21:42:57.0000005,7.1989193
2015-03-04 21:42:57.0000003,12.324739
2015-03-04 21:42:57.00000010,8.026698
2015-03-04 21:42:57.0000004,18.620708
2015-03-04 21:42:57.0000008,5.8974485
2015-03-04 21:42:57.0000001,12.070996
2015-03-04 21:42:57.0000007,5.1926126
2012-01-31 09:15:49.0000005,7.2020473
2012-01-31 09:15:49.0000002,8.795694
2012-01-31 09:15:49.0000006,11.963772
2012-01-31 09:15:49.0000003,5.1377454
2012-01-31 09:15:49.0000004,8.948199
2011-03-22 12:59:49.0000003,13.7457905
2011-03-22 12:59:49.0000005,5.0908756
2011-03-22 12:59:49.0000004,6.2828474
2014-10-05 17:21:45.0000001,5.7211537
2013-07-05 00:58:17.0000003,7.4241896
2013-07-05 00:58:17.0000002,16.491705
2010-09-28 21:50:05.0000001,5.453539
2010-09-28 21:50:05.0000003,22.317663
2010-09-28 21:50:05.0000002,7.007873
2010-09-28 21:50:05.0000004,11.736399
2010-09-28 21:50:05.0000005,5.467816
2012-05-25 09:21:17.0000001,5.051142
2012-05-25 09:21:17.0000002,5.465208
2012-05-25 09:21:17.0000003,5.899037
2010-01-30 00:57:21.0000003,7.8512726
2010-01-30 00:57:21.0000004,5.589461
2009-10-16 16:14:41.0000004,5.4568343
2009-10-16 16:14:41.0000001,5.448142
2009-10-16 16:14:41.0000003,4.8445086
2012-04-02 08:39:21.0000003,5.234057
2012-04-02 08:39:21.0000001,5.891456
2009-09-04 06:54:49.0000001,5.056729
2012-08-29 09:53:33.0000002,9.79439
2012-08-29 09:53:33.0000001,9.616515
2011-03-13 05:34:57.0000001,10.028804
2010-10-22 00:49:05.0000001,5.675657
2010-09-12 22:12:53.0000001,10.514478
2014-09-13 04:51:21.0000001,26.411797
2014-09-13 04:51:21.0000002,17.719242
2010-08-17 07:59:05.0000003,7.7221274
2010-08-17 07:59:05.0000001,4.3434763
2010-08-17 07:59:05.0000002,9.3497095
2011-03-06 23:14:17.0000001,10.060668
2014-06-19 08:41:17.0000001,6.579302
2014-06-19 08:41:17.0000002,6.38978
2014-06-19 08:41:17.0000006,16.497765
2014-06-19 08:41:17.0000004,12.291166
2014-06-19 08:41:17.0000003,7.0740232
2014-06-19 08:41:17.0000005,6.026115
2015-02-26 23:20:13.0000004,5.610473
2015-02-26 23:20:13.0000002,8.198522
2015-02-26 23:20:13.0000009,19.043116
2015-02-26 23:20:13.0000007,5.38177
2015-02-26 23:20:13.0000005,9.959641
2015-02-26 23:20:13.0000001,18.000578
2015-02-26 23:20:13.0000006,22.671843
2015-02-26 23:20:13.0000003,4.492128
2013-10-09 15:11:41.0000001,7.508246
2013-10-09 15:11:41.0000003,4.681827
2013-10-09 15:11:41.0000002,23.658676
2011-09-01 09:53:49.0000002,6.677054
2011-09-01 09:53:49.0000003,12.039092
2011-09-01 09:53:49.0000005,5.7804413
2011-09-01 09:53:49.0000001,12.381713
2011-11-28 14:13:37.0000001,9.41747
2011-11-28 14:13:37.0000003,6.538583
2010-09-28 00:16:53.0000002,16.457048
2010-09-28 00:16:53.0000004,10.109897
2010-09-28 00:16:53.0000001,5.891477
2013-08-30 11:20:21.0000002,15.247373
2013-08-30 11:20:21.0000001,16.123514
2013-09-19 21:24:21.0000002,5.175107
2013-09-19 21:24:21.0000003,6.709119
2012-07-01 22:30:29.0000001,4.770417
2013-01-19 08:04:21.0000001,7.9391956
2011-07-02 00:38:01.0000003,5.6001916
2011-07-02 00:38:01.0000002,9.589788
2014-02-08 17:24:57.0000001,14.979859
2010-01-13 01:56:57.0000001,5.253348
2014-01-05 12:00:13.0000005,8.549675
2014-01-05 12:00:13.0000003,12.208929
2014-01-05 12:00:13.0000002,7.4645834
2014-01-05 12:00:13.0000004,8.235198
2014-01-05 12:00:13.0000006,5.2257323
2014-01-05 12:00:13.0000001,28.58938
2011-02-04 09:12:53.0000003,10.204966
2011-02-04 09:12:53.0000001,10.260764
2011-02-04 09:12:53.0000005,6.0617814
2011-02-04 09:12:53.0000002,5.8634853
2012-03-08 12:33:25.0000005,6.113928
2012-03-08 12:33:25.0000002,15.736205
2012-03-08 12:33:25.0000001,6.8301067
2012-03-08 12:33:25.0000004,14.466342
2009-07-31 18:15:57.0000002,5.1901016
2009-07-10 20:17:05.0000001,4.8006544
2009-07-10 20:17:05.0000002,5.941748
2010-11-05 14:33:37.0000002,19.180847
2010-11-05 14:33:37.0000003,4.885219
2010-11-05 14:33:37.0000001,12.3232765
2010-11-05 14:33:37.0000004,26.128817
2010-03-09 08:49:13.0000002,8.1592865
2010-03-09 08:49:13.0000001,6.5411897
2010-03-09 08:49:13.0000003,4.6592774
2010-08-21 21:56:25.0000001,6.627351
2011-07-27 09:24:33.0000004,6.1194873
2011-07-27 09:24:33.0000002,4.295756
2011-07-27 09:24:33.0000005,12.06925
2011-07-27 09:24:33.0000001,8.386404
2011-07-27 09:24:33.0000003,4.9505095
2010-10-09 17:11:17.0000002,7.0002065
2014-01-16 23:24:37.0000001,14.506617
2009-09-25 15:13:57.0000005,31.645676
2009-09-25 15:13:57.0000007,5.479254
2009-09-25 15:13:57.0000006,5.758505
2009-09-25 15:13:57.0000004,8.645144
2009-12-13 20:44:37.0000001,8.248147
2009-12-13 20:44:37.0000004,9.621107
2009-12-13 20:44:37.0000002,7.2061944
2009-12-13 20:44:37.0000003,7.2211356
2010-05-26 21:31:05.0000004,7.80963
2010-05-26 21:31:05.0000003,12.599131
2010-05-26 21:31:05.0000005,4.167353
2010-05-26 21:31:05.0000001,8.469084
2010-05-26 21:31:05.0000002,6.4447923
2010-05-03 08:36:41.0000003,6.1164885
2010-05-03 08:36:41.0000005,5.2516437
2010-05-03 08:36:41.0000001,8.04843
2010-05-03 08:36:41.0000002,8.5814085
2009-06-22 08:08:29.0000001,17.495182
2009-06-22 08:08:29.0000002,7.9472823
2009-01-20 17:38:05.0000003,6.4933295
2009-01-20 17:38:05.0000005,3.6998365
2009-01-20 17:38:05.0000004,7.114775
2009-01-20 17:38:05.0000001,4.5072927
2009-01-20 17:38:05.0000002,35.652935
2013-02-04 16:08:01.0000002,13.241283
2013-02-04 16:08:01.0000001,8.425148
2009-07-22 09:50:25.0000001,5.425111
2009-07-22 09:50:25.0000002,6.6816545
2009-07-22 09:50:25.0000003,6.568974
2013-07-17 06:50:17.0000001,15.838348
2011-01-24 20:18:49.0000002,6.7163897
2011-01-24 20:18:49.0000004,7.2419806
2011-01-24 20:18:49.0000001,4.124244
2012-04-25 17:29:21.0000002,18.088335
2012-04-25 17:29:21.0000004,4.4589376
2012-04-25 17:29:21.0000001,10.799669
2012-04-25 17:29:21.0000003,12.976125
2010-01-23 14:32:17.0000001,7.851718
2010-01-23 14:32:17.0000002,5.7366567
2012-03-07 01:22:57.0000001,6.8549147
2012-03-07 01:22:57.0000002,10.429518
2012-06-02 01:16:05.0000002,4.476754
2012-06-02 01:16:05.0000005,34.193398
2011-02-18 20:57:57.0000003,5.5529885
2011-02-18 20:57:57.0000001,12.695004
2011-02-18 20:57:57.0000002,4.4271426
2010-11-03 17:52:21.0000001,4.825102
2011-10-20 13:46:33.0000004,10.868104
2011-10-20 13:46:33.0000001,48.74477
2013-11-29 15:09:45.0000002,7.737164
2013-11-29 15:09:45.0000001,11.240258
2015-06-24 07:28:01.0000001,9.481286
2015-06-24 07:28:01.0000003,76.60569
2015-06-24 07:28:01.0000004,5.5574636
2015-06-24 07:28:01.0000002,15.125315
2015-06-24 07:28:01.0000005,5.3572073
2010-03-27 11:29:05.0000001,5.239558
2010-03-27 11:29:05.0000003,5.5072665
2010-03-27 11:29:05.0000002,4.0370483
2014-06-09 11:18:25.0000005,5.7011285
2014-06-09 11:18:25.0000003,13.517427
2014-06-09 11:18:25.0000001,8.914999
2014-06-09 11:18:25.0000004,6.0726876
2014-06-09 11:18:25.0000002,8.367019
2012-08-08 09:47:53.0000002,5.1974225
2012-08-08 09:47:53.0000003,4.900031
2012-08-08 09:47:53.0000001,8.424928
2014-10-28 12:23:09.0000003,19.71437
2014-10-28 12:23:09.0000006,8.728572
2014-10-28 12:23:09.0000004,13.011372
2014-10-28 12:23:09.0000005,8.587259
2014-10-28 12:23:09.0000002,6.9435415
2013-04-04 02:55:13.0000001,15.961501
2011-07-11 20:43:33.0000003,12.563568
2011-07-11 20:43:33.0000002,6.257621
2013-02-23 14:25:29.0000001,13.546694
2010-01-30 18:58:33.0000007,7.0918345
2010-01-30 18:58:33.0000002,12.302242
2010-01-30 18:58:33.0000003,4.8910537
2010-01-30 18:58:33.0000004,13.595565
2010-01-30 18:58:33.0000005,6.3197517
2013-10-07 11:12:33.0000003,8.675447
2013-10-07 11:12:33.0000002,7.141975
2013-10-07 11:12:33.0000001,7.6923265
2012-10-08 12:29:21.0000001,7.739833
2014-08-22 06:49:41.0000002,7.135856
2014-08-22 06:49:41.0000001,4.4936805
2014-04-26 22:02:17.0000001,15.029456
2010-05-13 08:48:41.0000004,29.776054
2010-05-13 08:48:41.0000002,6.1275487
2010-05-13 08:48:41.0000001,16.095663
2010-05-13 08:48:41.0000003,9.141697
2014-06-22 14:49:13.0000004,5.4395485
2014-06-22 14:49:13.0000003,5.050845
2013-01-22 14:06:33.0000002,5.360258
2013-01-22 14:06:33.0000004,10.792246
2013-01-22 14:06:33.0000001,10.97612
2013-01-22 14:06:33.0000003,54.370407
2010-10-08 11:25:09.0000001,8.288013
2010-10-08 11:25:09.0000002,5.648743
2015-03-14 02:23:17.0000001,4.2554564
2015-03-14 02:23:17.0000005,26.863377
2015-03-14 02:23:17.0000007,17.53213
2015-03-14 02:23:17.0000003,19.788069
2014-09-20 00:55:21.0000001,12.222202
2014-09-25 20:52:09.0000003,17.295818
2014-09-25 20:52:09.0000007,18.924007
2014-09-25 20:52:09.0000008,7.17925
2014-09-25 20:52:09.0000006,7.831314
2014-09-25 20:52:09.0000001,6.0749354
2014-09-25 20:52:09.0000004,12.888354
2013-08-20 09:05:33.0000001,9.329508
2012-01-19 00:39:29.0000001,13.129387
2009-12-23 09:09:21.0000002,15.759154
2009-12-23 09:09:21.0000003,11.076693
2009-12-23 09:09:21.0000001,13.747803
2012-12-15 06:35:45.0000002,16.4831
2012-12-15 06:35:45.0000003,55.295322
2012-12-15 06:35:45.0000004,5.490812
2013-09-30 07:03:29.0000001,9.263426
2014-06-10 11:21:37.0000001,7.7423344
2014-06-10 11:21:37.0000002,12.356578
2015-05-30 05:00:57.0000001,61.980988
2015-05-30 05:00:57.0000002,17.39525
2014-04-15 08:04:25.0000001,7.8861213
2014-04-15 08:04:25.0000002,13.393754
2012-09-04 21:59:45.0000001,6.5874767
2012-06-23 19:15:29.0000001,6.6910057
2014-09-23 18:20:01.0000002,9.230451
2014-09-23 18:20:01.0000001,9.24961
2011-06-30 21:50:17.0000002,9.6291
2011-06-30 21:50:17.0000006,6.3527093
2011-06-30 21:50:17.0000005,7.8551984
2011-06-30 21:50:17.0000004,10.804754
2011-06-30 21:50:17.0000001,4.5296082
2011-06-30 21:50:17.0000003,6.677545
2013-04-09 08:59:41.0000001,5.695446
2013-02-14 03:56:45.0000001,6.886389
2009-02-23 21:09:17.0000002,7.961831
2009-02-23 21:09:17.0000003,4.6466284
2009-02-23 21:09:17.0000001,5.659503
2013-04-05 20:47:57.0000001,13.7550335
2013-04-05 20:47:57.0000003,10.369528
2013-04-05 20:47:57.0000002,17.781208
2013-03-11 06:58:05.0000001,8.958479
2012-01-05 05:51:01.0000002,6.120987
2009-05-11 10:47:33.0000001,14.350947
2014-02-22 02:07:01.0000001,16.943861
2014-02-22 02:07:01.0000004,7.3888054
2014-02-22 02:07:01.0000005,5.3892303
2014-02-22 02:07:01.0000002,14.345184
2014-02-22 02:07:01.0000003,11.9057665
2013-07-25 01:56:37.0000002,14.27157
2013-07-25 01:56:37.0000001,14.302777
2013-10-15 08:16:21.0000001,6.6400323
2014-08-26 23:35:49.0000003,10.229352
2014-08-26 23:35:49.0000004,19.747162
2014-08-26 23:35:49.0000001,8.348966
2009-08-28 23:01:41.0000007,9.942929
2009-08-28 23:01:41.0000004,6.2342725
2009-08-28 23:01:41.0000003,4.1741714
2009-08-28 23:01:41.0000005,47.58952
2009-08-07 07:07:37.0000003,10.24326
2009-08-07 07:07:37.0000002,12.5649805
2009-08-07 07:07:37.0000001,9.720178
2013-11-11 13:49:53.0000004,56.086502
2013-11-11 13:49:53.0000003,11.339382
2013-11-11 13:49:53.0000006,18.741425
2013-11-11 13:49:53.0000005,6.2461705
2013-11-11 13:49:53.0000001,6.9006133
2013-11-11 13:49:53.0000002,9.7833
2012-08-11 19:58:29.0000002,8.304322
2012-08-11 19:58:29.0000003,5.600559
2012-08-11 19:58:29.0000004,8.012451
2012-08-11 19:58:29.0000001,10.544264
2011-06-29 06:25:41.0000001,28.982054
2014-10-19 15:14:45.0000001,23.221552
2014-12-16 13:40:25.0000001,10.324436
2014-12-16 13:40:25.0000002,9.150074
2010-06-11 13:37:21.0000004,10.192268
2010-06-11 13:37:21.0000001,6.0626974
2010-06-11 13:37:21.0000002,7.920345
2012-12-09 22:30:13.0000003,14.676677
2012-12-09 22:30:13.0000001,11.510879
2010-06-21 20:21:45.0000001,16.882889
2011-05-11 19:56:09.0000002,12.596706
2013-06-17 06:37:49.0000001,4.151843
2009-07-29 07:52:01.0000004,5.3326945
2009-07-29 07:52:01.0000002,14.403488
2009-07-29 07:52:01.0000003,5.109037
2009-07-29 07:52:01.0000001,4.574591
2014-08-08 00:02:41.0000001,9.32896
2014-08-08 00:02:41.0000003,11.847617
2014-08-08 00:02:41.0000005,14.645532
2009-02-19 09:17:21.0000001,10.034063
2013-09-12 12:50:13.0000004,5.6079717
2013-09-12 12:50:13.0000002,14.6476
2013-09-12 12:50:13.0000006,33.927685
2013-09-12 12:50:13.0000005,8.983048
2011-06-26 03:33:25.0000001,15.13939
2013-09-28 09:59:33.0000002,8.486187
2013-09-28 09:59:33.0000001,6.3662434
2010-04-20 07:32:21.0000001,10.006651
2010-04-20 07:32:21.0000002,4.0131793
2011-04-16 06:38:33.0000001,5.350498
2011-09-18 18:33:13.0000001,6.7004066
2011-09-18 18:33:13.0000002,20.40136
2014-03-04 16:24:45.0000003,18.352407
2014-03-04 16:24:45.0000002,8.291788
2013-08-03 15:48:29.0000001,6.2877774
2012-06-21 19:47:25.0000003,5.971805
2012-06-21 19:47:25.0000001,7.8356194
2012-06-21 19:47:25.0000002,7.44062
2014-03-10 12:25:21.0000003,5.4747024
2014-03-10 12:25:21.0000002,8.700735
2014-03-10 12:25:21.0000001,14.951781
2014-11-10 10:52:41.0000002,21.169436
2014-11-10 10:52:41.0000003,15.534809
2010-10-17 23:04:25.0000001,8.802072
2009-12-22 15:59:53.0000001,4.2854905
2009-12-22 15:59:53.0000002,3.8735096
2009-12-22 15:59:53.0000004,11.412678
2014-05-08 21:23:41.0000002,4.634471
2014-05-08 21:23:41.0000003,11.729494
2014-05-08 21:23:41.0000004,8.677745
2014-05-08 21:23:41.0000005,9.6349125
2009-10-28 17:56:45.0000002,5.930319
2009-10-28 17:56:45.0000001,3.9896452
2014-07-10 07:03:29.0000002,11.5545225
2014-07-10 07:03:29.0000001,6.5143557
2012-07-15 03:53:37.0000004,12.10264
2010-03-31 05:33:53.0000001,5.6380606
2010-03-31 05:33:53.0000002,6.4526854
2010-07-06 20:52:53.0000003,7.6495953
2010-07-06 20:52:53.0000001,6.3450117
2010-07-06 20:52:53.0000002,5.746752
2013-06-10 11:29:13.0000002,4.8147373
2013-06-10 11:29:13.0000006,6.8701572
2013-06-10 11:29:13.0000004,6.714856
2013-06-10 11:29:13.0000005,5.3874063
2013-06-10 11:29:13.0000003,11.180802
2015-04-25 01:06:17.0000008,8.49503
2015-04-25 01:06:17.0000004,5.823129
2015-04-25 01:06:17.0000001,5.1609497
2015-04-25 01:06:17.0000006,8.636653
2015-04-25 01:06:17.0000002,11.042096
2011-05-27 14:47:09.0000001,7.2890215
2011-05-27 14:47:09.0000004,9.724428
2011-05-27 14:47:09.0000002,10.425975
2011-05-27 14:47:09.0000003,8.08719
2012-10-28 13:55:57.0000002,9.050854
2011-06-12 01:07:57.0000002,19.230059
2011-06-12 01:07:57.0000001,14.637659
2014-12-11 15:20:49.0000002,49.494167
2014-12-11 15:20:49.0000003,8.248415
2011-06-19 04:08:49.0000001,5.7722173
2015-06-02 09:11:17.0000003,7.447722
2015-06-02 09:11:17.0000006,5.571588
2015-06-02 09:11:17.0000001,10.203587
2015-06-02 09:11:17.0000004,5.7601256
2015-06-02 09:11:17.0000005,12.542503
2014-05-09 02:23:21.0000001,11.932214
2011-10-08 12:54:49.0000003,8.346587
2011-10-08 12:54:49.0000001,12.195754
2009-06-02 08:34:33.0000003,8.36697
2009-06-02 08:34:33.0000002,6.249443
2010-12-09 17:21:29.0000001,5.511687
2013-06-22 01:59:25.0000001,8.623587
2014-12-07 19:56:45.0000002,6.2794857
2014-12-07 19:56:45.0000003,9.102646
2013-12-04 17:40:13.0000006,8.845719
2013-12-04 17:40:13.0000004,12.697455
2013-12-04 17:40:13.0000002,11.7077055
2013-12-04 17:40:13.0000005,4.3514915
2013-12-04 17:40:13.0000001,5.1037526
2013-12-04 17:40:13.0000007,10.7947235
2013-12-04 17:40:13.0000003,38.0826
2014-07-20 17:05:09.0000001,18.467821
2010-12-15 08:39:33.0000003,5.2683935
2010-12-15 08:39:33.0000002,5.61436
2010-12-15 08:39:33.0000004,45.50913
2010-12-15 08:39:33.0000001,4.968072
2011-02-07 08:56:09.0000001,8.6492815
2012-05-26 11:54:53.0000003,6.8603845
2012-04-24 17:57:05.0000002,4.846145
2012-04-24 17:57:05.0000003,31.753515
2012-04-24 17:57:05.0000001,12.719999
2014-01-11 19:20:17.0000002,7.456957
2015-01-05 21:43:13.0000003,8.105673
2015-01-05 21:43:13.0000002,9.253291
2013-04-23 13:19:17.0000002,11.844073
2013-04-23 13:19:17.0000003,7.6146936
2011-07-19 22:20:41.0000003,19.717554
2012-03-18 02:27:41.0000002,35.176903
2012-03-18 02:27:41.0000003,11.634568
2009-01-19 19:48:17.0000003,10.125932
2011-06-21 22:19:45.0000002,4.927252
2011-06-21 22:19:45.0000003,11.194769
2011-06-21 22:19:45.0000001,14.943333
2012-02-10 06:28:17.0000001,8.119328
2013-01-13 00:20:53.0000002,10.481648
2013-01-13 00:20:53.0000003,10.922507
2015-03-28 09:52:37.0000002,4.090353
2015-03-28 09:52:37.0000001,7.088411
2015-05-02 15:18:33.0000001,10.057971
2015-05-02 15:18:33.0000005,5.570535
2015-05-02 15:18:33.0000002,7.8479495
2015-05-02 15:18:33.0000006,7.4087296
2015-05-02 15:18:33.0000004,13.57898
2015-05-02 15:18:33.0000007,9.60006
2015-05-02 15:18:33.0000003,12.894251
2012-01-01 00:37:29.0000005,14.375746
2012-01-01 00:37:29.0000001,7.7542186
2012-01-01 00:37:29.0000003,8.371151
2012-01-01 00:37:29.0000002,10.220555
2010-06-24 19:32:25.0000001,8.33881
2010-06-24 19:32:25.0000002,4.1452847
2010-04-25 09:00:01.0000001,11.317672
2010-04-25 09:00:01.0000002,9.664427
2009-08-11 21:41:09.0000001,14.163042
2012-06-12 07:19:17.0000002,8.165726
2012-06-12 07:19:17.0000001,5.6655183
2011-12-30 11:16:05.0000002,10.697239
2011-12-30 11:16:05.0000001,7.7527075
2011-12-30 11:16:05.0000003,8.33573
2011-12-30 11:16:05.0000004,7.962439
2013-11-28 13:17:13.0000001,8.968389
2010-06-14 20:51:37.0000001,19.060123
2010-06-14 20:51:37.0000002,9.541227
2012-06-10 00:46:17.0000004,14.997354
2012-06-10 00:46:17.0000002,11.590963
2013-02-10 19:51:53.0000001,9.09245
2013-02-10 19:51:53.0000002,13.974424
2010-02-20 04:04:13.0000001,8.488888
2010-02-20 04:04:13.0000002,7.404643
2010-02-20 04:04:13.0000003,5.5513577
2014-01-01 16:33:01.0000004,5.3530965
2014-01-01 16:33:01.0000001,8.064021
2014-01-01 16:33:01.0000002,10.492266
2014-01-01 16:33:01.0000003,12.218885
2013-06-04 08:06:57.0000002,7.392126
2013-06-04 08:06:57.0000005,6.0424004
2013-06-04 08:06:57.0000003,12.986692
2013-06-04 08:06:57.0000004,5.883361
2013-06-04 08:06:57.0000001,4.151087
2012-07-13 08:45:21.0000001,28.415457
2012-07-13 08:45:21.0000003,6.7635546
2012-07-13 08:45:21.0000004,5.9034796
2012-07-13 08:45:21.0000002,11.064142
2014-06-09 13:01:21.0000002,8.940398
2014-06-09 13:01:21.0000001,7.9513164
2010-10-01 13:11:05.0000002,7.1635
2010-10-01 13:11:05.0000004,7.0020714
2010-10-01 13:11:05.0000003,28.872623
2010-02-27 22:55:09.0000002,6.1978264
2010-02-27 22:55:09.0000003,5.6681204
2012-11-23 05:37:53.0000001,14.092478
2009-10-05 15:41:37.0000001,5.7821364
2009-12-01 02:33:57.0000001,9.070657
2013-04-30 14:43:33.0000003,19.793962
2013-04-30 14:43:33.0000002,18.744246
2013-04-30 14:43:33.0000001,13.350483
2015-05-17 04:17:33.0000001,10.552984
2015-05-17 04:17:33.0000002,9.91538
2015-05-17 04:17:33.0000003,9.512491
2015-05-17 04:17:33.0000004,8.5833435
2014-07-26 23:31:41.0000001,7.6185474
2009-11-07 16:37:49.0000001,4.531403
2009-11-07 16:37:49.0000003,6.925848
2009-11-07 16:37:49.0000002,44.78358
2009-11-07 16:37:49.0000005,4.4856753
2012-11-07 12:46:29.0000003,8.091104
2012-11-07 12:46:29.0000001,12.688965
2012-11-07 12:46:29.0000002,5.3234963
2011-01-07 09:25:57.0000002,4.3729997
2011-01-07 09:25:57.0000001,5.1585197
2012-07-18 16:28:21.0000002,5.233154
2009-12-17 10:33:45.0000001,11.86455
2009-12-17 10:33:45.0000002,9.418862
2009-12-17 10:33:45.0000003,5.444812
2009-12-17 10:33:45.0000004,5.418132
2013-03-08 19:03:09.0000001,13.678724
2013-03-08 19:03:09.0000004,8.073012
2011-03-11 23:36:13.0000001,7.066556
2011-03-11 23:36:13.0000002,6.7409654
2011-03-11 23:36:13.0000004,5.0753284
2011-03-11 23:36:13.0000003,5.5609984
2009-12-10 22:45:01.0000002,4.784144
2009-12-10 22:45:01.0000001,12.834518
2009-12-10 22:45:01.0000003,4.0753627
2009-12-10 22:45:01.0000005,15.765277
2012-07-13 11:00:05.0000003,31.471767
2012-07-13 11:00:05.0000002,15.463506
2012-07-13 11:00:05.0000006,48.935596
2012-07-13 11:00:05.0000001,8.383328
2012-07-21 17:57:17.0000001,7.57204
2009-04-23 02:42:05.0000002,6.8231244
2009-04-23 02:42:05.0000001,8.4509735
2012-11-03 23:49:17.0000003,11.681212
2012-11-03 23:49:17.0000002,4.7057853
2012-11-03 23:49:17.0000004,5.146508
2012-11-03 23:49:17.0000001,13.05618
2012-02-21 20:07:25.0000002,4.423416
2012-02-21 20:07:25.0000001,4.28302
2012-03-26 05:24:13.0000001,18.924063
2010-02-01 20:28:45.0000001,4.931915
2010-02-01 20:28:45.0000002,6.836525
2010-02-01 20:28:45.0000003,3.720179
2009-09-26 04:36:49.0000001,4.481377
2009-01-29 15:29:09.0000002,28.864567
2009-01-29 15:29:09.0000001,4.542912
2009-12-29 02:06:33.0000002,13.088005
2009-12-29 02:06:33.0000001,7.62614
2010-09-06 00:39:05.0000001,8.453898
2012-09-08 21:13:49.0000004,7.859898
2012-09-08 21:13:49.0000001,8.458905
2012-09-08 21:13:49.0000002,7.6040816
2012-09-08 21:13:49.0000003,7.4710917
2010-11-04 16:19:25.0000001,9.464384
2009-12-08 07:36:17.0000001,12.4632435
2009-12-08 07:36:17.0000002,11.748194
2012-08-30 20:32:49.0000001,9.407549
2013-06-08 16:55:13.0000002,6.945466
2013-06-08 16:55:13.0000001,9.720951
2014-07-01 11:05:21.0000002,5.9070134
2014-07-01 11:05:21.0000001,8.777767
2013-08-19 16:21:05.0000002,17.993366
2014-12-26 21:10:45.0000001,7.5845137
2012-10-25 16:20:37.0000001,12.580169
2012-10-25 16:20:37.0000002,38.77888
2013-08-14 11:02:17.0000001,5.913163
2013-08-14 11:02:17.0000002,21.875507
2010-10-01 01:22:01.0000001,10.299206
2012-12-07 19:33:49.0000002,58.992905
2012-12-07 19:33:49.0000001,6.0357637
2011-07-11 01:40:45.0000001,8.740843
2013-07-18 01:45:01.0000001,6.902933
2013-07-18 01:45:01.0000002,5.72531
2009-06-25 10:29:21.0000002,4.240695
2009-06-25 10:29:21.0000001,4.1632066
2012-07-31 20:04:53.0000005,5.5782723
2012-07-31 20:04:53.0000003,5.74472
2012-07-31 20:04:53.0000004,3.964104
2012-07-31 20:04:53.0000001,7.7491403
2010-11-15 22:25:13.0000001,5.9800153
2015-06-08 05:02:45.0000002,12.061478
2015-06-08 05:02:45.0000001,26.126495
2013-12-08 20:26:29.0000001,6.1999264
2013-12-08 20:26:29.0000002,11.286766
2013-12-08 20:26:29.0000003,7.088372
2009-05-10 00:24:57.0000002,11.84653
2009-05-10 00:24:57.0000004,5.082195
2009-05-10 00:24:57.0000003,8.730605
2009-05-10 00:24:57.0000005,5.358831
2009-05-10 00:24:57.0000001,4.6703568
2009-02-28 10:19:41.0000002,4.04377
2009-02-28 10:19:41.0000001,6.984485
2011-08-19 17:42:57.0000001,4.285304
2011-08-19 17:42:57.0000002,7.9312406
2014-06-05 22:56:05.0000007,11.752019
2014-06-05 22:56:05.0000002,24.48964
2014-06-05 22:56:05.0000001,52.43357
2014-06-05 22:56:05.0000006,5.2239947
2014-06-05 22:56:05.0000005,5.3059597
2014-06-05 22:56:05.0000003,24.830217
2014-07-16 18:33:41.0000001,7.907036
2014-07-16 18:33:41.0000002,9.110607
2014-07-16 18:33:41.0000003,14.714991
2009-07-14 22:41:09.0000002,5.104892
2009-07-14 22:41:09.0000004,4.520361
2009-07-14 22:41:09.0000001,34.460724
2013-11-21 14:19:21.0000002,7.864045
2015-01-02 11:55:57.0000005,6.8616037
2015-01-02 11:55:57.0000002,10.100764
2015-01-02 11:55:57.0000004,25.004196
2015-01-02 11:55:57.0000001,7.17012
2011-09-26 22:26:57.0000001,5.7445717
2015-04-14 01:41:05.0000001,12.120014
2013-05-14 16:23:49.0000002,13.938663
2013-05-14 16:23:49.0000001,12.722137
2013-11-23 22:19:37.0000002,14.506793
2013-11-23 22:19:37.0000001,10.25337
2014-07-14 16:18:37.0000001,5.067261
2010-07-30 12:04:17.0000001,4.066895
2010-07-30 12:04:17.0000002,8.061504
2011-07-27 21:48:49.0000002,7.4241586
2011-07-27 21:48:49.0000001,6.4914894
2014-03-18 19:55:17.0000003,5.961148
2014-03-18 19:55:17.0000002,13.887411
2014-03-18 19:55:17.0000004,8.20087
2014-07-28 21:44:21.0000001,12.333204
2009-05-23 07:56:37.0000001,6.5546436
2010-06-05 23:05:25.0000004,11.23433
2010-06-05 23:05:25.0000005,4.710809
2010-06-05 23:05:25.0000003,10.489233
2010-06-05 23:05:25.0000001,8.133958
2010-06-05 23:05:25.0000002,10.193999
2012-07-01 19:59:49.0000001,5.619682
2015-06-07 17:23:09.0000004,9.442336
2015-06-07 17:23:09.0000003,7.282063
2015-06-07 17:23:09.0000002,6.703002
2015-06-07 17:23:09.0000001,10.224677
2013-03-10 07:31:45.0000001,6.0364175
2011-03-24 17:44:01.0000001,9.5133295
2011-03-24 17:44:01.0000003,7.6475286
2014-03-28 21:55:17.0000002,19.139322
2014-03-28 21:55:17.0000004,6.0232644
2014-03-28 21:55:17.0000005,7.773419
2014-03-28 21:55:17.0000006,6.885564
2013-04-28 20:00:05.0000002,55.724243
2013-04-28 20:00:05.0000001,7.298812
2013-04-28 20:00:05.0000004,13.126472
2013-04-28 20:00:05.0000003,4.7995453
2012-04-27 18:37:09.0000003,10.103421
2012-04-27 18:37:09.0000001,9.775523
2012-04-27 18:37:09.0000004,10.827036
2014-04-05 18:11:33.0000001,11.078856
2013-11-07 22:25:25.0000002,14.862411
2010-06-19 03:06:33.0000002,5.9451766
2012-06-30 03:53:29.0000003,8.096104
2012-06-30 03:53:29.0000001,14.024381
2011-09-15 02:11:49.0000002,16.366896
2011-09-15 02:11:49.0000001,20.871435
2012-08-08 04:45:25.0000001,48.61011
2011-05-19 16:01:41.0000004,5.5351515
2011-05-19 16:01:41.0000002,5.5968843
2011-05-19 16:01:41.0000005,4.9316072
2011-05-19 16:01:41.0000003,26.32012
2009-12-27 04:00:09.0000001,13.756359
2010-01-11 12:38:33.0000006,29.925013
2010-01-11 12:38:33.0000003,7.6384225
2010-01-11 12:38:33.0000005,5.642261
2010-01-11 12:38:33.0000001,6.3070545
2010-01-11 12:38:33.0000004,6.611378
2010-10-16 09:26:33.0000004,25.42046
2010-10-16 09:26:33.0000002,6.4361916
2014-07-25 18:06:37.0000002,8.977278
2014-07-25 18:06:37.0000004,9.053002
2014-07-25 18:06:37.0000005,14.025721
2014-07-25 18:06:37.0000003,7.637905
2014-07-25 18:06:37.0000001,9.79201
2013-03-18 15:54:21.0000001,11.691933
2013-03-18 15:54:21.0000002,5.049862
2010-05-13 06:34:57.0000002,7.38528
2010-05-13 06:34:57.0000001,6.9814367
2009-05-16 08:13:05.0000001,23.103735
2014-05-13 21:07:29.0000003,7.9982104
2014-05-13 21:07:29.0000002,8.801111
2010-04-23 16:10:29.0000001,5.372298
2010-04-23 16:10:29.0000003,7.769909
2010-04-23 16:10:29.0000002,5.7611775
2015-05-25 22:13:09.0000002,86.180725
2015-05-25 22:13:09.0000001,15.887969
2013-11-16 18:33:25.0000003,6.624
2013-11-16 18:33:25.0000004,17.249744
2013-11-16 18:33:25.0000002,13.674417
2013-11-16 18:33:25.0000001,11.41046
2012-04-16 17:48:09.0000001,6.417509
2012-04-16 17:48:09.0000002,6.05956
2012-04-16 17:48:09.0000003,8.77789
2014-12-29 12:55:53.0000002,9.68793
2014-12-29 12:55:53.0000001,27.136652
2014-12-29 12:55:53.0000003,13.382224
2009-08-02 14:01:33.0000002,5.5458097
2009-08-02 14:01:33.0000003,31.777985
2009-08-02 14:01:33.0000001,4.799941
2015-01-12 15:36:37.0000003,22.384727
2015-01-12 15:36:37.0000004,42.714714
2015-01-12 15:36:37.0000005,13.3808155
2015-01-12 15:36:37.0000009,18.753647
2015-01-12 15:36:37.0000006,7.685788
2015-01-12 15:36:37.0000001,17.270163
2015-01-12 15:36:37.0000007,13.281871
2014-09-04 19:52:09.0000002,6.8550353
2014-09-04 19:52:09.0000001,6.2738476
2014-09-04 19:52:09.0000003,5.2042384
2014-09-04 19:52:09.0000004,20.64029
2009-06-01 17:42:01.0000001,11.444445
2009-06-01 17:42:01.0000002,9.163141
2009-06-01 17:42:01.0000003,4.9844303
2010-09-21 01:35:09.0000001,10.813399
2010-09-21 01:35:09.0000002,6.547116
2013-05-26 15:18:37.0000004,23.41095
2013-05-26 15:18:37.0000002,8.979672
2009-09-20 23:07:01.0000002,22.99363
2009-08-12 23:00:37.0000001,17.720034
2012-07-18 09:44:53.0000005,8.467681
2012-07-18 09:44:53.0000001,6.287152
2012-07-18 09:44:53.0000004,4.5804467
2012-07-18 09:44:53.0000002,5.725715
2009-09-25 21:43:49.0000005,8.480444
2009-09-25 21:43:49.0000007,13.590091
2009-09-25 21:43:49.0000003,6.942335
2009-09-25 21:43:49.0000006,4.441466
2009-09-25 21:43:49.0000008,12.058538
2009-09-25 21:43:49.0000001,7.227729
2009-03-22 20:58:33.0000002,10.944616
2009-03-22 20:58:33.0000001,9.323798
2011-12-09 21:19:25.0000002,9.709666
2011-12-09 21:19:25.0000005,10.951192
2011-12-09 21:19:25.0000006,4.9039574
2013-07-05 20:44:49.0000002,4.4543467
2013-12-20 15:58:29.0000005,14.885938
2013-12-20 15:58:29.0000002,11.479843
2013-12-20 15:58:29.0000003,42.406708
2013-12-20 15:58:29.0000004,13.235404
2014-10-06 14:37:25.0000004,12.528293
2014-10-06 14:37:25.0000003,20.259657
2014-10-06 14:37:25.0000002,10.717981
2014-10-06 14:37:25.0000001,7.59837
2015-01-18 23:09:25.0000003,25.944351
2015-01-18 23:09:25.0000002,8.385829
2014-05-01 14:11:21.0000002,15.040969
2014-05-01 14:11:21.0000004,8.729
2014-05-01 14:11:21.0000005,8.877812
2014-05-01 14:11:21.0000006,7.2684584
2014-05-01 14:11:21.0000001,10.683113
2014-05-01 14:11:21.0000003,21.121819
2012-05-22 14:54:45.0000002,7.0114455
2012-05-22 14:54:45.0000001,6.589494
2009-06-17 14:41:57.0000001,11.521204
2009-09-16 10:27:37.0000001,7.9085956
2009-09-16 10:27:37.0000002,8.239555
2014-02-06 13:26:49.0000001,12.234847
2015-04-16 02:42:33.0000001,12.770959
2011-06-06 07:28:25.0000002,26.491795
2011-06-06 07:28:25.0000003,5.329079
2011-06-06 07:28:25.0000001,4.6593194
2011-06-06 07:28:25.0000005,14.850379
2011-06-06 07:28:25.0000004,4.7298365
2013-02-27 19:25:13.0000003,19.517057
2013-02-27 19:25:13.0000007,12.077175
2013-02-27 19:25:13.0000006,13.581499
2013-02-27 19:25:13.0000004,5.6840086
2013-02-27 19:25:13.0000002,5.79108
2013-02-27 19:25:13.0000005,8.548763
2014-10-03 01:06:05.0000001,6.8696923
2014-10-03 01:06:05.0000002,4.972543
2010-06-26 00:14:53.0000001,7.367769
2009-09-15 08:28:53.0000001,7.665384
2009-09-15 08:28:53.0000002,13.085937
2009-09-15 08:28:53.0000004,7.0055833
2009-09-15 08:28:53.0000005,5.9883175
2011-08-09 05:27:05.0000001,8.7888155
2010-10-20 08:49:45.0000001,6.8857827
2010-10-20 08:49:45.0000002,5.793517
2012-02-08 11:14:49.0000002,6.143243
2012-02-08 11:14:49.0000001,7.0163374
2012-02-08 11:14:49.0000004,8.937027
2013-08-07 02:16:45.0000001,29.995132
2012-10-26 00:32:13.0000001,17.32888
2012-07-18 22:34:53.0000001,5.5525355
2011-05-17 22:09:17.0000001,12.787882
2009-04-04 00:20:37.0000001,17.24016
2009-04-04 00:20:37.0000003,7.417456
2009-04-04 00:20:37.0000002,12.706311
2009-09-04 18:43:33.0000003,8.830415
2009-09-04 18:43:33.0000004,11.325769
2010-09-19 17:13:29.0000001,12.653133
2010-09-19 17:13:29.0000007,11.373598
2010-09-19 17:13:29.0000005,9.431358
2010-09-19 17:13:29.0000004,6.096896
2010-09-19 17:13:29.0000003,12.853839
2010-09-19 17:13:29.0000002,9.362019
2013-03-19 18:08:29.0000003,10.907397
2013-03-19 18:08:29.0000004,11.524473
2011-11-22 00:15:25.0000002,5.574058
2011-11-22 00:15:25.0000001,9.598284
2011-04-23 11:01:49.0000005,4.179977
2011-04-23 11:01:49.0000004,5.824443
2011-04-23 11:01:49.0000003,3.618925
2012-10-19 06:56:29.0000001,6.6694074
2012-10-19 06:56:29.0000002,4.1857047
2009-12-16 14:45:21.0000002,5.870503
2009-12-16 14:45:21.0000003,7.3969827
2009-12-16 14:45:21.0000001,10.275142
2012-08-13 21:49:53.0000002,5.877642
2012-08-13 21:49:53.0000003,3.7057612
2012-08-13 21:49:53.0000001,4.213589
2010-11-08 10:01:37.0000001,5.78166
2010-11-08 10:01:37.0000002,8.376237
2010-11-08 10:01:37.0000006,5.004998
2010-11-08 10:01:37.0000007,10.792493
2010-11-08 10:01:37.0000005,31.721287
2010-11-08 10:01:37.0000004,4.633832
2010-12-05 16:35:49.0000001,5.6920795
2010-12-05 16:35:49.0000002,9.166569
2014-10-15 12:10:49.0000001,11.551744
2009-04-01 19:28:09.0000004,14.024766
2009-04-01 19:28:09.0000002,7.8490443
2009-04-01 19:28:09.0000003,5.301721
2009-04-01 19:28:09.0000007,19.703234
2009-04-01 19:28:09.0000005,6.1179204
2009-04-01 19:28:09.0000006,9.712005
2011-11-26 02:04:29.0000002,9.35489
2011-11-26 02:04:29.0000001,11.720639
2009-01-11 07:56:01.0000003,5.7137127
2009-01-11 07:56:01.0000002,4.0398564
2012-05-30 09:19:13.0000001,6.0824804
2014-06-10 01:06:25.0000001,16.95738
2014-06-10 01:06:25.0000003,18.704851
2014-06-10 01:06:25.0000002,46.969624
2014-10-28 22:42:33.0000002,17.91563
2014-10-28 22:42:33.0000001,23.66872
2009-03-20 12:14:53.0000004,8.866732
2009-03-20 12:14:53.0000007,5.341094
2009-03-20 12:14:53.0000002,9.3434
2009-03-20 12:14:53.0000005,12.363206
2009-03-20 12:14:53.0000001,4.9936347
2009-03-20 12:14:53.0000006,6.409992
2009-03-20 12:14:53.0000003,17.27148
2010-06-20 12:42:37.0000003,7.371612
2010-06-20 12:42:37.0000001,14.14826
2014-08-05 16:09:05.0000001,6.755079
2014-11-06 01:40:49.0000003,4.9412766
2014-11-06 01:40:49.0000002,13.429695
2014-11-06 01:40:49.0000001,8.136975
2014-07-19 21:05:37.0000005,4.6965165
2014-07-19 21:05:37.0000001,11.668173
2014-07-19 21:05:37.0000004,13.38996
2014-07-19 21:05:37.0000003,8.092321
2015-02-19 11:39:21.0000005,7.81506
2015-02-19 11:39:21.0000002,11.605104
2015-02-19 11:39:21.0000003,7.8643947
2012-10-02 14:17:13.0000003,7.565632
2012-10-02 14:17:13.0000002,10.954032
2012-04-17 09:47:57.0000001,6.773273
2012-04-17 09:47:57.0000003,13.818304
2012-04-17 09:47:57.0000002,28.810333
2011-04-16 00:01:17.0000002,14.535145
2011-04-16 00:01:17.0000001,4.4538474
2010-06-18 08:54:37.0000003,10.835478
2010-06-18 08:54:37.0000002,16.608364
2010-06-18 08:54:37.0000001,11.260735
2012-10-20 00:36:37.0000005,7.6268454
2012-10-20 00:36:37.0000003,35.036392
2012-10-20 00:36:37.0000004,5.428891
2014-06-19 22:37:09.0000001,7.550543
2014-06-19 22:37:09.0000003,10.335024
2014-06-19 22:37:09.0000005,16.002678
2011-05-11 13:24:37.0000004,8.646289
2011-05-11 13:24:37.0000001,8.769252
2011-05-11 13:24:37.0000003,5.193679
2014-04-09 08:42:05.0000002,10.7283945
2014-04-09 08:42:05.0000001,7.384956
2014-10-13 00:42:05.0000001,15.718958
2013-12-08 10:41:05.0000003,6.265993
2013-12-08 10:41:05.0000008,14.597358
2013-12-08 10:41:05.0000006,11.535182
2013-12-08 10:41:05.0000004,7.13183
2013-12-08 10:41:05.0000001,11.822357
2013-12-08 10:41:05.0000005,9.104965
2013-02-14 02:02:13.0000001,5.293485
2009-07-04 13:00:57.0000001,10.06454
2009-07-04 13:00:57.0000003,8.069663
2013-03-20 03:01:29.0000001,4.2681866
2010-08-25 12:03:21.0000002,10.619042
2010-08-25 12:03:21.0000001,6.1113935
2013-09-08 03:47:57.0000001,19.163424
2013-09-08 03:47:57.0000003,9.053354
2012-12-19 16:29:33.0000002,10.383335
2012-12-19 16:29:33.0000001,5.9920564
2009-05-15 21:19:13.0000001,11.6228895
2009-05-15 21:19:13.0000002,6.4809146
2012-06-06 17:33:05.0000001,10.138788
2012-06-06 17:33:05.0000002,6.1831317
2012-06-06 17:33:05.0000003,12.167225
2012-06-06 17:33:05.0000004,8.514816
2011-09-20 00:07:17.0000001,9.337565
2010-01-29 08:32:53.0000007,5.256409
2010-01-29 08:32:53.0000004,10.335572
2010-01-29 08:32:53.0000001,4.2016745
2010-01-29 08:32:53.0000003,10.050353
2010-01-29 08:32:53.0000005,6.38202
2010-01-29 08:32:53.0000006,6.36121
2015-05-15 01:51:49.0000002,10.026225
2015-05-15 01:51:49.0000001,11.90688
2015-05-15 01:51:49.0000005,8.805791
2015-05-15 01:51:49.0000004,4.304135
2011-07-26 05:14:29.0000001,49.148296
2011-09-09 03:00:05.0000002,17.457718
2011-09-09 03:00:05.0000001,6.424293
2012-11-12 10:06:17.0000004,6.7346954
2012-11-12 10:06:17.0000005,10.161389
2012-11-12 10:06:17.0000002,7.450786
2012-11-12 10:06:17.0000001,11.653042
2012-01-05 22:37:13.0000001,10.561029
2012-01-05 22:37:13.0000002,17.654636
2012-12-07 02:02:01.0000002,20.489496
2012-12-07 02:02:01.0000001,14.073259
2011-08-18 08:36:13.0000001,4.8517466
2011-08-18 08:36:13.0000004,6.654216
2011-08-18 08:36:13.0000003,10.829107
2011-08-18 08:36:13.0000006,7.608382
2011-08-18 08:36:13.0000002,15.05295
2014-05-16 15:30:05.0000002,7.750341
2014-05-16 15:30:05.0000001,9.498057
2014-03-15 07:19:25.0000001,11.834819
2009-12-21 17:23:09.0000001,5.680521
2013-12-01 22:23:57.0000002,6.267252
2013-12-01 22:23:57.0000001,15.312966
2014-01-03 15:48:49.0000003,9.620946
2014-01-03 15:48:49.0000002,7.415994
2013-01-19 20:19:45.0000003,17.108486
2013-01-19 20:19:45.0000001,8.593537
2013-01-19 20:19:45.0000004,6.12464
2012-08-31 03:00:21.0000001,5.1760507
2012-07-21 16:32:41.0000001,5.5124674
2012-07-21 16:32:41.0000002,4.386597
2012-12-20 23:43:09.0000002,19.44247
2012-12-20 23:43:09.0000006,7.36344
2012-12-20 23:43:09.0000005,14.661299
2012-12-20 23:43:09.0000003,5.7462893
2009-06-13 18:40:13.0000002,12.699804
2009-06-13 18:40:13.0000003,12.011796
2014-11-16 09:12:45.0000001,17.06971
2013-03-25 15:17:33.0000001,4.293973
2009-09-28 05:36:49.0000001,7.3342557
2013-07-08 17:31:29.0000001,5.799012
2013-07-08 17:31:29.0000002,19.822464
2010-11-27 12:54:09.0000005,5.08927
2010-11-27 12:54:09.0000004,6.66203
2010-11-27 12:54:09.0000001,4.130324
2010-11-27 12:54:09.0000003,3.6128464
2010-11-27 12:54:09.0000002,16.159214
2011-02-15 02:43:33.0000002,10.529545
2011-02-15 02:43:33.0000001,15.359267
2012-10-25 06:12:37.0000001,6.720693
2014-05-01 06:39:54.0000001,5.091476
2015-03-17 21:44:26.0000001,13.348199
2015-03-17 21:44:26.0000006,8.908882
2015-03-17 21:44:26.0000005,17.362562
2015-03-17 21:44:26.0000003,12.781959
2015-03-17 21:44:26.0000004,12.6305
2011-05-02 13:26:54.0000003,5.497769
2011-05-02 13:26:54.0000001,4.10785
2011-05-02 13:26:54.0000002,10.93819
2009-01-06 07:36:34.0000003,8.520184
2009-01-06 07:36:34.0000002,5.823435
2009-01-06 07:36:34.0000004,10.815406
2010-06-23 10:29:22.0000005,4.255798
2010-06-23 10:29:22.0000001,14.477286
2010-06-23 10:29:22.0000004,5.0823407
2010-06-23 10:29:22.0000003,12.463877
2010-06-23 10:29:22.0000002,10.754502
2013-01-22 08:20:26.0000001,4.7956724
2013-01-22 08:20:26.0000002,6.4449487
2009-11-25 11:14:26.0000001,4.9612956
2009-11-25 11:14:26.0000002,9.140121
2012-12-04 06:52:02.0000001,12.070035
2012-12-04 06:52:02.0000002,12.12127
2012-12-04 06:52:02.0000003,9.5782585
2014-05-27 10:31:46.0000001,8.98182
2014-05-27 10:31:46.0000003,21.15918
2014-05-27 10:31:46.0000002,19.314293
2009-09-20 22:15:46.0000001,9.158004
2011-06-30 08:40:22.0000001,4.9485207
2011-06-30 08:40:22.0000002,8.729127
2010-05-10 09:14:30.0000003,8.1623745
2010-05-10 09:14:30.0000001,5.3682613
2010-05-10 09:14:30.0000002,6.0510592
2010-05-10 09:14:30.0000004,5.176138
2010-11-25 16:10:30.0000001,16.371176
2014-11-18 16:06:14.0000001,8.551958
2013-01-20 20:41:26.0000003,13.630427
2013-01-20 20:41:26.0000001,16.563019
2015-06-07 00:38:14.0000003,7.8715477
2009-01-03 00:51:02.0000004,9.1236925
2009-01-03 00:51:02.0000003,7.669377
2010-09-28 11:54:02.0000004,5.8787603
2010-09-28 11:54:02.0000005,9.031349
2010-09-28 11:54:02.0000003,5.7696
2010-09-28 11:54:02.0000001,6.7587795
2010-09-28 11:54:02.0000002,18.539598
2013-11-07 17:01:14.0000001,42.19979
2013-11-07 17:01:14.0000006,6.5762343
2013-11-07 17:01:14.0000002,8.185081
2013-11-07 17:01:14.0000003,4.920581
2013-11-07 17:01:14.0000005,6.0839853
2013-11-07 17:01:14.0000004,9.929882
2009-11-29 08:05:46.0000001,6.1343055
2012-10-21 17:43:26.0000003,7.228121
2012-10-21 17:43:26.0000002,10.158802
2012-10-21 17:43:26.0000006,5.794711
2012-10-21 17:43:26.0000001,7.783701
2012-10-21 17:43:26.0000004,11.534587
2012-10-21 17:43:26.0000005,8.796921
2013-07-31 06:52:46.0000001,5.550002
2013-02-04 12:10:10.0000002,6.6207147
2013-02-04 12:10:10.0000001,7.1993675
2013-10-18 09:06:14.0000001,8.621896
2009-04-26 17:29:42.0000004,5.2229967
2009-04-26 17:29:42.0000002,6.78512
2009-04-26 17:29:42.0000005,9.9945
2009-04-26 17:29:42.0000003,7.6645417
2009-04-26 17:29:42.0000006,7.0961523
2015-04-12 21:56:22.0000004,22.012096
2015-04-12 21:56:22.0000002,8.910048
2015-04-12 21:56:22.0000001,56.62419
2015-02-25 22:00:38.0000003,26.533438
2015-02-25 22:00:38.0000006,11.956239
2015-02-25 22:00:38.0000001,16.269024
2015-02-25 22:00:38.0000004,11.905156
2015-02-25 22:00:38.0000005,22.934233
2013-12-30 00:48:42.0000003,5.2194147
2013-12-30 00:48:42.0000002,18.551115
2013-12-30 00:48:42.0000001,9.034687
2012-11-20 21:15:22.0000004,11.325967
2012-11-20 21:15:22.0000001,5.9537406
2012-11-20 21:15:22.0000003,18.682167
2012-11-20 21:15:22.0000006,8.828213
2012-11-20 21:15:22.0000005,13.916474
2012-11-20 21:15:22.0000002,22.621141
2012-11-20 21:15:22.0000007,9.70758
2010-03-21 16:52:58.0000002,31.565466
2010-03-21 16:52:58.0000001,9.843442
2010-03-21 16:52:58.0000004,13.360114
2010-10-06 23:31:54.0000002,5.8922086
2013-07-09 21:59:42.0000002,38.84135
2012-06-23 09:43:42.0000006,14.496561
2012-06-23 09:43:42.0000001,4.488582
2012-06-23 09:43:42.0000003,8.946467
2012-06-23 09:43:42.0000005,5.2276483
2009-01-21 20:04:30.0000004,8.772439
2009-01-21 20:04:30.0000008,6.7699494
2009-01-21 20:04:30.0000009,6.1273336
2009-01-21 20:04:30.0000003,7.8474054
2009-01-21 20:04:30.0000001,6.253433
2009-01-21 20:04:30.0000005,6.782593
2009-01-21 20:04:30.0000002,6.6630726
2009-01-21 20:04:30.0000007,4.6563945
2013-12-18 14:26:58.0000003,24.881437
2013-12-18 14:26:58.0000001,10.09183
2014-04-26 18:02:26.0000002,12.320436
2014-04-26 18:02:26.0000001,10.327499
2010-11-21 00:32:50.0000003,5.6867805
2010-11-21 00:32:50.0000002,12.39618
2010-11-21 00:32:50.0000001,5.1812506
2013-02-07 21:29:22.0000003,8.68058
2013-02-07 21:29:22.0000002,9.219039
2013-02-07 21:29:22.0000004,12.848492
2013-02-07 21:29:22.0000001,12.687998
2010-11-15 18:15:14.0000002,8.251835
2010-11-15 18:15:14.0000001,7.3913465
2010-11-15 18:15:14.0000003,6.345705
2010-11-15 18:15:14.0000004,6.8840985
2013-10-26 10:46:46.0000005,8.908889
2013-10-26 10:46:46.0000002,10.538845
2013-10-26 10:46:46.0000004,10.6963415
2013-10-26 10:46:46.0000001,5.4691978
2013-07-18 10:24:58.0000001,6.107449
2010-05-14 04:15:54.0000001,6.2015367
2013-09-14 18:51:46.0000002,12.649674
2009-05-27 23:09:54.0000001,9.681859
2013-05-23 23:54:42.0000002,9.917947
2013-05-23 23:54:42.0000006,6.397189
2013-05-23 23:54:42.0000001,13.779727
2013-05-23 23:54:42.0000005,15.735377
2013-05-23 23:54:42.0000003,11.77372
2015-05-23 01:00:22.0000001,4.929423
2009-11-23 19:06:14.0000004,10.35699
2009-11-23 19:06:14.0000003,6.5266705
2009-11-23 19:06:14.0000002,4.5714035
2009-11-23 19:06:14.0000006,53.54365
2011-06-22 00:06:34.0000001,6.4002748
2014-07-02 02:27:22.0000001,4.2239795
2012-11-18 14:55:42.0000002,6.6978226
2012-11-18 14:55:42.0000003,7.804686
2012-11-18 14:55:42.0000004,6.6827207
2009-01-12 17:54:26.0000001,4.3907046
2012-10-10 06:59:02.0000002,7.993368
2012-10-10 06:59:02.0000003,7.424353
2012-10-10 06:59:02.0000001,5.7208505
2010-01-24 14:09:58.0000001,6.033452
2010-09-01 08:23:54.0000001,12.570698
2011-12-10 23:39:06.0000002,21.091187
2011-05-22 03:09:50.0000002,20.241005
2011-05-22 03:09:50.0000005,4.7089586
2011-05-22 03:09:50.0000001,5.9559965
2011-05-22 03:09:50.0000004,20.57004
2011-05-22 03:09:50.0000003,19.296438
2013-06-29 14:26:06.0000004,20.699766
2013-06-29 14:26:06.0000003,6.760352
2013-06-29 14:26:06.0000002,7.1005096
2013-06-29 14:26:06.0000001,15.116182
2011-01-25 10:31:26.0000001,12.25253
2011-01-25 10:31:26.0000002,7.5023785
2013-02-11 01:03:30.0000001,22.786772
2009-12-17 15:54:46.0000005,10.212071
2009-12-17 15:54:46.0000003,4.901598
2009-12-17 15:54:46.0000001,9.576962
2009-12-17 15:54:46.0000004,5.7797537
2012-03-17 05:33:02.0000001,9.343068
2009-10-24 19:48:30.0000001,5.198662
2009-10-24 19:48:30.0000002,6.808317
2009-10-24 19:48:30.0000003,12.190857
2013-03-23 00:10:26.0000004,33.512955
2013-03-23 00:10:26.0000002,5.2340164
2013-03-23 00:10:26.0000001,44.494026
2013-03-23 00:10:26.0000003,18.266045
2010-06-16 18:41:54.0000001,7.306668
2010-06-16 18:41:54.0000002,8.111774
2011-01-15 04:13:38.0000002,4.0895553
2014-07-27 11:25:18.0000001,4.6086674
2014-07-27 11:25:18.0000002,5.29851
2011-11-02 08:21:50.0000002,6.5348463
2015-05-16 04:37:50.0000001,10.674773
2015-05-16 04:37:50.0000002,10.74022
2009-03-15 03:31:14.0000002,9.754151
2009-03-15 03:31:14.0000001,6.65784
2014-09-08 19:07:46.0000002,14.432207
2009-08-28 11:58:58.0000001,4.188161
2010-04-24 23:31:50.0000001,5.424071
2010-04-24 23:31:50.0000003,10.698382
2013-06-13 14:50:50.0000002,13.670264
2013-06-13 14:50:50.0000001,9.94964
2010-07-07 06:22:38.0000002,14.665439
2010-07-07 06:22:38.0000001,7.9172072
2009-03-24 00:11:26.0000001,8.481556
2009-03-24 00:11:26.0000002,9.0038
2013-10-23 14:27:10.0000001,6.1209245
2011-03-03 21:31:42.0000007,13.179213
2011-03-03 21:31:42.0000001,5.9977455
2011-03-03 21:31:42.0000008,8.835178
2011-03-03 21:31:42.0000006,6.236413
2011-03-03 21:31:42.0000005,6.1108894
2011-09-05 10:47:26.0000002,16.198301
2011-09-05 10:47:26.0000003,15.704223
2011-09-05 10:47:26.0000004,10.362385
2012-08-04 23:34:58.0000001,10.457269
2012-08-04 23:34:58.0000004,4.970341
2012-08-04 23:34:58.0000002,6.2687955
2015-01-29 13:15:50.0000003,10.977242
2015-01-29 13:15:50.0000004,7.046527
2015-01-29 13:15:50.0000007,10.464822
2015-01-29 13:15:50.0000006,12.921438
2015-01-29 13:15:50.0000008,4.8918076
2015-01-29 13:15:50.0000005,7.494882
2015-01-29 13:15:50.0000002,6.8286834
2015-01-29 13:15:50.0000009,7.965265
2012-09-16 12:48:06.0000004,7.3077087
2012-09-16 12:48:06.0000001,12.364926
2012-09-16 12:48:06.0000003,15.135614
2015-04-10 11:56:54.0000008,7.0861917
2015-04-10 11:56:54.0000001,14.3761215
2015-04-10 11:56:54.0000002,27.901957
2015-04-10 11:56:54.0000007,58.428608
2015-04-10 11:56:54.0000003,8.040801
2015-05-05 12:32:14.0000007,11.534893
2015-05-05 12:32:14.0000006,11.445468
2015-05-05 12:32:14.0000003,9.90684
2015-05-05 12:32:14.0000004,5.306731
2015-05-05 12:32:14.0000002,9.867192
2015-05-05 12:32:14.0000005,11.562117
2015-05-05 12:32:14.0000001,17.157854
2013-10-15 23:31:26.0000001,6.896945
2014-08-24 01:17:38.0000001,5.0792875
2013-04-04 07:01:06.0000003,12.460315
2013-04-04 07:01:06.0000001,4.916829
2013-04-04 07:01:06.0000002,7.787919
2013-06-21 18:06:14.0000001,8.675519
2013-06-21 18:06:14.0000005,11.985735
2013-06-21 18:06:14.0000004,6.4322743
2013-06-21 18:06:14.0000003,11.621106
2013-06-21 18:06:14.0000006,8.541006
2009-08-03 21:09:42.0000001,6.2010098
2009-08-03 21:09:42.0000003,6.042546
2009-08-03 21:09:42.0000002,7.9520493
2009-08-03 21:09:42.0000004,5.9007607
2013-10-13 19:52:54.0000003,5.5724874
2013-10-13 19:52:54.0000001,5.539777
2014-11-14 11:09:46.0000001,7.189056
2014-11-14 11:09:46.0000002,31.733067
2015-06-25 01:01:46.0000003,5.183998
2015-06-25 01:01:46.0000001,8.82075
2009-05-19 15:44:30.0000003,8.963583
2014-01-26 08:48:30.0000001,15.815517
2014-01-26 08:48:30.0000002,4.3905478
2012-01-19 02:06:02.0000001,4.0917716
2014-12-25 21:32:58.0000001,10.521827
2012-08-09 07:49:02.0000001,11.270115
2012-08-09 07:49:02.0000003,15.333781
2012-08-09 07:49:02.0000002,6.987143
2014-08-10 05:03:50.0000001,31.00977
2010-01-11 15:18:14.0000002,5.638004
2010-01-11 15:18:14.0000003,4.9378247
2010-01-11 15:18:14.0000004,8.751236
2010-01-11 15:18:14.0000001,7.030955
2009-11-10 15:56:38.0000006,6.0447874
2009-11-10 15:56:38.0000002,7.9324007
2009-11-10 15:56:38.0000004,9.400242
2009-11-10 15:56:38.0000003,48.97213
2009-11-10 15:56:38.0000005,4.5704603
2009-11-10 15:56:38.0000001,10.058429
2012-10-18 09:17:42.0000002,8.895289
2012-10-18 09:17:42.0000001,9.127471
2010-12-06 13:19:58.0000003,6.1126513
2010-12-06 13:19:58.0000002,8.689997
2010-12-06 13:19:58.0000001,6.966211
2011-07-30 15:27:58.0000003,6.9418216
2011-07-30 15:27:58.0000002,6.349709
2011-07-20 04:21:54.0000001,5.1710196
2011-07-20 04:21:54.0000002,7.354618
2009-03-10 19:51:34.0000003,5.415203
2009-03-10 19:51:34.0000004,11.453623
2009-03-10 19:51:34.0000005,5.0245523
2009-03-10 19:51:34.0000002,11.569749
2009-03-10 19:51:34.0000001,6.080699
2011-11-15 22:33:42.0000001,8.318038
2011-11-15 22:33:42.0000002,13.0045
2010-09-24 22:40:06.0000005,6.941741
2010-09-24 22:40:06.0000003,24.549911
2010-09-24 22:40:06.0000006,5.933061
2010-09-24 22:40:06.0000002,7.7890058
2010-09-24 22:40:06.0000001,6.839691
2010-02-06 17:37:10.0000007,4.0822825
2010-02-06 17:37:10.0000004,5.5944405
2010-02-06 17:37:10.0000006,6.6235957
2010-02-06 17:37:10.0000003,5.055471
2012-05-11 02:43:18.0000002,7.601824
2012-05-11 02:43:18.0000001,4.331853
2011-09-25 21:18:06.0000001,8.51159
2011-09-25 21:18:06.0000002,11.678237
2013-12-18 03:16:02.0000001,13.527772
2012-01-26 01:32:42.0000001,7.9579377
2012-01-26 01:32:42.0000002,4.269296
2011-10-02 03:06:34.0000001,6.52636
2012-03-31 12:52:46.0000002,6.709918
2012-03-31 12:52:46.0000001,17.69575
2014-06-15 00:51:42.0000001,15.093787
2009-04-21 17:27:58.0000001,8.813542
2009-04-21 17:27:58.0000002,6.4855113
2012-08-13 15:02:26.0000002,5.7532864
2012-08-13 15:02:26.0000003,6.8024554
2014-10-27 11:56:50.0000001,7.167256
2014-10-27 11:56:50.0000002,18.136127
2014-10-27 11:56:50.0000003,11.392405
2009-09-29 18:03:18.0000001,11.772673
2011-10-30 16:52:26.0000001,5.0741906
2011-10-30 16:52:26.0000002,5.9481263
2014-11-24 23:39:26.0000002,19.35247
2014-11-24 23:39:26.0000001,29.33927
2011-08-16 14:41:50.0000001,8.869423
2011-08-16 14:41:50.0000003,6.2617784
2011-08-16 14:41:50.0000002,8.620073
2013-01-14 18:42:54.0000002,19.670757
2013-01-14 18:42:54.0000006,6.3335743
2013-01-14 18:42:54.0000001,5.1319
2013-01-14 18:42:54.0000007,4.4198713
2013-01-14 18:42:54.0000008,10.069162
2009-04-18 23:09:34.0000002,11.8304405
2009-11-11 21:20:18.0000001,5.136247
2009-11-11 21:20:18.0000003,16.970213
2012-07-24 01:12:50.0000004,16.224533
2012-07-24 01:12:50.0000003,5.4042444
2012-07-24 01:12:50.0000001,13.026983
2012-07-24 01:12:50.0000002,6.6944494
2012-07-24 01:12:50.0000005,10.684011
2009-04-18 02:44:34.0000003,7.751645
2009-04-18 02:44:34.0000002,11.309069
2014-07-18 06:32:22.0000001,7.2178707
2014-01-10 12:28:38.0000001,10.528781
2011-08-08 15:27:22.0000001,4.1618943
2014-07-30 14:42:34.0000001,7.9917827
2014-07-30 14:42:34.0000003,26.456081
2014-07-30 14:42:34.0000002,15.804728
2014-08-26 16:39:54.0000002,14.483014
2014-10-11 00:26:38.0000002,14.809366
2014-10-11 00:26:38.0000003,13.445615
2014-10-11 00:26:38.0000001,13.070208
2014-10-11 00:26:38.0000005,12.742178
2014-10-11 00:26:38.0000007,5.6855993
2014-10-11 00:26:38.0000006,21.256947
2009-08-15 14:25:02.0000001,10.092069
2009-09-22 06:43:46.0000001,5.6139708
2014-05-14 00:00:34.0000001,8.931883
2014-05-14 00:00:34.0000002,11.118142
2014-10-14 01:57:26.0000001,4.4930096
2009-05-31 20:56:38.0000002,37.659744
2009-05-31 20:56:38.0000003,6.9844923
2009-05-31 20:56:38.0000001,4.8010883
2009-07-11 12:59:58.0000001,8.848269
2010-06-02 15:33:06.0000001,5.091801
2010-06-02 15:33:06.0000002,5.683511
2010-06-02 15:33:06.0000003,4.5422444
2010-01-30 02:13:06.0000002,4.314825
2010-01-30 02:13:06.0000001,4.9958463
2010-01-30 02:13:06.0000003,9.873074
2014-01-05 17:47:02.0000003,7.637424
2014-01-05 17:47:02.0000002,10.571617
2009-03-21 09:59:50.0000003,46.468502
2009-03-21 09:59:50.0000002,10.571684
2009-03-21 09:59:50.0000001,5.2554173
2009-08-26 23:55:38.0000002,9.002558
2009-06-09 15:10:50.0000002,49.710445
2009-06-09 15:10:50.0000001,4.9346023
2011-09-18 06:14:54.0000001,7.413767
2009-03-27 16:05:22.0000004,33.25554
2009-03-27 16:05:22.0000005,5.0031343
2009-03-27 16:05:22.0000001,9.404216
2009-03-27 16:05:22.0000006,6.4998927
2009-03-27 16:05:22.0000003,10.115915
2009-03-27 16:05:22.0000002,6.3513775
2015-05-29 10:02:42.0000005,9.40188
2015-05-29 10:02:42.0000003,8.136234
2015-05-29 10:02:42.0000004,9.208729
2012-09-07 23:20:34.0000004,18.502192
2012-09-07 23:20:34.0000003,12.714667
2012-09-07 23:20:34.0000001,6.3076105
2014-03-07 10:36:50.0000002,8.772546
2014-03-07 10:36:50.0000001,9.078779
2013-03-17 23:47:50.0000002,17.27845
2013-03-17 23:47:50.0000001,6.750065
2015-06-30 20:03:50.0000005,10.251704
2015-06-30 20:03:50.0000001,108.90241
2015-06-30 20:03:50.0000003,10.581301
2015-06-30 20:03:50.0000004,6.4586525
2015-05-11 02:21:26.0000002,4.5492215
2015-05-11 02:21:26.0000001,13.060419
2015-01-10 14:32:14.0000001,9.554643
2014-12-05 14:14:14.0000001,9.908928
2014-12-05 14:14:14.0000002,12.224317
2012-04-23 12:23:18.0000001,7.191136
2012-04-23 12:23:18.0000003,4.8590636
2012-04-23 12:23:18.0000002,32.94507
2012-09-01 13:33:14.0000003,6.1714587
2012-09-01 13:33:14.0000002,11.138532
2012-09-01 13:33:14.0000001,14.012971
2011-04-17 14:55:58.0000001,4.0007014
2010-05-31 20:43:42.0000002,7.4826636
2013-11-22 23:44:34.0000002,13.102823
2013-11-22 23:44:34.0000001,8.058792
2013-05-17 05:30:10.0000002,12.176435
2013-05-17 05:30:10.0000001,7.377014
2009-07-28 11:13:10.0000001,11.551109
2014-05-18 14:43:26.0000001,10.663621
2014-05-18 14:43:26.0000002,7.0242605
2014-05-18 14:43:26.0000003,6.9564366
2011-10-08 18:18:26.0000005,9.291655
2011-10-08 18:18:26.0000001,4.4706616
2011-10-08 18:18:26.0000004,13.685421
2013-09-27 04:39:14.0000001,23.367666
2011-02-08 01:44:18.0000001,12.367833
2015-01-12 06:21:38.0000001,7.1273036
2015-01-12 06:21:38.0000002,21.970736
2010-03-23 13:23:34.0000004,5.459075
2010-03-23 13:23:34.0000002,14.263459
2010-03-23 13:23:34.0000001,4.9433565
2009-04-02 06:19:02.0000001,8.618341
2012-01-12 18:05:10.0000003,9.479657
2012-01-12 18:05:10.0000001,26.37945
2014-11-21 02:04:42.0000002,11.0432005
2014-11-21 02:04:42.0000003,14.489188
2014-11-21 02:04:42.0000001,26.690023
2010-10-09 03:54:42.0000001,6.402926
2012-04-03 12:26:14.0000002,5.4265523
2012-04-03 12:26:14.0000001,32.631065
2012-04-03 12:26:14.0000003,11.584893
2010-12-21 08:46:02.0000005,10.888632
2010-12-21 08:46:02.0000004,8.041416
2010-12-21 08:46:02.0000003,10.177978
2010-06-19 22:52:30.0000002,6.0273542
2010-06-19 22:52:30.0000001,11.067324
2013-01-03 01:43:10.0000001,25.27647
2013-11-24 03:44:46.0000004,11.546347
2013-11-24 03:44:46.0000002,15.743908
2013-11-24 03:44:46.0000005,15.269252
2011-04-16 12:57:18.0000001,6.315641
2012-10-11 22:24:18.0000001,10.624343
2010-12-13 23:24:02.0000002,9.336508
2010-12-13 23:24:02.0000001,9.515882
2011-09-14 23:42:46.0000001,10.829062
2011-05-17 23:42:46.0000001,4.608787
2011-05-17 23:42:46.0000004,47.635696
2011-05-17 23:42:46.0000002,10.73482
2011-05-17 23:42:46.0000005,4.4970217
2011-05-17 23:42:46.0000007,8.55344
2013-06-30 03:37:26.0000002,5.748578
2013-06-30 03:37:26.0000005,20.177366
2013-06-30 03:37:26.0000001,5.080511
2013-06-30 03:37:26.0000004,17.25333
2011-05-26 21:36:54.0000001,5.4814115
2009-11-09 06:00:22.0000001,4.0729084
2014-01-09 17:27:18.0000002,28.460194
2014-01-09 17:27:18.0000001,5.2526298
2014-01-09 17:27:18.0000005,9.697552
2014-01-09 17:27:18.0000006,5.2573323
2014-01-09 17:27:18.0000007,7.8979197
2012-07-01 00:24:58.0000003,7.1571965
2012-07-01 00:24:58.0000001,8.338048
2012-07-01 00:24:58.0000002,12.285235
2010-06-02 14:55:22.0000003,7.404845
2010-06-02 14:55:22.0000002,4.8610387
2010-06-02 14:55:22.0000004,6.5827675
2010-06-02 14:55:22.0000006,7.1112704
2010-06-02 14:55:22.0000001,15.611087
2010-06-02 14:55:22.0000005,8.709125
2013-03-07 08:50:34.0000001,22.367725
2013-03-07 08:50:34.0000005,7.2555466
2013-03-07 08:50:34.0000002,13.798228
2013-03-07 08:50:34.0000006,12.982996
2013-03-07 08:50:34.0000003,13.543654
2013-03-07 08:50:34.0000004,13.461003
2013-10-28 00:33:30.0000001,7.869289
2013-11-23 16:33:30.0000003,13.230926
2013-11-23 16:33:30.0000001,6.957629
2014-11-06 07:56:46.0000002,6.939158
2014-11-06 07:56:46.0000001,7.3092895
2013-04-05 12:38:22.0000001,18.418856
2014-11-06 02:02:10.0000001,5.7162647
2012-10-09 07:47:46.0000002,9.5767765
2012-10-09 07:47:46.0000001,11.979565
2012-10-09 07:47:46.0000003,10.080864
2012-10-09 07:47:46.0000004,9.980449
2012-10-09 07:47:46.0000005,5.2819905
2013-11-21 22:21:58.0000001,17.591711
2014-12-20 01:57:26.0000001,9.234433
2014-12-20 01:57:26.0000004,5.7981405
2014-12-20 01:57:26.0000003,11.005866
2014-12-20 01:57:26.0000002,5.9279
2010-01-09 13:24:22.0000003,6.09142
2011-11-02 02:18:18.0000001,19.036104
2009-03-11 21:46:54.0000003,8.834869
2009-03-11 21:46:54.0000005,16.310871
2009-03-11 21:46:54.0000001,8.502107
2009-03-11 21:46:54.0000004,25.444498
2014-12-07 03:45:18.0000001,7.8214383
2014-12-07 03:45:18.0000002,15.504296
2014-12-07 03:45:18.0000004,17.079098
2014-12-07 03:45:18.0000003,7.8928204
2014-11-29 19:23:58.0000001,11.539034
2010-03-04 09:49:38.0000002,18.507507
2010-03-04 09:49:38.0000001,8.209979
2010-03-04 09:49:38.0000003,4.0199227
2009-10-10 06:52:06.0000001,5.138388
2009-10-10 06:52:06.0000002,9.940989
2012-08-22 20:54:46.0000003,7.3459125
2012-08-22 20:54:46.0000001,9.0796995
2012-08-22 20:54:46.0000002,5.9492903
2015-05-01 07:49:14.0000001,5.0624213
2009-02-21 20:49:34.0000001,8.551329
2012-08-10 14:04:14.0000005,7.3866215
2012-08-10 14:04:14.0000006,21.199318
2012-08-10 14:04:14.0000004,6.429859
2012-08-10 14:04:14.0000003,5.058845
2012-08-10 14:04:14.0000007,5.0157804
2012-08-10 14:04:14.0000002,8.7665615
2013-05-10 21:08:18.0000002,20.707525
2013-05-10 21:08:18.0000003,8.059016
2013-05-10 21:08:18.0000005,6.0067797
2013-05-10 21:08:18.0000004,12.236798
2013-05-10 21:08:18.0000001,5.2604637
2009-09-25 12:59:18.0000001,8.253779
2014-08-02 21:05:42.0000002,13.808765
2014-08-02 21:05:42.0000001,5.8990765
2013-10-29 20:16:10.0000002,5.606229
2013-10-29 20:16:10.0000001,16.595585
2009-11-11 22:49:46.0000003,9.127352
2009-11-11 22:49:46.0000002,7.441857
2009-11-11 22:49:46.0000001,5.580919
2009-10-17 03:52:42.0000002,7.183854
2009-10-17 03:52:42.0000007,5.4623966
2009-10-17 03:52:42.0000006,6.4250345
2009-10-17 03:52:42.0000003,12.158814
2009-10-17 03:52:42.0000001,5.6595
2009-10-17 03:52:42.0000004,5.6153316
2014-02-27 09:36:26.0000007,11.629055
2014-02-27 09:36:26.0000008,9.226718
2014-02-27 09:36:26.0000002,5.808722
2014-02-27 09:36:26.0000005,5.5473266
2014-02-27 09:36:26.0000003,6.334708
2014-02-27 09:36:26.0000006,11.026627
2014-02-27 09:36:26.0000004,14.613686
2014-02-27 09:36:26.0000009,4.959784
2012-12-26 17:12:30.0000003,9.667494
2012-12-26 17:12:30.0000005,20.766598
2012-12-26 17:12:30.0000001,8.124704
2012-12-26 17:12:30.0000004,9.311071
2014-03-11 20:24:02.0000003,7.593371
2014-03-11 20:24:02.0000002,7.0208793
2014-03-11 20:24:02.0000004,6.992322
2011-01-29 09:28:38.0000002,6.986944
2011-01-29 09:28:38.0000001,7.252155
2011-01-29 09:28:38.0000003,8.131239
2011-01-29 09:28:38.0000005,5.457006
2011-01-29 09:28:38.0000004,7.254739
2015-05-07 15:33:26.0000003,5.964703
2015-05-07 15:33:26.0000007,6.0061045
2015-05-07 15:33:26.0000001,10.550078
2015-05-07 15:33:26.0000002,13.269027
2015-05-07 15:33:26.0000006,6.9259663
2010-10-25 13:31:22.0000003,4.897643
2010-10-25 13:31:22.0000002,15.571749
2010-10-25 13:31:22.0000001,4.7767935
2010-10-25 13:31:22.0000004,10.37474
2012-09-10 21:07:54.0000005,20.768425
2012-09-10 21:07:54.0000004,11.464216
2012-09-10 21:07:54.0000003,5.487614
2012-09-10 21:07:54.0000007,10.494849
2012-09-10 21:07:54.0000002,10.604188
2012-09-10 21:07:54.0000006,9.101703
2012-09-10 21:07:54.0000001,7.6766596
2012-04-15 21:54:22.0000001,7.021836
2012-04-20 00:06:10.0000007,6.4004793
2012-04-20 00:06:10.0000001,6.9806314
2012-04-20 00:06:10.0000002,8.1287
2012-04-20 00:06:10.0000006,7.2259283
2012-04-20 00:06:10.0000005,4.511689
2012-04-20 00:06:10.0000008,13.371567
2012-06-12 23:10:42.0000001,10.576762
2012-06-12 23:10:42.0000003,11.035261
2012-06-12 23:10:42.0000002,24.984343
2009-04-30 22:25:26.0000004,12.672119
2009-04-30 22:25:26.0000003,10.95476
2009-04-30 22:25:26.0000002,6.4432335
2009-04-30 22:25:26.0000001,6.157818
2011-02-20 06:18:34.0000001,26.077991
2011-02-20 06:18:34.0000002,5.6913705
2013-04-21 19:50:54.0000003,44.842678
2011-06-11 21:33:18.0000001,12.143122
2013-02-06 18:21:18.0000006,9.203978
2013-02-06 18:21:18.0000002,9.725286
2013-02-06 18:21:18.0000003,13.65235
2013-02-06 18:21:18.0000004,6.9125395
2014-05-01 21:05:34.0000002,5.5832214
2014-05-01 21:05:34.0000003,16.34675
2013-07-21 11:41:26.0000001,15.412876
2013-07-21 11:41:26.0000002,4.7689996
2011-04-22 19:23:54.0000001,11.398672
2011-04-22 19:23:54.0000003,6.258394
2011-04-22 19:23:54.0000002,47.08582
2012-09-04 05:46:50.0000001,5.9826274
2012-09-04 05:46:50.0000002,27.749058
2009-03-24 11:57:34.0000005,13.883577
2009-03-24 11:57:34.0000004,5.752648
2009-03-24 11:57:34.0000003,4.442269
2009-03-24 11:57:34.0000002,3.5569568
2009-03-24 11:57:34.0000001,4.928755
2011-07-05 22:05:34.0000001,7.539752
2011-09-17 15:41:06.0000001,7.166142
2011-09-17 15:41:06.0000003,5.0789366
2011-12-25 04:37:10.0000001,5.0508027
2015-03-05 13:21:58.0000002,11.999261
2015-03-05 13:21:58.0000003,7.8520265
2014-09-01 09:16:10.0000001,8.160106
2015-06-21 17:16:10.0000007,7.3622994
2015-06-21 17:16:10.0000002,13.53979
2015-06-21 17:16:10.0000006,14.1343975
2015-06-21 17:16:10.0000003,12.412031
2015-06-21 17:16:10.0000004,9.619898
2010-06-02 22:04:10.0000003,7.625527
2010-06-02 22:04:10.0000004,14.35411
2010-06-02 22:04:10.0000005,6.4429836
2010-06-02 22:04:10.0000006,5.3072677
2014-03-01 09:37:02.0000001,5.754946
2014-03-01 09:37:02.0000002,6.0495667
2014-03-01 09:37:02.0000003,55.12603
2011-07-18 12:12:18.0000001,5.983728
2011-07-18 12:12:18.0000003,5.373732
2011-07-18 12:12:18.0000002,7.103144
2015-02-27 19:36:02.0000009,14.3061
2015-02-27 19:36:02.00000010,4.957227
2015-02-27 19:36:02.00000012,14.446815
2015-02-27 19:36:02.0000004,6.4264913
2015-02-27 19:36:02.00000011,8.793714
2015-02-27 19:36:02.0000003,9.728788
2015-02-27 19:36:02.0000001,30.950872
2015-02-27 19:36:02.0000002,7.0339146
2015-02-27 19:36:02.0000007,26.146393
2012-04-16 21:10:10.0000001,9.436487
2015-06-14 08:26:26.0000001,5.09766
2014-01-15 22:45:42.0000003,6.822549
2014-01-15 22:45:42.0000001,55.136646
2014-01-15 22:45:42.0000002,12.976374
2013-04-06 19:16:10.0000001,4.239046
2013-04-06 19:16:10.0000003,8.942087
2013-04-06 19:16:10.0000004,8.712622
2013-04-06 19:16:10.0000005,12.854079
2014-03-08 16:08:26.0000002,13.30402
2014-03-08 16:08:26.0000004,5.013273
2013-12-06 23:40:42.0000001,9.705369
2013-12-06 23:40:42.0000006,39.91077
2013-12-06 23:40:42.0000002,38.39456
2013-12-06 23:40:42.0000003,13.992748
2013-08-19 17:09:50.0000001,4.800961
2013-08-19 17:09:50.0000002,10.89385
2013-08-19 17:09:50.0000004,6.2944593
2013-08-19 17:09:50.0000003,11.765878
2009-11-02 21:38:38.0000001,10.486071
2009-06-03 09:11:30.0000004,9.458207
2009-06-03 09:11:30.0000003,13.877763
2009-06-03 09:11:30.0000002,7.938253
2009-06-03 09:11:30.0000005,5.61163
2015-03-12 13:01:54.0000002,10.1177845
2015-03-12 13:01:54.0000005,13.860347
2015-03-12 13:01:54.0000004,9.919227
2015-03-12 13:01:54.0000001,5.978582
2013-02-05 06:13:58.0000003,12.355461
2013-02-05 06:13:58.0000002,54.817554
2013-02-05 06:13:58.0000001,19.664196
2014-05-19 06:39:34.0000001,5.7570195
2014-10-04 21:48:22.0000003,7.055015
2014-10-04 21:48:22.0000002,8.129323
2014-10-04 21:48:22.0000004,30.604996
2012-01-22 04:13:34.0000005,10.4086895
2012-01-22 04:13:34.0000006,5.6128163
2012-01-22 04:13:34.0000004,8.537565
2012-01-22 04:13:34.0000002,11.333151
2010-07-27 06:13:02.0000001,17.959972
2013-06-21 11:19:18.0000002,5.4651155
2013-06-21 11:19:18.0000001,10.354138
2010-12-23 05:52:26.0000001,28.517738
2010-12-23 05:52:26.0000002,46.85502
2010-12-17 10:33:34.0000004,7.8128495
2010-12-17 10:33:34.0000002,4.9060216
2012-06-04 11:34:58.0000003,9.593623
2012-06-04 11:34:58.0000004,6.482763
2012-06-04 11:34:58.0000001,16.40039
2009-07-05 16:31:30.0000001,4.5709295
2009-07-05 16:31:30.0000002,6.3750734
2009-07-05 16:31:30.0000003,24.605612
2012-12-08 20:08:38.0000004,5.5206776
2012-12-08 20:08:38.0000003,10.887077
2012-12-08 20:08:38.0000005,13.033084
2010-06-23 08:34:50.0000003,9.546467
2010-06-23 08:34:50.0000002,5.2139945
2010-06-23 08:34:50.0000001,6.7667513
2012-03-07 10:57:46.0000001,8.791443
2012-03-07 10:57:46.0000004,14.804259
2012-03-07 10:57:46.0000005,6.2317996
2012-03-07 10:57:46.0000002,7.450914
2012-03-07 10:57:46.0000003,8.225583
2010-02-24 07:06:54.0000001,6.8615193
2013-12-29 01:20:50.0000003,16.248177
2013-12-29 01:20:50.0000001,7.079904
2014-03-28 22:34:26.0000001,25.725262
2014-03-28 22:34:26.0000004,4.920463
2014-03-28 22:34:26.0000003,10.062261
2010-12-04 21:08:38.0000002,10.773479
2010-12-04 21:08:38.0000001,17.94005
2010-12-04 21:08:38.0000006,7.609533
2010-12-04 21:08:38.0000003,6.4337134
2010-03-07 17:09:42.0000002,11.91207
2010-03-07 17:09:42.0000003,6.0989304
2010-03-07 17:09:42.0000001,11.589189
2010-03-07 17:09:42.0000004,12.342511
2013-09-07 19:43:18.0000004,14.04864
2013-09-07 19:43:18.0000005,18.302706
2013-09-07 19:43:18.0000006,11.063413
2013-09-07 19:43:18.0000008,8.730448
2013-09-07 19:43:18.0000001,7.2693677
2013-12-20 15:31:06.0000001,8.830798
2013-12-20 15:31:06.0000002,10.301591
2010-09-06 04:31:54.0000001,17.36112
2013-11-01 05:26:54.0000001,52.212982
2010-03-07 00:47:26.0000004,16.620836
2012-03-20 01:55:42.0000001,17.946983
2011-10-02 05:06:46.0000001,12.674125
2010-10-31 18:45:58.0000003,4.9026804
2010-10-31 18:45:58.0000002,18.474808
2010-10-31 18:45:58.0000001,7.751613
2010-10-31 18:45:58.0000005,4.64207
2015-02-03 09:00:58.0000002,10.369268
2012-08-08 08:58:50.0000001,7.703542
2012-08-08 08:58:50.0000004,5.4859915
2012-08-08 08:58:50.0000005,6.8879137
2012-08-08 08:58:50.0000003,8.337224
2011-04-08 15:01:02.0000001,9.398049
2011-04-08 15:01:02.0000003,6.3147774
2009-01-14 03:42:38.0000001,9.714469
2015-01-10 09:38:54.0000007,12.235847
2015-01-10 09:38:54.0000003,7.9551263
2015-01-10 09:38:54.0000004,14.774867
2010-12-04 09:25:10.0000001,10.583672
2010-12-04 09:25:10.0000002,7.383822
2009-05-12 17:08:06.0000001,14.888908
2013-11-07 02:07:22.0000001,17.274748
2014-10-03 00:50:06.0000004,19.437716
2014-10-03 00:50:06.0000001,6.632035
2014-10-03 00:50:06.0000002,12.981319
2010-06-18 19:19:26.0000001,29.363142
2010-06-18 19:19:26.0000002,4.6054764
2010-06-18 19:19:26.0000003,5.806251
2010-05-10 03:55:14.0000001,8.718344
2013-06-21 00:00:34.0000001,20.641253
2013-06-21 00:00:34.0000002,22.65819
2013-06-21 00:00:34.0000003,12.554985
2009-03-11 16:02:14.0000006,6.5730324
2009-03-11 16:02:14.0000004,6.601412
2009-03-11 16:02:14.0000002,10.353216
2009-03-11 16:02:14.0000001,4.266192
2009-03-11 16:02:14.0000005,7.0151763
2009-03-11 16:02:14.0000003,5.929105
2013-07-05 17:38:14.0000001,9.4829035
2013-08-26 01:11:14.0000002,11.916609
2013-08-26 01:11:14.0000001,10.350073
2012-07-30 01:49:10.0000001,4.3085866
2012-07-30 01:49:10.0000002,16.671116
2011-05-13 03:57:10.0000001,5.8121057
2012-02-29 12:03:34.0000004,11.76429
2012-02-29 12:03:34.0000002,5.126405
2012-02-29 12:03:34.0000001,8.888696
2013-12-17 17:59:22.0000001,5.5991373
2012-09-18 09:58:54.0000003,10.71441
2012-09-18 09:58:54.0000002,38.22815
2012-09-18 09:58:54.0000001,12.101997
2013-07-23 18:56:30.0000002,6.8387284
2013-07-23 18:56:30.0000001,7.009659
2014-05-15 01:39:14.0000001,29.829035
2013-09-16 14:16:34.0000003,7.409011
2013-09-16 14:16:34.0000001,39.062866
2014-01-04 17:27:38.0000001,26.34593
2014-01-04 17:27:38.0000002,9.807748
2014-01-04 17:27:38.0000003,9.746811
2011-03-10 18:16:14.0000003,7.38069
2011-03-10 18:16:14.0000004,5.5857825
2011-03-10 18:16:14.0000001,4.4671254
2013-04-05 06:42:26.0000002,7.376422
2013-04-05 06:42:26.0000001,12.598268
2009-03-11 12:01:30.0000001,13.994454
2009-03-11 12:01:30.0000002,5.8432813
2009-03-11 12:01:30.0000004,6.718483
2015-01-20 05:31:06.0000001,58.296585
2009-08-03 17:06:06.0000001,5.47992
2014-01-05 08:51:10.0000001,6.3658543
2010-03-13 01:23:10.0000002,22.069439
2010-03-13 01:23:10.0000003,5.4089756
2012-05-30 02:28:50.0000001,9.827051
2012-07-26 12:40:38.0000002,6.8539286
2012-07-26 12:40:38.0000001,31.148424
2012-07-26 12:40:38.0000003,9.4179125
2010-09-22 16:28:54.0000003,6.6016483
2010-09-22 16:28:54.0000001,8.556646
2010-09-22 16:28:54.0000002,27.718605
2014-05-26 22:57:10.0000002,6.1535425
2014-05-26 22:57:10.0000003,14.626212
2014-05-26 22:57:10.0000005,6.7002835
2014-05-26 22:57:10.0000004,10.946233
2012-02-11 07:03:34.0000001,3.555904
2010-06-27 05:03:38.0000001,5.8879642
2014-09-29 11:51:06.0000001,20.725517
2014-09-29 11:51:06.0000002,6.0647597
2010-09-04 18:31:42.0000002,11.296603
2010-09-04 18:31:42.0000001,16.62284
2015-04-14 19:20:46.0000001,10.605329
2015-04-14 19:20:46.0000005,6.1386714
2015-04-14 19:20:46.00000010,4.903953
2015-04-14 19:20:46.0000007,4.2600603
2015-04-14 19:20:46.0000004,6.150145
2015-04-14 19:20:46.0000003,11.898856
2015-04-14 19:20:46.0000006,7.6001034
2015-04-14 19:20:46.0000002,8.269189
2015-04-14 19:20:46.0000009,10.123084
2009-07-20 08:53:34.0000002,5.144134
2009-07-20 08:53:34.0000001,7.1556244
2013-04-03 16:09:02.0000002,4.6207795
2013-04-03 16:09:02.0000001,70.75631
2009-11-20 23:19:58.0000001,6.450253
2009-11-20 23:19:58.0000002,9.634521
2012-08-04 09:01:54.0000002,9.756743
2012-08-04 09:01:54.0000001,4.153329
2011-09-22 20:05:22.0000007,9.56736
2011-09-22 20:05:22.0000001,10.614156
2011-09-22 20:05:22.0000005,10.767656
2011-09-22 20:05:22.0000006,5.448684
2014-08-09 01:27:30.0000002,6.9133763
2011-02-15 05:44:42.0000002,12.337637
2011-02-15 05:44:42.0000001,49.067097
2014-10-31 12:04:26.0000002,33.013893
2014-10-31 12:04:26.0000001,7.0393553
2015-02-09 07:16:26.0000006,4.8409863
2015-02-09 07:16:26.0000004,6.1907015
2015-02-09 07:16:26.0000007,5.4057517
2015-02-09 07:16:26.0000001,5.1629777
2015-02-09 07:16:26.0000002,10.21907
2015-02-09 07:16:26.0000008,5.564504
2015-02-09 07:16:26.0000003,8.815538
2011-09-08 17:26:34.0000001,8.5122
2011-09-08 17:26:34.0000003,11.6262665
2011-09-08 17:26:34.0000002,11.438741
2011-09-08 17:26:34.0000004,7.070071
2013-04-10 21:03:42.0000004,6.2975297
2013-04-10 21:03:42.0000005,9.741704
2013-04-10 21:03:42.0000003,6.007753
2013-04-10 21:03:42.0000002,12.44129
2013-04-10 21:03:42.0000001,5.5789247
2011-12-29 19:29:50.0000003,6.8464813
2011-12-29 19:29:50.0000004,14.457968
2011-12-29 19:29:50.0000001,9.802866
2013-09-26 15:50:06.0000003,5.1530476
2013-09-26 15:50:06.0000005,16.932953
2013-09-26 15:50:06.0000002,6.9192452
2013-09-26 15:50:06.0000001,12.4095125
2013-09-26 15:50:06.0000004,7.6762557
2012-10-01 07:18:06.0000001,5.3235188
2012-10-01 07:18:06.0000002,7.025058
2013-03-14 21:43:46.0000001,14.9189415
2012-10-05 23:47:02.0000001,9.800387
2009-02-08 00:04:06.0000004,12.482227
2009-02-08 00:04:06.0000002,29.625572
2012-02-04 22:47:18.0000001,5.2264285
2012-02-04 22:47:18.0000003,6.330534
2012-05-06 03:01:10.0000003,5.985801
2012-05-06 03:01:10.0000002,11.621547
2014-07-08 08:56:58.0000001,7.5463896
2010-01-09 08:29:14.0000003,3.7411575
2010-01-09 08:29:14.0000002,7.5931616
2010-01-09 08:29:14.0000001,13.902623
2010-01-09 08:29:14.0000004,4.8716946
2010-12-06 03:36:58.0000001,4.970086
2011-10-19 05:25:18.0000002,28.029808
2011-10-19 05:25:18.0000001,6.929031
2014-06-14 08:13:22.0000002,19.35588
2014-06-14 08:13:22.0000003,17.620062
2014-06-14 08:13:22.0000001,13.966515
2011-02-19 10:14:58.0000002,5.974927
2014-12-25 03:10:26.0000001,11.055774
2009-06-16 14:32:38.0000003,5.840114
2009-06-16 14:32:38.0000001,8.239782
2009-06-16 14:32:38.0000005,8.668559
2009-06-16 14:32:38.0000006,6.931968
2009-06-16 14:32:38.0000002,7.519194
2009-06-16 14:32:38.0000004,16.662758
2010-08-16 17:14:18.0000001,45.340076
2013-04-29 09:18:06.0000004,7.164092
2013-04-29 09:18:06.0000002,55.402832
2013-04-29 09:18:06.0000005,9.980375
2013-04-29 09:18:06.0000001,22.807209
2013-04-29 09:18:06.0000003,11.726857
2013-06-23 14:52:34.0000002,30.080889
2013-06-23 14:52:34.0000001,5.2234654
2013-03-28 05:22:58.0000001,7.3024235
2015-06-08 20:18:30.0000006,9.453476
2015-06-08 20:18:30.0000003,6.5146995
2015-06-08 20:18:30.0000002,15.839319
2015-06-08 20:18:30.0000001,9.322222
2015-06-08 20:18:30.0000004,10.648501
2015-06-08 20:18:30.0000005,12.194133
2011-09-08 13:39:06.0000001,7.634362
2012-03-03 02:30:54.0000001,6.906043
2012-03-03 02:30:54.0000002,8.16239
2012-03-03 02:30:54.0000004,9.641641
2010-03-27 20:11:10.0000003,5.4767814
2010-03-27 20:11:10.0000001,7.8555713
2010-03-27 20:11:10.0000002,11.621392
2009-08-11 22:40:02.0000002,8.076859
2009-08-11 22:40:02.0000003,31.279448
2009-08-11 22:40:02.0000004,4.2361526
2009-08-11 22:40:02.0000005,13.480765
2009-08-11 22:40:02.0000001,5.0717096
2012-12-27 21:01:54.0000001,7.225544
2012-12-27 21:01:54.0000003,5.764257
2012-12-27 21:01:54.0000006,9.039822
2012-12-27 21:01:54.0000007,19.559097
2012-12-27 21:01:54.0000008,10.622211
2015-04-16 18:45:22.0000003,6.9973555
2015-04-16 18:45:22.0000002,6.503205
2015-04-16 18:45:22.0000001,10.8749695
2015-04-16 18:45:22.0000005,19.07501
2014-05-17 10:51:46.0000001,7.5657935
2014-05-17 10:51:46.0000004,7.030212
2014-05-17 10:51:46.0000002,29.89824
2009-05-04 11:23:18.0000001,7.5262384
2009-05-04 11:23:18.0000003,6.6803083
2009-05-04 11:23:18.0000002,8.381287
2013-07-22 14:30:06.0000002,5.9098186
2013-07-22 14:30:06.0000001,15.939789
2015-05-31 20:48:54.0000005,5.34621
2015-05-31 20:48:54.0000004,11.986787
2015-05-31 20:48:54.0000001,4.8164577
2010-07-16 06:44:06.0000001,6.002244
2010-07-16 06:44:06.0000003,12.209859
2010-07-16 06:44:06.0000004,15.420502
2010-07-16 06:44:06.0000002,13.872224
2013-01-06 12:39:54.0000003,7.4519796
2013-01-06 12:39:54.0000001,7.397771
2013-01-06 12:39:54.0000004,8.000677
2013-01-06 12:39:54.0000002,6.2881556
2013-01-06 12:39:54.0000005,4.206235
2012-12-15 15:55:42.0000001,8.005832
2012-12-15 15:55:42.0000002,10.330867
2010-05-06 11:35:26.0000001,6.1513557
2010-05-06 11:35:26.0000003,22.665817
2014-01-06 10:16:02.0000001,19.663458
2014-01-06 10:16:02.0000002,5.9567385
2012-07-24 04:44:26.0000001,9.026887
2010-08-06 15:37:14.0000007,7.0127983
2010-08-06 15:37:14.0000003,7.8563786
2010-08-06 15:37:14.0000006,8.587091
2010-08-06 15:37:14.0000005,31.15263
2010-08-06 15:37:14.0000004,10.342127
2010-08-06 15:37:14.0000002,10.961701
2010-08-06 15:37:14.0000001,6.629623
2010-11-10 23:21:50.0000002,6.81839
2010-11-10 23:21:50.0000003,7.0576234
2013-03-31 00:09:58.0000002,9.06712
2013-03-31 00:09:58.0000003,11.212592
2010-02-01 00:05:42.0000001,10.02021
2010-02-01 00:05:42.0000002,14.902659
2009-06-18 18:47:22.0000003,11.410065
2009-06-18 18:47:22.0000001,8.533815
2009-06-18 18:47:22.0000002,10.374214
2015-01-03 08:47:26.0000001,10.297613
2015-01-03 08:47:26.0000002,11.275267
2014-06-20 02:16:34.0000001,7.466057
2011-02-03 07:13:06.0000001,5.37424
2014-01-14 18:48:06.0000007,12.486049
2014-01-14 18:48:06.0000002,6.1002035
2014-01-14 18:48:06.0000003,5.3083873
2014-01-14 18:48:06.0000004,7.7875776
2014-01-14 18:48:06.0000001,9.17722
2014-01-14 18:48:06.0000005,7.2615056
2014-01-14 18:48:06.0000006,6.7007174
2013-10-18 05:08:54.0000001,34.754967
2011-07-20 08:05:02.0000003,7.7211704
2011-07-20 08:05:02.0000002,5.0264344
2011-07-20 08:05:02.0000004,8.727748
2009-05-03 16:02:54.0000005,8.277067
2009-05-03 16:02:54.0000003,5.6793413
2009-05-03 16:02:54.0000002,6.879743
2009-05-03 16:02:54.0000001,14.396912
2012-09-06 17:58:06.0000001,4.5744743
2012-09-06 17:58:06.0000003,10.734705
2014-04-06 16:47:14.0000003,6.5441375
2014-09-06 03:52:50.0000002,11.604758
2013-07-27 09:59:18.0000001,7.0413756
2014-12-26 20:19:38.0000002,6.649506
2014-01-01 13:06:34.0000001,5.9599285
2011-12-25 15:35:54.0000003,6.6149716
2011-12-25 15:35:54.0000004,8.271822
2015-05-14 23:11:58.0000001,15.731897
2015-05-14 23:11:58.0000007,9.901448
2015-05-14 23:11:58.0000003,7.697956
2015-05-14 23:11:58.0000005,8.08381
2015-05-14 23:11:58.0000008,9.9451885
2015-05-14 23:11:58.0000002,13.203133
2015-05-14 23:11:58.0000006,6.202746
2015-04-22 09:54:06.0000002,7.465927
2015-04-22 09:54:06.0000003,6.328709
2009-03-22 07:02:02.0000001,7.675352
2012-04-30 04:34:50.0000001,17.544292
2009-01-21 09:13:50.0000003,4.4752226
2009-01-21 09:13:50.0000004,5.743119
2009-01-21 09:13:50.0000001,9.487759
2009-01-21 09:13:50.0000002,7.5187693
2010-06-11 18:07:10.0000002,5.141424
2010-06-11 18:07:10.0000001,4.21278
2010-06-11 18:07:10.0000004,12.674312
2010-06-11 18:07:10.0000003,13.259384
2012-09-01 19:04:18.0000002,8.640886
2014-06-18 06:22:42.0000001,6.6709194
2014-06-18 06:22:42.0000002,9.782852
2009-12-09 08:34:30.0000001,6.892454
2009-12-09 08:34:30.0000002,5.9301333
2009-12-09 08:34:30.0000003,42.455345
2009-12-09 08:34:30.0000004,48.21258
2013-06-06 02:54:50.0000002,11.546352
2013-06-06 02:54:50.0000003,6.9887996
2010-07-19 12:15:54.0000003,6.9402275
2010-07-19 12:15:54.0000002,11.930513
2010-07-19 12:15:54.0000001,6.1057963
2010-07-19 12:15:54.0000004,5.641694
2013-12-18 12:36:46.0000001,9.825839
2013-12-18 12:36:46.0000003,41.767357
2013-12-18 12:36:46.0000004,7.7775846
2013-12-18 12:36:46.0000002,9.740743
2009-01-25 21:17:18.0000002,8.46182
2009-01-25 21:17:18.0000003,6.4234405
2012-10-03 09:18:22.0000002,7.863128
2012-10-03 09:18:22.0000003,11.266006
2012-10-03 09:18:22.0000004,7.0522423
2012-10-03 09:18:22.0000001,14.388831
2012-10-03 09:18:22.0000005,12.437845
2012-06-13 19:49:50.0000003,9.900265
2012-06-13 19:49:50.0000002,12.373688
2012-06-13 19:49:50.0000001,4.712993
2011-09-03 00:03:42.0000004,4.853121
2011-09-03 00:03:42.0000009,13.575311
2011-09-03 00:03:42.0000001,6.2334957
2011-09-03 00:03:42.0000003,5.892875
2011-09-03 00:03:42.0000006,8.638478
2011-09-03 00:03:42.0000002,7.1377435
2011-09-03 00:03:42.0000005,8.1205
2009-01-27 13:27:30.0000002,10.2521
2009-01-27 13:27:30.0000001,7.2534313
2009-07-03 00:41:38.0000001,9.317198
2009-07-03 00:41:38.0000002,4.6883774
2010-05-29 11:51:30.0000001,5.071113
2013-07-02 22:27:14.0000005,7.524248
2013-07-02 22:27:14.0000003,11.694882
2015-05-09 11:33:58.0000004,6.0076003
2015-05-09 11:33:58.0000001,7.941963
2015-05-09 11:33:58.0000003,34.17624
2011-07-18 00:04:54.0000002,4.629698
2011-04-03 03:46:18.0000002,10.363533
2009-11-03 13:04:46.0000003,6.818002
2009-11-03 13:04:46.0000002,18.375166
2009-11-03 13:04:46.0000001,8.567385
2010-06-25 14:00:14.0000002,7.483704
2010-12-20 09:39:02.0000001,13.120275
2010-12-20 09:39:02.0000002,6.759208
2014-05-20 14:43:10.0000001,9.416901
2014-05-20 14:43:10.0000002,6.1841283
2010-09-16 05:07:10.0000001,7.129505
2011-08-01 17:44:30.0000006,10.5820265
2011-08-01 17:44:30.0000005,5.7822633
2011-08-01 17:44:30.0000001,9.183338
2011-08-01 17:44:30.0000002,8.161097
2011-08-01 17:44:30.0000004,4.7662115
2011-03-01 07:23:14.0000003,5.463124
2011-03-01 07:23:14.0000001,5.1810226
2011-06-24 13:23:18.0000004,12.990095
2011-06-24 13:23:18.0000001,15.3373785
2011-06-24 13:23:18.0000002,17.312996
2011-06-24 13:23:18.0000003,10.429841
2013-11-19 02:41:10.0000001,8.5544615
2012-01-01 18:02:46.0000003,4.8712835
2012-01-01 18:02:46.0000002,8.236252
2015-03-28 19:31:26.0000002,6.367178
2015-03-28 19:31:26.0000006,7.3932734
2015-03-28 19:31:26.0000001,8.738833
2015-03-28 19:31:26.0000005,12.696441
2010-07-13 11:53:15.0000004,7.2615705
2010-07-13 11:53:15.0000001,11.442656
2010-07-13 11:53:15.0000007,14.455948
2010-07-13 11:53:15.0000002,8.897837
2013-02-07 13:47:59.0000004,8.8954935
2013-02-07 13:47:59.0000001,4.6752067
2013-02-07 13:47:59.0000003,8.740114
2013-08-08 14:38:43.0000001,4.29513
2013-08-08 14:38:43.0000003,5.6862836
2015-05-19 13:58:11.0000003,35.260098
2015-05-19 13:58:11.0000008,12.063333
2015-05-19 13:58:11.0000005,13.663306
2015-05-19 13:58:11.0000007,42.831852
2015-05-19 13:58:11.0000004,7.103445
2015-05-19 13:58:11.0000002,14.103369
2012-07-31 22:21:11.0000001,6.3243356
2012-07-31 22:21:11.0000002,4.993568
2013-01-03 08:50:31.0000001,10.77467
2013-01-03 08:50:31.0000002,6.8256717
2013-01-03 08:50:31.0000007,7.6534114
2013-01-03 08:50:31.0000004,8.653261
2013-01-03 08:50:31.0000006,30.787079
2013-01-03 08:50:31.0000005,20.23803
2009-04-14 17:43:23.0000003,5.5660806
2009-04-14 17:43:23.0000007,11.884716
2009-04-14 17:43:23.0000006,9.652975
2009-04-14 17:43:23.0000008,6.202374
2009-04-14 17:43:23.0000004,10.160015
2009-04-14 17:43:23.0000005,6.5562506
2009-11-19 22:48:27.0000003,8.487651
2009-11-19 22:48:27.0000002,18.971289
2009-11-19 22:48:27.0000004,6.7207613
2013-02-15 00:37:15.0000003,14.367751
2013-02-15 00:37:15.0000002,13.133924
2013-02-15 00:37:15.0000001,9.740551
2012-03-25 04:50:39.0000002,10.946558
2012-03-24 23:33:59.0000001,6.1004148
2012-12-26 18:28:55.0000002,6.8413687
2012-12-26 18:28:55.0000005,16.433996
2012-12-26 18:28:55.0000001,11.021637
2012-12-26 18:28:55.0000003,4.8943014
2012-12-26 18:28:55.0000007,27.32946
2012-12-26 18:28:55.0000006,55.724556
2011-07-06 19:56:23.0000004,6.791306
2011-07-06 19:56:23.0000002,5.6768804
2011-07-06 19:56:23.0000006,14.388391
2011-07-06 19:56:23.0000007,10.570537
2011-07-06 19:56:23.0000003,8.004409
2014-12-15 10:41:15.0000001,5.120067
2014-12-15 10:41:15.0000002,23.672522
2014-12-15 10:41:15.0000003,13.324515
2011-08-14 21:39:31.0000001,8.739825
2011-08-14 21:39:31.0000002,7.886376
2010-06-06 21:04:55.0000001,6.3634725
2013-09-27 19:02:51.0000001,13.176561
2013-09-27 19:02:51.0000003,36.229595
2013-09-27 19:02:51.0000004,8.564824
2013-09-27 19:02:51.0000002,9.388747
2013-05-28 18:24:27.0000003,12.969912
2013-05-28 18:24:27.0000001,6.0634217
2013-05-28 18:24:27.0000004,8.654013
2013-05-28 18:24:27.0000002,4.49749
2015-06-15 14:34:03.0000002,5.730868
2010-07-04 16:44:11.0000001,6.5546184
2010-07-04 16:44:11.0000002,4.799248
2014-11-26 06:46:23.0000001,13.782354
2010-07-27 11:37:43.0000001,14.612275
2010-07-27 11:37:43.0000003,9.3633
2010-07-27 11:37:43.0000005,14.754153
2010-07-27 11:37:43.0000006,10.3599205
2010-07-27 11:37:43.0000004,8.195848
2010-07-27 11:37:43.0000002,27.116732
2010-12-19 16:25:15.0000004,10.907312
2010-12-19 16:25:15.0000003,5.948469
2010-12-19 16:25:15.0000001,7.7556043
2012-08-19 12:06:39.0000001,4.933523
2011-02-26 12:32:15.0000001,4.34401
2011-02-26 12:32:15.0000002,7.385308
2015-06-18 20:56:55.0000003,9.967806
2015-06-18 20:56:55.0000005,28.800922
2015-06-18 20:56:55.0000007,40.26709
2015-06-18 20:56:55.0000006,5.1224346
2013-11-24 21:33:11.0000001,56.58994
2013-11-24 21:33:11.0000002,10.552725
2015-04-28 20:15:27.0000002,46.577625
2015-04-28 20:15:27.0000006,6.792284
2015-04-28 20:15:27.0000001,8.273899
2015-04-28 20:15:27.0000005,7.894763
2015-04-28 20:15:27.0000008,15.495179
2013-01-23 13:49:19.0000002,9.594367
2013-01-23 13:49:19.0000003,37.820465
2014-03-12 19:19:31.0000003,25.224342
2014-03-12 19:19:31.0000001,26.107393
2014-03-12 19:19:31.0000002,7.503239
2010-07-26 09:54:11.0000001,5.4380198
2012-01-03 08:49:15.0000002,6.384811
2012-01-03 08:49:15.0000001,49.221107
2012-01-03 08:49:15.0000004,4.432561
2012-01-03 08:49:15.0000003,4.049519
2012-11-05 14:49:19.0000002,18.496292
2012-11-05 14:49:19.0000001,5.0442057
2012-06-09 19:03:11.0000004,7.5094395
2012-06-09 19:03:11.0000006,11.090765
2012-06-09 19:03:11.0000002,4.307103
2012-06-09 19:03:11.0000003,10.493317
2012-06-09 19:03:11.0000001,9.581811
2010-10-17 23:12:19.0000004,8.200442
2010-10-17 23:12:19.0000005,6.285362
2010-10-17 23:12:19.0000001,4.5457873
2010-10-17 23:12:19.0000002,10.390393
2010-10-17 23:12:19.0000003,4.5966954
2014-06-07 12:21:11.0000001,37.806034
2014-06-07 12:21:11.0000004,7.7065563
2011-09-08 22:37:43.0000004,6.158915
2011-09-08 22:37:43.0000003,9.620669
2011-09-08 22:37:43.0000005,20.223625
2011-09-08 22:37:43.0000002,10.998817
2014-10-30 19:25:15.0000003,53.590115
2014-10-30 19:25:15.0000005,5.408987
2014-10-30 19:25:15.0000001,5.182398
2014-10-30 19:25:15.0000002,41.96839
2014-10-30 19:25:15.0000004,9.598668
2010-06-18 22:52:11.0000002,4.762205
2011-02-16 05:49:51.0000001,5.4919324
2011-09-13 13:31:51.0000004,6.6980486
2011-09-13 13:31:51.0000003,48.146374
2011-09-13 13:31:51.0000002,6.117455
2009-09-28 04:31:39.0000001,11.1070175
2009-01-11 03:31:55.0000001,16.83427
2009-01-11 03:31:55.0000003,11.399143
2009-01-11 03:31:55.0000004,11.533691
2009-01-11 03:31:55.0000002,5.844093
2014-01-24 03:38:19.0000001,17.501242
2014-08-06 18:03:31.0000002,11.050074
2014-08-06 18:03:31.0000001,9.353042
2009-08-26 00:46:43.0000001,6.205827
2014-01-19 09:28:55.0000001,19.553652
2010-01-27 06:01:59.0000001,5.5586433
2011-11-30 23:09:47.0000003,11.952847
2011-11-30 23:09:47.0000002,9.680531
2011-11-30 23:09:47.0000001,6.1132684
2014-08-03 23:37:31.0000003,11.298257
2014-08-03 23:37:31.0000002,11.413801
2014-08-03 23:37:31.0000001,6.669957
2014-10-06 09:24:11.0000002,19.899824
2014-10-06 09:24:11.0000004,37.26216
2014-10-06 09:24:11.0000003,8.957328
2014-10-06 09:24:11.0000001,10.726645
2009-08-28 12:38:19.0000001,11.061443
2009-08-28 12:38:19.0000004,17.671787
2009-08-28 12:38:19.0000003,27.080193
2009-08-28 12:38:19.0000002,7.375827
2012-03-15 18:23:55.0000001,5.755169
2012-03-15 18:23:55.0000004,11.05638
2012-03-15 18:23:55.0000005,8.2418785
2012-03-15 18:23:55.0000003,9.060739
2011-11-23 21:07:43.0000003,4.262119
2011-11-23 21:07:43.0000002,15.269473
2012-11-23 07:58:23.0000001,7.8562903
2010-11-17 19:10:23.0000007,23.886599
2010-11-17 19:10:23.0000006,7.6776447
2010-11-17 19:10:23.0000001,5.190123
2010-11-17 19:10:23.0000002,26.916199
2010-11-17 19:10:23.0000008,10.936785
2010-11-17 19:10:23.0000004,5.1135783
2015-02-14 13:15:19.0000003,12.754562
2015-02-14 13:15:19.0000006,9.28755
2015-02-14 13:15:19.0000004,6.4934583
2015-02-14 13:15:19.0000008,7.6522164
2015-02-14 13:15:19.0000001,18.375828
2013-01-12 22:40:39.0000003,4.6049438
2013-01-12 22:40:39.0000004,11.564106
2013-01-12 22:40:39.0000001,12.912866
2013-01-12 22:40:39.0000005,7.17608
2013-01-12 22:40:39.0000006,5.4999933
2011-04-12 12:06:07.0000002,7.144245
2011-04-12 12:06:07.0000001,32.701424
2010-11-04 20:14:39.0000005,5.03829
2010-11-04 20:14:39.0000002,5.0919995
2010-11-04 20:14:39.0000004,8.135443
2010-11-04 20:14:39.0000003,7.157818
2010-11-04 20:14:39.0000001,6.5222383
2011-04-25 19:14:55.0000003,7.578637
2011-04-25 19:14:55.0000001,5.001274
2011-04-25 19:14:55.0000004,7.0080743
2011-04-25 19:14:55.0000002,5.8187413
2011-04-25 19:14:55.0000005,6.779412
2010-02-15 14:20:31.0000001,7.268596
2013-03-23 15:41:07.0000001,9.34858
2013-03-23 15:41:07.0000004,9.023811
2013-03-23 15:41:07.0000005,5.7683334
2012-12-09 06:04:39.0000001,55.63974
2013-11-07 16:38:15.0000003,6.381651
2013-11-07 16:38:15.0000002,8.809362
2013-11-07 16:38:15.0000001,7.7308497
2011-08-08 11:18:15.0000004,9.36886
2011-08-08 11:18:15.0000003,8.33302
2011-08-08 11:18:15.0000002,6.3651237
2009-05-08 22:14:51.0000004,4.683666
2009-05-08 22:14:51.0000001,12.59551
2009-05-08 22:14:51.0000003,10.415687
2012-11-15 18:22:19.0000002,14.385085
2012-11-15 18:22:19.0000007,6.6805453
2012-11-15 18:22:19.0000003,5.013727
2012-11-15 18:22:19.0000005,9.594694
2012-11-15 18:22:19.0000001,22.48409
2012-11-15 18:22:19.0000004,9.489915
2012-11-15 18:22:19.0000006,12.143869
2010-01-31 00:33:03.0000002,6.417011
2010-01-31 00:33:03.0000004,4.541278
2010-01-31 00:33:03.0000001,21.389519
2010-01-31 00:33:03.0000007,5.612448
2010-01-31 00:33:03.0000003,10.244323
2012-04-20 07:30:43.0000003,5.0263577
2012-04-20 07:30:43.0000002,14.909995
2012-04-20 07:30:43.0000004,6.8165903
2012-04-20 07:30:43.0000001,8.90839
2009-09-29 09:38:15.0000002,6.3332133
2009-09-29 09:38:15.0000001,9.271913
2010-12-31 05:30:19.0000002,5.450824
2010-12-31 05:30:19.0000001,11.02238
2009-01-18 18:22:07.0000001,22.403006
2009-01-28 11:27:19.0000002,4.543981
2013-05-04 05:00:43.0000001,9.177269
2014-02-23 13:22:03.0000002,7.032563
2014-02-23 13:22:03.0000001,5.179522
2010-10-28 12:38:55.0000003,9.56459
2010-10-28 12:38:55.0000002,6.1832566
2010-10-28 12:38:55.0000001,10.075216
2015-05-20 19:39:11.0000002,15.332775
2015-05-20 19:39:11.0000009,13.027656
2015-05-20 19:39:11.0000001,11.942361
2015-05-20 19:39:11.0000008,12.355309
2015-05-20 19:39:11.0000007,30.373055
2015-05-20 19:39:11.0000005,7.8288274
2015-05-20 19:39:11.0000006,8.550928
2015-03-20 16:33:07.0000002,9.742421
2015-03-20 16:33:07.0000001,8.20618
2013-04-26 17:05:07.0000001,9.441847
2014-01-11 17:47:47.0000005,22.968296
2014-01-11 17:47:47.0000006,5.6448493
2014-01-11 17:47:47.0000002,15.948943
2014-01-11 17:47:47.0000003,6.058144
2014-01-11 17:47:47.0000004,10.408319
2012-03-10 10:48:43.0000001,8.405243
2012-03-10 10:48:43.0000004,10.597818
2012-03-10 10:48:43.0000003,6.7171416
2012-03-10 10:48:43.0000005,3.9531329
2012-03-10 10:48:43.0000002,8.520853
2012-07-12 02:46:07.0000002,20.615456
2009-01-06 14:48:51.0000003,5.201217
2009-01-06 14:48:51.0000002,5.8243217
2009-01-06 14:48:51.0000001,5.1497817
2015-04-15 03:30:27.0000001,4.850836
2015-04-26 21:44:23.0000001,35.520035
2015-04-26 21:44:23.0000003,11.59151
2014-11-24 05:03:51.0000001,14.760288
2014-03-05 23:16:07.0000002,65.40462
2015-01-04 00:28:11.0000005,7.8840995
2015-01-04 00:28:11.0000001,10.12047
2015-01-04 00:28:11.0000002,5.2620153
2015-01-04 00:28:11.0000003,10.228265
2014-12-17 20:56:31.0000004,5.854285
2014-12-17 20:56:31.0000002,16.749182
2014-12-17 20:56:31.0000001,9.162017
2010-10-04 16:17:03.0000002,4.3050003
2010-10-04 16:17:03.0000003,4.5594616
2010-10-04 16:17:03.0000005,11.608543
2010-10-04 16:17:03.0000004,10.209211
2010-10-09 15:48:51.0000001,5.1751094
2010-10-09 15:48:51.0000005,10.578405
2010-10-09 15:48:51.0000002,5.6871185
2013-10-10 11:09:23.0000006,6.3795114
2013-10-10 11:09:23.0000004,8.906125
2013-10-10 11:09:23.0000002,6.458817
2013-10-10 11:09:23.0000003,6.672092
2013-10-10 11:09:23.0000005,9.731501
2010-12-14 00:39:07.0000001,19.644861
2010-12-14 00:39:07.0000002,5.9535394
2010-12-14 00:39:07.0000003,9.648022
2013-01-08 07:03:07.0000004,7.5052986
2013-01-08 07:03:07.0000003,11.547172
2013-01-08 07:03:07.0000002,6.9665203
2012-10-28 17:21:19.0000004,6.4303155
2012-10-28 17:21:19.0000002,5.1662045
2010-03-10 10:37:39.0000003,6.8565507
2010-03-10 10:37:39.0000004,5.6449046
2010-03-10 10:37:39.0000001,6.679423
2010-03-10 10:37:39.0000002,12.385461
2012-04-27 22:32:19.0000001,4.95924
2012-04-27 22:32:19.0000003,5.4704285
2009-04-14 06:55:19.0000001,44.670486
2009-04-14 06:55:19.0000002,4.1795382
2013-07-22 14:22:51.0000001,23.505917
2012-02-11 21:23:07.0000002,4.938766
2012-02-11 21:23:07.0000001,7.2021966
2012-02-11 21:23:07.0000004,3.999492
2012-02-11 21:23:07.0000003,5.6116257
2015-05-10 12:37:51.0000001,19.374653
2015-05-10 12:37:51.0000004,5.320001
2015-05-10 12:37:51.0000006,8.001587
2010-12-11 13:31:11.0000001,8.982394
2010-12-11 13:31:11.0000002,10.621119
2010-03-01 22:21:55.0000001,3.618465
2010-03-01 22:21:55.0000004,9.1219845
2014-11-03 22:00:07.0000001,8.034666
2009-08-26 16:50:19.0000001,3.632058
2009-08-26 16:50:19.0000002,7.30686
2010-06-07 10:02:51.0000002,4.0152884
2010-06-07 10:02:51.0000001,6.2650175
2010-06-07 10:02:51.0000004,13.857004
2010-06-07 10:02:51.0000003,11.566501
2015-03-08 14:59:23.0000002,15.404267
2015-03-08 14:59:23.0000004,55.84763
2015-03-08 14:59:23.0000005,19.627169
2010-12-13 05:52:47.0000001,8.750906
2012-10-12 15:21:55.0000001,7.2532353
2011-05-17 07:53:55.0000002,4.8683844
2011-05-17 07:53:55.0000004,8.125978
2011-05-17 07:53:55.0000001,8.881206
2012-12-26 20:55:27.0000002,12.804509
2012-12-26 20:55:27.0000005,10.967393
2012-12-26 20:55:27.0000004,12.458446
2009-02-22 14:59:11.0000001,11.261678
2011-12-17 16:19:47.0000003,13.471175
2011-12-17 16:19:47.0000001,11.252935
2014-12-02 23:54:11.0000002,10.296283
2014-12-02 23:54:11.0000001,8.78658
2014-11-11 11:21:07.0000001,5.821478
2014-07-11 12:35:19.0000003,11.695996
2014-07-11 12:35:19.0000001,9.77817
2014-07-11 12:35:19.0000002,16.842293
2010-01-25 15:04:11.0000001,5.163293
2010-01-25 15:04:11.0000002,8.178484
2014-01-26 13:51:39.0000002,14.259676
2014-01-26 13:51:39.0000003,6.8362226
2011-11-18 04:49:19.0000002,4.680323
2011-11-18 04:49:19.0000003,46.200127
2011-11-18 04:49:19.0000001,4.0914006
2014-11-30 15:46:23.0000001,8.516072
2014-11-30 15:46:23.0000004,8.025875
2014-11-30 15:46:23.0000006,31.607098
2014-11-30 15:46:23.0000005,5.333178
2011-08-20 15:50:39.0000002,28.534576
2010-06-22 14:25:19.0000005,13.20688
2010-06-22 14:25:19.0000003,6.6872
2010-06-22 14:25:19.0000002,5.8113575
2010-06-22 14:25:19.0000006,5.10159
2010-06-22 14:25:19.0000004,9.596407
2010-12-06 18:51:31.0000001,9.244786
2010-12-06 18:51:31.0000002,14.979612
2014-05-25 19:46:59.0000004,18.717323
2014-05-25 19:46:59.0000002,13.593417
2014-05-25 19:46:59.0000001,7.340841
2009-11-20 14:03:03.0000003,7.895436
2009-11-20 14:03:03.0000004,13.8307
2009-11-20 14:03:03.0000001,14.05921
2009-11-20 14:03:03.0000005,8.731074
2009-11-20 14:03:03.0000002,8.262975
2010-09-17 18:21:11.0000001,13.401443
2011-02-23 21:35:19.0000001,4.6869135
2011-02-23 21:35:19.0000002,11.386448
2013-01-03 11:41:47.0000001,4.5295086
2014-04-04 05:47:11.0000001,13.188945
2014-08-18 19:09:19.0000001,9.906762
2014-08-18 19:09:19.0000002,15.445382
2010-04-12 08:22:27.0000001,5.441613
2010-04-12 08:22:27.0000002,10.231669
2010-06-05 08:18:11.0000002,15.263435
2010-06-05 08:18:11.0000001,4.4222045
2010-06-05 08:18:11.0000003,29.842598
2013-05-07 23:58:31.0000001,26.332905
2013-01-11 20:08:07.0000002,7.472948
2013-02-17 23:55:55.0000001,12.372464
2013-02-17 23:55:55.0000002,22.814062
2013-02-17 23:55:55.0000003,12.780964
2010-11-26 06:04:59.0000001,4.3852115
2013-10-09 17:27:39.0000002,9.956559
2013-02-27 13:28:43.0000003,8.649882
2013-02-27 13:28:43.0000001,4.47497
2013-02-27 13:28:43.0000004,6.6843863
2013-02-27 13:28:43.0000002,5.8067083
2009-08-28 07:10:39.0000001,7.524301
2009-08-28 07:10:39.0000002,8.944977
2009-08-28 07:10:39.0000004,5.103603
2009-08-28 07:10:39.0000003,5.286127
2015-01-12 17:05:51.0000006,8.294138
2015-01-12 17:05:51.0000007,6.1465707
2015-01-12 17:05:51.0000002,5.3811445
2015-01-12 17:05:51.0000003,4.8449845
2014-05-01 07:16:07.0000001,5.0643644
2009-01-12 07:47:39.0000004,5.2550707
2009-01-12 07:47:39.0000002,7.4345126
2009-01-12 07:47:39.0000003,6.956154
2014-02-09 21:05:31.0000001,20.24975
2014-02-09 21:05:31.0000002,11.807526
2012-05-14 03:52:59.0000001,6.7134876
2011-04-28 19:39:43.0000005,6.8826547
2011-04-28 19:39:43.0000001,6.2975063
2011-04-28 19:39:43.0000002,3.5903568
2011-04-28 19:39:43.0000004,3.6980038
2010-02-15 10:14:23.0000002,10.175065
2010-02-15 10:14:23.0000003,20.6285
2010-02-15 10:14:23.0000004,10.467802
2010-08-18 05:24:15.0000002,8.692846
2010-08-18 05:24:15.0000001,9.15756
2010-05-31 06:46:59.0000001,36.326694
2014-11-17 00:03:47.0000002,15.445112
2012-11-16 00:09:43.0000001,8.085692
2012-03-09 06:03:23.0000001,9.948196
2013-10-18 13:05:19.0000002,8.2581415
2013-10-18 13:05:19.0000001,22.84542
2013-10-18 13:05:19.0000003,6.316067
2010-01-16 04:52:31.0000001,28.285133
2013-08-18 00:32:15.0000002,16.960407
2013-08-18 00:32:15.0000001,7.631058
2010-12-11 16:12:35.0000004,14.118014
2010-12-11 16:12:35.0000005,9.176757
2010-12-11 16:12:35.0000001,7.0639915
2010-12-11 16:12:35.0000002,9.224039
2013-05-23 12:09:23.0000001,13.720664
2013-05-23 12:09:23.0000003,6.277027
2013-05-23 12:09:23.0000002,7.06627
2014-12-11 08:20:39.0000003,7.7806034
2014-12-11 08:20:39.0000002,6.247808
2011-01-28 19:41:11.0000002,4.8421965
2011-01-28 19:41:11.0000001,11.375704
2011-03-24 04:46:51.0000001,26.61348
2013-04-07 00:24:27.0000001,6.268477
2013-04-07 00:24:27.0000003,5.708274
2013-04-07 00:24:27.0000004,6.791346
2010-08-17 21:22:39.0000002,21.682882
2010-08-17 21:22:39.0000003,7.121096
2010-08-17 21:22:39.0000001,6.760186
2013-12-10 14:00:35.0000004,8.926565
2013-12-10 14:00:35.0000001,8.263002
2013-12-10 14:00:35.0000003,8.490332
2011-09-18 05:32:51.0000002,46.99866
2011-09-18 05:32:51.0000001,9.093581
2011-09-18 05:32:51.0000003,12.261404
2011-09-10 20:44:59.0000002,7.656601
2011-09-10 20:44:59.0000001,7.1944127
2011-04-28 09:50:03.0000002,33.130646
2011-04-28 09:50:03.0000003,7.7217226
2011-04-28 09:50:03.0000004,8.762058
2010-02-26 18:34:51.0000002,6.6375976
2013-12-05 23:29:15.0000001,14.159314
2013-12-05 23:29:15.0000004,4.9462414
2013-12-05 23:29:15.0000003,29.635595
2013-12-05 23:29:15.0000005,55.943996
2010-01-13 08:28:59.0000003,8.579355
2010-01-13 08:28:59.0000001,8.974765
2010-01-13 08:28:59.0000004,12.592058
2010-01-13 08:28:59.0000005,7.4927516
2010-07-16 07:07:27.0000001,7.2533736
2012-06-16 14:33:19.0000002,9.493571
2013-05-08 17:02:39.0000001,14.671326
2013-05-08 17:02:39.0000003,11.751556
2013-05-08 17:02:39.0000005,8.699101
2013-05-08 17:02:39.0000004,5.561739
2013-05-08 17:02:39.0000002,10.609177
2013-05-08 17:02:39.0000006,6.7399383
2013-05-08 17:02:39.0000007,10.1048
2011-02-28 08:34:27.0000004,11.4168
2011-02-28 08:34:27.0000002,5.5467243
2011-02-28 08:34:27.0000006,12.002521
2011-02-28 08:34:27.0000007,5.260848
2011-02-28 08:34:27.0000005,14.872517
2011-02-28 08:34:27.0000003,9.749963
2011-02-28 08:34:27.0000001,8.27824
2012-12-13 19:05:27.0000001,5.714682
2012-12-13 19:05:27.0000002,8.23373
2012-12-13 19:05:27.0000003,10.643297
2009-03-25 01:20:55.0000001,8.001918
2011-01-18 12:43:35.0000001,10.747459
2010-07-13 07:38:03.0000007,10.115481
2010-07-13 07:38:03.0000004,9.109451
2010-07-13 07:38:03.0000002,8.756132
2010-07-13 07:38:03.0000006,10.979722
2010-07-13 07:38:03.0000005,7.5296426
2010-07-13 07:38:03.0000001,6.371773
2009-01-26 15:16:43.0000001,31.411402
2009-01-26 15:16:43.0000002,4.081786
2015-05-18 01:13:35.0000001,6.3908043
2012-11-09 18:17:35.0000001,13.337122
2012-11-09 18:17:35.0000006,8.735753
2012-11-09 18:17:35.0000005,8.61692
2012-11-09 18:17:35.0000003,8.889757
2010-07-05 19:21:35.0000005,4.38446
2010-07-05 19:21:35.0000003,4.3755126
2010-07-05 19:21:35.0000004,11.775179
2010-07-05 19:21:35.0000002,8.821369
2014-09-11 00:28:47.0000001,9.024258
2014-09-11 00:28:47.0000002,6.013173
2010-03-22 16:20:15.0000001,31.505707
2010-03-22 16:20:15.0000002,6.68941
2009-06-21 00:54:23.0000003,12.245499
2009-06-21 00:54:23.0000001,13.324782
2013-05-02 14:48:31.0000001,12.865971
2011-09-12 09:15:15.0000003,6.7585974
2011-09-12 09:15:15.0000004,8.793507
2011-09-12 09:15:15.0000002,6.942239
2011-09-12 09:15:15.0000001,6.6054964
2009-02-27 07:09:23.0000001,8.260954
2011-08-22 10:42:15.0000003,8.56603
2011-08-22 10:42:15.0000002,16.641329
2011-08-22 10:42:15.0000001,7.764029
2011-11-29 22:19:51.0000001,11.830235
2011-11-29 22:19:51.0000002,10.237475
2009-01-30 22:47:07.0000004,17.084715
2009-01-30 22:47:07.0000001,5.25353
2009-01-30 22:47:07.0000003,4.0935383
2012-04-18 20:03:35.0000004,12.30265
2012-04-18 20:03:35.0000003,4.190966
2012-04-18 20:03:35.0000001,9.940504
2012-04-18 20:03:35.0000002,5.896511
2013-09-26 20:54:19.0000002,10.760151
2011-06-25 23:18:27.0000001,8.740293
2009-01-17 02:21:55.0000001,4.9670877
2009-01-17 02:21:55.0000002,4.053615
2014-11-01 15:31:15.0000002,13.320724
2014-11-01 15:31:15.0000003,11.666832
2014-11-01 15:31:15.0000004,6.0327015
2011-06-08 11:31:51.0000003,5.2255754
2011-06-08 11:31:51.0000002,7.3833346
2011-06-08 11:31:51.0000001,8.685286
2013-07-12 23:17:31.0000004,6.8025527
2013-07-12 23:17:31.0000005,57.95793
2012-07-10 18:24:47.0000002,8.860094
2012-07-10 18:24:47.0000001,18.472446
2012-07-10 18:24:47.0000003,6.967481
2013-05-14 03:15:31.0000001,16.121758
2009-04-20 21:08:35.0000006,5.3413453
2009-04-20 21:08:35.0000003,5.142986
2009-04-20 21:08:35.0000002,16.55101
2009-04-20 21:08:35.0000001,11.356102
2011-01-19 08:30:47.0000003,8.352523
2011-01-19 08:30:47.0000002,8.558181
2011-01-19 08:30:47.0000001,5.4705734
2009-09-25 10:19:35.0000003,5.5777197
2009-09-25 10:19:35.0000001,10.960409
2009-09-25 10:19:35.0000002,5.882536
2012-02-17 15:11:23.0000001,5.3267083
2009-12-23 20:14:19.0000003,9.214634
2009-12-23 20:14:19.0000001,4.9782567
2009-12-23 20:14:19.0000002,11.076544
2012-09-14 05:42:59.0000001,9.986499
2012-09-14 05:42:59.0000002,7.549917
2009-04-06 13:47:15.0000002,17.07179
2013-11-29 21:36:07.0000004,10.431603
2011-11-07 00:22:31.0000001,4.696922
2011-11-07 00:22:31.0000002,7.831914
2009-09-04 08:02:51.0000001,10.08137
2015-02-16 17:32:27.0000004,10.977022
2015-02-16 17:32:27.0000002,10.775868
2015-02-16 17:32:27.0000003,7.8777804
2015-02-16 17:32:27.0000001,6.667517
2012-04-14 11:59:11.0000004,19.876064
2012-04-14 11:59:11.0000002,4.3432264
2012-04-14 11:59:11.0000001,6.6206565
2011-12-11 11:05:51.0000001,6.499776
2011-12-11 11:05:51.0000003,8.734831
2010-01-03 13:07:27.0000001,9.554468
2009-03-06 00:13:03.0000003,8.902119
2009-03-06 00:13:03.0000001,9.991692
2010-01-04 19:54:27.0000002,8.912238
2010-01-04 19:54:27.0000001,5.6829824
2010-01-04 19:54:27.0000003,3.955681
2014-08-01 16:50:03.0000004,21.286484
2014-08-01 16:50:03.0000001,5.450477
2014-08-01 16:50:03.0000003,14.304565
2014-08-01 16:50:03.0000002,14.075096
2010-11-25 16:22:19.0000001,5.1560073
2010-09-04 10:06:23.0000001,13.414893
2009-04-28 13:35:27.0000002,10.849228
2009-04-28 13:35:27.0000001,5.015724
2009-04-28 13:35:27.0000003,29.343632
2009-04-28 13:35:27.0000004,8.533769
2012-07-26 00:23:59.0000006,8.598163
2012-07-26 00:23:59.0000007,4.4022527
2012-07-26 00:23:59.0000001,7.498646
2012-07-26 00:23:59.0000004,7.990872
2012-07-26 00:23:59.0000005,7.7955866
2012-07-26 00:23:59.0000002,11.517028
2012-07-26 00:23:59.0000003,5.6703625
2014-04-29 15:15:43.0000002,8.438761
2014-04-29 15:15:43.0000001,7.9647994
2014-04-29 15:15:43.0000003,6.004546
2010-04-23 00:00:03.0000002,14.422543
2010-04-23 00:00:03.0000003,5.109994
2010-05-22 23:46:19.0000001,6.9548526
2010-05-22 23:46:19.0000002,17.776968
2010-05-22 23:46:19.0000003,10.306197
2014-06-14 12:32:11.0000005,9.582065
2014-06-14 12:32:11.0000002,14.1304865
2014-06-14 12:32:11.0000004,11.276321
2014-06-14 12:32:11.0000006,10.921868
2014-06-14 12:32:11.0000003,37.902138
2012-06-09 22:57:15.0000002,6.4302545
2012-06-09 22:57:15.0000005,7.8941884
2014-04-22 01:28:15.0000001,26.118488
2013-01-31 01:19:15.0000001,24.291079
2013-01-31 01:19:15.0000002,10.596379
2014-12-19 21:54:27.0000003,7.8823004
2014-12-19 21:54:27.0000002,16.998402
2014-12-19 21:54:27.0000004,9.186021
2014-12-19 21:54:27.0000001,11.717345
2010-10-22 20:56:51.0000004,5.2533646
2010-10-22 20:56:51.0000001,17.448927
2011-10-04 11:48:35.0000004,6.330146
2011-10-04 11:48:35.0000003,12.356937
2011-10-04 11:48:35.0000002,6.58883
2010-12-31 13:32:39.0000001,8.148851
2010-04-10 11:05:27.0000002,6.4914613
2010-04-10 11:05:27.0000001,6.3016267
2013-10-02 21:12:59.0000001,10.413613
2013-10-02 21:12:59.0000002,12.893626
2013-10-02 21:12:59.0000004,6.6097345
2013-10-02 21:12:59.0000005,14.649232
2013-10-02 21:12:59.0000006,11.764799
2013-10-02 21:12:59.0000007,22.152573
2013-10-02 21:12:59.0000008,16.440258
2013-10-02 21:12:59.0000003,27.144773
2009-03-14 05:27:55.0000001,6.8751445
2009-04-20 14:05:51.0000003,6.0061955
2009-04-20 14:05:51.0000002,15.305469
2009-04-20 14:05:51.0000001,25.144464
2009-04-20 14:05:51.0000004,8.455018
2011-02-21 23:46:07.0000001,4.0122194
2010-08-21 20:25:07.0000001,6.1035047
2009-11-16 21:03:31.0000003,9.568503
2009-11-16 21:03:31.0000002,13.730538
2009-11-16 21:03:31.0000004,7.206357
2009-11-16 21:03:31.0000001,16.513334
2014-11-29 11:16:23.0000002,9.796465
2014-11-29 11:16:23.0000001,10.301133
2010-12-01 21:02:35.0000001,6.5858307
2010-12-01 21:02:35.0000002,7.095597
2009-04-13 18:30:39.0000002,7.118568
2009-04-13 18:30:39.0000001,7.2520766
2010-06-02 19:45:19.0000002,10.754307
2010-06-02 19:45:19.0000001,9.367099
2010-06-02 19:45:19.0000004,9.104257
2012-04-16 14:29:35.0000001,4.2258396
2014-08-06 18:15:43.0000001,6.5759277
2014-08-06 18:15:43.0000002,14.916282
2010-04-20 11:53:23.0000005,8.5067
2010-04-20 11:53:23.0000002,5.606285
2010-04-20 11:53:23.0000006,5.08907
2010-04-20 11:53:23.0000003,13.970895
2010-04-20 11:53:23.0000004,10.635716
2009-05-21 20:50:31.0000005,8.511445
2009-05-21 20:50:31.0000006,11.132125
2009-05-21 20:50:31.0000002,15.953955
2009-05-21 20:50:31.0000001,14.377312
2014-08-16 21:59:59.0000002,10.627831
2014-08-16 21:59:59.0000001,15.900189
2010-09-13 07:05:39.0000001,5.8549886
2010-09-13 07:05:39.0000002,6.0296054
2010-01-28 12:25:11.0000001,6.5556645
2013-10-13 19:39:55.0000005,5.13732
2013-10-13 19:39:55.0000004,5.9960585
2013-10-13 19:39:55.0000007,5.1734514
2013-10-13 19:39:55.0000001,10.000199
2013-10-13 19:39:55.0000003,9.340413
2013-10-13 19:39:55.0000006,5.7329865
2013-10-13 19:39:55.0000002,9.06074
2013-09-20 13:38:55.0000003,7.5559316
2013-09-20 13:38:55.0000002,14.291685
2013-09-20 13:38:55.0000006,9.045225
2013-09-20 13:38:55.0000001,11.126189
2014-11-11 12:10:59.0000003,7.5246983
2014-11-11 12:10:59.0000002,14.055245
2012-09-09 23:40:03.0000001,17.34015
2013-02-18 11:13:23.0000004,21.302362
2013-02-18 11:13:23.0000001,5.51876
2013-02-18 11:13:23.0000003,26.02929
2013-02-18 11:13:23.0000002,8.451481
2011-06-05 12:38:43.0000002,5.662847
2011-06-05 12:38:43.0000003,6.648132
2011-06-05 12:38:43.0000001,48.342117
2014-11-27 07:37:55.0000001,9.460184
2010-05-23 15:28:55.0000001,9.201906
2012-10-15 20:10:31.0000001,6.070786
2012-10-15 20:10:31.0000004,13.46446
2012-10-15 20:10:31.0000002,17.450722
2012-10-15 20:10:31.0000003,6.402964
2012-06-27 06:52:39.0000001,6.7223415
2013-06-07 13:52:55.0000001,6.7661524
2013-06-07 13:52:55.0000002,9.584509
2013-06-07 13:52:55.0000006,30.694305
2013-06-07 13:52:55.0000003,11.56778
2013-06-07 13:52:55.0000004,9.183349
2009-06-04 19:34:15.0000003,11.565122
2009-06-04 19:34:15.0000001,15.139179
2009-06-04 19:34:15.0000004,9.699699
2009-06-04 19:34:15.0000002,8.473686
2013-09-29 22:12:07.0000002,14.992919
2013-09-29 22:12:07.0000003,7.948168
2013-12-04 08:37:11.0000003,9.111892
2013-12-04 08:37:11.0000002,13.641042
2013-12-04 08:37:11.0000001,13.356063
2010-05-02 12:39:55.0000002,7.442377
2009-07-13 01:18:55.0000002,4.2790303
2009-07-13 01:18:55.0000001,5.55352
2015-05-20 00:59:15.0000004,4.912365
2015-05-20 00:59:15.0000003,22.375156
2009-12-03 18:02:47.0000001,9.173653
2014-06-24 02:41:11.0000001,30.427074
2012-01-13 02:08:43.0000001,7.915926
2012-08-06 21:07:55.0000001,10.978124
2012-08-06 21:07:55.0000002,8.898562
2012-08-06 21:07:55.0000004,5.888568
2012-08-06 21:07:55.0000005,8.718334
2012-08-06 21:07:55.0000003,6.570401
2009-07-13 07:32:31.0000001,6.452741
2009-07-13 07:32:31.0000003,6.218248
2009-07-13 07:32:31.0000002,8.698607
2014-09-10 17:52:51.0000001,7.003331
2014-09-10 17:52:51.0000003,9.801654
2014-09-10 17:52:51.0000002,17.30938
2014-09-10 17:52:51.0000005,10.879303
2014-09-10 17:52:51.0000004,11.261401
2009-09-28 19:21:59.0000004,4.076089
2009-09-28 19:21:59.0000005,6.211828
2009-09-28 19:21:59.0000002,6.062337
2009-09-28 19:21:59.0000008,7.745553
2009-09-28 19:21:59.0000001,5.4124136
2015-05-23 12:59:39.0000004,11.926269
2015-05-23 12:59:39.0000002,13.192734
2015-05-23 12:59:39.0000001,7.5385094
2010-02-10 12:16:03.0000001,5.3540406
2010-02-10 12:16:03.0000002,12.482924
2014-01-11 23:10:59.0000004,13.233949
2014-01-11 23:10:59.0000003,17.37234
2014-01-11 23:10:59.0000005,14.450134
2014-01-11 23:10:59.0000001,12.5067625
2014-01-11 23:10:59.0000002,27.458961
2010-04-24 20:15:07.0000002,11.520791
2013-08-07 00:31:07.0000001,51.678062
2012-10-21 19:47:23.0000001,5.5788755
2012-10-21 19:47:23.0000003,8.715957
2012-10-21 19:47:23.0000004,12.748875
2013-05-24 07:22:51.0000002,5.6767178
2009-09-13 20:12:31.0000002,5.585479
2009-09-13 20:12:31.0000001,5.4049997
2010-10-31 08:51:59.0000002,5.3487206
2010-10-31 08:51:59.0000001,16.083435
2013-06-04 23:58:11.0000007,6.0148506
2013-06-04 23:58:11.0000001,18.812382
2013-06-04 23:58:11.0000003,10.538081
2013-06-04 23:58:11.0000005,6.287469
2013-06-04 23:58:11.0000002,26.61287
2013-06-04 23:58:11.0000004,9.833081
2013-06-04 23:58:11.0000008,33.005287
2010-03-22 22:11:31.0000001,12.817388
2010-03-22 22:11:31.0000002,6.114262
2011-01-15 12:49:59.0000002,11.103685
2011-01-15 12:49:59.0000001,11.133008
2009-06-13 18:36:47.0000001,15.117259
2009-06-13 18:36:47.0000002,9.333947
2009-06-13 18:36:47.0000003,10.137472
2009-05-06 16:41:35.0000001,9.885629
2014-08-08 17:32:47.0000004,5.5228777
2014-08-08 17:32:47.0000001,41.310116
2014-08-08 17:32:47.0000002,15.496847
2014-04-02 11:55:15.0000001,9.357403
2014-04-02 11:55:15.0000002,6.4414787
2011-01-04 10:12:51.0000003,6.871955
2011-01-04 10:12:51.0000004,5.413379
2011-01-04 10:12:51.0000001,4.458054
2011-01-04 10:12:51.0000005,4.710739
2010-09-22 09:42:31.0000002,9.723587
2010-09-22 09:42:31.0000004,10.741611
2010-09-22 09:42:31.0000001,9.120247
2013-08-19 19:39:23.0000003,7.7035794
2013-08-19 19:39:23.0000001,6.3514223
2014-07-08 10:21:39.0000002,10.497112
2014-07-08 10:21:39.0000006,13.595702
2014-07-08 10:21:39.0000003,4.502491
2014-07-08 10:21:39.0000005,11.688652
2014-07-08 10:21:39.0000004,10.820552
2014-07-08 10:21:39.0000001,4.465082
2015-03-11 16:36:39.0000003,12.044345
2015-03-11 16:36:39.0000001,6.5936527
2015-03-11 16:36:39.0000002,17.908339
2015-05-29 18:59:35.0000005,42.38062
2015-05-29 18:59:35.0000004,14.09908
2015-05-29 18:59:35.0000002,8.936382
2015-05-29 18:59:35.0000001,7.94263
2011-10-26 17:48:43.0000001,5.084128
2011-10-26 17:48:43.0000008,6.6857224
2011-10-26 17:48:43.0000002,9.695832
2011-10-26 17:48:43.0000004,6.538113
2011-10-26 17:48:43.0000003,5.3431625
2011-10-26 17:48:43.0000007,4.504082
2014-06-24 09:49:55.0000004,12.383693
2014-06-24 09:49:55.0000007,5.5076556
2014-06-24 09:49:55.0000001,5.3648286
2014-06-24 09:49:55.0000006,6.6874566
2014-06-24 09:49:55.0000002,11.177876
2014-06-24 09:49:55.0000003,7.9658422
2014-06-24 09:49:55.0000005,4.9094324
2009-03-14 20:59:19.0000001,12.24169
2009-01-29 18:38:03.0000002,7.394907
2009-01-29 18:38:03.0000001,29.183292
2010-07-23 00:03:59.0000001,12.816995
2013-01-11 12:28:03.0000004,8.89431
2013-01-11 12:28:03.0000003,7.028733
2013-01-11 12:28:03.0000002,5.743512
2013-01-11 12:28:03.0000005,10.725362
2013-01-11 12:28:03.0000001,8.417836
2013-02-20 02:00:23.0000001,14.298893
2013-02-20 02:00:23.0000002,6.0850296
2013-02-20 02:00:23.0000003,10.156762
2009-11-03 19:53:27.0000004,12.629336
2009-11-03 19:53:27.0000003,6.3537946
2009-12-19 21:56:15.0000002,7.0040097
2009-12-19 21:56:15.0000001,7.4282722
2014-03-22 12:24:03.0000001,36.75947
2014-03-22 12:24:03.0000002,7.2712717
2009-12-21 21:20:43.0000003,8.277216
2009-12-21 21:20:43.0000001,9.714837
2009-08-21 15:35:07.0000002,4.8867464
2009-08-21 15:35:07.0000004,46.502586
2009-08-21 15:35:07.0000003,5.446556
2010-04-25 13:28:47.0000002,5.143435
2010-04-25 13:28:47.0000003,23.556505
2010-11-02 18:49:59.0000001,11.9707365
2010-11-02 18:49:59.0000003,5.024857
2010-11-02 18:49:59.0000002,7.2915554
2011-04-02 00:27:03.0000006,9.082854
2011-04-02 00:27:03.0000002,6.2249928
2011-04-02 00:27:03.0000004,4.9171896
2011-04-02 00:27:03.0000003,7.1080256
2011-04-02 00:27:03.0000005,8.153656
2011-04-02 00:27:03.0000001,6.04652
2013-12-29 12:31:55.0000001,8.049541
2013-12-29 12:31:55.0000002,11.623124
2013-12-29 12:31:55.0000003,8.50641
2012-05-02 12:02:03.0000003,7.981094
2012-05-02 12:02:03.0000002,11.909159
2012-05-02 12:02:03.0000004,6.8508353
2012-05-02 12:02:03.0000005,8.47134
2012-05-02 12:02:03.0000001,5.173226
2009-07-21 10:36:43.0000001,4.326832
2009-07-21 10:36:43.0000003,7.7189503
2009-07-21 10:36:43.0000002,7.9533534
2012-09-16 18:14:55.0000003,5.281784
2012-09-16 18:14:55.0000001,12.644543
2012-09-16 18:14:55.0000004,5.908014
2010-04-21 06:28:47.0000002,6.4912667
2009-03-02 09:30:07.0000001,7.282368
2009-03-02 09:30:07.0000002,4.027051
2010-12-18 15:32:19.0000001,6.593886
2013-02-20 08:23:31.0000001,5.809414
2015-02-11 20:51:51.0000006,33.802784
2015-02-11 20:51:51.0000002,9.231912
2015-02-11 20:51:51.0000003,4.937597
2015-02-11 20:51:51.0000005,5.7075286
2015-02-11 20:51:51.0000007,10.482187
2015-02-11 20:51:51.0000004,7.3289285
2013-12-07 01:41:59.0000001,10.819773
2013-12-07 01:41:59.0000003,13.100751
2014-03-04 12:06:35.0000002,8.075137
2014-03-04 12:06:35.0000004,8.638063
2014-03-04 12:06:35.0000003,13.117876
2014-03-04 12:06:35.0000001,7.243731
2013-05-21 06:52:59.0000001,14.327068
2013-05-21 06:52:59.0000004,6.182955
2013-05-21 06:52:59.0000002,6.1755977
2009-09-09 08:09:19.0000002,7.3283653
2009-09-09 08:09:19.0000001,7.9014196
2012-06-22 20:50:55.0000001,17.52735
2010-04-06 09:14:59.0000001,15.73023
2010-04-06 09:14:59.0000003,4.628008
2010-04-06 09:14:59.0000002,28.746513
2009-04-03 07:49:39.0000002,8.627361
2009-04-03 07:49:39.0000001,6.888105
2011-08-28 16:06:43.0000001,10.499438
2010-12-19 15:52:31.0000001,12.666917
2010-12-19 15:52:31.0000002,4.989194
2010-12-19 15:52:31.0000004,4.803987
2010-12-19 15:52:31.0000003,5.2766833
2014-07-12 00:15:59.0000004,6.6837335
2014-07-12 00:15:59.0000003,6.3801756
2014-07-12 00:15:59.0000002,8.93313
2009-03-31 10:27:19.0000004,9.112893
2009-03-31 10:27:19.0000002,7.468479
2009-03-31 10:27:19.0000001,17.98983
2014-07-31 10:39:39.0000002,4.7379775
2012-06-02 07:16:31.0000001,5.0896335
2012-06-02 07:16:31.0000003,48.728687
2012-06-02 07:16:31.0000002,13.282482
2012-09-27 15:03:15.0000001,37.198128
2012-07-05 02:23:47.0000001,4.569873
2013-09-14 18:28:03.0000002,22.24022
2013-09-14 18:28:03.0000003,19.262463
2009-04-22 04:26:35.0000001,14.690605
2015-02-14 09:08:11.0000003,18.529348
2012-01-19 20:26:35.0000004,4.445855
2012-01-19 20:26:35.0000005,12.139157
2012-01-19 20:26:35.0000001,6.4811206
2015-03-13 13:04:59.0000001,11.493238
2015-03-13 13:04:59.0000002,10.110006
2015-03-13 13:04:59.0000006,10.026097
2015-03-13 13:04:59.0000004,6.4717712
2015-03-13 13:04:59.0000007,14.332028
2015-03-13 13:04:59.0000003,8.818258
2015-03-13 13:04:59.0000005,6.418079
2013-07-25 13:47:39.0000002,10.916184
2013-07-25 13:47:39.0000001,10.024831
2014-03-07 11:45:35.0000001,8.2922535
2014-03-07 11:45:35.0000002,25.24237
2013-10-31 06:09:15.0000001,19.106304
2014-09-11 06:41:15.0000001,5.46234
2014-09-11 06:41:15.0000002,4.535936
2014-09-11 06:41:15.0000004,9.176754
2014-09-11 06:41:15.0000003,13.066791
2012-06-04 09:50:39.0000005,32.01813
2012-06-04 09:50:39.0000003,5.891027
2012-06-04 09:50:39.0000001,11.842211
2012-06-04 09:50:39.0000004,9.540122
2012-06-04 09:50:39.0000002,7.647771
2010-06-07 07:37:55.0000002,5.756741
2010-06-07 07:37:55.0000003,4.5144014
2010-06-07 07:37:55.0000001,7.3977337
2010-06-07 07:37:55.0000004,4.255366
2015-02-25 18:00:51.0000009,5.707614
2015-02-25 18:00:51.0000006,5.6804514
2015-02-25 18:00:51.0000002,24.672209
2015-02-25 18:00:51.0000003,6.662803
2015-02-25 18:00:51.00000010,9.194161
2015-02-25 18:00:51.0000004,8.807798
2015-02-25 18:00:51.0000005,6.2267194
2015-02-08 08:44:03.0000001,12.456066
2010-12-11 15:16:35.0000001,5.6352124
2010-12-11 15:16:35.0000002,4.6040196
2014-05-19 18:38:19.0000002,5.56418
2014-05-19 18:38:19.0000001,8.8271885
2009-07-19 08:38:51.0000001,5.647874
2013-08-20 12:05:47.0000001,9.864829
2013-08-20 12:05:47.0000003,8.95331
2013-08-20 12:05:47.0000004,8.173012
2013-08-20 12:05:47.0000002,11.033165
2014-03-11 19:48:15.0000007,9.991633
2014-03-11 19:48:15.0000001,9.903975
2014-03-11 19:48:15.0000005,7.059518
2014-03-11 19:48:15.0000006,11.487508
2014-03-11 19:48:15.0000004,11.122762
2014-03-11 19:48:15.0000002,18.046904
2014-03-11 19:48:15.0000003,11.204729
2013-01-09 02:05:51.0000002,6.1802797
2009-08-08 11:41:51.0000001,4.430343
2009-08-08 11:41:51.0000004,10.216897
2009-08-08 11:41:51.0000002,5.767638
2014-06-18 16:08:03.0000001,8.879463
2014-06-18 16:08:03.0000002,18.291866
2013-06-02 16:26:47.0000003,8.469357
2013-06-02 16:26:47.0000002,5.7179146
2009-07-29 10:02:47.0000002,7.0419216
2009-07-29 10:02:47.0000001,6.8334928
2013-02-16 14:26:51.0000002,7.103347
2012-05-11 03:48:31.0000001,6.0368776
2010-01-22 05:47:59.0000001,7.578417
2012-11-12 11:57:03.0000002,54.679787
2012-01-04 00:06:39.0000001,6.3752093
2010-12-28 20:17:27.0000002,4.3444424
2010-12-28 20:17:27.0000001,5.8031874
2010-12-28 20:17:27.0000004,4.926011
2009-03-18 08:03:07.0000002,11.061899
2009-03-18 08:03:07.0000001,4.4751062
2011-10-07 12:38:19.0000004,14.229853
2011-10-07 12:38:19.0000003,4.440196
2011-10-07 12:38:19.0000002,18.219725
2011-10-07 12:38:19.0000005,10.86153
2009-12-12 22:01:31.0000005,11.45057
2009-12-12 22:01:31.0000002,8.773312
2009-12-12 22:01:31.0000004,5.750214
2009-12-12 22:01:31.0000006,5.3145742
2009-12-12 22:01:31.0000003,12.24295
2015-04-19 20:44:15.0000003,15.131869
2015-04-19 20:44:15.0000002,5.853922
2015-04-19 20:44:15.0000004,9.318375
2012-03-23 01:36:31.0000002,6.271427
2012-03-23 01:36:31.0000001,3.740764
2014-10-08 21:24:47.0000001,11.737807
2014-10-08 21:24:47.0000002,13.734997
2011-02-03 01:27:31.0000001,14.42034
2011-05-20 23:42:59.0000002,6.2967877
2014-01-04 10:54:59.0000001,15.92518
2014-01-04 10:54:59.0000003,9.87116
2009-11-23 05:45:11.0000001,28.353527
2013-01-22 16:25:11.0000003,10.344172
2013-01-22 16:25:11.0000002,40.96989
2013-01-22 16:25:11.0000001,10.652837
2015-05-12 08:31:07.0000007,36.11608
2015-05-12 08:31:07.0000008,5.666288
2015-05-12 08:31:07.0000001,11.700069
2015-05-12 08:31:07.0000009,10.220114
2015-05-12 08:31:07.0000005,8.2929945
2015-05-12 08:31:07.0000006,7.624918
2015-05-12 08:31:07.0000002,37.25873
2015-05-12 08:31:07.0000004,17.298698
2013-09-26 06:58:55.0000001,6.9621553
2013-09-26 06:58:55.0000002,10.592945
2014-09-14 23:26:11.0000003,13.365217
2014-09-14 23:26:11.0000002,12.0157795
2009-08-26 08:06:15.0000002,12.628577
2009-08-26 08:06:15.0000003,38.105145
2009-08-26 08:06:15.0000001,7.089118
2014-10-13 06:14:51.0000001,7.397589
2013-02-02 16:07:55.0000002,11.08743
2013-02-02 16:07:55.0000001,6.695665
2013-02-02 16:07:55.0000003,7.5918283
2014-04-05 01:52:27.0000005,5.993654
2014-04-05 01:52:27.0000001,23.051596
2010-02-23 20:29:51.0000002,6.5922227
2010-02-23 20:29:51.0000003,6.7747684
2011-01-25 00:01:03.0000002,6.86132
2011-01-25 00:01:03.0000001,9.74208
2013-11-01 13:07:47.0000002,9.600729
2013-11-01 13:07:47.0000001,8.562012
2013-11-01 13:07:47.0000005,10.100687
2013-11-01 13:07:47.0000004,10.555625
2015-03-07 15:25:59.0000004,5.909998
2015-03-07 15:25:59.0000002,21.392792
2015-03-07 15:25:59.0000001,10.463021
2013-10-06 21:05:11.0000002,27.186216
2013-10-06 21:05:11.0000001,11.862105
2009-04-16 15:57:31.0000002,8.211122
2012-02-21 20:45:03.0000002,7.35073
2012-02-21 20:45:03.0000001,8.628046
2010-01-10 12:55:43.0000002,8.511837
2015-01-31 01:05:19.0000004,19.350674
2015-01-31 01:05:19.0000007,24.918661
2015-01-31 01:05:19.0000006,8.153784
2015-01-31 01:05:19.0000001,10.051321
2015-01-31 01:05:19.0000003,5.8818517
2015-01-31 01:05:19.0000002,15.844919
2011-10-23 17:43:43.0000001,5.6459503
2015-03-16 21:12:19.0000003,25.12743
2015-03-16 21:12:19.0000004,8.119189
2015-03-16 21:12:19.0000005,12.512131
2015-03-16 21:12:19.0000008,15.44295
2015-03-16 21:12:19.0000001,13.599538
2012-09-29 20:16:51.0000001,8.26056
2012-09-29 20:16:51.0000002,34.5315
2012-09-29 20:16:51.0000003,7.094657
2012-09-29 20:16:51.0000005,12.318077
2009-08-03 16:28:07.0000001,4.262497
2009-08-03 16:28:07.0000003,5.9099426
2009-08-03 16:28:07.0000004,7.2679667
2009-08-03 16:28:07.0000002,15.101019
2009-07-30 15:49:15.0000003,8.428123
2009-07-30 15:49:15.0000001,8.461894
2009-07-30 15:49:15.0000005,7.192803
2015-01-18 14:06:23.0000005,18.061638
2015-01-18 14:06:23.0000002,21.42472
2015-03-02 14:08:03.0000002,5.2457485
2015-03-02 14:08:03.0000001,9.486125
2009-09-07 19:35:39.0000003,7.161704
2009-09-07 19:35:39.0000002,8.351369
2014-07-01 15:15:23.0000004,9.06237
2014-07-01 15:15:23.0000002,18.137857
2014-07-01 15:15:23.0000005,15.610191
2014-07-01 15:15:23.0000006,5.147171
2014-07-01 15:15:23.0000001,32.685303
2013-04-18 02:55:07.0000001,18.921877
2010-02-10 16:57:19.0000001,8.5788555
2013-02-15 18:45:39.0000001,11.251905
2011-06-22 01:50:11.0000001,17.033508
2014-05-06 23:54:59.0000002,14.666041
2014-05-06 23:54:59.0000004,4.6988273
2014-05-06 23:54:59.0000003,4.591639
2014-05-06 23:54:59.0000001,13.342049
2012-04-23 21:05:31.0000003,22.581215
2012-04-23 21:05:31.0000004,9.190605
2012-04-23 21:05:31.0000002,6.5965085
2012-04-23 21:05:31.0000006,4.794572
2012-04-23 21:05:31.0000001,40.772995
2012-04-23 21:05:31.0000005,6.535105
2009-03-20 07:29:39.0000003,5.3231163
2009-03-20 07:29:39.0000001,13.927256
2009-03-20 07:29:39.0000002,6.6207304
2014-06-25 15:08:19.0000001,7.866574
2014-06-25 15:08:19.0000002,6.216045
2011-06-09 14:51:15.0000003,8.19669
2011-06-09 14:51:15.0000004,7.654414
2011-06-09 14:51:15.0000001,7.972279
2011-06-09 14:51:15.0000002,9.870375
2015-01-27 13:08:24.0000001,6.044589
2011-07-24 14:52:56.0000001,9.2589
2011-10-08 11:53:44.0000001,14.719942
2012-12-01 21:12:12.0000004,5.5450816
2013-11-22 15:43:12.0000001,4.5566645
2012-07-15 16:45:04.0000005,5.631857
2012-07-15 16:45:04.0000001,6.519304
2014-06-14 13:39:00.00000014,12.213335
2014-06-14 13:39:00.000000113,9.561086
2014-06-14 13:39:00.0000006,7.742483
2014-06-14 13:39:00.000000139,9.349149
2014-06-14 13:39:00.0000004,6.144212
2014-06-14 13:39:00.000000171,10.256273
2014-06-14 13:39:00.00000011,14.670068
2014-06-14 13:39:00.00000064,5.4809866
2014-06-14 13:39:00.00000090,8.408183
2014-06-14 13:39:00.00000041,6.4575067
2014-06-14 13:39:00.00000081,4.5935183
2014-06-14 13:39:00.000000164,10.488296
2014-06-14 13:39:00.00000080,16.354076
2014-06-14 13:39:00.00000026,31.598236
2014-06-14 13:39:00.00000058,10.22014
2014-06-14 13:39:00.000000150,13.867349
2014-06-14 13:39:00.00000030,6.777765
2014-06-14 13:39:00.00000091,5.238037
2014-06-14 13:39:00.000000175,7.469297
2014-06-14 13:39:00.000000101,19.007977
2014-06-14 13:39:00.00000085,8.136082
2014-06-14 13:39:00.000000105,8.141209
2014-06-14 13:39:00.00000069,7.2849846
2014-06-14 13:39:00.000000149,89.0265
2010-08-22 21:14:08.0000004,6.257801
2011-06-24 20:34:48.0000003,8.4126215
2011-06-24 20:34:48.0000004,5.713466
2011-03-28 20:38:36.0000001,9.539182
2009-10-21 02:11:24.0000001,13.739787
2011-05-21 13:16:20.0000002,9.799896
2015-01-31 20:54:04.0000003,7.7533617
2010-05-10 10:37:04.0000001,7.710736
2010-03-20 21:35:20.0000001,11.2320175
2010-03-20 21:35:20.0000002,11.092173
2012-08-22 22:39:20.0000004,5.415959
2012-08-22 22:39:20.0000002,8.869701
2012-12-23 02:29:16.0000002,19.719946
2011-10-02 23:36:00.00000031,5.656348
2011-10-02 23:36:00.00000070,8.474805
2011-10-02 23:36:00.00000068,12.411513
2011-10-02 23:36:00.00000034,14.764507
2011-10-02 23:36:00.00000042,8.7657
2011-10-02 23:36:00.00000032,8.533495
2011-10-02 23:36:00.00000028,4.9034066
2011-10-02 23:36:00.00000078,4.547465
2011-10-02 23:36:00.00000027,8.146748
2011-10-02 23:36:00.00000018,5.1469283
2011-10-02 23:36:00.00000061,8.685226
2011-10-02 23:36:00.00000045,4.4043345
2011-10-02 23:36:00.00000016,4.516116
2011-10-02 23:36:00.00000052,8.114071
2011-10-02 23:36:00.00000098,7.270652
2011-10-02 23:36:00.00000048,8.185968
2013-03-21 12:47:28.0000004,8.126233
2013-03-21 12:47:28.0000007,4.9105206
2010-09-05 22:31:32.0000001,8.799805
2013-07-12 23:33:24.0000003,16.621939
2015-06-08 20:02:56.0000002,14.9233
2011-10-11 22:13:48.0000001,10.0830345
2011-10-11 22:13:48.0000004,5.1368856
2013-09-14 16:53:20.0000004,9.762297
2013-09-14 16:53:20.0000003,20.78302
2014-02-06 09:09:56.0000002,11.198923
2009-06-10 16:55:00.00000028,6.929578
2009-06-10 16:55:00.00000020,11.013499
2009-06-10 16:55:00.0000001,5.9425197
2009-06-10 16:55:00.000000133,7.6428404
2009-06-10 16:55:00.00000026,6.323345
2009-06-10 16:55:00.000000142,17.906456
2009-06-10 16:55:00.00000038,6.996498
2009-06-10 16:55:00.00000042,10.297108
2009-06-10 16:55:00.000000112,6.7793713
2009-06-10 16:55:00.00000096,6.2542224
2009-06-10 16:55:00.00000050,8.151315
2009-06-10 16:55:00.00000092,10.718403
2009-06-10 16:55:00.000000167,6.812324
2009-06-10 16:55:00.000000110,5.5163016
2009-06-10 16:55:00.00000015,13.4433
2009-06-10 16:55:00.000000104,25.38887
2009-06-10 16:55:00.00000019,43.812805
2009-06-10 16:55:00.000000168,4.881961
2009-06-10 16:55:00.00000059,8.374509
2009-06-10 16:55:00.000000136,8.592554
2009-06-10 16:55:00.00000087,32.58287
2009-06-10 16:55:00.000000134,5.4007587
2009-06-10 16:55:00.00000032,6.7379847
2013-06-26 11:19:36.0000001,7.2870765
2009-05-02 20:11:32.0000002,4.547115
2009-05-02 20:11:32.0000003,11.518442
2011-06-24 12:03:00.00000031,8.035441
2011-06-24 12:03:00.00000064,6.2438455
2011-06-24 12:03:00.000000153,14.361149
2011-06-24 12:03:00.00000014,7.156098
2011-06-24 12:03:00.000000192,28.488886
2011-06-24 12:03:00.000000121,6.758424
2011-06-24 12:03:00.000000140,5.4192095
2011-06-24 12:03:00.000000155,4.672984
2011-06-24 12:03:00.00000016,4.83989
2011-06-24 12:03:00.00000084,5.686804
2011-06-24 12:03:00.00000080,5.143246
2011-06-24 12:03:00.000000123,4.9190736
2011-06-24 12:03:00.000000125,6.915129
2011-06-24 12:03:00.00000032,9.978934
2011-06-24 12:03:00.000000178,14.329969
2011-06-24 12:03:00.00000090,11.241184
2011-06-24 12:03:00.000000166,40.829796
2011-06-24 12:03:00.000000108,5.7123733
2011-06-24 12:03:00.00000098,9.503757
2011-06-24 12:03:00.000000104,29.467081
2011-06-24 12:03:00.00000027,12.504342
2011-06-24 12:03:00.000000151,13.431677
2011-06-24 12:03:00.00000099,13.7332325
2011-06-24 12:03:00.00000077,21.605005
2011-06-24 12:03:00.00000019,9.301628
2011-06-24 12:03:00.00000091,7.0056486
2011-06-24 12:03:00.000000132,11.583679
2011-06-24 12:03:00.000000161,7.6086073
2011-06-24 12:03:00.00000024,5.791753
2011-06-24 12:03:00.00000034,7.0505476
2011-06-24 12:03:00.00000050,17.389473
2011-06-24 12:03:00.00000023,45.64606
2011-06-24 12:03:00.00000049,8.292288
2011-06-24 12:03:00.000000115,12.417057
2011-06-24 12:03:00.0000008,6.236025
2014-06-15 07:06:00.00000021,17.909555
2014-06-15 07:06:00.00000032,7.6629176
2014-06-15 07:06:00.00000029,5.358862
2014-06-15 07:06:00.00000043,35.87255
2014-06-15 07:06:00.0000007,5.439368
2014-06-15 07:06:00.00000038,14.241682
2014-06-15 07:06:00.00000020,7.047775
2014-06-15 07:06:00.00000027,57.306812
2012-08-09 01:30:36.0000001,11.251436
2015-05-30 21:29:04.0000002,11.909579
2015-05-30 21:29:04.0000005,10.404871
2009-10-26 12:01:36.0000004,29.00191
2013-02-02 15:45:08.0000004,8.155715
2010-12-14 23:27:36.0000003,4.0656137
2010-12-14 23:27:36.0000004,5.1714616
2010-12-14 23:27:36.0000002,8.64251
2014-04-14 13:48:32.0000001,35.48476
2014-04-14 13:48:32.0000002,9.684249
2014-08-07 16:57:56.0000001,9.236298
2009-09-14 02:19:00.00000022,8.239169
2009-09-14 02:19:00.00000010,10.527734
2009-09-14 02:19:00.0000004,4.862149
2009-09-14 02:19:00.00000011,4.631083
2009-09-14 02:19:00.00000023,9.809519
2009-09-14 02:19:00.00000041,4.7980566
2009-09-14 02:19:00.00000013,10.158441
2014-03-17 16:07:56.0000001,8.977528
2011-06-12 11:31:48.0000003,5.541794
2011-06-12 11:31:48.0000001,7.9508533
2011-06-12 11:31:48.0000002,12.795332
2015-06-24 14:19:52.0000003,12.995279
2010-08-21 22:21:32.0000003,7.428413
2012-01-26 11:17:36.0000001,5.6142206
2015-02-27 14:15:52.0000001,12.599186
2015-02-27 14:15:52.0000002,12.00333
2014-09-14 17:22:12.0000004,11.023389
2009-01-02 17:45:40.0000004,32.59056
2009-01-02 17:45:40.0000001,6.436469
2009-01-02 17:45:40.0000002,7.4396615
2009-01-02 17:45:40.0000003,5.844438
2009-01-01 11:04:24.0000003,11.407723
2009-01-01 11:04:24.0000001,6.5041604
2014-04-28 19:46:36.0000001,5.6942844
2011-06-01 07:37:00.000000192,18.947716
2011-06-01 07:37:00.000000115,12.086397
2011-06-01 07:37:00.00000089,7.3414187
2011-06-01 07:37:00.00000087,6.867355
2011-06-01 07:37:00.000000173,4.856979
2011-06-01 07:37:00.000000166,8.3686285
2011-06-01 07:37:00.00000081,5.2779207
2011-06-01 07:37:00.00000041,5.3217225
2011-06-01 07:37:00.000000102,4.5101085
2011-06-01 07:37:00.000000215,15.020374
2011-06-01 07:37:00.0000006,26.95922
2011-06-01 07:37:00.000000161,5.6203656
2011-06-01 07:37:00.000000123,4.645646
2011-06-01 07:37:00.000000117,8.606654
2011-06-01 07:37:00.0000004,17.745651
2011-06-01 07:37:00.000000133,8.263896
2011-06-01 07:37:00.000000160,6.84077
2011-06-01 07:37:00.000000136,15.425439
2011-06-01 07:37:00.000000214,9.550022
2011-06-01 07:37:00.00000047,9.906655
2011-06-01 07:37:00.0000001,5.6584077
2011-06-01 07:37:00.00000096,5.1042075
2011-06-01 07:37:00.000000150,19.472752
2011-06-01 07:37:00.00000072,14.938168
2011-06-01 07:37:00.00000064,6.43291
2010-08-27 18:45:00.00000048,15.445991
2010-08-27 18:45:00.000000210,13.762982
2010-08-27 18:45:00.000000159,4.816804
2010-08-27 18:45:00.00000083,9.896076
2010-08-27 18:45:00.000000145,5.474268
2010-08-27 18:45:00.00000096,9.345257
2010-08-27 18:45:00.00000036,5.3527837
2010-08-27 18:45:00.00000088,8.743855
2010-08-27 18:45:00.000000116,11.277497
2010-08-27 18:45:00.000000193,7.4826117
2010-08-27 18:45:00.000000121,5.2093005
2010-08-27 18:45:00.00000074,15.532546
2010-08-27 18:45:00.00000075,8.528533
2010-08-27 18:45:00.000000130,14.210902
2010-08-27 18:45:00.000000224,6.896647
2010-08-27 18:45:00.00000072,5.6015196
2010-08-27 18:45:00.000000128,9.689505
2010-08-27 18:45:00.000000163,10.717388
2010-08-27 18:45:00.000000171,7.970045
2010-08-27 18:45:00.000000157,10.66318
2010-08-27 18:45:00.000000147,7.0822387
2010-08-27 18:45:00.000000119,7.5765977
2010-08-27 18:45:00.000000111,6.9387145
2010-08-27 18:45:00.00000015,18.031181
2010-08-27 18:45:00.00000062,6.1165037
2010-08-27 18:45:00.000000127,6.3465223
2010-08-27 18:45:00.000000223,4.0422907
2010-08-27 18:45:00.000000112,7.909178
2010-08-27 18:45:00.000000201,16.645948
2010-08-27 18:45:00.000000135,12.821522
2010-08-27 18:45:00.00000092,7.488805
2010-08-27 18:45:00.00000056,5.016096
2010-08-27 18:45:00.000000105,9.855063
2010-08-27 18:45:00.000000222,5.375654
2010-08-27 18:45:00.00000023,8.223371
2011-02-12 00:43:24.0000002,6.5407634
2014-05-07 06:50:20.0000004,8.109921
2010-08-14 02:13:00.000000131,10.752403
2010-08-14 02:13:00.00000097,8.501277
2010-08-14 02:13:00.00000086,5.0608377
2010-08-14 02:13:00.00000051,7.2106194
2010-08-14 02:13:00.000000128,6.3746014
2010-08-14 02:13:00.00000074,7.6947293
2010-08-14 02:13:00.000000169,5.6003733
2010-08-14 02:13:00.000000127,8.448675
2010-08-14 02:13:00.00000036,6.890267
2010-08-14 02:13:00.00000068,26.810745
2010-08-14 02:13:00.00000042,20.097502
2010-08-14 02:13:00.000000115,19.679817
2010-08-14 02:13:00.00000029,7.0457916
2010-08-14 02:13:00.0000003,48.989845
2010-08-14 02:13:00.00000037,16.78005
2010-08-14 02:13:00.000000121,4.7259
2010-08-14 02:13:00.00000031,5.404827
2010-08-14 02:13:00.00000094,13.402885
2010-08-14 02:13:00.000000136,14.579282
2010-08-14 02:13:00.00000018,8.137464
2010-08-14 02:13:00.000000125,8.249785
2010-08-14 02:13:00.00000041,18.09222
2010-08-14 02:13:00.000000163,17.79529
2010-08-14 02:13:00.000000126,8.713987
2010-08-14 02:13:00.0000008,10.255181
2010-08-14 02:13:00.00000057,6.256466
2010-08-14 02:13:00.00000050,15.579458
2010-08-14 02:13:00.000000152,6.206428
2014-03-25 23:47:00.00000083,5.731133
2014-03-25 23:47:00.000000139,5.2472076
2014-03-25 23:47:00.000000122,19.08475
2014-03-25 23:47:00.00000093,6.5309587
2014-03-25 23:47:00.00000039,9.690073
2014-03-25 23:47:00.000000119,7.1860504
2014-03-25 23:47:00.00000067,13.766996
2014-03-25 23:47:00.00000034,9.935056
2014-03-25 23:47:00.00000040,13.308613
2014-03-25 23:47:00.000000137,11.469023
2014-03-25 23:47:00.00000076,22.055456
2014-03-25 23:47:00.00000057,8.865581
2014-03-25 23:47:00.000000104,8.78714
2014-03-25 23:47:00.00000069,5.027658
2015-06-05 08:38:56.0000008,22.240728
2010-08-06 20:27:12.0000003,7.400696
2012-08-03 12:33:08.0000001,5.6223836
2010-09-29 16:43:00.00000088,9.950797
2010-09-29 16:43:00.00000034,12.016258
2010-09-29 16:43:00.00000069,12.937095
2010-09-29 16:43:00.000000172,6.8010473
2010-09-29 16:43:00.000000152,6.8715186
2010-09-29 16:43:00.00000084,7.440271
2010-09-29 16:43:00.000000136,7.268928
2010-09-29 16:43:00.000000126,11.154107
2010-09-29 16:43:00.000000171,6.2048097
2010-09-29 16:43:00.000000139,7.077035
2010-09-29 16:43:00.0000002,6.2461996
2010-09-29 16:43:00.00000070,8.928118
2010-09-29 16:43:00.00000045,6.2812986
2010-09-29 16:43:00.0000009,9.788781
2010-09-29 16:43:00.00000057,12.349196
2010-09-29 16:43:00.000000118,7.7036343
2010-09-29 16:43:00.00000042,11.9471655
2010-09-29 16:43:00.000000130,8.547253
2010-09-29 16:43:00.00000039,7.567456
2010-09-29 16:43:00.00000032,8.455335
2014-10-27 14:58:00.000000101,10.332421
2014-10-27 14:58:00.00000023,11.393888
2014-10-27 14:58:00.0000006,11.656336
2014-10-27 14:58:00.000000113,6.5178213
2014-10-27 14:58:00.000000143,5.1378417
2014-10-27 14:58:00.00000090,6.0060005
2014-10-27 14:58:00.000000104,20.318708
2014-10-27 14:58:00.000000148,40.80354
2014-10-27 14:58:00.00000060,7.04136
2014-10-27 14:58:00.000000129,24.484907
2014-10-27 14:58:00.00000012,18.238922
2014-10-27 14:58:00.00000035,17.800581
2014-10-27 14:58:00.00000036,10.2933035
2014-10-27 14:58:00.000000150,8.871295
2014-10-27 14:58:00.00000050,6.0334473
2014-10-27 14:58:00.000000103,8.292356
2014-10-27 14:58:00.00000067,6.5341625
2014-10-27 14:58:00.00000066,6.003593
2009-10-08 23:44:56.0000003,7.642152
2012-11-03 17:11:00.00000064,14.902617
2012-11-03 17:11:00.00000074,6.487484
2012-11-03 17:11:00.000000132,55.850933
2012-11-03 17:11:00.00000031,7.911502
2012-11-03 17:11:00.00000028,8.750676
2012-11-03 17:11:00.000000102,8.636534
2012-11-03 17:11:00.00000067,8.849679
2012-11-03 17:11:00.000000162,7.9317
2012-11-03 17:11:00.00000054,14.072119
2012-11-03 17:11:00.00000046,6.0640025
2012-11-03 17:11:00.000000113,29.302528
2012-11-03 17:11:00.00000093,6.9184394
2012-11-03 17:11:00.00000032,12.017354
2012-11-03 17:11:00.00000052,19.442802
2012-11-03 17:11:00.000000147,8.891906
2012-11-03 17:11:00.000000125,9.726291
2012-11-03 17:11:00.00000086,6.407488
2012-11-03 17:11:00.0000009,7.7885275
2012-11-03 17:11:00.000000136,7.6366024
2012-11-03 17:11:00.00000077,8.772998
2012-11-03 17:11:00.00000099,17.8868
2012-11-03 17:11:00.00000096,9.592124
2012-11-03 17:11:00.000000161,7.832403
2012-11-03 17:11:00.000000124,10.486108
2012-11-03 17:11:00.00000016,20.201271
2012-11-03 17:11:00.00000058,4.5630255
2012-11-03 17:11:00.00000083,9.941524
2012-11-03 17:11:00.00000082,8.49061
2012-11-03 17:11:00.00000075,23.550375
2012-11-03 17:11:00.00000061,13.03064
2012-11-03 17:11:00.00000012,8.13069
2012-11-03 17:11:00.00000057,4.180066
2012-11-03 17:11:00.00000037,5.9432826
2012-11-03 17:11:00.000000106,7.4122725
2009-05-07 13:58:32.0000002,28.743063
2011-05-28 17:29:44.0000001,38.06299
2011-05-28 17:29:44.0000004,33.207996
2011-12-25 21:26:32.0000002,5.65957
2009-05-06 01:49:12.0000002,15.252213
2009-05-06 01:49:12.0000004,4.9516196
2011-03-11 01:44:00.00000030,8.359823
2011-03-11 01:44:00.00000027,44.270573
2011-03-11 01:44:00.0000009,7.1559825
2011-03-11 01:44:00.00000047,27.648409
2011-03-11 01:44:00.00000092,4.3382397
2011-03-11 01:44:00.0000006,11.2944765
2011-03-11 01:44:00.00000056,18.608353
2011-03-11 01:44:00.00000081,9.612944
2011-03-11 01:44:00.00000039,7.2586403
2011-03-11 01:44:00.00000077,21.365082
2011-03-11 01:44:00.00000059,13.624157
2011-03-11 01:44:00.00000028,6.4905796
2011-03-11 01:44:00.00000036,13.195975
2011-03-11 01:44:00.00000038,23.228
2011-03-11 01:44:00.00000065,17.04117
2011-03-11 01:44:00.0000003,6.669949
2013-01-27 00:09:12.0000003,8.2263
2012-01-07 11:21:56.0000003,3.6080637
2012-01-07 11:21:56.0000001,7.0376587
2012-10-31 12:17:24.0000002,13.459836
2012-10-20 02:05:08.0000003,7.1564136
2014-10-11 15:11:24.0000003,4.929193
2009-08-17 12:27:08.0000002,10.225861
2014-04-09 09:23:12.0000004,13.414318
2009-11-25 19:32:52.0000004,5.369042
2014-05-30 00:09:16.0000007,6.1336174
2014-05-30 00:09:16.0000006,17.975336
2013-01-07 17:08:32.0000002,10.438974
2013-02-18 17:37:28.0000001,5.6373324
2011-10-04 09:37:00.00000038,13.80243
2011-10-04 09:37:00.00000095,10.088876
2011-10-04 09:37:00.00000015,8.989475
2011-10-04 09:37:00.00000022,29.341444
2011-10-04 09:37:00.00000052,10.991685
2011-10-04 09:37:00.000000141,10.974455
2011-10-04 09:37:00.000000179,13.92036
2011-10-04 09:37:00.000000148,7.354614
2011-10-04 09:37:00.00000014,7.098289
2011-10-04 09:37:00.00000085,5.9774384
2011-10-04 09:37:00.000000162,12.848404
2011-10-04 09:37:00.00000034,30.46226
2011-10-04 09:37:00.00000037,15.329847
2011-10-04 09:37:00.000000111,13.254965
2011-10-04 09:37:00.00000061,4.3875155
2011-10-04 09:37:00.000000199,8.056307
2011-10-04 09:37:00.000000158,24.00194
2011-10-04 09:37:00.000000149,7.557618
2011-10-04 09:37:00.00000069,18.738878
2011-10-04 09:37:00.00000077,10.601592
2011-10-04 09:37:00.000000165,16.87143
2011-10-04 09:37:00.00000044,11.430222
2011-10-04 09:37:00.000000191,12.254813
2011-10-04 09:37:00.000000164,5.4009666
2011-10-04 09:37:00.000000135,5.111526
2011-10-04 09:37:00.000000190,14.162525
2011-10-04 09:37:00.000000163,16.050423
2011-10-04 09:37:00.00000054,25.72311
2011-10-04 09:37:00.000000177,10.022443
2011-10-04 09:37:00.00000064,5.8634033
2011-10-04 09:37:00.0000003,11.230388
2011-10-04 09:37:00.000000196,25.202766
2011-10-04 09:37:00.000000155,6.858513
2012-10-23 14:15:04.0000002,11.353938
2012-10-18 21:06:20.0000009,8.541947
2012-10-18 21:06:20.0000007,11.171956
2014-12-24 03:00:00.00000016,15.318482
2014-12-24 03:00:00.00000025,9.098209
2014-12-24 03:00:00.00000029,8.649581
2014-12-24 03:00:00.00000040,11.791106
2014-12-24 03:00:00.0000007,4.8583713
2014-12-24 03:00:00.00000019,6.3213944
2014-12-24 03:00:00.00000039,5.255437
2010-10-07 10:54:20.0000003,46.50072
2011-02-21 20:11:08.0000006,9.9485
2009-10-04 22:54:56.0000002,11.169951
2015-04-11 20:31:32.00000011,7.272246
2015-04-11 20:31:32.0000005,13.697201
2011-02-20 12:31:04.0000002,6.881313
2013-01-01 22:04:56.0000002,9.230139
2013-01-01 22:04:56.0000003,8.427478
2013-04-23 17:52:44.0000003,56.84268
2010-01-01 13:19:40.0000004,11.003388
2010-03-06 23:51:08.0000003,12.466891
2014-04-27 02:57:00.000000155,11.379701
2014-04-27 02:57:00.00000072,10.764345
2014-04-27 02:57:00.00000043,7.8230667
2014-04-27 02:57:00.00000073,14.86278
2014-04-27 02:57:00.00000013,15.70101
2014-04-27 02:57:00.000000191,6.9073634
2014-04-27 02:57:00.000000171,18.556187
2014-04-27 02:57:00.000000162,21.216679
2014-04-27 02:57:00.00000082,13.4917755
2014-04-27 02:57:00.00000023,6.8761916
2014-04-27 02:57:00.000000137,7.6637616
2014-04-27 02:57:00.00000057,16.681498
2014-04-27 02:57:00.000000174,6.086269
2014-04-27 02:57:00.00000012,5.0118847
2014-04-27 02:57:00.000000158,5.0412903
2014-04-27 02:57:00.000000138,34.23821
2014-04-27 02:57:00.000000172,11.284481
2014-04-27 02:57:00.000000195,11.268723
2014-04-27 02:57:00.000000131,6.4756885
2014-04-27 02:57:00.000000140,14.366918
2014-04-27 02:57:00.000000154,5.4059315
2014-04-27 02:57:00.00000036,6.4697227
2014-04-27 02:57:00.000000153,10.975855
2014-04-27 02:57:00.000000164,7.0126934
2014-04-27 02:57:00.00000031,7.1946425
2014-04-27 02:57:00.000000116,27.45368
2014-04-27 02:57:00.000000187,9.16939
2011-01-18 10:26:40.0000001,12.883005
2011-12-13 22:00:00.000000185,11.808762
2011-12-13 22:00:00.000000117,28.255924
2011-12-13 22:00:00.00000037,13.449002
2011-12-13 22:00:00.000000171,7.149935
2011-12-13 22:00:00.000000194,12.970138
2011-12-13 22:00:00.000000237,5.6291575
2011-12-13 22:00:00.000000160,7.1283402
2011-12-13 22:00:00.000000145,4.70166
2011-12-13 22:00:00.00000035,9.558539
2011-12-13 22:00:00.00000081,5.3739476
2011-12-13 22:00:00.00000015,7.4845233
2011-12-13 22:00:00.000000118,8.707721
2011-12-13 22:00:00.000000140,9.157076
2011-12-13 22:00:00.00000092,21.242556
2011-12-13 22:00:00.00000047,6.3532214
2011-12-13 22:00:00.000000119,7.173313
2011-12-13 22:00:00.00000077,5.123276
2011-12-13 22:00:00.00000096,8.116226
2011-12-13 22:00:00.000000152,17.443754
2011-12-13 22:00:00.000000198,9.51106
2011-12-13 22:00:00.00000043,6.4182496
2011-12-13 22:00:00.000000115,5.371238
2011-12-13 22:00:00.000000236,4.0741034
2011-12-13 22:00:00.000000200,5.816205
2011-12-13 22:00:00.0000001,20.147652
2011-12-13 22:00:00.000000251,6.739731
2011-12-13 22:00:00.00000049,6.1678834
2011-12-13 22:00:00.00000034,8.813247
2011-12-13 22:00:00.000000262,5.385006
2011-12-13 22:00:00.00000018,22.231169
2011-12-13 22:00:00.000000108,5.2515473
2011-12-13 22:00:00.00000084,6.3638306
2014-05-13 07:33:52.0000005,6.422003
2011-06-30 09:37:08.0000001,8.904292
2009-01-28 16:36:28.0000004,10.853654
2010-07-21 22:06:12.0000004,13.540336
2013-05-24 13:37:32.0000003,13.434771
2013-05-24 13:37:32.0000002,6.010673
2014-03-05 21:07:12.0000002,5.0942583
2014-03-05 21:07:12.0000005,5.6690574
2009-11-28 15:07:24.0000002,7.2770123
2010-07-31 15:47:28.0000002,12.201184
2013-11-22 15:36:36.0000001,12.590512
2011-06-26 18:48:08.0000003,8.366217
2011-10-17 18:49:20.0000001,12.888027
2011-10-17 18:49:20.0000004,6.9471564
2014-07-21 18:19:00.00000053,8.329665
2014-07-21 18:19:00.00000085,9.230484
2014-07-21 18:19:00.000000175,7.0093646
2014-07-21 18:19:00.00000076,12.519598
2014-07-21 18:19:00.000000147,12.792281
2014-07-21 18:19:00.0000001,18.618122
2014-07-21 18:19:00.0000007,7.5658264
2014-07-21 18:19:00.000000234,10.80252
2014-07-21 18:19:00.000000188,8.429289
2014-07-21 18:19:00.00000024,9.833902
2014-07-21 18:19:00.000000158,5.20678
2014-07-21 18:19:00.00000093,12.895336
2014-07-21 18:19:00.00000081,7.6840973
2014-07-21 18:19:00.000000206,7.1129975
2014-07-21 18:19:00.00000095,26.89617
2014-07-21 18:19:00.000000164,4.506713
2014-07-21 18:19:00.00000062,6.513338
2014-07-21 18:19:00.000000140,12.10909
2014-07-21 18:19:00.000000155,13.900562
2014-07-21 18:19:00.000000170,10.270334
2014-07-21 18:19:00.000000238,22.023005
2014-07-21 18:19:00.000000207,10.158349
2014-07-21 18:19:00.00000016,14.534736
2014-07-21 18:19:00.000000237,14.834826
2014-07-21 18:19:00.00000045,5.9388266
2014-07-21 18:19:00.000000110,5.5177994
2014-07-21 18:19:00.000000157,6.5234923
2014-07-21 18:19:00.000000236,12.147324
2014-07-21 18:19:00.000000151,7.8461185
2014-07-21 18:19:00.000000192,5.1859694
2014-07-21 18:19:00.00000086,6.252894
2014-07-21 18:19:00.00000040,7.185717
2014-07-21 18:19:00.000000209,5.098117
2014-07-21 18:19:00.000000138,12.559093
2014-07-21 18:19:00.000000131,11.886871
2014-07-21 18:19:00.000000243,9.024057
2014-07-21 18:19:00.000000199,15.662472
2014-07-21 18:19:00.00000041,12.826462
2014-07-21 18:19:00.000000180,13.49616
2014-07-21 18:19:00.00000052,8.174472
2014-07-21 18:19:00.00000084,7.327794
2011-06-13 09:55:04.0000006,9.121567
2011-06-13 09:55:04.0000002,26.54154
2014-12-27 22:31:56.0000001,11.670347
2014-12-27 22:31:56.0000003,27.980556
2010-09-20 16:48:00.00000050,9.274559
2010-09-20 16:48:00.00000055,8.388996
2010-09-20 16:48:00.000000154,9.46402
2010-09-20 16:48:00.000000106,15.036338
2010-09-20 16:48:00.000000163,17.249493
2010-09-20 16:48:00.000000121,43.974392
2010-09-20 16:48:00.000000111,43.344772
2010-09-20 16:48:00.000000124,9.920075
2010-09-20 16:48:00.000000143,6.4592667
2010-09-20 16:48:00.000000131,8.703179
2010-09-20 16:48:00.000000137,31.391779
2010-09-20 16:48:00.000000142,7.939882
2010-09-20 16:48:00.00000036,7.56042
2010-09-20 16:48:00.0000007,14.404662
2010-09-20 16:48:00.000000112,10.934562
2010-09-20 16:48:00.000000104,9.414997
2010-09-20 16:48:00.00000056,16.109491
2010-09-20 16:48:00.000000114,8.755045
2010-09-20 16:48:00.000000152,5.57578
2010-09-20 16:48:00.00000072,25.102383
2010-09-20 16:48:00.0000004,10.598748
2010-09-20 16:48:00.00000058,17.02996
2010-09-20 16:48:00.00000081,8.967507
2010-09-20 16:48:00.000000116,6.943243
2010-09-20 16:48:00.00000040,12.440691
2010-09-20 16:48:00.00000019,12.565928
2010-09-20 16:48:00.000000134,10.116123
2010-09-20 16:48:00.00000084,46.97986
2010-09-20 16:48:00.00000016,9.757892
2010-09-20 16:48:00.000000103,6.485223
2012-08-20 14:47:36.0000001,7.289655
2011-12-01 01:36:08.0000001,3.828409
2014-03-29 14:59:28.0000001,10.495456
2014-08-18 01:19:48.0000001,9.766634
2012-04-30 20:04:20.0000001,4.3861494
2013-07-13 18:28:20.0000003,56.294544
2014-10-07 19:04:08.0000003,5.6471806
2014-10-07 19:04:08.0000001,7.3513017
2013-08-21 09:32:24.0000001,5.5051417
2015-01-26 07:13:44.0000001,36.578064
2011-03-06 21:01:00.0000003,10.894489
2011-03-06 21:01:00.000000155,4.1457534
2011-03-06 21:01:00.000000164,5.806166
2011-03-06 21:01:00.000000131,8.336055
2011-03-06 21:01:00.00000091,8.039996
2011-03-06 21:01:00.000000144,14.8911705
2011-03-06 21:01:00.000000132,5.3873234
2011-03-06 21:01:00.000000134,4.9801636
2011-03-06 21:01:00.000000110,3.814182
2011-03-06 21:01:00.00000058,4.606711
2011-03-06 21:01:00.00000081,30.318495
2011-03-06 21:01:00.00000048,16.37099
2011-03-06 21:01:00.00000079,7.3100815
2011-03-06 21:01:00.000000142,12.555087
2011-03-06 21:01:00.00000090,9.302964
2011-03-06 21:01:00.000000125,6.826203
2011-03-06 21:01:00.000000119,3.7382221
2011-03-06 21:01:00.000000117,14.349178
2011-03-06 21:01:00.00000065,7.885888
2011-03-06 21:01:00.000000163,4.856689
2011-03-06 21:01:00.000000159,7.4610996
2011-03-06 21:01:00.000000112,4.605779
2011-03-06 21:01:00.00000013,29.902164
2011-03-06 21:01:00.000000121,7.6037183
2011-03-06 21:01:00.000000152,4.766867
2011-03-06 21:01:00.00000059,11.044124
2011-03-06 21:01:00.00000041,7.80307
2011-03-06 21:01:00.000000174,8.253921
2011-03-06 21:01:00.000000171,6.051683
2011-03-06 21:01:00.00000069,15.139779
2011-03-06 21:01:00.00000050,3.8872716
2011-03-06 21:01:00.00000039,7.8554916
2011-03-06 21:01:00.00000082,7.8759027
2011-03-06 21:01:00.000000165,6.169351
2011-03-06 21:01:00.000000103,4.4897857
2011-03-06 21:01:00.00000063,4.848596
2011-03-06 21:01:00.000000100,16.801743
2011-03-06 21:01:00.000000124,9.62943
2011-03-06 21:01:00.000000126,5.878677
2011-03-06 21:01:00.00000068,7.177162
2011-03-06 21:01:00.00000030,6.124133
2009-11-24 08:58:48.0000008,5.8935695
2009-11-24 08:58:48.0000004,9.064728
2011-05-30 09:32:56.0000002,5.6029944
2010-01-02 12:20:32.0000001,7.0873723
2010-10-05 02:09:00.00000026,6.6695337
2010-10-05 02:09:00.00000016,5.069406
2010-10-05 02:09:00.00000019,18.153357
2010-10-05 02:09:00.00000014,5.844154
2010-10-05 02:09:00.0000004,7.2579803
2010-10-05 02:09:00.00000025,16.346077
2010-10-05 02:09:00.0000009,9.530918
2012-01-25 22:43:44.0000005,5.6290536
2010-12-01 22:04:52.0000002,7.6536593
2013-06-23 02:54:32.0000001,18.408596
2013-11-18 15:07:28.0000003,9.610982
2013-08-06 23:56:32.0000002,6.9056096
2013-08-06 23:56:32.0000001,27.706636
2012-03-10 02:36:04.0000004,6.5765743
2014-04-13 17:35:52.0000001,11.153587
2013-09-14 16:03:12.0000001,12.775554
2013-09-14 16:03:12.0000002,8.179886
2013-09-14 16:03:12.0000003,7.3195863
2014-04-05 18:27:08.0000001,8.73143
2014-04-05 18:27:08.0000002,6.284913
2009-12-02 15:59:56.0000003,5.195324
2010-01-03 02:03:40.0000001,4.459733
2011-01-30 14:38:24.0000001,9.904389
2011-04-16 21:23:16.0000005,7.6200337
2009-05-31 21:24:56.0000002,8.458186
2009-07-14 17:59:12.0000002,12.773227
2009-12-18 12:37:04.0000003,7.100321
2012-11-21 15:12:48.0000002,6.0000443
2011-10-07 22:08:20.0000002,7.5970416
2011-10-07 22:08:20.0000001,10.623852
2011-10-07 22:08:20.0000004,11.079826
2013-09-24 21:16:40.0000008,5.0626636
2013-09-24 21:16:40.0000005,5.1909194
2014-01-25 12:36:52.0000003,9.643844
2012-01-26 07:33:00.000000101,5.4923844
2012-01-26 07:33:00.00000057,13.893853
2012-01-26 07:33:00.000000175,5.7360597
2012-01-26 07:33:00.00000024,7.2379637
2012-01-26 07:33:00.00000097,6.5612087
2012-01-26 07:33:00.000000115,15.87513
2012-01-26 07:33:00.00000039,4.9650474
2012-01-26 07:33:00.000000161,7.261827
2012-01-26 07:33:00.000000173,8.076447
2012-01-26 07:33:00.000000183,10.023997
2012-01-26 07:33:00.00000020,11.754726
2012-01-26 07:33:00.00000022,9.317971
2012-01-26 07:33:00.000000136,12.987271
2012-01-26 07:33:00.0000008,14.677962
2012-01-26 07:33:00.000000100,9.910343
2012-01-26 07:33:00.00000023,13.241588
2012-01-26 07:33:00.00000056,7.3147497
2012-01-26 07:33:00.00000018,8.102963
2012-01-26 07:33:00.00000076,20.499912
2012-01-26 07:33:00.00000080,7.3766384
2012-01-26 07:33:00.000000104,8.039822
2012-01-26 07:33:00.00000082,4.9415026
2012-01-26 07:33:00.00000025,5.1822553
2012-01-26 07:33:00.000000181,36.421658
2012-01-26 07:33:00.000000105,5.6342387
2015-03-20 23:34:40.0000001,9.6605835
2015-03-20 23:34:40.0000008,8.946581
2015-03-20 23:34:40.0000003,19.029947
2013-12-14 03:20:48.0000003,11.017939
2010-12-09 07:29:00.000000164,11.347411
2010-12-09 07:29:00.000000141,11.949353
2010-12-09 07:29:00.00000073,10.358759
2010-12-09 07:29:00.00000062,5.5439854
2010-12-09 07:29:00.000000139,6.9152255
2010-12-09 07:29:00.00000079,5.8801665
2010-12-09 07:29:00.000000145,7.796331
2010-12-09 07:29:00.0000006,5.4371142
2010-12-09 07:29:00.00000066,4.567105
2010-12-09 07:29:00.000000171,8.871477
2010-12-09 07:29:00.000000136,7.091623
2010-12-09 07:29:00.00000026,20.064077
2010-12-09 07:29:00.00000044,5.23867
2010-12-09 07:29:00.00000083,10.846257
2010-12-09 07:29:00.00000028,7.2814264
2010-12-09 07:29:00.000000168,10.387598
2010-12-09 07:29:00.000000180,5.5030293
2010-12-09 07:29:00.00000094,6.0384603
2010-12-09 07:29:00.00000080,49.669518
2010-12-09 07:29:00.000000181,12.019655
2010-12-09 07:29:00.00000086,8.349673
2011-09-25 13:01:20.0000002,5.5798206
2014-02-20 18:49:04.0000001,11.685494
2010-08-21 23:02:28.0000004,5.279254
2010-08-21 23:02:28.0000001,13.310564
2010-08-21 23:02:28.0000002,6.3087173
2012-05-08 03:50:00.00000017,20.95142
2012-05-08 03:50:00.00000010,6.6485114
2012-05-08 03:50:00.0000005,6.651919
2009-07-31 07:30:56.0000003,15.943929
2012-03-06 07:33:04.0000001,10.627624
2015-03-12 19:43:24.0000006,36.626095
2014-01-18 17:43:28.0000001,10.156478
2011-09-04 01:36:36.0000001,7.0855494
2010-08-09 08:53:56.0000001,6.2742763
2015-02-01 00:48:44.0000002,4.892301
2014-01-26 15:28:52.0000001,10.30118
2014-01-26 15:28:52.0000002,14.604973
2011-12-06 11:07:40.0000004,11.275045
2011-07-12 19:41:48.0000001,7.9836016
2010-09-16 14:27:16.0000002,8.411934
2015-02-14 20:20:56.0000003,5.1282907
2009-01-22 12:27:20.0000002,16.56973
2011-04-23 21:22:20.0000003,9.64332
2011-04-23 21:22:20.0000004,13.914785
2015-02-21 18:39:16.0000003,5.567997
2015-02-21 18:39:16.0000004,8.254899
2009-04-23 00:05:40.0000002,7.7868047
2013-03-09 21:40:52.0000001,9.976452
2010-07-22 09:37:12.0000002,33.480225
2012-07-31 02:46:40.0000001,8.615823
2015-02-21 17:23:28.0000004,13.618537
2012-11-19 22:15:32.0000001,7.820948
2009-01-26 18:26:48.0000005,6.0605264
2009-09-22 11:47:24.0000001,9.313375
2012-07-05 18:30:36.0000004,5.115682
2012-11-20 21:54:00.000000225,6.1737533
2012-11-20 21:54:00.00000025,14.170465
2012-11-20 21:54:00.00000036,21.576313
2012-11-20 21:54:00.000000102,15.60784
2012-11-20 21:54:00.000000105,26.961937
2012-11-20 21:54:00.000000167,19.410646
2012-11-20 21:54:00.000000186,7.602659
2012-11-20 21:54:00.000000172,6.6251674
2012-11-20 21:54:00.000000202,15.933643
2012-11-20 21:54:00.000000179,37.78934
2012-11-20 21:54:00.000000110,8.288908
2012-11-20 21:54:00.00000076,7.840008
2012-11-20 21:54:00.000000195,22.189644
2012-11-20 21:54:00.000000131,33.98225
2012-11-20 21:54:00.0000002,14.262335
2012-11-20 21:54:00.00000068,28.812588
2012-11-20 21:54:00.000000138,9.448735
2012-11-20 21:54:00.00000090,8.201142
2012-11-20 21:54:00.000000169,7.944629
2012-11-20 21:54:00.00000065,8.624903
2012-11-20 21:54:00.000000121,24.158806
2012-11-20 21:54:00.00000024,5.555633
2012-11-20 21:54:00.000000123,11.656795
2012-11-20 21:54:00.000000100,10.055296
2012-11-20 21:54:00.0000004,7.3435583
2012-11-20 21:54:00.00000098,5.378279
2012-11-20 21:54:00.000000205,5.6077743
2012-11-20 21:54:00.000000103,29.480423
2012-11-20 21:54:00.00000092,15.780556
2012-11-20 21:54:00.00000040,7.0807605
2012-11-20 21:54:00.00000069,26.000904
2012-11-20 21:54:00.000000148,17.252218
2012-11-20 21:54:00.000000233,6.280743
2014-06-23 00:16:00.00000054,13.0659275
2014-06-23 00:16:00.00000059,33.9751
2014-06-23 00:16:00.00000051,7.948745
2014-06-23 00:16:00.00000012,10.718029
2014-06-23 00:16:00.00000046,40.354366
2014-06-23 00:16:00.00000032,7.6399846
2014-06-23 00:16:00.00000017,24.4306
2014-06-23 00:16:00.0000006,5.6554794
2014-06-23 00:16:00.00000084,8.530954
2014-06-23 00:16:00.00000021,46.47503
2014-06-23 00:16:00.0000007,6.040561
2014-06-23 00:16:00.00000045,7.443136
2014-06-23 00:16:00.00000083,28.14704
2014-06-23 00:16:00.00000048,31.760586
2014-06-23 00:16:00.00000058,8.146825
2014-06-23 00:16:00.00000075,8.170091
2014-06-23 00:16:00.00000027,9.869461
2014-06-23 00:16:00.00000031,9.863788
2009-04-25 10:52:56.0000001,6.7752886
2009-04-25 10:52:56.0000003,5.365123
2009-04-20 11:11:40.0000002,9.188595
2009-10-22 21:57:36.0000001,16.67222
2013-11-28 11:00:04.0000001,10.304389
2014-05-25 15:07:04.0000001,6.1225967
2011-08-18 13:00:16.0000001,5.587035
2013-09-25 22:00:00.000000167,8.84534
2013-09-25 22:00:00.00000033,6.2606854
2013-09-25 22:00:00.000000122,12.600703
2013-09-25 22:00:00.000000236,10.322663
2013-09-25 22:00:00.000000193,14.4798565
2013-09-25 22:00:00.000000239,6.4057755
2013-09-25 22:00:00.00000086,13.872421
2013-09-25 22:00:00.000000201,11.842614
2013-09-25 22:00:00.000000170,16.150253
2013-09-25 22:00:00.00000080,5.4442024
2013-09-25 22:00:00.00000021,5.805404
2013-09-25 22:00:00.000000240,7.7665277
2013-09-25 22:00:00.00000046,15.6269
2013-09-25 22:00:00.000000231,33.09511
2013-09-25 22:00:00.00000027,8.019533
2013-09-25 22:00:00.00000045,5.8102226
2013-09-25 22:00:00.000000108,7.543744
2013-09-25 22:00:00.000000125,11.151331
2013-09-25 22:00:00.000000232,6.948094
2013-09-25 22:00:00.000000184,13.057644
2013-09-25 22:00:00.00000096,10.932908
2013-09-25 22:00:00.000000158,10.54458
2013-09-25 22:00:00.000000131,17.036543
2013-09-25 22:00:00.000000207,6.7493496
2013-09-25 22:00:00.00000068,8.478153
2013-09-25 22:00:00.000000194,12.796964
2013-09-25 22:00:00.00000011,56.92372
2013-09-25 22:00:00.000000243,20.35197
2013-09-25 22:00:00.000000138,13.016017
2013-09-25 22:00:00.00000069,8.172203
2013-09-25 22:00:00.00000067,6.7948923
2013-09-25 22:00:00.000000152,12.406348
2013-07-20 12:06:44.0000002,11.475195
2013-07-20 12:06:44.0000001,10.804637
2014-07-11 12:36:08.0000003,56.57333
2014-01-31 11:11:05.0000002,13.606594
2014-08-31 04:03:29.0000002,8.958804
2014-08-31 04:03:29.0000003,27.56619
2014-08-01 18:38:09.0000004,21.428627
2014-08-01 18:38:09.0000003,23.607695
2009-05-16 14:53:41.0000005,13.528069
2009-05-16 14:53:41.0000001,23.570555
2009-05-16 14:53:41.0000004,25.706652
2013-08-26 11:47:37.0000001,8.670965
2010-10-30 13:31:13.0000001,4.976772
2014-05-09 00:30:41.0000004,10.733053
2012-03-05 13:24:37.0000002,6.360759
2010-07-01 22:11:33.0000005,7.0118546
2010-07-01 22:11:33.0000006,23.906767
2012-01-07 21:39:05.0000001,46.597107
2012-05-26 00:31:25.0000001,4.9348555
2014-10-07 11:52:13.0000006,10.507656
2015-06-13 19:17:09.0000005,7.225007
2009-11-28 13:50:17.0000004,5.868711
2009-11-28 13:50:17.0000002,5.5917435
2015-01-13 12:07:53.0000005,7.465266
2015-01-13 12:07:53.0000003,8.332456
2012-01-31 09:15:49.0000001,7.4255805
2011-03-22 12:59:49.0000002,27.263258
2011-03-22 12:59:49.0000006,7.145047
2013-07-05 00:58:17.0000001,4.36499
2010-01-30 00:57:21.0000002,16.853355
2009-10-16 16:14:41.0000002,6.9063673
2011-03-13 05:34:57.0000002,11.175112
2015-02-26 23:20:13.00000010,9.639357
2013-10-09 15:11:41.0000004,23.846596
2011-09-01 09:53:49.0000004,5.6587667
2010-09-28 00:16:53.0000003,6.635543
2010-07-25 04:03:17.0000003,17.723988
2010-07-25 04:03:17.0000002,4.436354
2013-09-19 21:24:21.0000001,10.757179
2011-02-04 09:12:53.0000004,4.1419554
2012-03-08 12:33:25.0000003,13.582802
2009-07-31 18:15:57.0000001,9.150853
2009-07-10 20:17:05.0000003,4.1793466
2010-08-21 21:56:25.0000002,11.3151865
2010-10-09 17:11:17.0000001,7.2709255
2009-09-25 15:13:57.0000001,8.394294
2009-09-25 15:13:57.0000003,6.170424
2009-09-25 15:13:57.0000002,11.720368
2010-05-03 08:36:41.0000004,7.621359
2011-01-24 20:18:49.0000003,5.4837136
2010-01-23 14:32:17.0000003,5.2396235
2012-06-02 01:16:05.0000004,16.29819
2011-10-20 13:46:33.0000003,9.577772
2014-10-28 12:23:09.0000001,17.181969
2011-07-11 20:43:33.0000004,12.041493
2011-07-11 20:43:33.0000005,25.05312
2011-07-11 20:43:33.0000001,5.697814
2013-02-23 14:25:29.0000002,14.324763
2010-01-30 18:58:33.0000008,9.691387
2010-01-30 18:58:33.0000006,8.732813
2010-01-30 18:58:33.0000001,7.040842
2014-06-22 14:49:13.0000001,15.3009
2014-06-22 14:49:13.0000005,14.935229
2015-03-14 02:23:17.0000006,17.651173
2015-03-14 02:23:17.0000002,6.299095
2015-03-14 02:23:17.0000004,16.23581
2012-03-12 01:08:09.0000001,8.196421
2014-09-25 20:52:09.0000002,6.554524
2014-09-25 20:52:09.0000005,22.24084
2012-12-15 06:35:45.0000001,10.529746
2012-01-05 05:51:01.0000001,8.097892
2013-10-15 08:16:21.0000002,23.95599
2014-08-26 23:35:49.0000002,5.503971
2009-08-28 23:01:41.0000001,7.888249
2009-08-28 23:01:41.0000006,4.3427496
2014-12-16 13:40:25.0000003,12.681668
2012-12-09 22:30:13.0000006,6.6764383
2012-12-09 22:30:13.0000002,8.587588
2012-12-09 22:30:13.0000004,15.894092
2011-05-11 19:56:09.0000001,4.7361393
2014-08-08 00:02:41.0000004,12.344499
2014-08-08 00:02:41.0000002,59.43931
2013-09-12 12:50:13.0000007,12.46724
2013-09-12 12:50:13.0000003,10.6383705
2013-09-12 12:50:13.0000001,18.294567
2011-06-26 03:33:25.0000002,16.421612
2011-09-18 18:33:13.0000003,6.6557374
2014-03-04 16:24:45.0000001,91.96461
2014-11-10 10:52:41.0000001,37.176777
2009-12-22 15:59:53.0000003,12.169556
2014-05-08 21:23:41.0000001,10.01348
2012-07-15 03:53:37.0000001,14.552729
2012-07-15 03:53:37.0000002,10.659939
2012-07-15 03:53:37.0000003,8.741107
2013-06-10 11:29:13.0000001,12.550887
2015-04-25 01:06:17.0000007,14.369988
2015-04-25 01:06:17.0000003,13.058033
2012-10-28 13:55:57.0000001,8.53022
2011-06-12 01:07:57.0000003,7.5565076
2014-12-11 15:20:49.0000001,6.3952956
2011-06-19 04:08:49.0000002,15.163762
2012-04-14 22:29:37.0000001,6.246041
2015-06-02 09:11:17.0000007,10.71952
2011-10-08 12:54:49.0000002,6.339254
2009-06-02 08:34:33.0000001,12.797873
2011-10-01 15:04:57.0000001,29.046865
2013-06-22 01:59:25.0000002,12.434
2010-12-15 08:39:33.0000005,4.9865174
2012-05-26 11:54:53.0000001,7.102745
2012-05-26 11:54:53.0000002,8.544011
2014-01-11 19:20:17.0000001,6.0456195
2015-01-05 21:43:13.0000001,24.869623
2011-07-19 22:20:41.0000002,13.411073
2011-07-19 22:20:41.0000004,7.9075375
2011-07-19 22:20:41.0000001,15.3052025
2012-03-18 02:27:41.0000001,5.577557
2009-01-19 19:48:17.0000001,4.270559
2009-01-19 19:48:17.0000002,4.9285827
2013-01-13 00:20:53.0000001,10.793397
2013-11-28 13:17:13.0000002,23.11428
2012-06-10 00:46:17.0000006,4.382215
2012-06-10 00:46:17.0000003,14.424526
2012-06-10 00:46:17.0000005,9.093817
2010-02-20 04:04:13.0000004,20.938135
2014-01-01 16:33:01.0000005,14.714263
2010-10-01 13:11:05.0000001,6.1584077
2012-04-14 14:20:33.0000001,10.508229
2015-05-17 04:17:33.0000005,4.5455976
2014-07-26 23:31:41.0000003,15.742844
2014-07-26 23:31:41.0000002,10.432731
2009-11-07 16:37:49.0000004,8.208031
2011-01-07 09:25:57.0000003,7.5738688
2012-07-18 16:28:21.0000001,7.726811
2013-03-08 19:03:09.0000003,10.303883
2009-12-10 22:45:01.0000004,12.329544
2012-07-13 11:00:05.0000004,8.538864
2013-04-28 10:36:37.0000001,7.408723
2009-04-23 02:42:05.0000003,8.826082
2013-06-08 16:55:13.0000003,8.959789
2012-10-25 16:20:37.0000004,7.398227
2012-10-25 16:20:37.0000003,35.59815
2012-07-31 20:04:53.0000006,7.3367815
2012-07-31 20:04:53.0000002,5.6379657
2009-07-14 22:41:09.0000003,6.6097984
2011-09-03 19:22:17.0000001,8.103947
2011-09-03 19:22:17.0000003,9.441035
2011-09-03 19:22:17.0000002,20.315538
2013-11-21 14:19:21.0000001,43.361004
2015-01-02 11:55:57.0000003,19.065733
2013-11-23 22:19:37.0000004,5.6419687
2013-11-23 22:19:37.0000003,8.857297
2013-11-23 22:19:37.0000005,11.195164
2011-04-04 19:54:33.0000001,5.5972667
2014-07-14 16:18:37.0000002,7.352964
2014-03-18 19:55:17.0000001,6.9810224
2010-06-05 23:05:25.0000006,7.2332234
2014-09-09 22:48:37.0000001,8.675733
2014-09-09 22:48:37.0000002,5.7969556
2014-03-28 21:55:17.0000003,4.913906
2014-03-28 21:55:17.0000001,7.0211134
2009-09-24 22:41:17.0000001,8.2091
2012-04-27 18:37:09.0000002,9.017485
2014-04-05 18:11:33.0000002,15.268176
2013-11-07 22:25:25.0000003,7.5018196
2013-11-07 22:25:25.0000001,4.5484695
2012-06-30 03:53:29.0000002,4.803525
2011-05-19 16:01:41.0000001,7.1555886
2010-01-11 12:38:33.0000002,4.174451
2010-10-16 09:26:33.0000001,8.820965
2010-10-16 09:26:33.0000003,6.245538
2014-07-25 18:06:37.0000007,7.302042
2014-05-13 21:07:29.0000004,10.123567
2014-05-13 21:07:29.0000001,30.698015
2013-11-16 18:33:25.0000005,12.0684395
2009-08-02 14:01:33.0000004,7.891505
2015-01-12 15:36:37.0000008,11.418198
2013-05-26 15:18:37.0000005,25.206026
2013-05-26 15:18:37.0000001,56.380123
2013-05-26 15:18:37.0000003,14.146267
2009-09-20 23:07:01.0000001,9.062296
2009-09-25 21:43:49.0000004,8.812504
2009-09-25 21:43:49.00000010,10.6016035
2009-03-22 20:58:33.0000003,13.33469
2011-12-09 21:19:25.0000001,6.926857
2013-07-05 20:44:49.0000001,10.757629
2013-12-20 15:58:29.0000006,13.33058
2013-12-20 15:58:29.0000001,8.71432
2014-10-06 14:37:25.0000005,56.10284
2015-01-18 23:09:25.0000001,4.8643513
2014-02-06 13:26:49.0000002,5.1173663
2013-02-27 19:25:13.0000001,16.660755
2009-09-15 08:28:53.0000003,10.811694
2012-07-18 22:34:53.0000003,7.038178
2011-05-17 22:09:17.0000002,4.238208
2010-09-19 17:13:29.0000008,27.121563
2010-09-19 17:13:29.0000006,13.860452
2013-03-19 18:08:29.0000002,12.533678
2013-03-19 18:08:29.0000001,12.877848
2011-04-23 11:01:49.0000001,10.328579
2013-07-04 05:39:13.0000001,11.870328
2010-11-08 10:01:37.0000003,5.332369
2009-04-01 19:28:09.0000001,5.965576
2011-11-26 02:04:29.0000004,5.461893
2011-11-26 02:04:29.0000003,3.9543514
2009-01-11 07:56:01.0000001,5.0454526
2012-05-30 09:19:13.0000002,6.301426
2014-10-28 22:42:33.0000003,11.761049
2014-07-19 21:05:37.0000002,13.458517
2012-10-02 14:17:13.0000001,5.4678783
2012-10-20 00:36:37.0000002,6.8477316
2014-06-19 22:37:09.0000006,9.8578205
2014-06-19 22:37:09.0000004,8.72545
2011-05-11 13:24:37.0000002,9.735718
2014-10-13 00:42:05.0000002,9.690366
2013-12-08 10:41:05.0000007,9.110023
2009-07-04 13:00:57.0000002,10.217658
2015-06-30 04:09:45.0000001,36.660225
2013-09-08 03:47:57.0000002,9.256002
2009-05-15 21:19:13.0000004,29.536606
2010-01-29 08:32:53.0000002,6.4716196
2015-05-15 01:51:49.0000003,5.926157
2012-11-12 10:06:17.0000003,7.389252
2013-12-01 22:23:57.0000003,45.82855
2014-01-03 15:48:49.0000001,9.247013
2013-01-19 20:19:45.0000002,11.133811
2015-03-17 21:44:26.0000002,5.2581315
2009-01-06 07:36:34.0000005,6.2564316
2013-01-20 20:41:26.0000002,14.561336
2015-06-07 00:38:14.0000001,10.007032
2009-01-03 00:51:02.0000002,12.9037485
2009-01-03 00:51:02.0000001,9.853942
2009-08-02 05:08:42.0000001,21.594982
2013-10-18 09:06:14.0000002,6.5705433
2009-04-26 17:29:42.0000001,4.6916747
2015-02-25 22:00:38.0000002,13.693967
2010-10-06 23:31:54.0000001,13.073715
2009-01-21 20:04:30.0000006,9.378488
2013-12-18 14:26:58.0000002,50.99208
2014-04-26 18:02:26.0000003,5.981291
2014-10-05 13:58:18.0000002,7.7366
2014-10-05 13:58:18.0000001,7.352049
2013-05-23 23:54:42.0000004,7.932604
2009-11-23 19:06:14.0000005,11.881652
2010-09-01 08:23:54.0000002,6.4764795
2011-12-10 23:39:06.0000001,13.415612
2009-12-17 15:54:46.0000002,10.55936
2010-06-16 18:41:54.0000003,8.727568
2011-11-02 08:21:50.0000003,7.1941886
2011-11-02 08:21:50.0000001,9.260006
2009-03-15 03:31:14.0000003,6.183563
2014-09-08 19:07:46.0000001,7.909543
2010-04-24 23:31:50.0000004,7.103803
2010-04-24 23:31:50.0000002,13.169798
2011-03-03 21:31:42.0000004,5.479038
2011-03-03 21:31:42.0000002,13.445083
2011-09-05 10:47:26.0000001,7.1262755
2012-09-16 12:48:06.0000002,7.950325
2015-04-10 11:56:54.0000005,11.762272
2013-10-15 23:31:26.0000002,18.447414
2013-06-21 18:06:14.0000002,8.440709
2009-05-19 15:44:30.0000001,8.623573
2014-01-26 08:48:30.0000003,7.9834743
2014-12-25 21:32:58.0000002,7.5832
2011-07-30 15:27:58.0000001,7.961252
2010-09-24 22:40:06.0000007,5.9134874
2010-02-06 17:37:10.0000005,49.283142
2010-02-06 17:37:10.0000001,12.343274
2012-08-13 15:02:26.0000001,7.954824
2013-01-14 18:42:54.0000004,7.2245884
2013-01-14 18:42:54.0000005,8.60119
2009-11-11 21:20:18.0000002,6.8692746
2009-04-18 02:44:34.0000004,34.376694
2009-04-18 02:44:34.0000001,7.364216
2014-01-10 12:28:38.0000002,5.7127438
2014-10-11 00:26:38.0000004,21.872364
2010-01-30 02:13:06.0000004,4.662868
2009-08-26 23:55:38.0000001,7.996175
2012-09-07 23:20:34.0000002,9.478988
2012-09-07 23:20:34.0000005,8.949843
2015-01-10 14:32:14.0000002,14.463348
2010-05-31 20:43:42.0000001,5.616045
2010-05-31 20:43:42.0000003,5.874694
2014-05-18 14:43:26.0000004,8.1430025
2011-10-08 18:18:26.0000002,5.701471
2011-10-08 18:18:26.0000003,15.201965
2010-03-23 13:23:34.0000003,12.256823
2010-12-21 08:46:02.0000001,11.638921
2010-12-21 08:46:02.0000002,4.65
2010-06-19 22:52:30.0000003,7.973789
2013-01-03 01:43:10.0000002,10.328916
2013-11-24 03:44:46.0000001,16.355879
2011-04-16 12:57:18.0000002,4.551527
2012-10-11 22:24:18.0000002,10.687288
2011-05-17 23:42:46.0000006,6.7215433
2011-05-17 23:42:46.0000003,4.2053456
2014-01-09 17:27:18.0000003,5.5382633
2014-01-09 17:27:18.0000004,9.434004
2010-01-09 13:24:22.0000002,44.979134
2010-01-09 13:24:22.0000001,7.604887
2009-03-11 21:46:54.0000006,6.915214
2012-08-22 20:54:46.0000004,9.771662
2012-08-22 20:54:46.0000005,28.011742
2009-02-21 20:49:34.0000002,11.346243
2012-08-10 14:04:14.0000001,8.660069
2009-10-17 03:52:42.0000005,9.465603
2014-02-27 09:36:26.0000001,12.429003
2014-03-11 20:24:02.0000005,11.889335
2014-03-11 20:24:02.0000001,6.57009
2015-05-07 15:33:26.0000004,5.531161
2012-09-10 21:07:54.0000008,7.0691967
2012-04-20 00:06:10.0000003,4.7864366
2012-04-20 00:06:10.0000004,13.771771
2012-06-12 23:10:42.0000004,10.296604
2013-04-21 19:50:54.0000002,6.9762225
2013-02-06 18:21:18.0000005,17.131672
2014-05-01 21:05:34.0000001,28.431675
2011-04-22 19:23:54.0000004,5.304279
2011-09-17 15:41:06.0000002,7.726213
2015-03-05 13:21:58.0000001,53.331673
2015-06-21 17:16:10.0000001,7.3434143
2010-06-02 22:04:10.0000002,26.434587
2010-06-02 22:04:10.0000001,8.395124
2015-02-27 19:36:02.0000008,13.166639
2015-02-27 19:36:02.0000005,8.836143
2013-04-06 19:16:10.0000002,7.92119
2014-03-08 16:08:26.0000006,17.696663
2014-03-08 16:08:26.0000005,4.959788
2013-12-06 23:40:42.0000004,6.583323
2013-12-06 23:40:42.0000005,15.248243
2014-09-13 19:05:02.0000001,7.149351
2015-03-12 13:01:54.0000003,5.060594
2015-03-12 13:01:54.0000006,5.738396
2014-10-04 21:48:22.0000001,11.71237
2012-01-22 04:13:34.0000001,24.703281
2012-01-22 04:13:34.0000003,9.662768
2010-12-17 10:33:34.0000003,15.982688
2010-12-17 10:33:34.0000001,28.721697
2012-06-04 11:34:58.0000002,8.487413
2012-12-08 20:08:38.0000001,16.166409
2012-12-08 20:08:38.0000002,9.189551
2013-12-29 01:20:50.0000002,19.723768
2014-03-28 22:34:26.0000002,10.04204
2013-09-07 19:43:18.0000002,16.191448
2013-09-07 19:43:18.0000007,6.9401774
2010-03-07 00:47:26.0000002,12.724303
2010-03-07 00:47:26.0000003,9.46882
2010-10-31 18:45:58.0000004,6.104663
2015-02-03 09:00:58.0000003,38.51852
2012-08-08 08:58:50.0000002,6.0558853
2011-04-08 15:01:02.0000002,5.6427536
2015-01-10 09:38:54.0000006,6.744977
2015-01-10 09:38:54.0000002,13.3932705
2015-01-10 09:38:54.0000005,11.816123
2015-01-10 09:38:54.0000001,9.656838
2014-10-03 00:50:06.0000003,7.5544057
2010-06-18 19:19:26.0000004,13.44791
2013-06-21 00:00:34.0000004,8.731801
2012-02-29 12:03:34.0000003,6.7448764
2013-09-16 14:16:34.0000002,28.904036
2011-03-10 18:16:14.0000002,6.6464386
2011-05-19 02:06:46.0000001,7.3970065
2014-08-08 15:26:18.0000001,8.926204
2009-03-11 12:01:30.0000003,5.5183234
2012-07-26 12:40:38.0000004,9.618134
2014-05-26 22:57:10.0000001,9.893959
2010-09-04 18:31:42.0000004,11.895733
2011-09-22 20:05:22.0000002,5.9842725
2011-09-22 20:05:22.0000004,6.588897
2014-08-09 01:27:30.0000001,15.411629
2014-10-31 12:04:26.0000003,16.049816
2013-04-10 21:03:42.0000006,12.752686
2011-12-29 19:29:50.0000002,8.245364
2013-03-14 21:43:46.0000002,4.436949
2009-02-08 00:04:06.0000003,5.271755
2012-02-04 22:47:18.0000002,4.7964764
2012-05-06 03:01:10.0000001,21.777658
2014-07-08 08:56:58.0000002,4.9963217
2014-07-08 08:56:58.0000005,5.0233254
2014-07-08 08:56:58.0000004,14.405164
2014-07-08 08:56:58.0000003,9.590038
2011-02-19 10:14:58.0000001,7.387208
2010-08-16 17:14:18.0000002,7.0068116
2012-12-27 21:01:54.0000002,14.933317
2015-05-31 20:48:54.0000002,14.63133
2013-01-06 12:39:54.0000006,4.9375467
2010-12-24 04:23:06.0000001,28.925413
2010-11-10 23:21:50.0000001,8.967621
2011-10-01 00:42:26.0000002,21.08333
2013-03-31 00:09:58.0000001,24.180069
2011-07-20 08:05:02.0000001,20.564821
2009-05-03 16:02:54.0000004,4.2729445
2012-09-06 17:58:06.0000002,9.926982
2014-04-06 16:47:14.0000001,14.319959
2014-04-06 16:47:14.0000002,30.308668
2014-09-06 03:52:50.0000001,10.441992
2014-01-01 13:06:34.0000002,12.181241
2011-12-25 15:35:54.0000002,5.9016747
2011-12-25 15:35:54.0000005,4.574689
2011-12-25 15:35:54.0000001,5.410628
2015-05-14 23:11:58.0000004,14.108781
2015-04-22 09:54:06.0000001,7.034747
2012-09-01 19:04:18.0000001,10.606598
2013-06-06 02:54:50.0000001,34.809795
2011-09-03 00:03:42.0000007,46.803905
2013-07-02 22:27:14.0000002,5.126938
2011-07-18 00:04:54.0000001,10.376835
2011-04-03 03:46:18.0000001,5.503196
2010-06-25 14:00:14.0000001,8.647333
2014-09-10 16:40:02.0000001,7.96863
2011-03-01 07:23:14.0000002,5.2812023
2011-06-24 13:23:18.0000005,12.486884
2012-01-01 18:02:46.0000001,18.27314
2015-03-28 19:31:26.0000004,9.603997
2010-07-13 11:53:15.0000006,10.6387005
2010-07-13 11:53:15.0000005,7.187619
2010-07-13 11:53:15.0000003,5.6135917
2013-02-07 13:47:59.0000002,14.386397
2015-05-19 13:58:11.0000006,36.991947
2015-05-19 13:58:11.0000009,16.318249
2012-07-31 22:21:11.0000003,6.446784
2013-01-03 08:50:31.0000003,8.653599
2010-03-18 00:05:43.0000001,20.496656
2009-04-14 17:43:23.0000001,47.89549
2009-04-14 17:43:23.0000002,7.8741784
2015-06-15 14:34:03.0000001,11.978335
2014-11-26 06:46:23.0000002,29.017561
2010-12-19 16:25:15.0000002,7.6887484
2015-06-18 20:56:55.0000004,5.2699823
2015-06-18 20:56:55.0000008,16.882595
2015-04-28 20:15:27.0000003,7.032395
2013-01-23 13:49:19.0000001,8.345064
2012-01-03 08:49:15.0000005,10.480133
2012-06-09 19:03:11.0000005,7.7584257
2012-06-09 19:03:11.0000007,10.525994
2009-05-27 02:00:51.0000001,16.908678
2014-06-07 12:21:11.0000003,12.405793
2011-09-08 22:37:43.0000001,7.0160007
2010-06-18 22:52:11.0000001,22.406689
2011-09-13 13:31:51.0000001,11.821288
2011-09-13 13:31:51.0000005,6.9788294
2014-10-06 09:24:11.0000005,26.303036
2012-03-15 18:23:55.0000002,7.1214414
2013-12-22 21:24:47.0000002,6.0128665
2011-11-23 21:07:43.0000001,6.585473
2010-11-17 19:10:23.0000003,5.9382668
2010-11-17 19:10:23.0000005,10.894385
2015-02-14 13:15:19.0000007,7.76002
2013-01-12 22:40:39.0000008,8.344115
2013-01-12 22:40:39.0000009,19.657589
2013-01-12 22:40:39.0000007,7.081494
2010-02-15 14:20:31.0000002,24.585762
2010-02-15 14:20:31.0000003,5.3494887
2013-03-23 15:41:07.0000003,9.758436
2009-05-08 22:14:51.0000002,5.4484634
2010-01-31 00:33:03.0000005,7.8060713
2009-01-18 18:22:07.0000002,8.945758
2009-01-28 11:27:19.0000001,7.002654
2015-05-20 19:39:11.0000003,15.348062
2014-01-11 17:47:47.0000001,7.7767463
2012-07-12 02:46:07.0000001,8.50403
2014-03-05 23:16:07.0000001,13.151342
2014-12-17 20:56:31.0000003,10.433667
2010-10-09 15:48:51.0000003,29.188213
2013-10-10 11:09:23.0000001,15.832726
2014-10-12 09:23:55.0000001,12.339183
2013-01-08 07:03:07.0000001,6.7244015
2012-10-28 17:21:19.0000001,7.981309
2012-10-28 17:21:19.0000003,11.608606
2014-12-26 20:46:23.0000001,11.492485
2015-05-10 12:37:51.0000003,12.708315
2010-12-11 13:31:11.0000003,6.4683275
2010-03-01 22:21:55.0000003,6.723001
2010-03-01 22:21:55.0000002,15.32914
2015-03-08 14:59:23.0000001,31.525797
2015-03-08 14:59:23.0000003,35.187878
2009-06-08 11:06:23.0000001,63.656475
2014-01-26 13:51:39.0000001,8.723744
2014-11-30 15:46:23.0000003,5.1215773
2011-08-20 15:50:39.0000001,10.662573
2010-06-22 14:25:19.0000008,49.242058
2010-06-22 14:25:19.0000001,5.653076
2014-05-25 19:46:59.0000003,27.28823
2014-04-04 05:47:11.0000002,13.807355
2013-01-11 20:08:07.0000003,9.209041
2013-01-11 20:08:07.0000001,4.946277
2013-10-09 17:27:39.0000001,57.74733
2015-01-12 17:05:51.0000004,8.174935
2009-01-12 07:47:39.0000001,28.700392
2011-04-28 19:39:43.0000003,13.398839
2014-11-17 00:03:47.0000003,7.4366145
2014-11-17 00:03:47.0000001,10.909945
2013-08-18 00:32:15.0000003,7.4371147
2013-05-23 12:09:23.0000005,6.9626684
2013-05-23 12:09:23.0000004,14.728305
2014-12-11 08:20:39.0000001,24.571623
2014-12-11 08:20:39.0000004,12.218595
2013-12-10 14:00:35.0000002,5.660514
2011-09-10 20:44:59.0000003,7.9406786
2011-04-28 09:50:03.0000001,6.415562
2010-02-26 18:34:51.0000001,9.802792
2013-12-05 23:29:15.0000002,6.9249167
2012-12-13 19:05:27.0000004,5.9580693
2012-11-09 18:17:35.0000002,13.34888
2010-07-05 19:21:35.0000001,9.508831
2011-11-29 22:19:51.0000003,6.886868
2009-01-30 22:47:07.0000002,14.628999
2009-01-30 22:47:07.0000005,5.8088665
2013-09-26 20:54:19.0000001,12.788659
2014-09-16 18:22:23.0000001,9.395838
2011-06-25 23:18:27.0000003,6.6367235
2011-06-25 23:18:27.0000002,12.631939
2009-01-17 02:21:55.0000003,5.297225
2014-11-01 15:31:15.0000001,5.87508
2013-07-12 23:17:31.0000003,7.1045094
2013-07-12 23:17:31.0000002,11.541345
2013-07-12 23:17:31.0000001,9.536517
2009-09-24 04:23:47.0000001,5.5253043
2009-04-20 21:08:35.0000005,7.3847337
2009-04-20 21:08:35.0000004,9.533956
2009-04-06 13:47:15.0000001,4.1826487
2013-11-29 21:36:07.0000002,19.509798
2013-11-29 21:36:07.0000001,8.930752
2012-04-14 11:59:11.0000003,10.073812
2009-03-06 00:13:03.0000002,11.987359
2010-04-23 00:00:03.0000001,23.854563
2010-05-22 23:46:19.0000004,8.702119
2012-06-09 22:57:15.0000004,7.369783
2010-10-27 02:29:39.0000001,6.4988213
2010-10-22 20:56:51.0000003,11.63081
2013-10-07 08:53:39.0000001,5.424144
2011-10-04 11:48:35.0000001,9.753741
2010-12-31 13:32:39.0000002,6.8850093
2010-08-21 20:25:07.0000002,7.8485494
2009-11-16 21:03:31.0000005,9.661793
2009-11-16 21:03:31.0000006,7.0660796
2010-12-01 21:02:35.0000003,12.901095
2010-04-20 11:53:23.0000001,6.617699
2013-09-20 13:38:55.0000005,6.7637568
2013-09-20 13:38:55.0000004,57.32974
2012-09-09 23:40:03.0000002,6.9885197
2012-09-09 23:40:03.0000004,11.683437
2010-05-23 15:28:55.0000002,8.49883
2012-10-15 20:10:31.0000005,16.04297
2013-06-07 13:52:55.0000005,9.048805
2009-06-04 19:34:15.0000005,9.349961
2013-09-29 22:12:07.0000001,27.68626
2010-05-02 12:39:55.0000003,6.1622243
2010-05-02 12:39:55.0000001,15.403104
2015-05-20 00:59:15.0000001,7.9206696
2009-12-03 18:02:47.0000003,8.679477
2009-12-03 18:02:47.0000002,50.875
2009-09-28 19:21:59.0000007,5.3763895
2009-09-28 19:21:59.0000006,8.499089
2015-05-23 12:59:39.0000003,17.441854
2014-01-11 23:10:59.0000006,8.47918
2010-04-24 20:15:07.0000001,5.620411
2013-05-24 07:22:51.0000001,9.051357
2009-08-06 02:50:03.0000001,14.850712
2014-08-08 17:32:47.0000003,8.6581745
2010-09-22 09:42:31.0000003,10.049003
2013-08-19 19:39:23.0000002,15.170029
2015-03-11 16:36:39.0000004,32.846676
2015-05-29 18:59:35.0000006,15.680587
2011-10-26 17:48:43.0000005,9.791928
2009-11-03 19:53:27.0000002,6.382098
2009-11-03 19:53:27.0000001,6.070788
2009-12-19 21:56:15.0000004,5.4789333
2009-12-21 21:20:43.0000002,5.859057
2009-08-21 15:35:07.0000001,13.447262
2010-04-25 13:28:47.0000001,8.2777405
2010-11-02 18:49:59.0000004,8.629685
2010-04-21 06:28:47.0000001,49.27833
2015-02-11 20:51:51.0000001,4.55593
2013-12-07 01:41:59.0000002,7.2837358
2013-05-21 06:52:59.0000003,32.650013
2014-07-12 00:15:59.0000001,11.046221
2010-06-13 19:39:51.0000002,10.0786915
2009-03-31 10:27:19.0000003,10.601872
2013-09-14 18:28:03.0000001,6.155842
2015-02-14 09:08:11.0000002,9.435473
2012-01-19 20:26:35.0000002,5.661488
2012-01-19 20:26:35.0000003,5.3463206
2012-01-19 20:26:35.0000006,16.068974
2015-02-25 18:00:51.0000001,6.5089912
2015-02-25 18:00:51.0000007,7.283288
2009-08-08 11:41:51.0000003,6.3946877
2013-06-02 16:26:47.0000001,7.7954397
2011-09-14 00:50:15.0000001,10.52137
2013-02-16 14:26:51.0000003,5.481588
2012-11-12 11:57:03.0000001,7.3311
2012-01-04 00:06:39.0000002,5.5442667
2013-06-21 02:39:47.0000001,13.727439
2010-12-28 20:17:27.0000005,9.22848
2010-12-28 20:17:27.0000003,10.049808
2009-12-12 22:01:31.0000001,4.9416075
2011-05-20 23:42:59.0000001,7.0384207
2014-01-04 10:54:59.0000005,8.186985
2014-01-04 10:54:59.0000002,10.3547325
2012-02-11 04:52:35.0000001,4.1878996
2014-09-14 23:26:11.0000001,7.351401
2014-04-05 01:52:27.0000002,26.183031
2010-02-23 20:29:51.0000004,8.272917
2013-11-01 13:07:47.0000003,18.197096
2015-03-07 15:25:59.0000003,5.2389083
2009-04-16 15:57:31.0000001,9.150649
2010-01-10 12:55:43.0000003,9.033974
2010-01-10 12:55:43.0000004,20.0817
2010-01-10 12:55:43.0000001,5.1608505
2015-03-16 21:12:19.0000002,6.7255783
2015-03-16 21:12:19.0000006,18.691813
2012-09-29 20:16:51.0000004,5.9080415
2009-07-30 15:49:15.0000002,15.111232
2009-07-30 15:49:15.0000004,8.642342
2013-11-18 16:18:39.0000001,56.520916
2015-01-18 14:06:23.0000001,10.240726
2015-01-18 14:06:23.0000004,6.004162
2015-01-18 14:06:23.0000003,7.351244
2009-09-07 19:35:39.0000001,7.0649195
2014-06-14 13:39:00.000000155,5.1232033
2014-06-14 13:39:00.000000174,9.420641
2014-06-14 13:39:00.000000104,9.583235
2014-06-14 13:39:00.00000083,54.6632
2014-06-14 13:39:00.00000056,6.2678905
2014-06-14 13:39:00.000000102,13.457709
2014-06-14 13:39:00.00000065,23.221489
2014-06-14 13:39:00.000000137,12.03428
2014-06-14 13:39:00.0000002,55.184277
2014-06-14 13:39:00.00000028,6.0538707
2014-06-14 13:39:00.000000194,6.128571
2013-06-27 00:20:40.0000002,5.077516
2014-12-30 20:29:24.0000001,5.825241
2011-03-24 15:57:04.0000002,4.578313
2012-06-09 16:53:44.0000001,8.367698
2011-10-02 23:36:00.0000001,17.270563
2011-10-02 23:36:00.00000050,22.948294
2011-10-02 23:36:00.00000069,7.8111835
2011-10-02 23:36:00.00000093,9.684934
2011-10-02 23:36:00.00000010,10.349791
2011-10-02 23:36:00.00000017,11.042623
2011-10-02 23:36:00.00000072,11.259083
2011-10-02 23:36:00.00000025,9.340671
2011-10-02 23:36:00.00000019,5.080594
2013-03-21 12:47:28.0000001,10.845507
2013-06-07 03:02:56.0000003,12.031362
2009-06-10 16:55:00.000000123,5.142868
2009-06-10 16:55:00.000000150,11.90421
2009-06-10 16:55:00.00000064,7.566923
2009-06-10 16:55:00.00000062,11.771145
2009-06-10 16:55:00.0000005,5.0396056
2009-06-10 16:55:00.0000006,20.188393
2009-06-10 16:55:00.000000130,9.306094
2009-06-10 16:55:00.000000175,5.8292203
2009-06-10 16:55:00.00000041,49.18378
2009-06-10 16:55:00.000000152,5.059044
2009-06-10 16:55:00.000000155,13.030168
2009-06-10 16:55:00.00000061,5.826456
2011-06-24 12:03:00.000000131,5.796917
2011-06-24 12:03:00.000000184,10.035422
2011-06-24 12:03:00.00000081,9.382345
2011-06-24 12:03:00.0000007,7.5320387
2011-06-24 12:03:00.00000028,6.0144334
2011-06-24 12:03:00.000000198,7.20252
2014-06-15 07:06:00.0000004,13.878499
2014-06-15 07:06:00.00000011,11.053144
2014-06-06 16:22:20.0000001,8.677298
2009-09-14 02:19:00.00000043,5.6211524
2009-09-14 02:19:00.00000027,7.6199574
2009-09-14 02:19:00.00000042,7.6700115
2009-09-14 02:19:00.00000034,15.219744
2009-09-14 02:19:00.00000033,8.184179
2010-08-21 22:21:32.0000001,10.001778
2010-08-21 22:21:32.0000002,7.9608645
2012-05-06 23:37:24.0000003,10.147086
2013-12-21 17:20:32.0000002,58.070217
2014-04-28 19:46:36.0000002,7.773388
2011-06-01 07:37:00.00000080,37.18237
2011-06-01 07:37:00.000000164,9.825951
2011-06-01 07:37:00.00000074,23.627441
2011-06-01 07:37:00.00000085,16.293276
2011-06-01 07:37:00.0000003,7.8110642
2011-06-01 07:37:00.000000159,22.152306
2011-06-01 07:37:00.00000052,22.749653
2011-06-01 07:37:00.000000218,17.16604
2011-06-01 07:37:00.00000062,6.327449
2011-06-01 07:37:00.00000031,6.49643
2010-08-27 18:45:00.000000170,11.1647215
2010-08-27 18:45:00.00000044,17.495285
2010-08-27 18:45:00.000000146,7.0174947
2010-08-27 18:45:00.00000035,6.8402557
2010-08-27 18:45:00.000000139,8.450926
2010-08-27 18:45:00.00000051,6.027778
2010-08-27 18:45:00.000000186,5.4889045
2010-08-27 18:45:00.000000102,7.707956
2010-08-27 18:45:00.000000164,12.315855
2010-08-27 18:45:00.000000199,12.63734
2010-08-27 18:45:00.000000174,7.320583
2010-08-27 18:45:00.000000187,5.6484413
2010-08-27 18:45:00.000000172,14.428647
2010-08-14 02:13:00.000000105,9.9202
2010-08-14 02:13:00.000000159,5.0568967
2010-08-14 02:13:00.00000040,6.6861467
2010-08-14 02:13:00.000000147,9.381284
2010-08-14 02:13:00.000000145,6.699314
2010-08-14 02:13:00.00000061,7.4806943
2010-08-14 02:13:00.000000150,16.670286
2010-08-14 02:13:00.00000024,6.956338
2010-08-14 02:13:00.000000167,8.236638
2010-08-14 02:13:00.00000099,7.676683
2010-08-14 02:13:00.000000120,10.424529
2010-08-14 02:13:00.00000027,6.527298
2010-08-14 02:13:00.00000063,11.27533
2010-08-14 02:13:00.000000164,6.042408
2010-08-14 02:13:00.000000143,16.418383
2010-08-14 02:13:00.000000156,20.3584
2010-08-14 02:13:00.000000123,14.641624
2014-03-25 23:47:00.00000013,5.592653
2014-03-25 23:47:00.000000116,10.146369
2014-03-25 23:47:00.000000141,5.7541857
2014-03-25 23:47:00.000000107,7.8143816
2014-03-25 23:47:00.00000068,6.2982235
2014-03-25 23:47:00.00000098,18.874115
2014-03-25 23:47:00.000000138,13.5230255
2014-03-25 23:47:00.000000120,11.32323
2015-06-05 08:38:56.0000003,10.929607
2010-09-29 16:43:00.000000154,31.819786
2010-09-29 16:43:00.000000157,5.862203
2010-09-29 16:43:00.00000099,8.974538
2010-09-29 16:43:00.00000023,7.4219303
2010-09-29 16:43:00.000000148,14.525797
2014-10-27 14:58:00.00000028,8.519422
2014-10-27 14:58:00.00000069,9.883912
2014-10-27 14:58:00.000000106,7.8157444
2014-10-27 14:58:00.00000070,5.700826
2014-10-27 14:58:00.000000121,13.663106
2014-10-27 14:58:00.00000022,13.415798
2014-10-27 14:58:00.00000057,19.430285
2009-10-08 23:44:56.0000002,6.090145
2012-11-03 17:11:00.00000080,11.679589
2012-11-03 17:11:00.00000030,6.2889605
2012-11-03 17:11:00.000000149,4.807602
2012-11-03 17:11:00.00000078,10.273465
2012-11-03 17:11:00.00000063,10.305179
2012-11-03 17:11:00.000000142,6.225888
2012-11-03 17:11:00.000000101,8.137319
2011-05-28 17:29:44.0000003,7.047567
2011-03-11 01:44:00.00000023,21.005493
2011-03-11 01:44:00.00000014,5.136458
2011-03-11 01:44:00.00000067,10.452837
2011-03-11 01:44:00.00000019,7.115541
2011-03-11 01:44:00.00000082,18.373844
2011-03-11 01:44:00.00000084,4.5562034
2011-03-11 01:44:00.00000033,9.486013
2011-03-11 01:44:00.00000051,12.975931
2011-03-11 01:44:00.00000011,19.907782
2013-12-16 19:06:44.0000001,7.56044
2009-05-08 18:00:36.0000001,3.9737067
2013-01-27 00:09:12.0000008,12.31922
2013-09-15 02:37:52.0000002,11.071445
2009-04-05 09:48:20.0000001,4.259193
2009-11-25 19:32:52.0000001,13.525391
2011-10-04 09:37:00.00000099,6.622867
2011-10-04 09:37:00.00000019,9.329135
2011-10-04 09:37:00.000000132,16.617197
2011-10-04 09:37:00.00000043,38.685875
2011-10-04 09:37:00.000000122,29.8024
2011-10-04 09:37:00.0000002,10.684952
2011-10-04 09:37:00.000000109,5.9714723
2014-04-29 08:15:56.0000003,7.1768656
2014-12-24 03:00:00.00000035,4.263781
2009-10-04 22:54:56.0000001,21.488539
2015-04-11 20:31:32.0000008,10.092004
2015-04-11 20:31:32.00000013,13.887886
2011-02-06 17:08:24.0000003,7.077734
2014-04-27 02:57:00.00000010,15.161593
2014-04-27 02:57:00.00000053,8.137666
2014-04-27 02:57:00.000000128,5.982752
2014-04-27 02:57:00.0000008,8.979264
2014-04-27 02:57:00.00000067,10.857957
2014-04-27 02:57:00.0000009,4.8016706
2014-04-27 02:57:00.000000159,14.2491665
2014-04-27 02:57:00.000000127,11.099063
2014-04-27 02:57:00.000000112,9.644368
2011-12-13 22:00:00.000000147,14.87127
2011-12-13 22:00:00.000000164,5.423012
2011-12-13 22:00:00.00000078,5.7271647
2011-12-13 22:00:00.000000103,9.076607
2011-12-13 22:00:00.000000226,6.254725
2011-12-13 22:00:00.000000215,9.0801
2011-12-13 22:00:00.00000013,9.429718
2011-12-13 22:00:00.000000258,6.6213956
2011-12-13 22:00:00.00000087,44.718555
2011-12-13 22:00:00.000000270,5.3637495
2011-12-13 22:00:00.00000073,9.237439
2011-12-13 22:00:00.000000203,4.9771714
2011-12-13 22:00:00.000000184,4.268338
2011-12-13 22:00:00.00000019,6.0519013
2011-12-13 22:00:00.000000101,24.810978
2011-12-13 22:00:00.000000122,19.132408
2011-12-13 22:00:00.000000190,8.092172
2011-12-13 22:00:00.00000021,5.0930295
2011-12-13 22:00:00.00000051,12.225192
2011-12-13 22:00:00.00000036,8.430755
2011-12-13 22:00:00.00000022,6.927191
2009-04-12 16:00:56.0000002,11.952214
2014-03-05 21:07:12.0000001,5.2752457
2015-04-11 14:16:12.0000009,6.5642376
2014-07-21 18:19:00.000000203,8.466864
2014-07-21 18:19:00.000000229,12.493108
2014-07-21 18:19:00.000000146,5.6649013
2014-07-21 18:19:00.000000108,9.7526865
2014-07-21 18:19:00.000000171,6.453384
2014-07-21 18:19:00.00000090,14.402451
2014-07-21 18:19:00.00000020,7.0781345
2014-07-21 18:19:00.00000059,23.825573
2014-07-21 18:19:00.000000185,7.617785
2014-07-21 18:19:00.000000186,11.753125
2014-07-21 18:19:00.000000201,11.671809
2014-07-21 18:19:00.000000217,4.1508203
2014-07-21 18:19:00.00000017,8.0414915
2014-07-21 18:19:00.00000079,10.278852
2014-07-21 18:19:00.00000087,8.519522
2011-06-13 09:55:04.0000003,14.215362
2010-09-20 16:48:00.00000025,11.640794
2010-09-20 16:48:00.00000085,44.54904
2010-09-20 16:48:00.00000069,30.808529
2010-09-20 16:48:00.00000086,7.819421
2010-09-20 16:48:00.00000021,11.267049
2010-09-20 16:48:00.00000024,7.5207543
2010-09-20 16:48:00.000000100,9.754609
2010-09-20 16:48:00.0000008,17.255356
2010-09-20 16:48:00.00000074,13.051737
2012-08-20 14:47:36.0000002,9.677708
2014-12-01 00:12:44.0000002,31.89759
2009-03-16 09:55:24.0000001,6.3785634
2011-03-06 21:01:00.00000017,6.664242
2011-03-06 21:01:00.000000161,6.5723057
2011-03-06 21:01:00.000000170,7.1595955
2011-03-06 21:01:00.00000078,9.026778
2011-03-06 21:01:00.000000160,8.379883
2013-02-26 01:38:20.0000001,6.9181767
2014-09-22 07:14:16.0000001,6.298442
2010-10-05 02:09:00.00000017,6.275066
2010-10-05 02:09:00.00000024,14.775872
2010-10-05 02:09:00.00000020,5.105297
2011-04-16 21:23:16.0000001,6.573154
2013-10-05 19:51:04.0000001,7.898582
2011-10-07 22:08:20.0000005,8.876718
2012-03-14 19:10:48.0000003,4.5417876
2009-06-21 04:28:48.0000001,15.005568
2011-06-25 11:42:36.0000001,9.558844
2012-01-26 07:33:00.000000145,7.5215383
2012-01-26 07:33:00.00000030,4.368003
2012-01-26 07:33:00.000000121,5.0203185
2012-01-26 07:33:00.000000151,9.306182
2012-01-26 07:33:00.00000044,7.24187
2015-03-20 23:34:40.0000009,18.00412
2015-03-20 23:34:40.0000005,7.0022173
2015-05-21 07:08:08.0000001,10.017261
2010-12-09 07:29:00.000000156,5.129803
2010-12-09 07:29:00.0000002,8.323122
2010-12-09 07:29:00.00000081,13.685394
2010-08-21 23:02:28.0000003,12.394671
2009-10-29 10:48:40.0000003,8.810045
2015-02-01 00:48:44.0000003,7.555199
2015-02-01 00:48:44.0000005,5.6965218
2011-12-06 11:07:40.0000002,7.314682
2011-12-06 11:07:40.0000003,15.282671
2013-05-18 15:28:40.0000001,9.15929
2013-09-01 17:57:04.0000001,7.6964517
2015-02-21 18:39:16.0000001,10.11716
2013-07-22 15:05:16.0000005,10.455893
2010-12-25 13:54:12.0000002,6.826752
2013-11-29 20:09:12.0000001,18.012339
2011-10-25 20:34:20.0000002,9.851096
2012-11-20 21:54:00.000000152,5.556643
2012-11-20 21:54:00.00000071,27.883636
2012-11-20 21:54:00.00000078,11.068616
2012-11-20 21:54:00.00000073,9.026082
2012-11-20 21:54:00.00000066,10.909293
2012-11-20 21:54:00.000000189,7.1148148
2012-11-20 21:54:00.00000016,12.958995
2012-11-20 21:54:00.0000007,10.095423
2012-11-20 21:54:00.000000161,14.504639
2012-11-20 21:54:00.000000174,9.017864
2012-11-20 21:54:00.00000084,9.458524
2012-11-20 21:54:00.000000173,7.1572866
2014-06-23 00:16:00.00000086,8.668338
2014-06-23 00:16:00.00000042,49.894226
2014-06-23 00:16:00.00000010,6.2618585
2011-09-30 03:23:32.0000001,14.088612
2011-01-03 21:51:28.0000003,7.773971
2013-09-25 22:00:00.00000018,7.9797163
2013-09-25 22:00:00.00000071,10.351638
2013-09-25 22:00:00.000000114,10.643116
2013-09-25 22:00:00.000000191,8.511311
2013-09-25 22:00:00.0000006,8.214419
2013-09-25 22:00:00.000000113,4.756934
2013-09-25 22:00:00.000000212,5.073805
2013-09-25 22:00:00.00000066,6.320571
2011-07-06 18:07:44.0000004,5.3426824
2014-07-11 12:36:08.0000001,14.913031
2015-02-20 11:08:29.0000007,11.025936
2009-05-16 14:53:41.0000003,6.0201826
2010-07-01 22:11:33.0000003,5.186707
2014-10-07 11:52:13.0000008,7.043137
2015-02-26 23:20:13.0000008,15.800338
2011-11-28 14:13:37.0000002,7.6815853
2013-08-30 11:20:21.0000003,35.88658
2014-10-25 23:23:05.0000001,10.73199
2014-10-25 23:23:05.0000002,13.058231
2011-07-02 00:38:01.0000001,8.363345
2014-02-08 17:24:57.0000002,8.611028
2013-02-16 16:03:17.0000001,14.128407
2011-01-24 20:18:49.0000005,8.29451
2012-04-07 12:14:05.0000001,13.97474
2011-10-20 13:46:33.0000002,10.477157
2013-11-29 15:09:45.0000003,7.841648
2014-06-22 14:49:13.0000002,36.552837
2009-08-28 23:01:41.0000002,7.5244427
2010-06-11 13:37:21.0000003,9.67174
2013-06-17 06:37:49.0000002,4.5136766
2015-06-02 09:11:17.0000002,45.83071
2014-12-07 19:56:45.0000001,15.471477
2013-04-23 13:19:17.0000001,8.553262
2013-11-28 13:17:13.0000003,6.502955
2012-06-10 00:46:17.0000001,10.003538
2010-02-27 22:55:09.0000001,5.6309934
2012-04-14 14:20:33.0000002,9.100621
2013-03-08 19:03:09.0000002,5.95725
2012-07-13 11:00:05.0000005,4.1005707
2014-07-01 11:05:21.0000003,8.735208
2012-10-25 16:20:37.0000005,11.406676
2011-03-24 17:44:01.0000002,10.437124
2014-07-25 18:06:37.0000006,14.27841
2009-08-02 14:01:33.0000005,9.146269
2009-09-25 21:43:49.0000009,11.349654
2011-12-09 21:19:25.0000003,6.1764784
2011-12-09 21:19:25.0000004,10.289574
2012-02-08 11:14:49.0000003,17.538269
2012-07-18 22:34:53.0000002,4.870122
2012-07-18 22:34:53.0000004,6.475184
2009-09-04 18:43:33.0000002,5.0302534
2011-04-23 11:01:49.0000002,29.153002
2014-10-28 22:42:33.0000004,4.343914
2010-06-20 12:42:37.0000002,5.920117
2015-02-19 11:39:21.0000004,42.46481
2013-12-08 10:41:05.0000002,5.9020443
2009-05-15 21:19:13.0000003,5.416736
2011-08-18 08:36:13.0000005,5.569522
2012-12-20 23:43:09.0000004,19.177576
2009-06-13 18:40:13.0000001,14.5772915
2009-01-06 07:36:34.0000001,8.2297945
2015-04-12 21:56:22.0000003,8.77147
2010-03-21 16:52:58.0000003,8.677052
2013-07-09 21:59:42.0000001,25.826641
2012-06-23 09:43:42.0000002,4.4547195
2012-06-23 09:43:42.0000004,5.2413545
2013-10-26 10:46:46.0000003,38.063473
2013-09-14 18:51:46.0000001,6.8739276
2009-11-23 19:06:14.0000001,7.2332187
2010-01-24 14:09:58.0000002,5.9300404
2011-12-10 23:39:06.0000003,5.8536777
2011-01-15 04:13:38.0000001,5.7175326
2011-03-03 21:31:42.0000003,5.5130987
2012-08-04 23:34:58.0000003,13.36124
2015-04-10 11:56:54.0000006,7.4907904
2015-05-05 12:32:14.0000008,18.233261
2013-10-13 19:52:54.0000002,46.51936
2015-06-25 01:01:46.0000004,12.6283865
2009-05-19 15:44:30.0000002,30.947994
2010-02-06 17:37:10.0000002,6.200405
2013-01-14 18:42:54.0000003,7.6302814
2014-01-05 17:47:02.0000001,12.591189
2009-07-28 11:13:10.0000002,7.455005
2012-01-12 18:05:10.0000002,23.971075
2010-12-21 08:46:02.0000006,5.525981
2013-11-24 03:44:46.0000003,20.431456
2013-06-30 03:37:26.0000003,12.784505
2011-05-26 21:36:54.0000004,6.544396
2009-03-11 21:46:54.0000002,10.465971
2012-12-26 17:12:30.0000002,12.218378
2013-04-21 19:50:54.0000001,11.034724
2013-02-06 18:21:18.0000001,10.045744
2013-07-21 11:41:26.0000003,10.878279
2011-09-17 15:41:06.0000004,13.244275
2015-06-21 17:16:10.0000005,12.003633
2015-02-27 19:36:02.00000013,7.846129
2015-06-15 01:00:06.0000001,4.414408
2014-03-08 16:08:26.0000001,4.325476
2014-03-08 16:08:26.0000003,8.61563
2014-09-13 19:05:02.0000002,8.039587
2010-12-04 21:08:38.0000004,26.697563
2010-03-07 00:47:26.0000001,5.6068664
2009-12-30 16:54:50.0000001,20.640465
2009-03-11 16:02:14.0000007,11.989682
2010-03-13 01:23:10.0000001,5.657474
2012-05-30 02:28:50.0000002,7.653741
2010-09-04 18:31:42.0000003,6.017307
2009-11-20 23:19:58.0000003,9.821315
2011-09-22 20:05:22.0000003,10.91596
2009-02-08 00:04:06.0000001,24.008675
2014-05-17 10:51:46.0000003,13.210073
2010-05-06 11:35:26.0000002,11.365747
2011-10-01 00:42:26.0000001,6.8889294
2014-12-26 20:19:38.0000001,7.3148017
2015-04-22 09:54:06.0000004,11.8181505
2009-01-25 21:17:18.0000001,10.815004
2011-08-01 17:44:30.0000003,20.587322
2012-03-25 04:50:39.0000001,28.071718
2012-12-26 18:28:55.0000004,9.119026
2011-07-06 19:56:23.0000005,12.84468
2012-08-19 12:06:39.0000002,12.3811035
2015-04-28 20:15:27.0000004,6.685492
2015-04-28 20:15:27.0000007,7.576216
2014-06-07 12:21:11.0000002,32.9174
2013-12-22 21:24:47.0000001,9.4700575
2011-11-23 21:07:43.0000004,7.755961
2011-08-08 11:18:15.0000001,6.9797306
2015-05-20 19:39:11.0000004,9.226309
2015-03-20 16:33:07.0000003,42.719784
2015-04-26 21:44:23.0000002,4.9108043
2010-10-09 15:48:51.0000004,5.2824855
2012-04-27 22:32:19.0000002,7.388215
2012-10-12 15:21:55.0000002,12.244856
2009-12-26 09:23:19.0000001,6.4818583
2014-11-30 15:46:23.0000002,5.099284
2010-06-22 14:25:19.0000007,9.479341
2013-01-03 11:41:47.0000002,26.945124
2015-01-12 17:05:51.0000005,33.629578
2013-04-07 00:24:27.0000002,6.5984073
2010-01-13 08:28:59.0000002,4.762323
2012-06-16 14:33:19.0000001,7.1557903
2009-03-25 01:20:55.0000002,9.90729
2010-07-13 07:38:03.0000003,15.563486
2012-11-09 18:17:35.0000004,6.0316906
2009-06-21 00:54:23.0000002,8.181149
2009-12-23 20:14:19.0000004,7.584613
2013-11-29 21:36:07.0000003,5.942028
2012-06-09 22:57:15.0000003,6.045802
2010-10-22 20:56:51.0000002,7.105094
2011-02-21 23:46:07.0000002,16.355389
2012-07-30 18:18:19.0000001,28.99423
2010-06-02 19:45:19.0000003,7.0752025
2009-05-21 20:50:31.0000003,6.0334644
2014-11-11 12:10:59.0000001,14.257131
2012-09-09 23:40:03.0000003,10.6781025
2011-04-28 01:29:51.0000001,5.927014
2009-09-28 19:21:59.0000003,16.75196
2012-10-21 19:47:23.0000002,17.208216
2013-06-04 23:58:11.0000006,9.65651
2014-08-08 17:32:47.0000005,56.991608
2011-01-04 10:12:51.0000002,9.65916
2011-10-26 17:48:43.0000006,13.237812
2009-12-19 21:56:15.0000003,5.0270157
2010-06-13 19:39:51.0000001,5.958848
2015-02-14 09:08:11.0000001,56.740845
2015-02-14 09:08:11.0000004,10.017148
2013-01-09 02:05:51.0000001,12.804666
2013-06-21 02:39:47.0000002,5.4905324
2011-10-07 12:38:19.0000001,7.4308615
2013-02-02 16:07:55.0000004,14.018977
2014-04-05 01:52:27.0000004,9.983498
2014-04-05 01:52:27.0000003,15.163328
2010-02-23 20:29:51.0000001,5.386837
2014-07-01 15:15:23.0000003,6.596179
2012-12-01 21:12:12.0000001,56.562656
2014-06-14 13:39:00.00000071,7.4422007
2013-11-09 18:52:40.0000001,10.835376
2013-11-09 18:52:40.0000003,11.838077
2014-12-30 20:29:24.0000002,8.628397
2010-05-10 10:37:04.0000004,12.524483
2013-07-12 23:33:24.0000002,19.00586
2009-06-10 16:55:00.000000132,7.546671
2009-06-10 16:55:00.000000163,10.9298
2009-06-10 16:55:00.00000084,15.517747
2009-03-22 04:31:40.0000001,15.040093
2011-06-24 12:03:00.0000009,9.977819
2011-06-24 12:03:00.000000174,34.086845
2011-06-24 12:03:00.000000158,10.98705
2014-06-15 07:06:00.00000044,53.925404
2015-05-30 21:29:04.0000006,9.33228
2009-09-14 02:19:00.00000037,14.855364
2011-10-02 22:31:44.0000001,20.138542
2011-07-20 16:34:48.0000002,9.762622
2011-06-01 07:37:00.00000012,14.346307
2011-06-01 07:37:00.000000111,10.345627
2011-06-01 07:37:00.00000014,8.81313
2010-08-27 18:45:00.0000002,14.57877
2010-08-27 18:45:00.000000118,7.126362
2010-08-27 18:45:00.000000143,6.951377
2010-08-27 18:45:00.000000233,19.832361
2010-08-27 18:45:00.000000156,8.735261
2010-08-27 18:45:00.000000167,6.1132197
2010-08-27 18:45:00.000000168,6.945331
2010-08-27 18:45:00.000000149,7.3687525
2010-08-27 18:45:00.00000091,6.801173
2010-08-27 18:45:00.000000126,7.2832494
2010-08-27 18:45:00.00000020,9.232354
2010-08-14 02:13:00.000000154,6.5588007
2010-08-14 02:13:00.00000098,6.746477
2015-04-16 22:32:48.0000003,20.92186
2014-03-25 23:47:00.00000021,31.659006
2014-03-25 23:47:00.00000084,13.64932
2010-09-29 16:43:00.000000161,9.773342
2010-09-29 16:43:00.00000093,30.391624
2014-10-27 14:58:00.00000088,10.128215
2014-10-27 14:58:00.00000092,57.2807
2014-10-27 14:58:00.00000094,7.5039077
2012-11-03 17:11:00.00000013,8.022187
2012-11-03 17:11:00.0000001,5.2035565
2012-11-03 17:11:00.000000150,8.971246
2011-05-28 17:29:44.0000002,5.851707
2013-09-28 00:06:20.0000005,8.202549
2013-09-28 00:06:20.0000003,19.941292
2011-03-11 01:44:00.00000095,4.555519
2011-03-11 01:44:00.00000029,6.3967705
2011-10-04 09:37:00.00000080,31.732258
2011-10-04 09:37:00.000000113,14.143937
2011-10-04 09:37:00.000000160,8.488046
2011-10-04 09:37:00.0000006,7.056457
2014-12-24 03:00:00.00000020,86.17663
2009-05-16 23:36:24.0000003,3.9026105
2014-04-27 02:57:00.00000064,32.217316
2014-04-27 02:57:00.00000083,14.517541
2014-04-27 02:57:00.00000069,17.191084
2014-04-27 02:57:00.0000007,9.762744
2011-12-13 22:00:00.000000102,15.17784
2011-12-13 22:00:00.000000214,37.24133
2011-12-13 22:00:00.000000128,9.096598
2011-12-13 22:00:00.000000249,8.351668
2011-12-13 22:00:00.00000052,14.941492
2011-12-13 22:00:00.000000168,5.531914
2011-12-13 22:00:00.00000079,8.86432
2011-12-13 22:00:00.00000050,7.0524206
2015-04-11 14:16:12.0000005,6.032261
2014-07-21 18:19:00.000000205,8.406571
2014-07-21 18:19:00.00000023,22.339642
2014-07-21 18:19:00.00000046,14.003154
2014-07-21 18:19:00.00000096,16.769089
2014-07-21 18:19:00.000000156,35.00752
2010-09-20 16:48:00.0000002,9.552037
2010-09-20 16:48:00.000000156,6.9615054
2010-09-20 16:48:00.00000041,9.482862
2010-09-20 16:48:00.00000083,6.8064423
2010-09-20 16:48:00.000000122,13.360137
2011-03-06 21:01:00.00000036,7.447741
2011-03-06 21:01:00.00000019,5.729749
2011-03-06 21:01:00.000000123,10.588211
2011-03-06 21:01:00.000000166,7.634418
2011-03-06 21:01:00.000000140,14.528596
2011-03-06 21:01:00.00000060,7.156582
2012-05-23 16:25:16.0000001,50.393818
2011-04-16 21:23:16.0000003,3.932511
2013-10-05 19:51:04.0000004,7.168858
2012-03-14 19:10:48.0000007,7.200764
2012-01-26 07:33:00.00000064,15.398875
2012-01-26 07:33:00.000000131,5.14689
2012-01-26 07:33:00.00000071,5.6352677
2012-01-26 07:33:00.00000028,14.30744
2012-01-26 07:33:00.00000072,7.6216674
2010-12-09 07:29:00.00000093,10.833362
2010-12-09 07:29:00.000000123,8.469548
2010-12-09 07:29:00.00000056,7.7217274
2014-05-17 02:47:12.0000001,6.9784927
2009-01-22 12:27:20.0000001,13.838263
2011-04-23 21:22:20.0000002,5.1330566
2012-11-20 21:54:00.00000062,7.4425297
2012-11-20 21:54:00.000000207,9.861818
2012-11-20 21:54:00.00000014,5.5865045
2012-11-20 21:54:00.000000246,19.62275
2012-11-20 21:54:00.000000164,54.225086
2014-06-23 00:16:00.00000011,23.126986
2014-06-23 00:16:00.00000091,9.681865
2013-09-25 22:00:00.000000144,11.327094
2013-09-25 22:00:00.000000100,55.50539
2013-09-25 22:00:00.000000166,11.523167
2013-09-25 22:00:00.000000105,16.269405
2013-09-25 22:00:00.00000015,10.257109
2011-07-06 18:07:44.0000002,49.111656
2009-05-16 14:53:41.0000002,10.214419
2013-10-17 22:21:57.0000003,11.770901
2015-03-04 21:42:57.00000011,8.354926
2011-03-22 12:59:49.0000001,11.81245
2013-07-05 00:58:17.0000004,16.407743
2010-01-30 00:57:21.0000001,5.6037326
2012-04-02 08:39:21.0000002,13.406318
2010-07-25 04:03:17.0000001,45.353153
2012-07-01 22:30:29.0000002,18.818914
2014-02-08 17:24:57.0000003,21.250462
2012-06-02 01:16:05.0000003,4.7318697
2012-06-02 01:16:05.0000001,5.9600387
2014-01-11 06:18:37.0000001,5.3682528
2012-12-09 22:30:13.0000005,6.939593
2011-10-01 15:04:57.0000002,7.0409145
2012-01-01 00:37:29.0000004,9.486875
2012-04-14 14:20:33.0000003,11.901767
2010-02-01 20:28:45.0000004,8.557558
2013-08-19 16:21:05.0000001,17.155148
2014-06-05 22:56:05.0000004,8.056313
2013-11-07 22:25:25.0000004,19.846964
2010-06-19 03:06:33.0000001,16.384945
2012-07-18 09:44:53.0000003,6.935081
2009-09-25 21:43:49.0000002,7.029412
2009-09-04 18:43:33.0000001,7.7190475
2012-10-20 00:36:37.0000001,9.140778
2014-06-19 22:37:09.0000002,29.70088
2012-12-20 23:43:09.0000001,19.708645
2015-05-23 01:00:22.0000002,9.53445
2012-11-18 14:55:42.0000001,8.428583
2010-01-24 14:09:58.0000003,5.4444785
2014-07-27 11:25:18.0000003,20.663395
2009-03-15 03:31:14.0000004,4.2930794
2010-09-24 22:40:06.0000004,6.027207
2009-04-18 23:09:34.0000001,29.258146
2014-08-26 16:39:54.0000001,17.66027
2009-05-31 20:56:38.0000004,5.3741693
2015-05-29 10:02:42.0000002,7.556835
2011-04-17 14:55:58.0000002,6.680607
2011-05-26 21:36:54.0000003,7.238029
2011-05-26 21:36:54.0000002,9.52633
2013-11-23 16:33:30.0000002,10.343493
2009-06-03 09:11:30.0000001,9.30003
2010-12-04 21:08:38.0000005,7.682423
2013-09-07 19:43:18.0000003,10.324017
2011-03-10 18:16:14.0000005,5.7178903
2011-05-19 02:06:46.0000002,5.7640824
2009-08-03 17:06:06.0000002,14.829991
2015-04-14 19:20:46.0000008,8.006821
2011-09-08 13:39:06.0000002,8.806727
2012-03-03 02:30:54.0000003,14.006286
2012-12-27 21:01:54.0000004,6.7126136
2012-12-27 21:01:54.0000005,10.89279
2014-06-20 02:16:34.0000002,6.417322
2014-01-14 18:48:06.0000008,9.734757
2011-09-03 00:03:42.0000008,7.984959
2013-07-02 22:27:14.0000004,18.161333
2013-07-02 22:27:14.0000001,10.712127
2015-05-09 11:33:58.0000002,9.785074
2015-03-28 19:31:26.0000003,15.312807
2013-08-08 14:38:43.0000002,9.575062
2009-11-19 22:48:27.0000001,40.401546
2011-07-06 19:56:23.0000001,13.779097
2015-06-18 20:56:55.0000002,5.757528
2015-02-14 13:15:19.0000002,8.428447
2013-01-12 22:40:39.0000002,8.59807
2013-03-23 15:41:07.0000002,38.230488
2010-01-31 00:33:03.0000006,7.2503405
2014-06-09 14:51:39.0000001,9.7214
2015-03-20 16:33:07.0000004,16.924261
2015-01-04 00:28:11.0000004,6.478398
2010-10-04 16:17:03.0000001,10.412544
2011-05-17 07:53:55.0000003,5.7356253
2012-12-26 20:55:27.0000001,5.374114
2012-12-26 20:55:27.0000003,4.585747
2011-12-17 16:19:47.0000002,11.738804
2010-02-15 10:14:23.0000001,30.783957
2010-12-11 16:12:35.0000003,6.8444686
2011-12-11 11:05:51.0000002,10.622579
2014-06-14 12:32:11.0000001,9.849434
2012-06-09 22:57:15.0000001,7.837574
2009-05-21 20:50:31.0000004,5.0095053
2010-09-22 09:42:31.0000005,9.053415
2014-07-08 10:21:39.0000007,21.931992
2012-09-16 18:14:55.0000002,16.839516
2013-10-05 13:45:39.0000001,7.3250847
2014-07-31 10:39:39.0000001,13.738907
2013-02-16 14:26:51.0000001,12.156367
2014-01-04 10:54:59.0000004,54.569866
2015-03-07 15:25:59.0000005,9.044684
2009-04-16 15:57:31.0000003,6.376894
2011-10-23 17:43:43.0000002,8.049054
2014-06-14 13:39:00.000000189,10.657544
2014-06-14 13:39:00.000000153,9.942262
2014-06-14 13:39:00.00000088,4.878551
2014-06-14 13:39:00.000000157,14.247884
2014-06-14 13:39:00.00000046,7.3185806
2014-06-14 13:39:00.000000110,6.6846766
2014-06-14 13:39:00.000000106,36.172237
2014-06-14 13:39:00.00000019,13.715231
2014-06-14 13:39:00.000000186,6.843301
2014-06-14 13:39:00.00000037,8.634928
2014-06-14 13:39:00.00000057,11.872301
2014-06-14 13:39:00.000000127,12.69581
2014-06-14 13:39:00.0000009,41.139526
2014-06-14 13:39:00.000000173,9.071456
2014-06-14 13:39:00.00000027,5.703044
2014-06-14 13:39:00.000000100,7.948983
2011-10-02 23:36:00.00000060,20.90882
2011-10-02 23:36:00.00000057,16.854584
2011-10-02 23:36:00.00000044,4.864926
2011-10-02 23:36:00.00000087,22.987797
2011-10-02 23:36:00.00000084,9.3541565
2011-10-02 23:36:00.00000046,11.357025
2011-10-02 23:36:00.0000006,5.521977
2011-10-02 23:36:00.00000033,37.771008
2011-10-02 23:36:00.00000064,17.756521
2011-10-02 23:36:00.00000094,7.549372
2011-10-02 23:36:00.00000049,4.7574024
2011-10-02 23:36:00.00000066,7.6839695
2011-10-02 23:36:00.00000080,9.339182
2011-10-02 23:36:00.00000029,25.940704
2011-10-02 23:36:00.00000055,3.8980858
2011-10-02 23:36:00.00000079,14.245824
2011-10-02 23:36:00.00000053,9.547733
2009-06-10 16:55:00.00000014,6.883322
2009-06-10 16:55:00.00000052,8.118471
2009-06-10 16:55:00.00000065,8.268994
2009-06-10 16:55:00.000000169,12.654163
2009-06-10 16:55:00.000000172,7.443349
2009-06-10 16:55:00.000000105,6.0067396
2009-06-10 16:55:00.00000073,4.1771097
2009-06-10 16:55:00.000000157,10.416975
2009-06-10 16:55:00.000000156,5.200793
2009-06-10 16:55:00.000000116,8.1089945
2009-06-10 16:55:00.00000022,5.50861
2009-06-10 16:55:00.00000013,7.3804355
2009-06-10 16:55:00.000000126,4.5175323
2009-06-10 16:55:00.00000023,7.3187213
2009-06-10 16:55:00.00000086,6.10481
2009-06-10 16:55:00.00000040,11.787143
2009-06-10 16:55:00.00000058,8.140615
2009-06-10 16:55:00.000000170,5.148452
2009-06-10 16:55:00.00000027,10.693908
2009-06-10 16:55:00.00000011,12.187826
2009-06-10 16:55:00.000000129,6.6601624
2009-06-10 16:55:00.000000121,5.1005363
2009-06-10 16:55:00.00000080,7.811222
2009-06-10 16:55:00.00000089,7.378959
2009-06-10 16:55:00.000000103,9.821554
2009-06-10 16:55:00.00000051,8.316656
2009-06-10 16:55:00.00000063,29.50056
2009-06-10 16:55:00.000000106,5.103979
2009-06-10 16:55:00.00000091,7.0339403
2009-06-10 16:55:00.00000095,14.715743
2009-06-10 16:55:00.000000137,5.038257
2009-06-10 16:55:00.000000113,4.559143
2009-06-10 16:55:00.000000173,6.373929
2009-06-10 16:55:00.00000077,5.2957826
2009-06-10 16:55:00.00000036,6.8524017
2011-06-24 12:03:00.000000148,5.114211
2011-06-24 12:03:00.00000070,5.490569
2011-06-24 12:03:00.000000129,10.042168
2011-06-24 12:03:00.000000130,4.92974
2011-06-24 12:03:00.000000160,9.647876
2011-06-24 12:03:00.000000167,29.556461
2011-06-24 12:03:00.00000059,8.087018
2011-06-24 12:03:00.000000128,8.372815
2011-06-24 12:03:00.000000112,4.390157
2011-06-24 12:03:00.000000134,7.058921
2011-06-24 12:03:00.00000021,13.879687
2011-06-24 12:03:00.00000039,11.656315
2011-06-24 12:03:00.00000083,15.0186825
2011-06-24 12:03:00.00000029,6.0387
2011-06-24 12:03:00.00000037,8.396655
2011-06-24 12:03:00.0000004,12.785282
2011-06-24 12:03:00.000000117,33.340427
2011-06-24 12:03:00.000000147,4.471786
2011-06-24 12:03:00.00000043,7.0956745
2011-06-24 12:03:00.000000172,9.000122
2011-06-24 12:03:00.00000011,7.684065
2011-06-24 12:03:00.00000036,4.219725
2011-06-24 12:03:00.00000015,5.214645
2011-06-24 12:03:00.00000065,7.8845916
2011-06-24 12:03:00.000000169,33.374912
2011-06-24 12:03:00.000000164,13.132653
2011-06-24 12:03:00.000000163,5.8262815
2011-06-24 12:03:00.00000096,8.032678
2011-06-24 12:03:00.00000030,13.204567
2014-06-15 07:06:00.00000018,8.907724
2014-06-15 07:06:00.00000034,20.215233
2014-06-15 07:06:00.00000022,56.341583
2014-06-15 07:06:00.00000012,5.6540833
2014-06-15 07:06:00.0000005,9.234695
2014-06-15 07:06:00.00000023,5.275962
2014-06-15 07:06:00.0000001,10.650783
2009-09-14 02:19:00.0000005,5.0294533
2009-09-14 02:19:00.00000032,4.9654264
2009-09-14 02:19:00.00000015,5.1485343
2009-09-14 02:19:00.00000029,6.435973
2009-09-14 02:19:00.00000012,5.9115744
2009-09-14 02:19:00.00000019,12.729147
2011-06-01 07:37:00.000000193,4.564861
2011-06-01 07:37:00.000000135,4.304192
2011-06-01 07:37:00.000000124,8.067082
2011-06-01 07:37:00.00000071,6.662076
2011-06-01 07:37:00.000000191,16.901201
2011-06-01 07:37:00.00000073,5.1913075
2011-06-01 07:37:00.000000134,11.0757885
2011-06-01 07:37:00.000000195,10.781902
2011-06-01 07:37:00.000000130,8.422837
2011-06-01 07:37:00.00000039,8.225923
2011-06-01 07:37:00.000000188,13.438545
2011-06-01 07:37:00.00000030,8.397419
2011-06-01 07:37:00.00000040,12.043841
2011-06-01 07:37:00.00000011,9.523729
2011-06-01 07:37:00.00000093,6.3613915
2011-06-01 07:37:00.000000121,48.568893
2011-06-01 07:37:00.000000224,5.9861403
2011-06-01 07:37:00.000000153,8.99858
2011-06-01 07:37:00.00000033,4.8877063
2011-06-01 07:37:00.000000213,7.883586
2011-06-01 07:37:00.00000076,5.279472
2011-06-01 07:37:00.00000018,6.111065
2011-06-01 07:37:00.00000021,10.466789
2011-06-01 07:37:00.000000126,10.948663
2011-06-01 07:37:00.000000202,5.3879585
2011-06-01 07:37:00.00000035,7.5654626
2011-06-01 07:37:00.000000216,10.1833935
2011-06-01 07:37:00.00000067,7.5718727
2011-06-01 07:37:00.00000013,8.2449045
2011-06-01 07:37:00.00000024,8.342158
2011-06-01 07:37:00.000000148,3.9653037
2011-06-01 07:37:00.000000200,4.5584354
2011-06-01 07:37:00.00000042,9.404851
2011-06-01 07:37:00.00000066,12.605803
2011-06-01 07:37:00.00000056,10.666876
2011-06-01 07:37:00.00000063,13.840632
2011-06-01 07:37:00.0000009,7.100809
2011-06-01 07:37:00.000000187,6.5678864
2011-06-01 07:37:00.000000225,5.6056046
2010-08-27 18:45:00.0000009,35.163338
2010-08-27 18:45:00.000000120,6.1968884
2010-08-27 18:45:00.00000019,8.577438
2010-08-27 18:45:00.0000001,8.068696
2010-08-27 18:45:00.00000080,5.2589474
2010-08-27 18:45:00.00000082,5.7678156
2010-08-27 18:45:00.000000180,9.835771
2010-08-27 18:45:00.00000058,15.1429825
2010-08-27 18:45:00.000000178,28.210926
2010-08-27 18:45:00.000000117,7.489229
2010-08-27 18:45:00.00000079,11.708482
2010-08-27 18:45:00.000000200,5.630016
2010-08-27 18:45:00.000000108,6.110617
2010-08-27 18:45:00.00000098,7.298188
2010-08-27 18:45:00.00000059,48.05048
2010-08-27 18:45:00.000000138,17.035357
2010-08-27 18:45:00.000000232,7.9983544
2010-08-27 18:45:00.00000032,23.940844
2010-08-27 18:45:00.00000047,7.7019563
2010-08-27 18:45:00.000000100,9.63889
2010-08-27 18:45:00.000000154,7.298998
2010-08-27 18:45:00.000000211,7.3637967
2010-08-27 18:45:00.000000114,6.8784337
2010-08-27 18:45:00.00000042,5.794
2010-08-27 18:45:00.000000104,19.06521
2010-08-27 18:45:00.000000162,8.758867
2010-08-27 18:45:00.00000095,5.533241
2010-08-27 18:45:00.000000150,8.4246
2010-08-27 18:45:00.00000052,15.541306
2010-08-27 18:45:00.000000225,6.160146
2010-08-27 18:45:00.00000064,7.835086
2010-08-27 18:45:00.000000215,6.657724
2010-08-27 18:45:00.000000206,5.827091
2010-08-27 18:45:00.000000122,6.7466173
2010-08-27 18:45:00.000000221,9.516736
2010-08-27 18:45:00.00000027,6.490579
2010-08-27 18:45:00.000000115,5.7052064
2010-08-27 18:45:00.000000218,8.330894
2010-08-27 18:45:00.000000212,11.922547
2010-08-27 18:45:00.000000229,7.2993774
2010-08-27 18:45:00.000000213,10.863811
2010-08-27 18:45:00.00000099,38.046535
2010-08-27 18:45:00.000000176,14.61114
2010-08-27 18:45:00.000000132,18.565102
2010-08-27 18:45:00.0000007,7.893189
2010-08-27 18:45:00.000000151,32.137672
2010-08-27 18:45:00.000000137,13.078397
2010-08-27 18:45:00.00000021,39.930897
2010-08-27 18:45:00.000000185,5.4724326
2010-08-27 18:45:00.00000041,8.189204
2010-08-14 02:13:00.000000129,8.602165
2010-08-14 02:13:00.0000006,12.519927
2010-08-14 02:13:00.00000045,8.676356
2010-08-14 02:13:00.000000117,13.546814
2010-08-14 02:13:00.00000079,13.566747
2010-08-14 02:13:00.000000112,7.2842846
2010-08-14 02:13:00.00000088,19.74204
2010-08-14 02:13:00.0000005,7.7009673
2010-08-14 02:13:00.00000016,10.127038
2010-08-14 02:13:00.0000002,7.0277886
2010-08-14 02:13:00.00000071,22.726381
2010-08-14 02:13:00.00000019,7.863854
2010-08-14 02:13:00.000000113,5.672542
2010-08-14 02:13:00.000000151,6.710603
2010-08-14 02:13:00.000000104,11.597184
2010-08-14 02:13:00.00000095,18.350683
2010-08-14 02:13:00.00000053,6.8556676
2010-08-14 02:13:00.00000046,7.7120314
2010-08-14 02:13:00.00000011,15.958197
2010-08-14 02:13:00.000000124,18.088734
2010-08-14 02:13:00.000000153,19.705761
2010-08-14 02:13:00.00000081,38.360943
2010-08-14 02:13:00.00000062,10.743945
2010-08-14 02:13:00.000000103,13.942978
2010-08-14 02:13:00.000000144,6.9512753
2010-08-14 02:13:00.00000082,5.2752995
2010-08-14 02:13:00.00000093,6.1247835
2010-08-14 02:13:00.00000058,7.197388
2010-08-14 02:13:00.000000107,6.7071047
2010-08-14 02:13:00.000000157,7.4791403
2010-08-14 02:13:00.00000013,5.766271
2010-08-14 02:13:00.000000138,4.8294873
2010-08-14 02:13:00.000000119,13.39597
2010-08-14 02:13:00.00000065,5.055675
2010-08-14 02:13:00.00000039,5.692208
2010-08-14 02:13:00.000000118,6.4986076
2010-08-14 02:13:00.00000048,12.909565
2010-08-14 02:13:00.00000067,13.716202
2010-08-14 02:13:00.00000096,20.070587
2010-08-14 02:13:00.00000091,13.184182
2010-08-14 02:13:00.000000114,6.2398224
2010-08-14 02:13:00.00000023,37.38862
2010-08-14 02:13:00.000000106,6.862624
2014-03-25 23:47:00.000000102,6.603528
2014-03-25 23:47:00.00000026,22.187174
2014-03-25 23:47:00.00000042,14.477374
2014-03-25 23:47:00.00000051,4.786423
2014-03-25 23:47:00.00000052,6.1740346
2014-03-25 23:47:00.00000031,12.618429
2014-03-25 23:47:00.00000096,9.648245
2014-03-25 23:47:00.000000134,5.1672344
2014-03-25 23:47:00.00000019,19.638262
2014-03-25 23:47:00.00000020,8.594044
2014-03-25 23:47:00.000000115,26.076292
2014-03-25 23:47:00.00000035,4.505286
2014-03-25 23:47:00.000000132,20.869507
2014-03-25 23:47:00.00000085,35.20855
2014-03-25 23:47:00.00000064,54.255608
2014-03-25 23:47:00.00000011,7.007309
2014-03-25 23:47:00.000000124,8.524955
2014-03-25 23:47:00.000000112,7.5744653
2014-03-25 23:47:00.000000127,20.334192
2014-03-25 23:47:00.00000028,15.329103
2014-03-25 23:47:00.00000055,7.8608108
2014-03-25 23:47:00.00000036,6.5987616
2014-03-25 23:47:00.000000135,33.949085
2014-03-25 23:47:00.000000108,9.660971
2014-03-25 23:47:00.00000012,20.56187
2010-09-29 16:43:00.000000162,8.954143
2010-09-29 16:43:00.00000078,10.613506
2010-09-29 16:43:00.00000015,8.95719
2010-09-29 16:43:00.0000001,14.842875
2010-09-29 16:43:00.000000119,9.336221
2010-09-29 16:43:00.000000140,10.148701
2010-09-29 16:43:00.00000041,8.36317
2010-09-29 16:43:00.000000135,12.57386
2010-09-29 16:43:00.000000117,7.643425
2010-09-29 16:43:00.00000059,13.285406
2010-09-29 16:43:00.00000014,7.3161445
2010-09-29 16:43:00.00000012,12.415919
2010-09-29 16:43:00.000000170,6.456485
2010-09-29 16:43:00.00000013,10.534917
2010-09-29 16:43:00.000000145,9.230246
2010-09-29 16:43:00.000000174,13.660484
2010-09-29 16:43:00.000000164,8.086222
2010-09-29 16:43:00.00000037,14.233422
2010-09-29 16:43:00.000000159,5.373768
2010-09-29 16:43:00.000000113,12.406603
2010-09-29 16:43:00.00000094,5.1379933
2010-09-29 16:43:00.00000011,6.5797772
2010-09-29 16:43:00.000000168,5.8444643
2010-09-29 16:43:00.000000114,50.14791
2010-09-29 16:43:00.00000019,6.5354786
2010-09-29 16:43:00.00000022,8.85742
2010-09-29 16:43:00.00000040,6.956557
2010-09-29 16:43:00.00000016,8.324632
2010-09-29 16:43:00.000000144,7.9229393
2010-09-29 16:43:00.00000044,8.776685
2010-09-29 16:43:00.00000062,10.096063
2010-09-29 16:43:00.00000074,31.28673
2010-09-29 16:43:00.00000064,15.4797
2010-09-29 16:43:00.000000110,12.551639
2010-09-29 16:43:00.000000122,7.593921
2010-09-29 16:43:00.000000142,4.967877
2010-09-29 16:43:00.00000080,5.621145
2014-10-27 14:58:00.000000149,57.59213
2014-10-27 14:58:00.000000125,12.560133
2014-10-27 14:58:00.000000130,9.310413
2014-10-27 14:58:00.000000146,7.146707
2014-10-27 14:58:00.00000040,7.7636995
2014-10-27 14:58:00.000000136,6.620308
2014-10-27 14:58:00.000000123,11.776979
2014-10-27 14:58:00.000000115,7.864228
2014-10-27 14:58:00.00000046,5.9870214
2014-10-27 14:58:00.0000009,57.010197
2014-10-27 14:58:00.00000059,50.937912
2014-10-27 14:58:00.000000111,7.4710507
2014-10-27 14:58:00.00000054,56.466652
2014-10-27 14:58:00.00000024,8.636752
2014-10-27 14:58:00.00000065,12.554176
2014-10-27 14:58:00.00000087,12.958456
2014-10-27 14:58:00.00000099,7.192624
2014-10-27 14:58:00.000000144,5.452018
2014-10-27 14:58:00.00000081,4.525223
2014-10-27 14:58:00.00000056,10.050583
2012-11-03 17:11:00.000000115,7.1357136
2012-11-03 17:11:00.00000079,10.17368
2012-11-03 17:11:00.00000081,7.9100966
2012-11-03 17:11:00.00000085,16.313768
2012-11-03 17:11:00.000000128,4.57921
2012-11-03 17:11:00.000000160,7.8753877
2012-11-03 17:11:00.000000118,6.8551083
2012-11-03 17:11:00.00000076,9.751919
2012-11-03 17:11:00.000000114,7.9875655
2012-11-03 17:11:00.00000091,6.61849
2012-11-03 17:11:00.00000060,10.402424
2012-11-03 17:11:00.000000155,9.993425
2012-11-03 17:11:00.000000117,11.713473
2012-11-03 17:11:00.000000105,4.895649
2012-11-03 17:11:00.0000007,23.723988
2012-11-03 17:11:00.00000055,7.2147255
2012-11-03 17:11:00.000000103,6.505764
2012-11-03 17:11:00.00000053,8.795936
2011-03-11 01:44:00.00000064,9.883017
2011-03-11 01:44:00.00000016,4.7260613
2011-03-11 01:44:00.00000072,12.010655
2011-03-11 01:44:00.00000057,4.8422556
2011-03-11 01:44:00.00000040,5.915017
2011-03-11 01:44:00.00000021,17.792456
2011-03-11 01:44:00.00000046,9.459522
2011-03-11 01:44:00.00000034,6.934454
2011-03-11 01:44:00.00000083,50.04874
2011-03-11 01:44:00.00000032,8.237812
2011-03-11 01:44:00.00000075,7.8072324
2011-03-11 01:44:00.00000085,7.3291674
2011-03-11 01:44:00.00000044,6.0736084
2011-03-11 01:44:00.0000005,8.934026
2011-03-11 01:44:00.00000074,12.94729
2011-03-11 01:44:00.00000041,10.193951
2011-03-11 01:44:00.00000042,8.657374
2011-03-11 01:44:00.00000035,10.274723
2011-03-11 01:44:00.00000052,4.0954633
2011-10-04 09:37:00.000000194,6.730771
2011-10-04 09:37:00.000000183,7.5962653
2011-10-04 09:37:00.000000157,32.400093
2011-10-04 09:37:00.000000176,6.961669
2011-10-04 09:37:00.000000170,9.961406
2011-10-04 09:37:00.00000036,8.484333
2011-10-04 09:37:00.00000017,4.1976156
2011-10-04 09:37:00.000000114,15.303055
2011-10-04 09:37:00.000000184,12.300332
2011-10-04 09:37:00.00000047,6.4539227
2011-10-04 09:37:00.00000055,7.471902
2011-10-04 09:37:00.00000031,7.198346
2011-10-04 09:37:00.00000049,49.492645
2011-10-04 09:37:00.0000005,4.6466894
2011-10-04 09:37:00.00000067,4.782986
2011-10-04 09:37:00.000000134,11.4108515
2011-10-04 09:37:00.00000025,5.868301
2011-10-04 09:37:00.000000185,7.309494
2011-10-04 09:37:00.000000180,7.682657
2011-10-04 09:37:00.00000088,9.016762
2011-10-04 09:37:00.000000108,9.753324
2011-10-04 09:37:00.000000107,10.556654
2011-10-04 09:37:00.00000062,21.112638
2011-10-04 09:37:00.00000045,4.7519903
2011-10-04 09:37:00.00000028,11.011872
2011-10-04 09:37:00.00000057,6.052053
2011-10-04 09:37:00.00000013,8.54705
2011-10-04 09:37:00.00000056,12.612113
2011-10-04 09:37:00.000000106,6.4870577
2011-10-04 09:37:00.000000136,7.630783
2014-12-24 03:00:00.0000005,21.809044
2014-12-24 03:00:00.00000017,20.575254
2014-12-24 03:00:00.00000036,16.609055
2014-12-24 03:00:00.00000033,4.290112
2014-12-24 03:00:00.00000026,17.028477
2014-12-24 03:00:00.00000031,19.68872
2014-12-24 03:00:00.00000015,10.067236
2015-02-12 05:37:56.0000001,4.6474133
2014-04-27 02:57:00.000000124,15.9911785
2014-04-27 02:57:00.00000017,17.334576
2014-04-27 02:57:00.000000151,5.674355
2014-04-27 02:57:00.000000168,4.631717
2014-04-27 02:57:00.00000039,5.1330113
2014-04-27 02:57:00.00000097,14.959013
2014-04-27 02:57:00.00000033,5.5473256
2014-04-27 02:57:00.000000129,9.289316
2014-04-27 02:57:00.000000141,7.567537
2014-04-27 02:57:00.00000074,13.361564
2014-04-27 02:57:00.00000047,20.003765
2014-04-27 02:57:00.00000076,10.858012
2014-04-27 02:57:00.000000142,6.9757023
2014-04-27 02:57:00.000000143,17.814735
2014-04-27 02:57:00.00000090,22.098461
2014-04-27 02:57:00.000000106,19.048899
2014-04-27 02:57:00.000000167,15.856035
2014-04-27 02:57:00.000000145,12.660619
2011-12-13 22:00:00.00000085,11.778211
2011-12-13 22:00:00.000000264,7.0344415
2011-12-13 22:00:00.000000138,10.513555
2011-12-13 22:00:00.000000135,6.1660604
2011-12-13 22:00:00.000000197,4.9536014
2011-12-13 22:00:00.000000143,11.171368
2011-12-13 22:00:00.000000134,4.720039
2011-12-13 22:00:00.00000033,11.540973
2011-12-13 22:00:00.00000058,7.047409
2011-12-13 22:00:00.000000205,8.7157545
2011-12-13 22:00:00.000000173,9.031919
2011-12-13 22:00:00.000000248,5.7493033
2011-12-13 22:00:00.00000074,6.5712156
2011-12-13 22:00:00.00000098,4.044904
2011-12-13 22:00:00.00000095,10.889531
2011-12-13 22:00:00.000000229,17.883804
2011-12-13 22:00:00.000000186,11.401528
2011-12-13 22:00:00.0000005,27.020618
2011-12-13 22:00:00.000000246,16.790205
2011-12-13 22:00:00.000000180,7.300468
2011-12-13 22:00:00.00000044,7.4456615
2011-12-13 22:00:00.000000110,7.6178765
2011-12-13 22:00:00.000000231,6.4705305
2011-12-13 22:00:00.000000144,10.022699
2011-12-13 22:00:00.00000070,27.48032
2011-12-13 22:00:00.000000116,7.156371
2011-12-13 22:00:00.000000156,5.8215523
2011-12-13 22:00:00.000000148,7.524376
2011-12-13 22:00:00.00000072,8.700863
2011-12-13 22:00:00.00000028,10.720379
2011-12-13 22:00:00.00000066,10.072904
2011-12-13 22:00:00.000000121,11.808538
2011-12-13 22:00:00.00000094,44.468597
2011-12-13 22:00:00.000000266,9.014794
2015-04-11 14:16:12.0000004,11.885436
2015-05-10 19:54:00.0000002,13.220627
2014-07-21 18:19:00.00000054,10.303694
2014-07-21 18:19:00.000000230,7.549121
2014-07-21 18:19:00.000000187,16.719574
2014-07-21 18:19:00.000000100,11.266224
2014-07-21 18:19:00.00000071,12.871605
2014-07-21 18:19:00.000000172,10.00404
2014-07-21 18:19:00.00000025,22.485811
2014-07-21 18:19:00.000000191,12.329719
2014-07-21 18:19:00.00000034,10.751466
2014-07-21 18:19:00.000000176,5.2013617
2014-07-21 18:19:00.00000037,7.0768857
2014-07-21 18:19:00.000000160,6.0714808
2014-07-21 18:19:00.00000077,9.332644
2014-07-21 18:19:00.00000013,11.84928
2014-07-21 18:19:00.000000184,7.2352715
2014-07-21 18:19:00.000000232,7.2205067
2014-07-21 18:19:00.000000116,7.721873
2014-07-21 18:19:00.00000048,8.355909
2014-07-21 18:19:00.00000067,10.565078
2014-07-21 18:19:00.00000099,5.07218
2014-07-21 18:19:00.000000223,7.325643
2014-07-21 18:19:00.000000162,15.379429
2014-07-21 18:19:00.00000068,11.270257
2014-07-21 18:19:00.000000144,9.45324
2014-07-21 18:19:00.00000035,28.05403
2014-07-21 18:19:00.00000029,7.2654586
2014-07-21 18:19:00.00000032,6.015919
2014-07-21 18:19:00.00000082,6.596296
2014-07-21 18:19:00.000000132,5.6195755
2014-07-21 18:19:00.000000152,6.754724
2014-07-21 18:19:00.00000039,5.5523157
2014-07-21 18:19:00.000000241,4.5776677
2014-07-21 18:19:00.00000088,7.2593055
2010-09-20 16:48:00.000000159,30.539118
2010-09-20 16:48:00.0000006,10.040355
2010-09-20 16:48:00.000000166,8.811336
2010-09-20 16:48:00.000000110,8.36578
2010-09-20 16:48:00.000000139,25.67475
2010-09-20 16:48:00.00000015,8.8354845
2010-09-20 16:48:00.00000068,12.861272
2010-09-20 16:48:00.000000158,47.398903
2010-09-20 16:48:00.00000035,18.44218
2010-09-20 16:48:00.000000148,6.127979
2010-09-20 16:48:00.00000023,15.281883
2010-09-20 16:48:00.00000027,9.238136
2010-09-20 16:48:00.00000092,22.002033
2010-09-20 16:48:00.000000151,28.09652
2010-09-20 16:48:00.00000071,10.229335
2010-09-20 16:48:00.000000132,8.258925
2010-09-20 16:48:00.00000099,16.340359
2010-09-20 16:48:00.0000001,5.6910415
2010-09-20 16:48:00.0000005,18.285938
2011-03-06 21:01:00.00000037,4.280938
2011-03-06 21:01:00.00000028,15.156955
2011-03-06 21:01:00.00000025,6.937859
2011-03-06 21:01:00.000000139,5.382262
2011-03-06 21:01:00.00000083,7.927777
2011-03-06 21:01:00.000000173,19.275198
2011-03-06 21:01:00.00000051,18.038975
2011-03-06 21:01:00.000000116,12.5729685
2011-03-06 21:01:00.00000057,5.481647
2011-03-06 21:01:00.000000168,7.967975
2011-03-06 21:01:00.000000138,14.876564
2011-03-06 21:01:00.00000043,8.448073
2011-03-06 21:01:00.000000127,3.9461575
2011-03-06 21:01:00.00000096,12.858811
2011-03-06 21:01:00.00000074,3.878702
2011-03-06 21:01:00.000000113,7.0074244
2011-03-06 21:01:00.000000120,21.422735
2011-03-06 21:01:00.00000018,6.8853016
2011-03-06 21:01:00.00000071,6.86885
2011-03-06 21:01:00.000000137,4.615836
2011-03-06 21:01:00.00000011,14.877241
2011-03-06 21:01:00.000000146,5.793593
2011-03-06 21:01:00.000000149,4.196325
2011-03-06 21:01:00.00000056,4.417013
2011-03-06 21:01:00.00000052,11.681527
2011-03-06 21:01:00.000000109,4.4161706
2012-01-26 07:33:00.000000167,7.449298
2012-01-26 07:33:00.000000114,14.938882
2012-01-26 07:33:00.00000031,8.609357
2012-01-26 07:33:00.000000133,22.236944
2012-01-26 07:33:00.000000180,5.53182
2012-01-26 07:33:00.000000120,9.698181
2012-01-26 07:33:00.000000168,8.388233
2012-01-26 07:33:00.000000122,5.6494656
2012-01-26 07:33:00.000000166,12.025217
2012-01-26 07:33:00.000000186,6.6167135
2012-01-26 07:33:00.00000068,8.15639
2012-01-26 07:33:00.00000085,21.720182
2012-01-26 07:33:00.000000103,4.287716
2012-01-26 07:33:00.00000081,18.15531
2012-01-26 07:33:00.00000099,10.99653
2012-01-26 07:33:00.00000051,9.046494
2012-01-26 07:33:00.000000160,4.530053
2012-01-26 07:33:00.00000091,5.8927503
2012-01-26 07:33:00.00000089,9.61705
2012-01-26 07:33:00.000000189,7.0033965
2010-12-09 07:29:00.0000003,8.250547
2010-12-09 07:29:00.00000078,8.446332
2010-12-09 07:29:00.000000127,6.9126544
2010-12-09 07:29:00.00000050,6.9313793
2010-12-09 07:29:00.000000135,4.8280745
2010-12-09 07:29:00.000000196,11.331901
2010-12-09 07:29:00.000000183,7.3195763
2010-12-09 07:29:00.000000152,8.526185
2010-12-09 07:29:00.00000098,32.250843
2010-12-09 07:29:00.00000090,8.647983
2010-12-09 07:29:00.00000025,11.760843
2010-12-09 07:29:00.000000150,7.853597
2010-12-09 07:29:00.00000041,8.533303
2010-12-09 07:29:00.000000143,7.327728
2010-12-09 07:29:00.000000148,5.459821
2010-12-09 07:29:00.000000151,5.9275656
2010-12-09 07:29:00.0000007,4.9230247
2010-12-09 07:29:00.00000069,9.8371725
2010-12-09 07:29:00.00000036,5.4127173
2010-12-09 07:29:00.00000046,16.335146
2010-12-09 07:29:00.000000195,5.920227
2010-12-09 07:29:00.000000115,16.80568
2010-12-09 07:29:00.000000134,5.6691194
2010-12-09 07:29:00.00000067,8.807417
2010-12-09 07:29:00.000000112,6.6758256
2010-12-09 07:29:00.00000015,7.623646
2010-12-09 07:29:00.00000031,8.818141
2010-12-09 07:29:00.000000193,7.8645473
2010-12-09 07:29:00.00000012,8.984312
2010-12-09 07:29:00.0000005,49.52006
2010-12-09 07:29:00.00000038,8.630056
2010-12-09 07:29:00.00000097,5.003105
2010-12-09 07:29:00.000000102,4.2504406
2010-12-09 07:29:00.00000089,7.7178903
2010-12-09 07:29:00.00000068,7.6678004
2010-12-09 07:29:00.00000071,9.477998
2010-12-09 07:29:00.000000186,7.6469927
2012-05-08 03:50:00.0000009,18.998503
2012-05-08 03:50:00.0000001,5.570033
2012-05-08 03:50:00.00000012,13.912477
2012-05-08 03:50:00.0000006,16.979778
2015-03-12 19:43:24.0000005,5.3855324
2015-02-01 00:48:44.0000001,30.63722
2015-02-21 18:39:16.0000005,6.823367
2011-01-24 20:47:04.0000001,9.653086
2010-12-25 13:54:12.0000001,13.9094925
2015-04-07 14:31:12.0000001,8.116409
2012-11-20 21:54:00.00000086,15.459009
2012-11-20 21:54:00.000000150,6.9484415
2012-11-20 21:54:00.000000184,6.3356376
2012-11-20 21:54:00.00000080,30.595806
2012-11-20 21:54:00.00000021,5.9945073
2012-11-20 21:54:00.00000019,8.065935
2012-11-20 21:54:00.00000087,4.976996
2012-11-20 21:54:00.00000077,12.644449
2012-11-20 21:54:00.000000216,8.800658
2012-11-20 21:54:00.00000010,6.5875335
2012-11-20 21:54:00.000000104,7.781969
2012-11-20 21:54:00.00000048,6.2312307
2012-11-20 21:54:00.000000221,18.714901
2012-11-20 21:54:00.00000030,10.177632
2012-11-20 21:54:00.00000085,5.976456
2012-11-20 21:54:00.000000133,6.448083
2012-11-20 21:54:00.000000144,8.912791
2012-11-20 21:54:00.00000047,6.0316334
2012-11-20 21:54:00.000000229,5.9723296
2012-11-20 21:54:00.00000015,6.8102484
2012-11-20 21:54:00.000000101,7.6887174
2012-11-20 21:54:00.000000238,7.0078487
2012-11-20 21:54:00.00000097,20.637535
2012-11-20 21:54:00.00000049,5.802005
2012-11-20 21:54:00.000000209,16.391657
2012-11-20 21:54:00.00000012,8.75486
2012-11-20 21:54:00.000000132,9.172455
2012-11-20 21:54:00.000000197,6.098845
2012-11-20 21:54:00.000000211,12.376416
2012-11-20 21:54:00.00000083,7.6742024
2012-11-20 21:54:00.000000127,8.193855
2012-11-20 21:54:00.000000223,35.60738
2012-11-20 21:54:00.000000130,13.59522
2012-11-20 21:54:00.000000149,10.800641
2012-11-20 21:54:00.000000196,10.927021
2012-11-20 21:54:00.00000056,6.246571
2012-11-20 21:54:00.00000026,12.931031
2012-11-20 21:54:00.00000055,8.642698
2012-11-20 21:54:00.000000135,30.421642
2014-06-23 00:16:00.00000023,12.312831
2014-06-23 00:16:00.00000014,8.239018
2014-06-23 00:16:00.00000080,7.418578
2014-06-23 00:16:00.0000003,11.78411
2014-06-23 00:16:00.00000029,13.942969
2014-06-23 00:16:00.00000055,31.65117
2014-06-23 00:16:00.00000050,11.780052
2014-06-23 00:16:00.0000002,16.048908
2014-06-23 00:16:00.00000072,6.9729047
2014-06-23 00:16:00.00000020,10.95829
2013-09-25 22:00:00.00000052,10.036076
2013-09-25 22:00:00.000000129,7.211031
2013-09-25 22:00:00.000000226,52.910355
2013-09-25 22:00:00.00000029,12.856889
2013-09-25 22:00:00.000000141,7.4328833
2013-09-25 22:00:00.000000206,13.780508
2013-09-25 22:00:00.00000051,7.601995
2013-09-25 22:00:00.000000238,9.723396
2013-09-25 22:00:00.000000251,12.181093
2013-09-25 22:00:00.00000031,6.7207007
2013-09-25 22:00:00.000000124,9.278963
2013-09-25 22:00:00.000000102,7.6221695
2013-09-25 22:00:00.000000198,25.193037
2013-09-25 22:00:00.000000208,5.004619
2013-09-25 22:00:00.00000087,11.966809
2013-09-25 22:00:00.000000116,5.3766108
2013-09-25 22:00:00.00000034,13.922338
2013-09-25 22:00:00.000000104,11.505987
2013-09-25 22:00:00.00000088,7.757114
2013-09-25 22:00:00.000000218,32.131653
2013-09-25 22:00:00.00000065,15.434947
2013-09-25 22:00:00.000000115,11.723
2013-09-25 22:00:00.00000042,10.320504
2013-09-25 22:00:00.000000234,7.0985427
2013-09-25 22:00:00.000000247,5.0699534
2013-09-25 22:00:00.000000147,12.696111
2013-09-25 22:00:00.000000248,7.944356
2013-09-25 22:00:00.000000162,14.029236
2013-09-25 22:00:00.000000130,11.725012
2013-09-25 22:00:00.000000174,5.257168
2015-03-04 21:42:57.0000006,5.6949496
2015-04-25 01:06:17.0000005,15.373477
2015-02-19 11:39:21.0000001,22.235373
2015-01-29 13:15:50.0000001,5.9818325
2015-05-07 15:33:26.0000005,5.9208994
2015-02-09 07:16:26.0000005,17.415407
2015-04-16 18:45:22.0000004,16.973501
2015-05-31 20:48:54.0000006,38.74094
2015-05-31 20:48:54.0000003,5.505841
2015-06-18 20:56:55.0000001,22.286787
2015-02-14 13:15:19.0000005,5.825613
2015-05-10 12:37:51.0000007,7.831818
2015-05-10 12:37:51.0000005,11.809052
2015-05-20 00:59:15.0000002,13.440541
2015-05-29 18:59:35.0000003,11.438787
2015-02-25 18:00:51.0000008,8.812258
2015-02-08 08:44:03.0000002,6.509885
2015-05-12 08:31:07.0000003,8.590575
2015-03-16 21:12:19.0000007,9.013778
2014-06-14 13:39:00.000000117,5.8738084
2014-06-14 13:39:00.000000187,7.785633
2014-06-14 13:39:00.00000099,7.3635097
2014-06-14 13:39:00.000000112,23.71969
2014-06-14 13:39:00.00000039,12.449334
2014-06-14 13:39:00.00000078,56.173866
2014-06-14 13:39:00.00000084,7.3907866
2014-06-14 13:39:00.000000166,8.038624
2014-06-14 13:39:00.00000089,4.8748937
2014-06-14 13:39:00.00000047,9.366359
2014-06-14 13:39:00.0000001,19.578331
2015-01-31 20:54:04.0000002,10.898672
2011-10-02 23:36:00.0000002,6.183885
2011-10-02 23:36:00.00000051,10.531863
2011-06-24 12:03:00.000000182,7.24179
2011-06-24 12:03:00.000000103,8.818675
2011-06-24 12:03:00.0000003,6.247317
2011-06-01 07:37:00.00000050,6.299669
2010-08-27 18:45:00.000000216,5.201772
2010-08-14 02:13:00.000000135,8.34505
2014-03-25 23:47:00.00000022,5.62099
2014-03-25 23:47:00.000000128,16.845642
2014-03-25 23:47:00.000000105,7.4122543
2014-03-25 23:47:00.00000091,4.8891363
2014-03-25 23:47:00.00000054,7.942047
2014-03-25 23:47:00.000000129,6.5630684
2014-03-25 23:47:00.00000063,34.892334
2014-03-25 23:47:00.00000060,5.6978526
2014-03-25 23:47:00.00000075,17.999548
2010-09-29 16:43:00.00000083,6.5959525
2014-10-27 14:58:00.000000145,41.098415
2014-10-27 14:58:00.0000007,13.364954
2014-10-27 14:58:00.00000031,11.815906
2014-10-27 14:58:00.000000128,23.312962
2014-10-27 14:58:00.00000097,4.5914335
2014-10-27 14:58:00.00000078,35.368015
2014-10-27 14:58:00.000000135,8.630219
2012-11-03 17:11:00.00000044,6.5062323
2012-11-03 17:11:00.00000050,12.105138
2012-11-03 17:11:00.00000024,7.9415865
2012-11-03 17:11:00.00000072,11.531922
2012-11-03 17:11:00.000000159,9.567475
2012-11-03 17:11:00.000000126,5.0737257
2012-11-03 17:11:00.00000090,9.268904
2011-03-11 01:44:00.00000062,31.76779
2015-02-22 09:48:32.0000004,19.545433
2011-10-04 09:37:00.000000102,8.563635
2011-10-04 09:37:00.00000023,8.558676
2014-12-24 03:00:00.0000003,4.970419
2014-12-24 03:00:00.00000014,5.196396
2014-12-24 03:00:00.0000002,12.430016
2014-12-24 03:00:00.00000027,17.687912
2015-04-11 20:31:32.0000004,7.586342
2014-04-27 02:57:00.000000123,6.9904194
2014-04-27 02:57:00.00000078,4.5457997
2014-04-27 02:57:00.00000075,11.3219
2014-04-27 02:57:00.000000178,5.741912
2014-04-27 02:57:00.0000004,9.3326845
2014-04-27 02:57:00.000000166,12.057043
2014-04-27 02:57:00.00000091,12.64797
2014-04-27 02:57:00.000000173,7.861452
2014-04-27 02:57:00.00000066,23.025331
2014-04-27 02:57:00.000000183,5.544165
2014-04-27 02:57:00.000000179,13.688515
2014-04-27 02:57:00.000000144,7.51463
2014-04-27 02:57:00.00000025,21.467682
2014-04-27 02:57:00.00000052,7.2016935
2014-04-27 02:57:00.00000094,5.714558
2014-04-27 02:57:00.000000189,19.888727
2011-12-13 22:00:00.00000040,11.353978
2011-12-13 22:00:00.000000228,6.1237426
2011-12-13 22:00:00.000000130,29.695923
2011-12-13 22:00:00.000000141,6.1784196
2011-12-13 22:00:00.000000149,6.406562
2011-12-13 22:00:00.000000224,5.934914
2011-12-13 22:00:00.000000154,5.86045
2011-12-13 22:00:00.000000131,8.192669
2011-12-13 22:00:00.0000002,5.875697
2011-12-13 22:00:00.000000221,8.657064
2011-12-13 22:00:00.00000056,5.815915
2011-12-13 22:00:00.000000195,7.2258425
2011-12-13 22:00:00.000000191,6.0463085
2011-12-13 22:00:00.00000059,5.827966
2015-02-26 15:55:48.0000001,23.68135
2014-07-21 18:19:00.000000197,6.2349796
2014-07-21 18:19:00.000000153,5.5733533
2014-07-21 18:19:00.000000159,7.035579
2014-07-21 18:19:00.000000212,35.00637
2014-07-21 18:19:00.00000091,6.226678
2014-07-21 18:19:00.0000002,5.9691257
2014-07-21 18:19:00.000000142,8.838387
2014-07-21 18:19:00.000000141,13.714981
2014-07-21 18:19:00.000000149,8.168775
2014-07-21 18:19:00.00000065,7.974963
2014-07-21 18:19:00.00000033,6.69296
2010-09-20 16:48:00.000000146,9.220197
2010-09-20 16:48:00.00000047,13.312899
2010-09-20 16:48:00.000000129,10.438389
2015-01-26 07:13:44.0000005,58.149788
2011-03-06 21:01:00.00000033,6.303508
2012-01-26 07:33:00.00000090,5.324575
2012-01-26 07:33:00.00000087,9.003278
2012-01-26 07:33:00.00000012,11.158701
2012-01-26 07:33:00.000000171,6.9138556
2012-01-26 07:33:00.00000065,35.0486
2012-01-26 07:33:00.00000088,7.931241
2012-01-26 07:33:00.000000119,21.761028
2015-03-20 23:34:40.0000004,31.73264
2010-12-09 07:29:00.0000001,8.691915
2012-05-08 03:50:00.00000013,5.6762824
2015-03-12 19:43:24.0000003,19.152016
2012-11-20 21:54:00.00000034,10.093058
2012-11-20 21:54:00.000000170,8.32828
2012-11-20 21:54:00.000000108,12.170476
2012-11-20 21:54:00.00000031,10.330883
2012-11-20 21:54:00.000000171,12.408617
2012-11-20 21:54:00.00000023,8.1273155
2012-11-20 21:54:00.00000074,5.913435
2012-11-20 21:54:00.000000122,10.601648
2012-11-20 21:54:00.0000006,7.330451
2012-11-20 21:54:00.000000160,9.718663
2012-11-20 21:54:00.00000042,27.274967
2012-11-20 21:54:00.00000039,11.164761
2012-11-20 21:54:00.00000043,10.249352
2012-11-20 21:54:00.000000219,5.3116217
2012-11-20 21:54:00.00000020,6.3354964
2012-11-20 21:54:00.000000222,6.727054
2012-11-20 21:54:00.0000005,7.130645
2012-11-20 21:54:00.000000154,9.806723
2014-06-23 00:16:00.00000060,16.684752
2014-06-23 00:16:00.0000008,8.79009
2014-06-23 00:16:00.00000035,23.32579
2014-06-23 00:16:00.00000052,11.823073
2014-06-23 00:16:00.00000053,6.996155
2013-09-25 22:00:00.00000056,23.850042
2013-09-25 22:00:00.00000083,6.2083135
2013-09-25 22:00:00.000000128,5.9753995
2013-09-25 22:00:00.00000037,16.03366
2013-09-25 22:00:00.00000013,5.6753383
2013-09-25 22:00:00.000000168,7.2949023
2013-09-25 22:00:00.000000181,6.65674
2013-09-25 22:00:00.00000016,13.606104
2013-09-25 22:00:00.00000063,17.425474
2013-09-25 22:00:00.00000047,7.379876
2013-09-25 22:00:00.000000220,16.585243
2013-09-25 22:00:00.000000163,9.5954075
2013-09-25 22:00:00.00000077,12.298069
2013-09-25 22:00:00.00000060,49.768734
2013-09-25 22:00:00.000000213,14.801771
2013-09-25 22:00:00.000000150,17.824125
2013-09-25 22:00:00.00000010,6.854673
2013-09-25 22:00:00.000000146,5.453149
2013-09-25 22:00:00.00000041,9.84161
2013-09-25 22:00:00.000000109,9.743695
2013-09-25 22:00:00.000000210,15.378881
2013-09-25 22:00:00.000000151,8.69938
2013-09-25 22:00:00.000000190,14.3467245
2013-09-25 22:00:00.000000153,10.533908
2013-09-25 22:00:00.000000241,26.403929
2013-09-25 22:00:00.000000127,9.915757
2015-02-20 11:08:29.0000001,17.25473
2015-01-12 15:36:37.0000002,4.5326447
2015-06-07 00:38:14.0000002,16.99333
2015-04-12 21:56:22.0000005,7.5315185
2015-04-10 11:56:54.0000004,8.473779
2015-06-25 01:01:46.0000002,13.608598
2015-05-29 10:02:42.0000001,12.622878
2015-06-30 20:03:50.0000002,40.748116
2015-02-27 19:36:02.0000006,24.78321
2015-06-15 01:00:06.0000002,4.185981
2015-02-03 09:00:58.0000001,41.5197
2015-05-19 13:58:11.0000001,8.434949
2015-05-10 12:37:51.0000002,8.836938
2015-01-12 17:05:51.0000001,11.870557
2015-04-19 20:44:15.0000001,53.44647
2015-01-31 01:05:19.0000005,19.204565
2015-01-18 14:06:23.0000006,6.559118
